2026-08-03 09:55:12 | INFO | Aplicacao iniciada.
2026-08-03 09:55:12 | INFO | Tentando importar modulo do ProjectWise.
2026-08-03 09:55:13 | INFO | Modulo 'pwps_dab' importado com sucesso.
2026-08-03 09:55:13 | INFO | Tentando conectar ao datasource do ProjectWise.
2026-08-03 09:55:13 | INFO | Tentando conexao via 'New-PWLogin'. Parametros: DatasourceName, UserName, Password, UseGui, DoNotCreateWorkingDirectory, BentleyIMS, LoadWRE, NonAdminLogin, Token, Verbose, Debug, ErrorAction, WarningAction, InformationAction, ErrorVariable, WarningVariable, InformationVariable, OutVariable, OutBuffer, PipelineVariable
2026-08-03 09:55:23 | INFO | Conexao realizada via 'New-PWLogin -BentleyIMS'.
2026-08-03 09:55:23 | INFO | Conexao com ProjectWise realizada com sucesso.
2026-08-03 09:55:32 | INFO | Buscando usuario pelo email: esdras.ferreira@ecorodovias.com.br
2026-08-03 09:55:32 | INFO | Parametros encontrados no cmdlet: UserName, UserId, SecProvider, Email, Identity, Disabled, Enabled, LastLogin, LoginInfo, Verbose, Debug, ErrorAction, WarningAction, InformationAction, ErrorVariable, WarningVariable, InformationVariable, OutVariable, OutBuffer, PipelineVariable
2026-08-03 09:55:32 | INFO | Usuario localizado com correspondencia exata de email.
2026-08-03 09:55:33 | INFO | Buscando usuario pelo email: t_thaissa.silva@ecorodovias.com.br
2026-08-03 09:55:33 | INFO | Parametros encontrados no cmdlet: UserName, UserId, SecProvider, Email, Identity, Disabled, Enabled, LastLogin, LoginInfo, Verbose, Debug, ErrorAction, WarningAction, InformationAction, ErrorVariable, WarningVariable, InformationVariable, OutVariable, OutBuffer, PipelineVariable
2026-08-03 09:55:33 | INFO | Usuario localizado com correspondencia exata de email.
2026-08-03 09:55:35 | INFO | Listando pastas da raiz por Root.
2026-08-03 09:55:36 | INFO | Listando filhos da pasta ID: 56
2026-08-03 09:55:42 | INFO | Listando filhos da pasta ID: 761
2026-08-03 09:55:42 | INFO | Listando filhos da pasta ID: 2607
2026-08-03 09:55:51 | INFO | Iniciando leitura da seguranca do projeto '01.01.01.01' (ID: 131175)
2026-08-03 09:55:51 | INFO | Get-PWFolderSecurity retornou 14 item(ns).
2026-08-03 09:55:51 | INFO | Get-PWFolderTreeAccessObjects retornou 1 item(ns).
2026-08-03 09:55:51 | WARN | Cmdlet Get-PWProjectSecurity nao encontrado no ambiente. A leitura seguira apenas com FolderSecurity/TreeAccessObjects.
2026-08-03 09:55:51 | INFO | Total consolidado de acessos encontrados: 13
2026-08-03 09:55:51 | INFO | Projeto '01.01.01.01 - Duplicação TH 39 - km 157,6 + 159,6 - SP-333' carregado para arvore. Groups=11 | UserLists=1 | Outros=1
2026-08-03 09:55:51 | INFO | Iniciando leitura da seguranca do projeto '01.01.01.02' (ID: 131586)
2026-08-03 09:55:52 | INFO | Get-PWFolderSecurity retornou 14 item(ns).
2026-08-03 09:55:52 | INFO | Get-PWFolderTreeAccessObjects retornou 1 item(ns).
2026-08-03 09:55:52 | WARN | Cmdlet Get-PWProjectSecurity nao encontrado no ambiente. A leitura seguira apenas com FolderSecurity/TreeAccessObjects.
2026-08-03 09:55:52 | INFO | Total consolidado de acessos encontrados: 13
2026-08-03 09:55:52 | INFO | Projeto '01.01.01.02 - Duplicação TH 40 - km 159,6 + 173,5 - SP-333' carregado para arvore. Groups=11 | UserLists=1 | Outros=1
2026-08-03 09:55:52 | INFO | Iniciando leitura da seguranca do projeto '01.01.01.03' (ID: 131997)
2026-08-03 09:55:53 | INFO | Get-PWFolderSecurity retornou 14 item(ns).
2026-08-03 09:55:53 | INFO | Get-PWFolderTreeAccessObjects retornou 1 item(ns).
2026-08-03 09:55:53 | WARN | Cmdlet Get-PWProjectSecurity nao encontrado no ambiente. A leitura seguira apenas com FolderSecurity/TreeAccessObjects.
2026-08-03 09:55:53 | INFO | Total consolidado de acessos encontrados: 13
2026-08-03 09:55:53 | INFO | Projeto '01.01.01.03 - Duplicação TH 41 - km 173,5 + 182,2 - SP-333' carregado para arvore. Groups=11 | UserLists=1 | Outros=1
2026-08-03 09:55:53 | INFO | Iniciando leitura da seguranca do projeto '01.01.01.04' (ID: 132408)
2026-08-03 09:55:53 | INFO | Get-PWFolderSecurity retornou 14 item(ns).
2026-08-03 09:55:53 | INFO | Get-PWFolderTreeAccessObjects retornou 1 item(ns).
2026-08-03 09:55:53 | WARN | Cmdlet Get-PWProjectSecurity nao encontrado no ambiente. A leitura seguira apenas com FolderSecurity/TreeAccessObjects.
2026-08-03 09:55:53 | INFO | Total consolidado de acessos encontrados: 13
2026-08-03 09:55:53 | INFO | Projeto '01.01.01.04 - Duplicação TH 42 - km 182,2 + 212,5 - SP-333' carregado para arvore. Groups=11 | UserLists=1 | Outros=1
2026-08-03 09:55:53 | INFO | Iniciando leitura da seguranca do projeto '01.01.01.05' (ID: 132819)
2026-08-03 09:55:54 | INFO | Get-PWFolderSecurity retornou 14 item(ns).
2026-08-03 09:55:54 | INFO | Get-PWFolderTreeAccessObjects retornou 1 item(ns).
2026-08-03 09:55:54 | WARN | Cmdlet Get-PWProjectSecurity nao encontrado no ambiente. A leitura seguira apenas com FolderSecurity/TreeAccessObjects.
2026-08-03 09:55:54 | INFO | Total consolidado de acessos encontrados: 13
2026-08-03 09:55:54 | INFO | Projeto '01.01.01.05 - Duplicação TH 44- km 155,6 + 156,2 - SP-351' carregado para arvore. Groups=11 | UserLists=1 | Outros=1
2026-08-03 09:55:54 | INFO | Iniciando leitura da seguranca do projeto '01.01.01.06' (ID: 133230)
2026-08-03 09:55:54 | INFO | Get-PWFolderSecurity retornou 14 item(ns).
2026-08-03 09:55:55 | INFO | Get-PWFolderTreeAccessObjects retornou 1 item(ns).
2026-08-03 09:55:55 | WARN | Cmdlet Get-PWProjectSecurity nao encontrado no ambiente. A leitura seguira apenas com FolderSecurity/TreeAccessObjects.
2026-08-03 09:55:55 | INFO | Total consolidado de acessos encontrados: 13
2026-08-03 09:55:55 | INFO | Projeto '01.01.01.06 - Duplicação TH 45 - km 157,3 + 166,3 - SP-351' carregado para arvore. Groups=11 | UserLists=1 | Outros=1
2026-08-03 09:55:55 | INFO | Iniciando leitura da seguranca do projeto '01.01.01.07' (ID: 133641)
2026-08-03 09:55:55 | INFO | Get-PWFolderSecurity retornou 14 item(ns).
2026-08-03 09:55:55 | INFO | Get-PWFolderTreeAccessObjects retornou 1 item(ns).
2026-08-03 09:55:55 | WARN | Cmdlet Get-PWProjectSecurity nao encontrado no ambiente. A leitura seguira apenas com FolderSecurity/TreeAccessObjects.
2026-08-03 09:55:55 | INFO | Total consolidado de acessos encontrados: 13
2026-08-03 09:55:55 | INFO | Projeto '01.01.01.07 - Duplicação TH 46 - km 166,3 + 186,0 - SP-351' carregado para arvore. Groups=11 | UserLists=1 | Outros=1
2026-08-03 09:55:55 | INFO | Iniciando leitura da seguranca do projeto '01.01.01.08' (ID: 134052)
2026-08-03 09:55:56 | INFO | Get-PWFolderSecurity retornou 14 item(ns).
2026-08-03 09:55:56 | INFO | Get-PWFolderTreeAccessObjects retornou 1 item(ns).
2026-08-03 09:55:56 | WARN | Cmdlet Get-PWProjectSecurity nao encontrado no ambiente. A leitura seguira apenas com FolderSecurity/TreeAccessObjects.
2026-08-03 09:55:56 | INFO | Total consolidado de acessos encontrados: 13
2026-08-03 09:55:56 | INFO | Projeto '01.01.01.08 - Duplicação TH 47 - km 186,0 + 193,8 - SP-351' carregado para arvore. Groups=11 | UserLists=1 | Outros=1
2026-08-03 09:55:56 | INFO | Iniciando leitura da seguranca do projeto '01.01.01.09' (ID: 134463)
2026-08-03 09:55:56 | INFO | Get-PWFolderSecurity retornou 14 item(ns).
2026-08-03 09:55:56 | INFO | Get-PWFolderTreeAccessObjects retornou 1 item(ns).
2026-08-03 09:55:56 | WARN | Cmdlet Get-PWProjectSecurity nao encontrado no ambiente. A leitura seguira apenas com FolderSecurity/TreeAccessObjects.
2026-08-03 09:55:56 | INFO | Total consolidado de acessos encontrados: 13
2026-08-03 09:55:56 | INFO | Projeto '01.01.01.09 - Duplicação TH 48 - km 193,8 + 210,8 - SP-351' carregado para arvore. Groups=11 | UserLists=1 | Outros=1
2026-08-03 09:55:56 | INFO | Iniciando leitura da seguranca do projeto '01.01.02.01' (ID: 176586)
2026-08-03 09:55:57 | INFO | Get-PWFolderSecurity retornou 14 item(ns).
2026-08-03 09:55:57 | INFO | Get-PWFolderTreeAccessObjects retornou 1 item(ns).
2026-08-03 09:55:57 | WARN | Cmdlet Get-PWProjectSecurity nao encontrado no ambiente. A leitura seguira apenas com FolderSecurity/TreeAccessObjects.
2026-08-03 09:55:57 | INFO | Total consolidado de acessos encontrados: 13
2026-08-03 09:55:57 | INFO | Projeto '01.01.02.01 - Faixas Adicionais TH 02 - km 241,8 + 267,7 - SP-310' carregado para arvore. Groups=11 | UserLists=1 | Outros=1
2026-08-03 09:55:57 | INFO | Iniciando leitura da seguranca do projeto '01.01.02.02' (ID: 176998)
2026-08-03 09:55:58 | INFO | Get-PWFolderSecurity retornou 14 item(ns).
2026-08-03 09:55:58 | INFO | Get-PWFolderTreeAccessObjects retornou 1 item(ns).
2026-08-03 09:55:58 | WARN | Cmdlet Get-PWProjectSecurity nao encontrado no ambiente. A leitura seguira apenas com FolderSecurity/TreeAccessObjects.
2026-08-03 09:55:58 | INFO | Total consolidado de acessos encontrados: 13
2026-08-03 09:55:58 | INFO | Projeto '01.01.02.02 - Faixas Adicionais TH 03 - km 267,7 + 282,4 - SP-310' carregado para arvore. Groups=11 | UserLists=1 | Outros=1
2026-08-03 09:55:58 | INFO | Iniciando leitura da seguranca do projeto '01.01.02.03' (ID: 177410)
2026-08-03 09:55:58 | INFO | Get-PWFolderSecurity retornou 14 item(ns).
2026-08-03 09:55:58 | INFO | Get-PWFolderTreeAccessObjects retornou 1 item(ns).
2026-08-03 09:55:58 | WARN | Cmdlet Get-PWProjectSecurity nao encontrado no ambiente. A leitura seguira apenas com FolderSecurity/TreeAccessObjects.
2026-08-03 09:55:58 | INFO | Total consolidado de acessos encontrados: 13
2026-08-03 09:55:58 | INFO | Projeto '01.01.02.03 - Faixas Adicionais TH 04 - km 282,4 + 293,0 - SP-310' carregado para arvore. Groups=11 | UserLists=1 | Outros=1
2026-08-03 09:55:58 | INFO | Iniciando leitura da seguranca do projeto '01.01.02.04' (ID: 177822)
2026-08-03 09:55:59 | INFO | Get-PWFolderSecurity retornou 14 item(ns).
2026-08-03 09:55:59 | INFO | Get-PWFolderTreeAccessObjects retornou 1 item(ns).
2026-08-03 09:55:59 | WARN | Cmdlet Get-PWProjectSecurity nao encontrado no ambiente. A leitura seguira apenas com FolderSecurity/TreeAccessObjects.
2026-08-03 09:55:59 | INFO | Total consolidado de acessos encontrados: 13
2026-08-03 09:55:59 | INFO | Projeto '01.01.02.04 - Faixas Adicionais TH-09 - 320,4 + 321,6 - SP-310' carregado para arvore. Groups=11 | UserLists=1 | Outros=1
2026-08-03 09:55:59 | INFO | Iniciando leitura da seguranca do projeto '01.02.01.01' (ID: 178234)
2026-08-03 09:55:59 | INFO | Get-PWFolderSecurity retornou 14 item(ns).
2026-08-03 09:55:59 | INFO | Get-PWFolderTreeAccessObjects retornou 1 item(ns).
2026-08-03 09:56:00 | WARN | Cmdlet Get-PWProjectSecurity nao encontrado no ambiente. A leitura seguira apenas com FolderSecurity/TreeAccessObjects.
2026-08-03 09:56:00 | INFO | Total consolidado de acessos encontrados: 13
2026-08-03 09:56:00 | INFO | Projeto '01.02.01.01 - OAE / OACs TH 40 - km 159,6 + 173,5 - SP-333' carregado para arvore. Groups=11 | UserLists=1 | Outros=1
2026-08-03 09:56:00 | INFO | Iniciando leitura da seguranca do projeto '01.02.01.02' (ID: 178646)
2026-08-03 09:56:00 | INFO | Get-PWFolderSecurity retornou 14 item(ns).
2026-08-03 09:56:00 | INFO | Get-PWFolderTreeAccessObjects retornou 1 item(ns).
2026-08-03 09:56:00 | WARN | Cmdlet Get-PWProjectSecurity nao encontrado no ambiente. A leitura seguira apenas com FolderSecurity/TreeAccessObjects.
2026-08-03 09:56:00 | INFO | Total consolidado de acessos encontrados: 13
2026-08-03 09:56:00 | INFO | Projeto '01.02.01.02 - OAE / OACs TH 41 - km 173,5 + 182,2 - SP-333' carregado para arvore. Groups=11 | UserLists=1 | Outros=1
2026-08-03 09:56:00 | INFO | Iniciando leitura da seguranca do projeto '01.02.01.03' (ID: 179058)
2026-08-03 09:56:01 | INFO | Get-PWFolderSecurity retornou 14 item(ns).
2026-08-03 09:56:01 | INFO | Get-PWFolderTreeAccessObjects retornou 1 item(ns).
2026-08-03 09:56:01 | WARN | Cmdlet Get-PWProjectSecurity nao encontrado no ambiente. A leitura seguira apenas com FolderSecurity/TreeAccessObjects.
2026-08-03 09:56:01 | INFO | Total consolidado de acessos encontrados: 13
2026-08-03 09:56:01 | INFO | Projeto '01.02.01.03 - OAE / OACs TH 42 - km 182,2 + 212,5 - SP-333' carregado para arvore. Groups=11 | UserLists=1 | Outros=1
2026-08-03 09:56:01 | INFO | Iniciando leitura da seguranca do projeto '01.02.01.04' (ID: 179470)
2026-08-03 09:56:01 | INFO | Get-PWFolderSecurity retornou 14 item(ns).
2026-08-03 09:56:01 | INFO | Get-PWFolderTreeAccessObjects retornou 1 item(ns).
2026-08-03 09:56:01 | WARN | Cmdlet Get-PWProjectSecurity nao encontrado no ambiente. A leitura seguira apenas com FolderSecurity/TreeAccessObjects.
2026-08-03 09:56:01 | INFO | Total consolidado de acessos encontrados: 13
2026-08-03 09:56:01 | INFO | Projeto '01.02.01.04 - OAE / OACs TH 45 - km 157,3 +166,3 - SP-351' carregado para arvore. Groups=11 | UserLists=1 | Outros=1
2026-08-03 09:56:01 | INFO | Iniciando leitura da seguranca do projeto '01.02.01.05' (ID: 179882)
2026-08-03 09:56:02 | INFO | Get-PWFolderSecurity retornou 14 item(ns).
2026-08-03 09:56:02 | INFO | Get-PWFolderTreeAccessObjects retornou 1 item(ns).
2026-08-03 09:56:02 | WARN | Cmdlet Get-PWProjectSecurity nao encontrado no ambiente. A leitura seguira apenas com FolderSecurity/TreeAccessObjects.
2026-08-03 09:56:02 | INFO | Total consolidado de acessos encontrados: 13
2026-08-03 09:56:02 | INFO | Projeto '01.02.01.05 - OAE / OACs TH-46 - km 166,3 + 186,0 - SP-351' carregado para arvore. Groups=11 | UserLists=1 | Outros=1
2026-08-03 09:56:02 | INFO | Iniciando leitura da seguranca do projeto '01.02.01.06-OAE/OACs TH-47' (ID: 394084)
2026-08-03 09:56:02 | INFO | Get-PWFolderSecurity retornou 14 item(ns).
2026-08-03 09:56:03 | INFO | Get-PWFolderTreeAccessObjects retornou 1 item(ns).
2026-08-03 09:56:03 | WARN | Cmdlet Get-PWProjectSecurity nao encontrado no ambiente. A leitura seguira apenas com FolderSecurity/TreeAccessObjects.
2026-08-03 09:56:03 | INFO | Total consolidado de acessos encontrados: 13
2026-08-03 09:56:03 | INFO | Projeto '01.02.01.06 - OAE / OACs TH-47 - km 186,0 + 193,8 - SP-351' carregado para arvore. Groups=11 | UserLists=1 | Outros=1
2026-08-03 09:56:03 | INFO | Iniciando leitura da seguranca do projeto '01.02.01.07' (ID: 180706)
2026-08-03 09:56:03 | INFO | Get-PWFolderSecurity retornou 14 item(ns).
2026-08-03 09:56:03 | INFO | Get-PWFolderTreeAccessObjects retornou 1 item(ns).
2026-08-03 09:56:03 | WARN | Cmdlet Get-PWProjectSecurity nao encontrado no ambiente. A leitura seguira apenas com FolderSecurity/TreeAccessObjects.
2026-08-03 09:56:03 | INFO | Total consolidado de acessos encontrados: 13
2026-08-03 09:56:03 | INFO | Projeto '01.02.01.07 - OAE / OACs TH 48 - km 193,8 + 210,8 - SP-351' carregado para arvore. Groups=11 | UserLists=1 | Outros=1
2026-08-03 09:56:03 | INFO | Iniciando leitura da seguranca do projeto '01.02.02.01' (ID: 181118)
2026-08-03 09:56:04 | INFO | Get-PWFolderSecurity retornou 14 item(ns).
2026-08-03 09:56:04 | INFO | Get-PWFolderTreeAccessObjects retornou 1 item(ns).
2026-08-03 09:56:04 | WARN | Cmdlet Get-PWProjectSecurity nao encontrado no ambiente. A leitura seguira apenas com FolderSecurity/TreeAccessObjects.
2026-08-03 09:56:04 | INFO | Total consolidado de acessos encontrados: 13
2026-08-03 09:56:04 | INFO | Projeto '01.02.02.01 - Ampliações TH 02 - km 241,8 + 267,7 - SP-310' carregado para arvore. Groups=11 | UserLists=1 | Outros=1
2026-08-03 09:56:04 | INFO | Iniciando leitura da seguranca do projeto '01.02.02.02' (ID: 181530)
2026-08-03 09:56:04 | INFO | Get-PWFolderSecurity retornou 14 item(ns).
2026-08-03 09:56:04 | INFO | Get-PWFolderTreeAccessObjects retornou 1 item(ns).
2026-08-03 09:56:04 | WARN | Cmdlet Get-PWProjectSecurity nao encontrado no ambiente. A leitura seguira apenas com FolderSecurity/TreeAccessObjects.
2026-08-03 09:56:04 | INFO | Total consolidado de acessos encontrados: 13
2026-08-03 09:56:04 | INFO | Projeto '01.02.02.02 - Ampliações OAE / OAC TH 03  - km 267,7 + 282,4 - SP-310' carregado para arvore. Groups=11 | UserLists=1 | Outros=1
2026-08-03 09:56:04 | INFO | Iniciando leitura da seguranca do projeto '01.02.02.03' (ID: 181942)
2026-08-03 09:56:05 | INFO | Get-PWFolderSecurity retornou 14 item(ns).
2026-08-03 09:56:05 | INFO | Get-PWFolderTreeAccessObjects retornou 1 item(ns).
2026-08-03 09:56:05 | WARN | Cmdlet Get-PWProjectSecurity nao encontrado no ambiente. A leitura seguira apenas com FolderSecurity/TreeAccessObjects.
2026-08-03 09:56:05 | INFO | Total consolidado de acessos encontrados: 13
2026-08-03 09:56:05 | INFO | Projeto '01.02.02.03 - OAE / OACs TH 04 - km 282,4 + 293,0 - SP-310' carregado para arvore. Groups=11 | UserLists=1 | Outros=1
2026-08-03 09:56:05 | INFO | Iniciando leitura da seguranca do projeto '01.03.01' (ID: 48324)
2026-08-03 09:56:06 | INFO | Get-PWFolderSecurity retornou 14 item(ns).
2026-08-03 09:56:06 | INFO | Get-PWFolderTreeAccessObjects retornou 1 item(ns).
2026-08-03 09:56:06 | WARN | Cmdlet Get-PWProjectSecurity nao encontrado no ambiente. A leitura seguira apenas com FolderSecurity/TreeAccessObjects.
2026-08-03 09:56:06 | INFO | Total consolidado de acessos encontrados: 13
2026-08-03 09:56:06 | INFO | Projeto '01.03.01 - Intervenções TH 16 - km 425,000 + 454,300 - SP-310' carregado para arvore. Groups=11 | UserLists=1 | Outros=1
2026-08-03 09:56:06 | INFO | Iniciando leitura da seguranca do projeto '01.03.02' (ID: 48735)
2026-08-03 09:56:06 | INFO | Get-PWFolderSecurity retornou 14 item(ns).
2026-08-03 09:56:06 | INFO | Get-PWFolderTreeAccessObjects retornou 1 item(ns).
2026-08-03 09:56:06 | WARN | Cmdlet Get-PWProjectSecurity nao encontrado no ambiente. A leitura seguira apenas com FolderSecurity/TreeAccessObjects.
2026-08-03 09:56:06 | INFO | Total consolidado de acessos encontrados: 13
2026-08-03 09:56:06 | INFO | Projeto '01.03.02 - Intervenções TH 01 - km 227,800 + 242,500 - SP-310' carregado para arvore. Groups=11 | UserLists=1 | Outros=1
2026-08-03 09:56:06 | INFO | Iniciando leitura da seguranca do projeto '01.03.03' (ID: 130763)
2026-08-03 09:56:07 | INFO | Get-PWFolderSecurity retornou 14 item(ns).
2026-08-03 09:56:07 | INFO | Get-PWFolderTreeAccessObjects retornou 1 item(ns).
2026-08-03 09:56:07 | WARN | Cmdlet Get-PWProjectSecurity nao encontrado no ambiente. A leitura seguira apenas com FolderSecurity/TreeAccessObjects.
2026-08-03 09:56:07 | INFO | Total consolidado de acessos encontrados: 13
2026-08-03 09:56:07 | INFO | Projeto '01.03.03 - Duplicação TH 36/37/38 -  km 144,000 + 158,000 - SP-333' carregado para arvore. Groups=11 | UserLists=1 | Outros=1
2026-08-03 09:56:07 | INFO | Iniciando leitura da seguranca do projeto '01.03.04' (ID: 49146)
2026-08-03 09:56:08 | INFO | Get-PWFolderSecurity retornou 14 item(ns).
2026-08-03 09:56:08 | INFO | Get-PWFolderTreeAccessObjects retornou 1 item(ns).
2026-08-03 09:56:08 | WARN | Cmdlet Get-PWProjectSecurity nao encontrado no ambiente. A leitura seguira apenas com FolderSecurity/TreeAccessObjects.
2026-08-03 09:56:08 | INFO | Total consolidado de acessos encontrados: 13
2026-08-03 09:56:08 | INFO | Projeto '01.03.04 - Viaduto TH 16 - km 439+700 - SP-310' carregado para arvore. Groups=11 | UserLists=1 | Outros=1
2026-08-03 09:56:08 | INFO | Iniciando leitura da seguranca do projeto '02.01.01.01' (ID: 182359)
2026-08-03 09:56:08 | INFO | Get-PWFolderSecurity retornou 14 item(ns).
2026-08-03 09:56:08 | INFO | Get-PWFolderTreeAccessObjects retornou 1 item(ns).
2026-08-03 09:56:08 | WARN | Cmdlet Get-PWProjectSecurity nao encontrado no ambiente. A leitura seguira apenas com FolderSecurity/TreeAccessObjects.
2026-08-03 09:56:08 | INFO | Total consolidado de acessos encontrados: 13
2026-08-03 09:56:08 | INFO | Projeto '02.01.01.01 - Adequação de OAEs SP-310' carregado para arvore. Groups=11 | UserLists=1 | Outros=1
2026-08-03 09:56:08 | INFO | Iniciando leitura da seguranca do projeto '02.01.01.02' (ID: 182771)
2026-08-03 09:56:09 | INFO | Get-PWFolderSecurity retornou 14 item(ns).
2026-08-03 09:56:09 | INFO | Get-PWFolderTreeAccessObjects retornou 1 item(ns).
2026-08-03 09:56:09 | WARN | Cmdlet Get-PWProjectSecurity nao encontrado no ambiente. A leitura seguira apenas com FolderSecurity/TreeAccessObjects.
2026-08-03 09:56:09 | INFO | Total consolidado de acessos encontrados: 13
2026-08-03 09:56:09 | INFO | Projeto '02.01.01.02 - Adequação de OAEs SP-323' carregado para arvore. Groups=11 | UserLists=1 | Outros=1
2026-08-03 09:56:09 | INFO | Iniciando leitura da seguranca do projeto '02.01.01.03' (ID: 183183)
2026-08-03 09:56:10 | INFO | Get-PWFolderSecurity retornou 14 item(ns).
2026-08-03 09:56:10 | INFO | Get-PWFolderTreeAccessObjects retornou 1 item(ns).
2026-08-03 09:56:10 | WARN | Cmdlet Get-PWProjectSecurity nao encontrado no ambiente. A leitura seguira apenas com FolderSecurity/TreeAccessObjects.
2026-08-03 09:56:10 | INFO | Total consolidado de acessos encontrados: 13
2026-08-03 09:56:10 | INFO | Projeto '02.01.01.03 - Adequação de OAEs SP-326' carregado para arvore. Groups=11 | UserLists=1 | Outros=1
2026-08-03 09:56:10 | INFO | Iniciando leitura da seguranca do projeto '02.01.01.04' (ID: 183595)
2026-08-03 09:56:10 | INFO | Get-PWFolderSecurity retornou 14 item(ns).
2026-08-03 09:56:10 | INFO | Get-PWFolderTreeAccessObjects retornou 1 item(ns).
2026-08-03 09:56:10 | WARN | Cmdlet Get-PWProjectSecurity nao encontrado no ambiente. A leitura seguira apenas com FolderSecurity/TreeAccessObjects.
2026-08-03 09:56:10 | INFO | Total consolidado de acessos encontrados: 13
2026-08-03 09:56:10 | INFO | Projeto '02.01.01.04 - Adequações de OAEs SP-333' carregado para arvore. Groups=11 | UserLists=1 | Outros=1
2026-08-03 09:56:10 | INFO | Iniciando leitura da seguranca do projeto '02.01.01.05' (ID: 184007)
2026-08-03 09:56:11 | INFO | Get-PWFolderSecurity retornou 14 item(ns).
2026-08-03 09:56:11 | INFO | Get-PWFolderTreeAccessObjects retornou 1 item(ns).
2026-08-03 09:56:11 | WARN | Cmdlet Get-PWProjectSecurity nao encontrado no ambiente. A leitura seguira apenas com FolderSecurity/TreeAccessObjects.
2026-08-03 09:56:11 | INFO | Total consolidado de acessos encontrados: 13
2026-08-03 09:56:11 | INFO | Projeto '02.01.01.05 - Adequações de OAEs SP-351' carregado para arvore. Groups=11 | UserLists=1 | Outros=1
2026-08-03 09:56:11 | INFO | Iniciando leitura da seguranca do projeto '02.02.01.01' (ID: 184419)
2026-08-03 09:56:12 | INFO | Get-PWFolderSecurity retornou 14 item(ns).
2026-08-03 09:56:12 | INFO | Get-PWFolderTreeAccessObjects retornou 1 item(ns).
2026-08-03 09:56:12 | WARN | Cmdlet Get-PWProjectSecurity nao encontrado no ambiente. A leitura seguira apenas com FolderSecurity/TreeAccessObjects.
2026-08-03 09:56:12 | INFO | Total consolidado de acessos encontrados: 13
2026-08-03 09:56:12 | INFO | Projeto '02.02.01.01 - Dispositivo - km 301+308,42 - SP-310' carregado para arvore. Groups=11 | UserLists=1 | Outros=1
2026-08-03 09:56:12 | INFO | Iniciando leitura da seguranca do projeto '02.02.01.01.01' (ID: 130352)
2026-08-03 09:56:12 | INFO | Get-PWFolderSecurity retornou 14 item(ns).
2026-08-03 09:56:13 | INFO | Get-PWFolderTreeAccessObjects retornou 1 item(ns).
2026-08-03 09:56:13 | WARN | Cmdlet Get-PWProjectSecurity nao encontrado no ambiente. A leitura seguira apenas com FolderSecurity/TreeAccessObjects.
2026-08-03 09:56:13 | INFO | Total consolidado de acessos encontrados: 13
2026-08-03 09:56:13 | INFO | Projeto '02.02.01.01.01 - Dispositivo TH 07 - km 304,7 - SP-310' carregado para arvore. Groups=11 | UserLists=1 | Outros=1
2026-08-03 09:56:13 | INFO | Iniciando leitura da seguranca do projeto '02.02.01.02.01' (ID: 173642)
2026-08-03 09:56:13 | INFO | Get-PWFolderSecurity retornou 14 item(ns).
2026-08-03 09:56:13 | INFO | Get-PWFolderTreeAccessObjects retornou 1 item(ns).
2026-08-03 09:56:13 | WARN | Cmdlet Get-PWProjectSecurity nao encontrado no ambiente. A leitura seguira apenas com FolderSecurity/TreeAccessObjects.
2026-08-03 09:56:13 | INFO | Total consolidado de acessos encontrados: 13
2026-08-03 09:56:13 | INFO | Projeto '02.02.01.02.01 - Dispositivo TH 18 - km 13,3 - SP-323' carregado para arvore. Groups=11 | UserLists=1 | Outros=1
2026-08-03 09:56:13 | INFO | Iniciando leitura da seguranca do projeto '02.02.01.02.02' (ID: 174053)
2026-08-03 09:56:14 | INFO | Get-PWFolderSecurity retornou 14 item(ns).
2026-08-03 09:56:14 | INFO | Get-PWFolderTreeAccessObjects retornou 1 item(ns).
2026-08-03 09:56:14 | WARN | Cmdlet Get-PWProjectSecurity nao encontrado no ambiente. A leitura seguira apenas com FolderSecurity/TreeAccessObjects.
2026-08-03 09:56:14 | INFO | Total consolidado de acessos encontrados: 13
2026-08-03 09:56:14 | INFO | Projeto '02.02.01.02.02 - Dispositivo TH 19 - km 15,2 - SP-323' carregado para arvore. Groups=11 | UserLists=1 | Outros=1
2026-08-03 09:56:14 | INFO | Iniciando leitura da seguranca do projeto '02.02.01.03.01' (ID: 174464)
2026-08-03 09:56:15 | INFO | Get-PWFolderSecurity retornou 14 item(ns).
2026-08-03 09:56:15 | INFO | Get-PWFolderTreeAccessObjects retornou 1 item(ns).
2026-08-03 09:56:15 | WARN | Cmdlet Get-PWProjectSecurity nao encontrado no ambiente. A leitura seguira apenas com FolderSecurity/TreeAccessObjects.
2026-08-03 09:56:15 | INFO | Total consolidado de acessos encontrados: 13
2026-08-03 09:56:15 | INFO | Projeto '02.02.01.03.01 - Dispositivo TH 20 - km 20,4 - SP-323' carregado para arvore. Groups=11 | UserLists=1 | Outros=1
2026-08-03 09:56:15 | INFO | Iniciando leitura da seguranca do projeto '02.02.01.04.01' (ID: 186071)
2026-08-03 09:56:15 | INFO | Get-PWFolderSecurity retornou 14 item(ns).
2026-08-03 09:56:15 | INFO | Get-PWFolderTreeAccessObjects retornou 1 item(ns).
2026-08-03 09:56:15 | WARN | Cmdlet Get-PWProjectSecurity nao encontrado no ambiente. A leitura seguira apenas com FolderSecurity/TreeAccessObjects.
2026-08-03 09:56:15 | INFO | Total consolidado de acessos encontrados: 13
2026-08-03 09:56:15 | INFO | Projeto '02.02.01.04.01 - Dispositivo TH 21 - km 25,5 - SP-323' carregado para arvore. Groups=11 | UserLists=1 | Outros=1
2026-08-03 09:56:15 | INFO | Iniciando leitura da seguranca do projeto '02.02.01.04.02' (ID: 186483)
2026-08-03 09:56:16 | INFO | Get-PWFolderSecurity retornou 14 item(ns).
2026-08-03 09:56:16 | INFO | Get-PWFolderTreeAccessObjects retornou 1 item(ns).
2026-08-03 09:56:16 | WARN | Cmdlet Get-PWProjectSecurity nao encontrado no ambiente. A leitura seguira apenas com FolderSecurity/TreeAccessObjects.
2026-08-03 09:56:16 | INFO | Total consolidado de acessos encontrados: 13
2026-08-03 09:56:16 | INFO | Projeto '02.02.01.04.02 - Dispositivo TH 21 - km 26,1 - SP-323' carregado para arvore. Groups=11 | UserLists=1 | Outros=1
2026-08-03 09:56:16 | INFO | Iniciando leitura da seguranca do projeto '02.02.01.05.01' (ID: 187307)
2026-08-03 09:56:16 | INFO | Get-PWFolderSecurity retornou 14 item(ns).
2026-08-03 09:56:16 | INFO | Get-PWFolderTreeAccessObjects retornou 1 item(ns).
2026-08-03 09:56:16 | WARN | Cmdlet Get-PWProjectSecurity nao encontrado no ambiente. A leitura seguira apenas com FolderSecurity/TreeAccessObjects.
2026-08-03 09:56:16 | INFO | Total consolidado de acessos encontrados: 13
2026-08-03 09:56:16 | INFO | Projeto '02.02.01.05.01 - Dispositivo TH 22 - km 33,0 - SP-323' carregado para arvore. Groups=11 | UserLists=1 | Outros=1
2026-08-03 09:56:16 | INFO | Iniciando leitura da seguranca do projeto '02.02.01.06.01' (ID: 188131)
2026-08-03 09:56:17 | INFO | Get-PWFolderSecurity retornou 14 item(ns).
2026-08-03 09:56:17 | INFO | Get-PWFolderTreeAccessObjects retornou 1 item(ns).
2026-08-03 09:56:17 | WARN | Cmdlet Get-PWProjectSecurity nao encontrado no ambiente. A leitura seguira apenas com FolderSecurity/TreeAccessObjects.
2026-08-03 09:56:17 | INFO | Total consolidado de acessos encontrados: 13
2026-08-03 09:56:17 | INFO | Projeto '02.02.01.06.01 - Dispositivo TH 24 - km 40,6 - SP-323' carregado para arvore. Groups=11 | UserLists=1 | Outros=1
2026-08-03 09:56:17 | INFO | Iniciando leitura da seguranca do projeto '02.02.01.07.01' (ID: 188955)
2026-08-03 09:56:18 | INFO | Get-PWFolderSecurity retornou 14 item(ns).
2026-08-03 09:56:18 | INFO | Get-PWFolderTreeAccessObjects retornou 1 item(ns).
2026-08-03 09:56:18 | WARN | Cmdlet Get-PWProjectSecurity nao encontrado no ambiente. A leitura seguira apenas com FolderSecurity/TreeAccessObjects.
2026-08-03 09:56:18 | INFO | Total consolidado de acessos encontrados: 13
2026-08-03 09:56:18 | INFO | Projeto '02.02.01.07.01 - Dispositivo TH 40 - km 159,8 - SP-333' carregado para arvore. Groups=11 | UserLists=1 | Outros=1
2026-08-03 09:56:18 | INFO | Iniciando leitura da seguranca do projeto '02.02.01.08.01' (ID: 189779)
2026-08-03 09:56:18 | INFO | Get-PWFolderSecurity retornou 14 item(ns).
2026-08-03 09:56:18 | INFO | Get-PWFolderTreeAccessObjects retornou 1 item(ns).
2026-08-03 09:56:18 | WARN | Cmdlet Get-PWProjectSecurity nao encontrado no ambiente. A leitura seguira apenas com FolderSecurity/TreeAccessObjects.
2026-08-03 09:56:18 | INFO | Total consolidado de acessos encontrados: 13
2026-08-03 09:56:18 | INFO | Projeto '02.02.01.08.01 - Dispositivo TH 40 - km 168,3 - SP-333' carregado para arvore. Groups=11 | UserLists=1 | Outros=1
2026-08-03 09:56:18 | INFO | Iniciando leitura da seguranca do projeto '02.02.01.08.02' (ID: 190191)
2026-08-03 09:56:19 | INFO | Get-PWFolderSecurity retornou 14 item(ns).
2026-08-03 09:56:19 | INFO | Get-PWFolderTreeAccessObjects retornou 1 item(ns).
2026-08-03 09:56:19 | WARN | Cmdlet Get-PWProjectSecurity nao encontrado no ambiente. A leitura seguira apenas com FolderSecurity/TreeAccessObjects.
2026-08-03 09:56:19 | INFO | Total consolidado de acessos encontrados: 13
2026-08-03 09:56:19 | INFO | Projeto '02.02.01.08.02 - Dispositivo TH 40 - km 173,4 - SP-333' carregado para arvore. Groups=11 | UserLists=1 | Outros=1
2026-08-03 09:56:19 | INFO | Iniciando leitura da seguranca do projeto '02.02.01.09.01' (ID: 191015)
2026-08-03 09:56:19 | INFO | Get-PWFolderSecurity retornou 14 item(ns).
2026-08-03 09:56:19 | INFO | Get-PWFolderTreeAccessObjects retornou 1 item(ns).
2026-08-03 09:56:19 | WARN | Cmdlet Get-PWProjectSecurity nao encontrado no ambiente. A leitura seguira apenas com FolderSecurity/TreeAccessObjects.
2026-08-03 09:56:20 | INFO | Total consolidado de acessos encontrados: 13
2026-08-03 09:56:20 | INFO | Projeto '02.02.01.09.01 - Dispositivo TH 41 - km 179,9 - SP 333' carregado para arvore. Groups=11 | UserLists=1 | Outros=1
2026-08-03 09:56:20 | INFO | Iniciando leitura da seguranca do projeto '02.02.01.10.01' (ID: 191839)
2026-08-03 09:56:20 | INFO | Get-PWFolderSecurity retornou 14 item(ns).
2026-08-03 09:56:20 | INFO | Get-PWFolderTreeAccessObjects retornou 1 item(ns).
2026-08-03 09:56:20 | WARN | Cmdlet Get-PWProjectSecurity nao encontrado no ambiente. A leitura seguira apenas com FolderSecurity/TreeAccessObjects.
2026-08-03 09:56:20 | INFO | Total consolidado de acessos encontrados: 13
2026-08-03 09:56:20 | INFO | Projeto '02.02.01.10.01 - Dispositivo TH 42 - km 190,0 - SP 333' carregado para arvore. Groups=11 | UserLists=1 | Outros=1
2026-08-03 09:56:20 | INFO | Iniciando leitura da seguranca do projeto '02.02.01.11.01' (ID: 192663)
2026-08-03 09:56:21 | INFO | Get-PWFolderSecurity retornou 14 item(ns).
2026-08-03 09:56:21 | INFO | Get-PWFolderTreeAccessObjects retornou 1 item(ns).
2026-08-03 09:56:21 | WARN | Cmdlet Get-PWProjectSecurity nao encontrado no ambiente. A leitura seguira apenas com FolderSecurity/TreeAccessObjects.
2026-08-03 09:56:21 | INFO | Total consolidado de acessos encontrados: 13
2026-08-03 09:56:21 | INFO | Projeto '02.02.01.11.01 - Dispositivo TH 42 - km 203,4 - SP 333' carregado para arvore. Groups=11 | UserLists=1 | Outros=1
2026-08-03 09:56:21 | INFO | Iniciando leitura da seguranca do projeto '02.02.01.12.01' (ID: 176108)
2026-08-03 09:56:21 | INFO | Get-PWFolderSecurity retornou 14 item(ns).
2026-08-03 09:56:21 | INFO | Get-PWFolderTreeAccessObjects retornou 1 item(ns).
2026-08-03 09:56:21 | WARN | Cmdlet Get-PWProjectSecurity nao encontrado no ambiente. A leitura seguira apenas com FolderSecurity/TreeAccessObjects.
2026-08-03 09:56:21 | INFO | Total consolidado de acessos encontrados: 13
2026-08-03 09:56:21 | INFO | Projeto '02.02.01.12.01 - Dispositivo TH 44 - km 158,3 - SP-351' carregado para arvore. Groups=11 | UserLists=1 | Outros=1
2026-08-03 09:56:21 | INFO | Iniciando leitura da seguranca do projeto '02.02.01.13.01' (ID: 193900)
2026-08-03 09:56:22 | INFO | Get-PWFolderSecurity retornou 14 item(ns).
2026-08-03 09:56:22 | INFO | Get-PWFolderTreeAccessObjects retornou 1 item(ns).
2026-08-03 09:56:22 | WARN | Cmdlet Get-PWProjectSecurity nao encontrado no ambiente. A leitura seguira apenas com FolderSecurity/TreeAccessObjects.
2026-08-03 09:56:22 | INFO | Total consolidado de acessos encontrados: 13
2026-08-03 09:56:22 | INFO | Projeto '02.02.01.13.01 - Dispositivo TH 45 - km 158,3 - SP-351' carregado para arvore. Groups=11 | UserLists=1 | Outros=1
2026-08-03 09:56:22 | INFO | Iniciando leitura da seguranca do projeto '02.02.01.14.01' (ID: 194724)
2026-08-03 09:56:23 | INFO | Get-PWFolderSecurity retornou 14 item(ns).
2026-08-03 09:56:23 | INFO | Get-PWFolderTreeAccessObjects retornou 1 item(ns).
2026-08-03 09:56:23 | WARN | Cmdlet Get-PWProjectSecurity nao encontrado no ambiente. A leitura seguira apenas com FolderSecurity/TreeAccessObjects.
2026-08-03 09:56:23 | INFO | Total consolidado de acessos encontrados: 13
2026-08-03 09:56:23 | INFO | Projeto '02.02.01.14.01 - Dispositivo TH 45 - km 163,5 - SP-351' carregado para arvore. Groups=11 | UserLists=1 | Outros=1
2026-08-03 09:56:23 | INFO | Iniciando leitura da seguranca do projeto '02.02.01.15.01' (ID: 195548)
2026-08-03 09:56:23 | INFO | Get-PWFolderSecurity retornou 14 item(ns).
2026-08-03 09:56:23 | INFO | Get-PWFolderTreeAccessObjects retornou 1 item(ns).
2026-08-03 09:56:23 | WARN | Cmdlet Get-PWProjectSecurity nao encontrado no ambiente. A leitura seguira apenas com FolderSecurity/TreeAccessObjects.
2026-08-03 09:56:23 | INFO | Total consolidado de acessos encontrados: 13
2026-08-03 09:56:23 | INFO | Projeto '02.02.01.15.01 - Dispositivo TH 46 - km 167,4 - SP-351' carregado para arvore. Groups=11 | UserLists=1 | Outros=1
2026-08-03 09:56:23 | INFO | Iniciando leitura da seguranca do projeto '02.02.01.15.02' (ID: 195960)
2026-08-03 09:56:24 | INFO | Get-PWFolderSecurity retornou 14 item(ns).
2026-08-03 09:56:24 | INFO | Get-PWFolderTreeAccessObjects retornou 1 item(ns).
2026-08-03 09:56:24 | WARN | Cmdlet Get-PWProjectSecurity nao encontrado no ambiente. A leitura seguira apenas com FolderSecurity/TreeAccessObjects.
2026-08-03 09:56:24 | INFO | Total consolidado de acessos encontrados: 13
2026-08-03 09:56:24 | INFO | Projeto '02.02.01.15.02 - Dispositivo TH 46 - km 174,6 - SP-351' carregado para arvore. Groups=11 | UserLists=1 | Outros=1
2026-08-03 09:56:24 | INFO | Iniciando leitura da seguranca do projeto '02.02.01.16.01' (ID: 196784)
2026-08-03 09:56:25 | INFO | Get-PWFolderSecurity retornou 14 item(ns).
2026-08-03 09:56:25 | INFO | Get-PWFolderTreeAccessObjects retornou 1 item(ns).
2026-08-03 09:56:25 | WARN | Cmdlet Get-PWProjectSecurity nao encontrado no ambiente. A leitura seguira apenas com FolderSecurity/TreeAccessObjects.
2026-08-03 09:56:25 | INFO | Total consolidado de acessos encontrados: 13
2026-08-03 09:56:25 | INFO | Projeto '02.02.01.16.01 - Dispositivo TH 46 - km 185,5 - SP-351' carregado para arvore. Groups=11 | UserLists=1 | Outros=1
2026-08-03 09:56:25 | INFO | Iniciando leitura da seguranca do projeto '02.02.01.17.01' (ID: 197608)
2026-08-03 09:56:25 | INFO | Get-PWFolderSecurity retornou 14 item(ns).
2026-08-03 09:56:25 | INFO | Get-PWFolderTreeAccessObjects retornou 1 item(ns).
2026-08-03 09:56:25 | WARN | Cmdlet Get-PWProjectSecurity nao encontrado no ambiente. A leitura seguira apenas com FolderSecurity/TreeAccessObjects.
2026-08-03 09:56:25 | INFO | Total consolidado de acessos encontrados: 13
2026-08-03 09:56:25 | INFO | Projeto '02.02.01.17.01 - Dispositivo TH 48 - km 193,9 - SP-351' carregado para arvore. Groups=11 | UserLists=1 | Outros=1
2026-08-03 09:56:25 | INFO | Iniciando leitura da seguranca do projeto '02.02.01.17.02' (ID: 198020)
2026-08-03 09:56:26 | INFO | Get-PWFolderSecurity retornou 14 item(ns).
2026-08-03 09:56:26 | INFO | Get-PWFolderTreeAccessObjects retornou 1 item(ns).
2026-08-03 09:56:26 | WARN | Cmdlet Get-PWProjectSecurity nao encontrado no ambiente. A leitura seguira apenas com FolderSecurity/TreeAccessObjects.
2026-08-03 09:56:26 | INFO | Total consolidado de acessos encontrados: 13
2026-08-03 09:56:26 | INFO | Projeto '02.02.01.17.02 - Dispositivo TH 48 - km 196,2 - SP-351' carregado para arvore. Groups=11 | UserLists=1 | Outros=1
2026-08-03 09:56:26 | INFO | Iniciando leitura da seguranca do projeto '02.02.01.18.01' (ID: 198844)
2026-08-03 09:56:26 | INFO | Get-PWFolderSecurity retornou 14 item(ns).
2026-08-03 09:56:26 | INFO | Get-PWFolderTreeAccessObjects retornou 1 item(ns).
2026-08-03 09:56:27 | WARN | Cmdlet Get-PWProjectSecurity nao encontrado no ambiente. A leitura seguira apenas com FolderSecurity/TreeAccessObjects.
2026-08-03 09:56:27 | INFO | Total consolidado de acessos encontrados: 13
2026-08-03 09:56:27 | INFO | Projeto '02.02.01.18.01 - Dispositivo TH 48 - km 206,9 - SP 351' carregado para arvore. Groups=11 | UserLists=1 | Outros=1
2026-08-03 09:56:27 | INFO | Iniciando leitura da seguranca do projeto '02.02.02.01.01' (ID: 200080)
2026-08-03 09:56:27 | INFO | Get-PWFolderSecurity retornou 14 item(ns).
2026-08-03 09:56:27 | INFO | Get-PWFolderTreeAccessObjects retornou 1 item(ns).
2026-08-03 09:56:27 | WARN | Cmdlet Get-PWProjectSecurity nao encontrado no ambiente. A leitura seguira apenas com FolderSecurity/TreeAccessObjects.
2026-08-03 09:56:27 | INFO | Total consolidado de acessos encontrados: 13
2026-08-03 09:56:27 | INFO | Projeto '02.02.02.01.01 - Ampliação Dispositivo TH 03 - km 268,3 - SP-310' carregado para arvore. Groups=11 | UserLists=1 | Outros=1
2026-08-03 09:56:27 | INFO | Iniciando leitura da seguranca do projeto '02.02.02.01.02' (ID: 200492)
2026-08-03 09:56:28 | INFO | Get-PWFolderSecurity retornou 14 item(ns).
2026-08-03 09:56:28 | INFO | Get-PWFolderTreeAccessObjects retornou 1 item(ns).
2026-08-03 09:56:28 | WARN | Cmdlet Get-PWProjectSecurity nao encontrado no ambiente. A leitura seguira apenas com FolderSecurity/TreeAccessObjects.
2026-08-03 09:56:28 | INFO | Total consolidado de acessos encontrados: 13
2026-08-03 09:56:28 | INFO | Projeto '02.02.02.01.02 - Ampliação Dispositivo TH 03 - km 271,6 - SP-310' carregado para arvore. Groups=11 | UserLists=1 | Outros=1
2026-08-03 09:56:28 | INFO | Iniciando leitura da seguranca do projeto '02.02.02.02.01' (ID: 201316)
2026-08-03 09:56:28 | INFO | Get-PWFolderSecurity retornou 14 item(ns).
2026-08-03 09:56:28 | INFO | Get-PWFolderTreeAccessObjects retornou 1 item(ns).
2026-08-03 09:56:28 | WARN | Cmdlet Get-PWProjectSecurity nao encontrado no ambiente. A leitura seguira apenas com FolderSecurity/TreeAccessObjects.
2026-08-03 09:56:28 | INFO | Total consolidado de acessos encontrados: 13
2026-08-03 09:56:29 | INFO | Projeto '02.02.02.02.01 - Ampliação Dispositivo TH 04 - km 293,5 - SP 310' carregado para arvore. Groups=11 | UserLists=1 | Outros=1
2026-08-03 09:56:29 | INFO | Iniciando leitura da seguranca do projeto '02.02.02.03.01' (ID: 129941)
2026-08-03 09:56:29 | INFO | Get-PWFolderSecurity retornou 14 item(ns).
2026-08-03 09:56:29 | INFO | Get-PWFolderTreeAccessObjects retornou 1 item(ns).
2026-08-03 09:56:29 | WARN | Cmdlet Get-PWProjectSecurity nao encontrado no ambiente. A leitura seguira apenas com FolderSecurity/TreeAccessObjects.
2026-08-03 09:56:29 | INFO | Total consolidado de acessos encontrados: 13
2026-08-03 09:56:29 | INFO | Projeto '02.02.02.03.01 - Ampliação Dispositivo TH 06 - km 296,5 - SP-310' carregado para arvore. Groups=11 | UserLists=1 | Outros=1
2026-08-03 09:56:29 | INFO | Iniciando leitura da seguranca do projeto '02.02.02.04.01' (ID: 202553)
2026-08-03 09:56:30 | INFO | Get-PWFolderSecurity retornou 14 item(ns).
2026-08-03 09:56:30 | INFO | Get-PWFolderTreeAccessObjects retornou 1 item(ns).
2026-08-03 09:56:30 | WARN | Cmdlet Get-PWProjectSecurity nao encontrado no ambiente. A leitura seguira apenas com FolderSecurity/TreeAccessObjects.
2026-08-03 09:56:30 | INFO | Total consolidado de acessos encontrados: 13
2026-08-03 09:56:30 | INFO | Projeto '02.02.02.04.01 - Ampliação Dispositivo TH 30  - km 379,0 - SP-326' carregado para arvore. Groups=11 | UserLists=1 | Outros=1
2026-08-03 09:56:30 | INFO | Iniciando leitura da seguranca do projeto '02.02.02.05.00' (ID: 174875)
2026-08-03 09:56:30 | INFO | Get-PWFolderSecurity retornou 14 item(ns).
2026-08-03 09:56:30 | INFO | Get-PWFolderTreeAccessObjects retornou 1 item(ns).
2026-08-03 09:56:30 | WARN | Cmdlet Get-PWProjectSecurity nao encontrado no ambiente. A leitura seguira apenas com FolderSecurity/TreeAccessObjects.
2026-08-03 09:56:30 | INFO | Total consolidado de acessos encontrados: 13
2026-08-03 09:56:31 | INFO | Projeto '02.02.02.05.01 - Dispositivo TH 39 -  km 157,5 - SP-333' carregado para arvore. Groups=11 | UserLists=1 | Outros=1
2026-08-03 09:56:31 | INFO | Iniciando leitura da seguranca do projeto '02.02.02.05.01' (ID: 203377)
2026-08-03 09:56:31 | INFO | Get-PWFolderSecurity retornou 14 item(ns).
2026-08-03 09:56:31 | INFO | Get-PWFolderTreeAccessObjects retornou 1 item(ns).
2026-08-03 09:56:31 | WARN | Cmdlet Get-PWProjectSecurity nao encontrado no ambiente. A leitura seguira apenas com FolderSecurity/TreeAccessObjects.
2026-08-03 09:56:31 | INFO | Total consolidado de acessos encontrados: 13
2026-08-03 09:56:31 | INFO | Projeto '02.02.02.05.01 - Ampliação Dispositivo TH 39  - km 157,6 - SP-333' carregado para arvore. Groups=11 | UserLists=1 | Outros=1
2026-08-03 09:56:31 | INFO | Iniciando leitura da seguranca do projeto '02.02.02.06.01' (ID: 204201)
2026-08-03 09:56:32 | INFO | Get-PWFolderSecurity retornou 14 item(ns).
2026-08-03 09:56:32 | INFO | Get-PWFolderTreeAccessObjects retornou 1 item(ns).
2026-08-03 09:56:32 | WARN | Cmdlet Get-PWProjectSecurity nao encontrado no ambiente. A leitura seguira apenas com FolderSecurity/TreeAccessObjects.
2026-08-03 09:56:32 | INFO | Total consolidado de acessos encontrados: 13
2026-08-03 09:56:32 | INFO | Projeto '02.02.02.06.01 - Ampliação Dispositivo TH 41 - km 182,2 - SP-333' carregado para arvore. Groups=11 | UserLists=1 | Outros=1
2026-08-03 09:56:32 | INFO | Iniciando leitura da seguranca do projeto '02.02.02.07.01' (ID: 205025)
2026-08-03 09:56:32 | INFO | Get-PWFolderSecurity retornou 14 item(ns).
2026-08-03 09:56:32 | INFO | Get-PWFolderTreeAccessObjects retornou 1 item(ns).
2026-08-03 09:56:33 | WARN | Cmdlet Get-PWProjectSecurity nao encontrado no ambiente. A leitura seguira apenas com FolderSecurity/TreeAccessObjects.
2026-08-03 09:56:33 | INFO | Total consolidado de acessos encontrados: 13
2026-08-03 09:56:33 | INFO | Projeto '02.02.02.07.01 - Ampliação Dispositivo TH 42 - km 209,3 - SP-333' carregado para arvore. Groups=11 | UserLists=1 | Outros=1
2026-08-03 09:56:33 | INFO | Iniciando leitura da seguranca do projeto '02.02.02.07.02' (ID: 205437)
2026-08-03 09:56:33 | INFO | Get-PWFolderSecurity retornou 14 item(ns).
2026-08-03 09:56:33 | INFO | Get-PWFolderTreeAccessObjects retornou 1 item(ns).
2026-08-03 09:56:33 | WARN | Cmdlet Get-PWProjectSecurity nao encontrado no ambiente. A leitura seguira apenas com FolderSecurity/TreeAccessObjects.
2026-08-03 09:56:33 | INFO | Total consolidado de acessos encontrados: 13
2026-08-03 09:56:33 | INFO | Projeto '02.02.02.07.02 - Ampliação Dispositivo TH 42 - km 212,6 - SP-333' carregado para arvore. Groups=11 | UserLists=1 | Outros=1
2026-08-03 09:56:33 | INFO | Iniciando leitura da seguranca do projeto '02.02.02.08.01' (ID: 175286)
2026-08-03 09:56:34 | INFO | Get-PWFolderSecurity retornou 14 item(ns).
2026-08-03 09:56:34 | INFO | Get-PWFolderTreeAccessObjects retornou 1 item(ns).
2026-08-03 09:56:34 | WARN | Cmdlet Get-PWProjectSecurity nao encontrado no ambiente. A leitura seguira apenas com FolderSecurity/TreeAccessObjects.
2026-08-03 09:56:34 | INFO | Total consolidado de acessos encontrados: 13
2026-08-03 09:56:34 | INFO | Projeto '02.02.02.08.01 - Ampliação Dispositivo TH 43 - km 151,5 - SP-351' carregado para arvore. Groups=11 | UserLists=1 | Outros=1
2026-08-03 09:56:34 | INFO | Iniciando leitura da seguranca do projeto '02.02.02.09.01' (ID: 175697)
2026-08-03 09:56:34 | INFO | Get-PWFolderSecurity retornou 14 item(ns).
2026-08-03 09:56:34 | INFO | Get-PWFolderTreeAccessObjects retornou 1 item(ns).
2026-08-03 09:56:35 | WARN | Cmdlet Get-PWProjectSecurity nao encontrado no ambiente. A leitura seguira apenas com FolderSecurity/TreeAccessObjects.
2026-08-03 09:56:35 | INFO | Total consolidado de acessos encontrados: 13
2026-08-03 09:56:35 | INFO | Projeto '02.02.02.09.01 - Ampliação Dispositivo TH 44 - km 155,7 - SP-351' carregado para arvore. Groups=11 | UserLists=1 | Outros=1
2026-08-03 09:56:35 | INFO | Iniciando leitura da seguranca do projeto '02.02.02.10' (ID: 206675)
2026-08-03 09:56:35 | INFO | Get-PWFolderSecurity retornou 14 item(ns).
2026-08-03 09:56:35 | INFO | Get-PWFolderTreeAccessObjects retornou 1 item(ns).
2026-08-03 09:56:35 | WARN | Cmdlet Get-PWProjectSecurity nao encontrado no ambiente. A leitura seguira apenas com FolderSecurity/TreeAccessObjects.
2026-08-03 09:56:35 | INFO | Total consolidado de acessos encontrados: 13
2026-08-03 09:56:35 | INFO | Projeto '02.02.02.10 - Ampliação Dispositivo - km 177,75 - SP-351' carregado para arvore. Groups=11 | UserLists=1 | Outros=1
2026-08-03 09:56:35 | INFO | Iniciando leitura da seguranca do projeto '02.02.02.10.01' (ID: 207087)
2026-08-03 09:56:36 | INFO | Get-PWFolderSecurity retornou 14 item(ns).
2026-08-03 09:56:36 | INFO | Get-PWFolderTreeAccessObjects retornou 1 item(ns).
2026-08-03 09:56:36 | WARN | Cmdlet Get-PWProjectSecurity nao encontrado no ambiente. A leitura seguira apenas com FolderSecurity/TreeAccessObjects.
2026-08-03 09:56:36 | INFO | Total consolidado de acessos encontrados: 13
2026-08-03 09:56:36 | INFO | Projeto '02.02.02.10.01 - Ampliação Dispositivo TH 46 - km 182,8 - SP-351' carregado para arvore. Groups=11 | UserLists=1 | Outros=1
2026-08-03 09:56:36 | INFO | Iniciando leitura da seguranca do projeto '02.02.02.11.01' (ID: 207911)
2026-08-03 09:56:36 | INFO | Get-PWFolderSecurity retornou 14 item(ns).
2026-08-03 09:56:36 | INFO | Get-PWFolderTreeAccessObjects retornou 1 item(ns).
2026-08-03 09:56:36 | WARN | Cmdlet Get-PWProjectSecurity nao encontrado no ambiente. A leitura seguira apenas com FolderSecurity/TreeAccessObjects.
2026-08-03 09:56:36 | INFO | Total consolidado de acessos encontrados: 13
2026-08-03 09:56:36 | INFO | Projeto '02.02.02.11.01 - Dispositivo TH 48 - km 194,5 - SP-351' carregado para arvore. Groups=11 | UserLists=1 | Outros=1
2026-08-03 09:56:36 | INFO | Iniciando leitura da seguranca do projeto '02.04.03.01.01' (ID: 163629)
2026-08-03 09:56:37 | INFO | Get-PWFolderSecurity retornou 14 item(ns).
2026-08-03 09:56:37 | INFO | Get-PWFolderTreeAccessObjects retornou 1 item(ns).
2026-08-03 09:56:37 | WARN | Cmdlet Get-PWProjectSecurity nao encontrado no ambiente. A leitura seguira apenas com FolderSecurity/TreeAccessObjects.
2026-08-03 09:56:37 | INFO | Total consolidado de acessos encontrados: 13
2026-08-03 09:56:37 | INFO | Projeto '02.04.03.01.01 - Acostamento TH 51 - km 0,000 + 0,450 - SPA-276 310' carregado para arvore. Groups=11 | UserLists=1 | Outros=1
2026-08-03 09:56:37 | INFO | Iniciando leitura da seguranca do projeto '02.04.03.01.02' (ID: 164040)
2026-08-03 09:56:38 | INFO | Get-PWFolderSecurity retornou 14 item(ns).
2026-08-03 09:56:38 | INFO | Get-PWFolderTreeAccessObjects retornou 1 item(ns).
2026-08-03 09:56:38 | WARN | Cmdlet Get-PWProjectSecurity nao encontrado no ambiente. A leitura seguira apenas com FolderSecurity/TreeAccessObjects.
2026-08-03 09:56:38 | INFO | Total consolidado de acessos encontrados: 13
2026-08-03 09:56:38 | INFO | Projeto '02.04.03.01.02 - Acostamento TH 52 - Km 0,000 + 0,090 - SPA-119  333' carregado para arvore. Groups=11 | UserLists=1 | Outros=1
2026-08-03 09:56:38 | INFO | Iniciando leitura da seguranca do projeto '02.04.03.02.01' (ID: 293433)
2026-08-03 09:56:38 | INFO | Get-PWFolderSecurity retornou 14 item(ns).
2026-08-03 09:56:38 | INFO | Get-PWFolderTreeAccessObjects retornou 1 item(ns).
2026-08-03 09:56:38 | WARN | Cmdlet Get-PWProjectSecurity nao encontrado no ambiente. A leitura seguira apenas com FolderSecurity/TreeAccessObjects.
2026-08-03 09:56:38 | INFO | Total consolidado de acessos encontrados: 13
2026-08-03 09:56:38 | INFO | Projeto '02.04.03.02.01 - Acostamentos - km 227,800 + 454,300 - SP-310' carregado para arvore. Groups=11 | UserLists=1 | Outros=1
2026-08-03 09:56:38 | INFO | Iniciando leitura da seguranca do projeto '02.04.03.02.02' (ID: 293844)
2026-08-03 09:56:39 | INFO | Get-PWFolderSecurity retornou 14 item(ns).
2026-08-03 09:56:39 | INFO | Get-PWFolderTreeAccessObjects retornou 1 item(ns).
2026-08-03 09:56:39 | WARN | Cmdlet Get-PWProjectSecurity nao encontrado no ambiente. A leitura seguira apenas com FolderSecurity/TreeAccessObjects.
2026-08-03 09:56:39 | INFO | Total consolidado de acessos encontrados: 13
2026-08-03 09:56:39 | INFO | Projeto '02.04.03.02.02 - Acostamentos - km 0,000 + 44,100 - SP-323' carregado para arvore. Groups=11 | UserLists=1 | Outros=1
2026-08-03 09:56:39 | INFO | Iniciando leitura da seguranca do projeto '02.04.03.02.03' (ID: 294255)
2026-08-03 09:56:39 | INFO | Get-PWFolderSecurity retornou 14 item(ns).
2026-08-03 09:56:39 | INFO | Get-PWFolderTreeAccessObjects retornou 1 item(ns).
2026-08-03 09:56:39 | WARN | Cmdlet Get-PWProjectSecurity nao encontrado no ambiente. A leitura seguira apenas com FolderSecurity/TreeAccessObjects.
2026-08-03 09:56:39 | INFO | Total consolidado de acessos encontrados: 13
2026-08-03 09:56:39 | INFO | Projeto '02.04.03.02.03 - Acostamentos - km 293 ao 427 - SP-326' carregado para arvore. Groups=11 | UserLists=1 | Outros=1
2026-08-03 09:56:40 | INFO | Iniciando leitura da seguranca do projeto '02.04.03.02.04' (ID: 294666)
2026-08-03 09:56:40 | INFO | Get-PWFolderSecurity retornou 14 item(ns).
2026-08-03 09:56:40 | INFO | Get-PWFolderTreeAccessObjects retornou 1 item(ns).
2026-08-03 09:56:40 | WARN | Cmdlet Get-PWProjectSecurity nao encontrado no ambiente. A leitura seguira apenas com FolderSecurity/TreeAccessObjects.
2026-08-03 09:56:40 | INFO | Total consolidado de acessos encontrados: 13
2026-08-03 09:56:40 | INFO | Projeto '02.04.03.02.04 - Acostamentos - km 83,020 + 212,450 - SP-333' carregado para arvore. Groups=11 | UserLists=1 | Outros=1
2026-08-03 09:56:40 | INFO | Iniciando leitura da seguranca do projeto '02.04.03.02.05' (ID: 295077)
2026-08-03 09:56:41 | INFO | Get-PWFolderSecurity retornou 14 item(ns).
2026-08-03 09:56:41 | INFO | Get-PWFolderTreeAccessObjects retornou 1 item(ns).
2026-08-03 09:56:41 | WARN | Cmdlet Get-PWProjectSecurity nao encontrado no ambiente. A leitura seguira apenas com FolderSecurity/TreeAccessObjects.
2026-08-03 09:56:41 | INFO | Total consolidado de acessos encontrados: 13
2026-08-03 09:56:41 | INFO | Projeto '02.04.03.02.05 - Acostamentos - km 151,530 + 218,020 - SP-351' carregado para arvore. Groups=11 | UserLists=1 | Outros=1
2026-08-03 09:56:41 | INFO | Iniciando leitura da seguranca do projeto '02.06.02.06' (ID: 45849)
2026-08-03 09:56:41 | INFO | Get-PWFolderSecurity retornou 15 item(ns).
2026-08-03 09:56:41 | INFO | Get-PWFolderTreeAccessObjects retornou 1 item(ns).
2026-08-03 09:56:41 | WARN | Cmdlet Get-PWProjectSecurity nao encontrado no ambiente. A leitura seguira apenas com FolderSecurity/TreeAccessObjects.
2026-08-03 09:56:41 | INFO | Total consolidado de acessos encontrados: 14
2026-08-03 09:56:41 | INFO | Projeto '02.06.02.06 - BSO 1 - km 009+470 - SP-323' carregado para arvore. Groups=11 | UserLists=1 | Outros=2
2026-08-03 09:56:41 | INFO | Iniciando leitura da seguranca do projeto '02.06.02.07' (ID: 46260)
2026-08-03 09:56:42 | INFO | Get-PWFolderSecurity retornou 14 item(ns).
2026-08-03 09:56:42 | INFO | Get-PWFolderTreeAccessObjects retornou 1 item(ns).
2026-08-03 09:56:42 | WARN | Cmdlet Get-PWProjectSecurity nao encontrado no ambiente. A leitura seguira apenas com FolderSecurity/TreeAccessObjects.
2026-08-03 09:56:42 | INFO | Total consolidado de acessos encontrados: 13
2026-08-03 09:56:42 | INFO | Projeto '02.06.02.07 - BSO 2 - km 036+800 - SP-323' carregado para arvore. Groups=11 | UserLists=1 | Outros=1
2026-08-03 09:56:42 | INFO | Iniciando leitura da seguranca do projeto '02.06.02.11' (ID: 46671)
2026-08-03 09:56:43 | INFO | Get-PWFolderSecurity retornou 14 item(ns).
2026-08-03 09:56:43 | INFO | Get-PWFolderTreeAccessObjects retornou 1 item(ns).
2026-08-03 09:56:43 | WARN | Cmdlet Get-PWProjectSecurity nao encontrado no ambiente. A leitura seguira apenas com FolderSecurity/TreeAccessObjects.
2026-08-03 09:56:43 | INFO | Total consolidado de acessos encontrados: 13
2026-08-03 09:56:43 | INFO | Projeto '02.06.02.11 - BSO 3 - km 391+200 - SP-326' carregado para arvore. Groups=11 | UserLists=1 | Outros=1
2026-08-03 09:56:43 | INFO | Iniciando leitura da seguranca do projeto '02.06.02.12' (ID: 47082)
2026-08-03 09:56:43 | INFO | Get-PWFolderSecurity retornou 14 item(ns).
2026-08-03 09:56:43 | INFO | Get-PWFolderTreeAccessObjects retornou 1 item(ns).
2026-08-03 09:56:43 | WARN | Cmdlet Get-PWProjectSecurity nao encontrado no ambiente. A leitura seguira apenas com FolderSecurity/TreeAccessObjects.
2026-08-03 09:56:43 | INFO | Total consolidado de acessos encontrados: 13
2026-08-03 09:56:43 | INFO | Projeto '02.06.02.12 - BSO 4 - km 409+200 - SP-326' carregado para arvore. Groups=11 | UserLists=1 | Outros=1
2026-08-03 09:56:43 | INFO | Iniciando leitura da seguranca do projeto '02.06.02.16' (ID: 47493)
2026-08-03 09:56:44 | INFO | Get-PWFolderSecurity retornou 14 item(ns).
2026-08-03 09:56:44 | INFO | Get-PWFolderTreeAccessObjects retornou 1 item(ns).
2026-08-03 09:56:44 | WARN | Cmdlet Get-PWProjectSecurity nao encontrado no ambiente. A leitura seguira apenas com FolderSecurity/TreeAccessObjects.
2026-08-03 09:56:44 | INFO | Total consolidado de acessos encontrados: 13
2026-08-03 09:56:44 | INFO | Projeto '02.06.02.16 - BSO 5 - km 161+750 - SP-351' carregado para arvore. Groups=11 | UserLists=1 | Outros=1
2026-08-03 09:56:44 | INFO | Iniciando leitura da seguranca do projeto '02.06.02.17' (ID: 47904)
2026-08-03 09:56:45 | INFO | Get-PWFolderSecurity retornou 14 item(ns).
2026-08-03 09:56:45 | INFO | Get-PWFolderTreeAccessObjects retornou 1 item(ns).
2026-08-03 09:56:45 | WARN | Cmdlet Get-PWProjectSecurity nao encontrado no ambiente. A leitura seguira apenas com FolderSecurity/TreeAccessObjects.
2026-08-03 09:56:45 | INFO | Total consolidado de acessos encontrados: 13
2026-08-03 09:56:45 | INFO | Projeto '02.06.02.17 - BSO 6 - km 198+000 - SP-351' carregado para arvore. Groups=11 | UserLists=1 | Outros=1
2026-08-03 09:56:45 | INFO | Iniciando leitura da seguranca do projeto '02.10.01.01' (ID: 51751)
2026-08-03 09:56:45 | INFO | Get-PWFolderSecurity retornou 17 item(ns).
2026-08-03 09:56:45 | INFO | Get-PWFolderTreeAccessObjects retornou 1 item(ns).
2026-08-03 09:56:45 | WARN | Cmdlet Get-PWProjectSecurity nao encontrado no ambiente. A leitura seguira apenas com FolderSecurity/TreeAccessObjects.
2026-08-03 09:56:45 | INFO | Total consolidado de acessos encontrados: 16
2026-08-03 09:56:45 | INFO | Projeto '02.10.01.01 - Marginal TH 31 - km 420,290 + 424,800 - SP-326' carregado para arvore. Groups=11 | UserLists=1 | Outros=4
2026-08-03 09:56:45 | INFO | Iniciando leitura da seguranca do projeto '02.11.01.01 km 252' (ID: 168238)
2026-08-03 09:56:46 | INFO | Get-PWFolderSecurity retornou 14 item(ns).
2026-08-03 09:56:46 | INFO | Get-PWFolderTreeAccessObjects retornou 1 item(ns).
2026-08-03 09:56:46 | WARN | Cmdlet Get-PWProjectSecurity nao encontrado no ambiente. A leitura seguira apenas com FolderSecurity/TreeAccessObjects.
2026-08-03 09:56:46 | INFO | Total consolidado de acessos encontrados: 13
2026-08-03 09:56:46 | INFO | Projeto '02.11.01.01 - ADC Ibaté - km 252 - SP-310' carregado para arvore. Groups=11 | UserLists=1 | Outros=1
2026-08-03 09:56:46 | INFO | Iniciando leitura da seguranca do projeto '02.11.01.01 km 291' (ID: 168649)
2026-08-03 09:56:46 | INFO | Get-PWFolderSecurity retornou 14 item(ns).
2026-08-03 09:56:46 | INFO | Get-PWFolderTreeAccessObjects retornou 1 item(ns).
2026-08-03 09:56:47 | WARN | Cmdlet Get-PWProjectSecurity nao encontrado no ambiente. A leitura seguira apenas com FolderSecurity/TreeAccessObjects.
2026-08-03 09:56:47 | INFO | Total consolidado de acessos encontrados: 13
2026-08-03 09:56:47 | INFO | Projeto '02.11.01.01 - ADC Matão - km 291 - SP-310' carregado para arvore. Groups=11 | UserLists=1 | Outros=1
2026-08-03 09:56:47 | INFO | Iniciando leitura da seguranca do projeto '02.11.01.01 km 407' (ID: 169060)
2026-08-03 09:56:47 | INFO | Get-PWFolderSecurity retornou 14 item(ns).
2026-08-03 09:56:47 | INFO | Get-PWFolderTreeAccessObjects retornou 1 item(ns).
2026-08-03 09:56:47 | WARN | Cmdlet Get-PWProjectSecurity nao encontrado no ambiente. A leitura seguira apenas com FolderSecurity/TreeAccessObjects.
2026-08-03 09:56:47 | INFO | Total consolidado de acessos encontrados: 13
2026-08-03 09:56:47 | INFO | Projeto '02.11.01.01 - ADC Uchôa - km 407 - SP-310' carregado para arvore. Groups=11 | UserLists=1 | Outros=1
2026-08-03 09:56:47 | INFO | Iniciando leitura da seguranca do projeto '02.12.01.02' (ID: 308506)
2026-08-03 09:56:48 | INFO | Get-PWFolderSecurity retornou 17 item(ns).
2026-08-03 09:56:48 | INFO | Get-PWFolderTreeAccessObjects retornou 1 item(ns).
2026-08-03 09:56:48 | WARN | Cmdlet Get-PWProjectSecurity nao encontrado no ambiente. A leitura seguira apenas com FolderSecurity/TreeAccessObjects.
2026-08-03 09:56:48 | INFO | Total consolidado de acessos encontrados: 16
2026-08-03 09:56:48 | INFO | Projeto '02.12.01.02 - PMRv SJRP - km 443,000 + 443,000 - SP-310' carregado para arvore. Groups=14 | UserLists=1 | Outros=1
2026-08-03 09:56:48 | INFO | Iniciando leitura da seguranca do projeto '02.12.01.02 - PMRv Canil' (ID: 353557)
2026-08-03 09:56:48 | INFO | Get-PWFolderSecurity retornou 14 item(ns).
2026-08-03 09:56:49 | INFO | Get-PWFolderTreeAccessObjects retornou 1 item(ns).
2026-08-03 09:56:49 | WARN | Cmdlet Get-PWProjectSecurity nao encontrado no ambiente. A leitura seguira apenas com FolderSecurity/TreeAccessObjects.
2026-08-03 09:56:49 | INFO | Total consolidado de acessos encontrados: 13
2026-08-03 09:56:49 | INFO | Projeto '02.12.01.02 - PMRv Canil SJRP - km 443,000 + 443,000 - SP-310' carregado para arvore. Groups=11 | UserLists=1 | Outros=1
2026-08-03 09:56:49 | INFO | Iniciando leitura da seguranca do projeto '02.12.02.02 - PMRV' (ID: 305332)
2026-08-03 09:56:49 | INFO | Get-PWFolderSecurity retornou 15 item(ns).
2026-08-03 09:56:49 | INFO | Get-PWFolderTreeAccessObjects retornou 1 item(ns).
2026-08-03 09:56:49 | WARN | Cmdlet Get-PWProjectSecurity nao encontrado no ambiente. A leitura seguira apenas com FolderSecurity/TreeAccessObjects.
2026-08-03 09:56:49 | INFO | Total consolidado de acessos encontrados: 14
2026-08-03 09:56:49 | INFO | Projeto '02.12.02.02 - PMRV Araraquara - km 273+400 - SP-310' carregado para arvore. Groups=12 | UserLists=1 | Outros=1
2026-08-03 09:56:49 | INFO | Iniciando leitura da seguranca do projeto '02.13.02 - Ponto de Ônibus' (ID: 419731)
2026-08-03 09:56:50 | INFO | Get-PWFolderSecurity retornou 14 item(ns).
2026-08-03 09:56:50 | INFO | Get-PWFolderTreeAccessObjects retornou 1 item(ns).
2026-08-03 09:56:50 | WARN | Cmdlet Get-PWProjectSecurity nao encontrado no ambiente. A leitura seguira apenas com FolderSecurity/TreeAccessObjects.
2026-08-03 09:56:50 | INFO | Total consolidado de acessos encontrados: 13
2026-08-03 09:56:50 | INFO | Projeto '02.13.02 - Ponto de Ônibus - km 84+300 - SP-333' carregado para arvore. Groups=11 | UserLists=1 | Outros=1
2026-08-03 09:56:50 | INFO | Iniciando leitura da seguranca do projeto '02.13.02 - Ponto Ônibus 2' (ID: 419831)
2026-08-03 09:56:50 | INFO | Get-PWFolderSecurity retornou 14 item(ns).
2026-08-03 09:56:50 | INFO | Get-PWFolderTreeAccessObjects retornou 1 item(ns).
2026-08-03 09:56:50 | WARN | Cmdlet Get-PWProjectSecurity nao encontrado no ambiente. A leitura seguira apenas com FolderSecurity/TreeAccessObjects.
2026-08-03 09:56:50 | INFO | Total consolidado de acessos encontrados: 13
2026-08-03 09:56:50 | INFO | Projeto '02.13.02 - Ponto de Ônibus - km 96+500 - SP-333' carregado para arvore. Groups=11 | UserLists=1 | Outros=1
2026-08-03 09:56:50 | INFO | Iniciando leitura da seguranca do projeto '02.13.02 - Ponto Ônibus 3' (ID: 419864)
2026-08-03 09:56:51 | INFO | Get-PWFolderSecurity retornou 14 item(ns).
2026-08-03 09:56:51 | INFO | Get-PWFolderTreeAccessObjects retornou 1 item(ns).
2026-08-03 09:56:51 | WARN | Cmdlet Get-PWProjectSecurity nao encontrado no ambiente. A leitura seguira apenas com FolderSecurity/TreeAccessObjects.
2026-08-03 09:56:51 | INFO | Total consolidado de acessos encontrados: 13
2026-08-03 09:56:51 | INFO | Projeto '02.13.02 - Ponto de Ônibus - km 84+300 - SP-310' carregado para arvore. Groups=11 | UserLists=1 | Outros=1
2026-08-03 09:56:51 | INFO | Iniciando leitura da seguranca do projeto '02.14.01.01- Ciclovias' (ID: 430043)
2026-08-03 09:56:52 | INFO | Get-PWFolderSecurity retornou 14 item(ns).
2026-08-03 09:56:52 | INFO | Get-PWFolderTreeAccessObjects retornou 1 item(ns).
2026-08-03 09:56:52 | WARN | Cmdlet Get-PWProjectSecurity nao encontrado no ambiente. A leitura seguira apenas com FolderSecurity/TreeAccessObjects.
2026-08-03 09:56:52 | INFO | Total consolidado de acessos encontrados: 13
2026-08-03 09:56:52 | INFO | Projeto '02.14.01.03 - Ciclovias - km 29 - SP-310' carregado para arvore. Groups=11 | UserLists=1 | Outros=1
2026-08-03 09:56:52 | INFO | Iniciando leitura da seguranca do projeto '02.14.01.02- Ciclovias' (ID: 430076)
2026-08-03 09:56:52 | INFO | Get-PWFolderSecurity retornou 14 item(ns).
2026-08-03 09:56:52 | INFO | Get-PWFolderTreeAccessObjects retornou 1 item(ns).
2026-08-03 09:56:52 | WARN | Cmdlet Get-PWProjectSecurity nao encontrado no ambiente. A leitura seguira apenas com FolderSecurity/TreeAccessObjects.
2026-08-03 09:56:52 | INFO | Total consolidado de acessos encontrados: 13
2026-08-03 09:56:52 | INFO | Projeto '02.14.01.02 - Ciclovias - km 6 - SP-323' carregado para arvore. Groups=11 | UserLists=1 | Outros=1
2026-08-03 09:56:52 | INFO | Iniciando leitura da seguranca do projeto '02.14.01.03 - Ciclovias' (ID: 311031)
2026-08-03 09:56:53 | INFO | Get-PWFolderSecurity retornou 14 item(ns).
2026-08-03 09:56:53 | INFO | Get-PWFolderTreeAccessObjects retornou 1 item(ns).
2026-08-03 09:56:53 | WARN | Cmdlet Get-PWProjectSecurity nao encontrado no ambiente. A leitura seguira apenas com FolderSecurity/TreeAccessObjects.
2026-08-03 09:56:53 | INFO | Total consolidado de acessos encontrados: 13
2026-08-03 09:56:53 | INFO | Projeto '02.14.01.03 - Ciclovias - km 17 - SP-326' carregado para arvore. Groups=11 | UserLists=1 | Outros=1
2026-08-03 09:56:53 | INFO | Iniciando leitura da seguranca do projeto '02.14.01.04- Ciclovias' (ID: 430109)
2026-08-03 09:56:53 | INFO | Get-PWFolderSecurity retornou 14 item(ns).
2026-08-03 09:56:53 | INFO | Get-PWFolderTreeAccessObjects retornou 1 item(ns).
2026-08-03 09:56:54 | WARN | Cmdlet Get-PWProjectSecurity nao encontrado no ambiente. A leitura seguira apenas com FolderSecurity/TreeAccessObjects.
2026-08-03 09:56:54 | INFO | Total consolidado de acessos encontrados: 13
2026-08-03 09:56:54 | INFO | Projeto '02.14.01.04 - Ciclovias - km 16 - SP-333' carregado para arvore. Groups=11 | UserLists=1 | Outros=1
2026-08-03 09:56:54 | INFO | Iniciando leitura da seguranca do projeto '02.14.01.05- Ciclovias' (ID: 430142)
2026-08-03 09:56:54 | INFO | Get-PWFolderSecurity retornou 14 item(ns).
2026-08-03 09:56:54 | INFO | Get-PWFolderTreeAccessObjects retornou 1 item(ns).
2026-08-03 09:56:54 | WARN | Cmdlet Get-PWProjectSecurity nao encontrado no ambiente. A leitura seguira apenas com FolderSecurity/TreeAccessObjects.
2026-08-03 09:56:54 | INFO | Total consolidado de acessos encontrados: 13
2026-08-03 09:56:54 | INFO | Projeto '02.14.01.05 - Ciclovias - km 7 - SP-351' carregado para arvore. Groups=11 | UserLists=1 | Outros=1
2026-08-03 09:56:54 | INFO | Iniciando leitura da seguranca do projeto '03.03.03  - Itápolis' (ID: 309761)
2026-08-03 09:56:55 | INFO | Get-PWFolderSecurity retornou 14 item(ns).
2026-08-03 09:56:55 | INFO | Get-PWFolderTreeAccessObjects retornou 1 item(ns).
2026-08-03 09:56:55 | WARN | Cmdlet Get-PWProjectSecurity nao encontrado no ambiente. A leitura seguira apenas com FolderSecurity/TreeAccessObjects.
2026-08-03 09:56:55 | INFO | Total consolidado de acessos encontrados: 13
2026-08-03 09:56:55 | INFO | Projeto '03.03.03 - Free Flow Itápolis - km 178 - SP-333' carregado para arvore. Groups=11 | UserLists=1 | Outros=1
2026-08-03 09:56:55 | INFO | Iniciando leitura da seguranca do projeto '03.03.03 - Colina' (ID: 368247)
2026-08-03 09:56:55 | INFO | Get-PWFolderSecurity retornou 14 item(ns).
2026-08-03 09:56:55 | INFO | Get-PWFolderTreeAccessObjects retornou 1 item(ns).
2026-08-03 09:56:55 | WARN | Cmdlet Get-PWProjectSecurity nao encontrado no ambiente. A leitura seguira apenas com FolderSecurity/TreeAccessObjects.
2026-08-03 09:56:55 | INFO | Total consolidado de acessos encontrados: 13
2026-08-03 09:56:55 | INFO | Projeto '03.03.03 - Free Flow Colina - km 407 - SP-326' carregado para arvore. Groups=11 | UserLists=1 | Outros=1
2026-08-03 09:56:55 | INFO | Iniciando leitura da seguranca do projeto '03.03.03 - Dobrada' (ID: 308937)
2026-08-03 09:56:56 | INFO | Get-PWFolderSecurity retornou 14 item(ns).
2026-08-03 09:56:56 | INFO | Get-PWFolderTreeAccessObjects retornou 1 item(ns).
2026-08-03 09:56:56 | WARN | Cmdlet Get-PWProjectSecurity nao encontrado no ambiente. A leitura seguira apenas com FolderSecurity/TreeAccessObjects.
2026-08-03 09:56:56 | INFO | Total consolidado de acessos encontrados: 13
2026-08-03 09:56:56 | INFO | Projeto '03.03.03 - Free Flow Dobrada - km 307 - SP-326' carregado para arvore. Groups=11 | UserLists=1 | Outros=1
2026-08-03 09:56:56 | INFO | Iniciando leitura da seguranca do projeto '03.03.03 - Free Flow' (ID: 419689)
2026-08-03 09:56:57 | INFO | Get-PWFolderSecurity retornou 14 item(ns).
2026-08-03 09:56:57 | INFO | Get-PWFolderTreeAccessObjects retornou 1 item(ns).
2026-08-03 09:56:57 | WARN | Cmdlet Get-PWProjectSecurity nao encontrado no ambiente. A leitura seguira apenas com FolderSecurity/TreeAccessObjects.
2026-08-03 09:56:57 | INFO | Total consolidado de acessos encontrados: 13
2026-08-03 09:56:57 | INFO | Projeto '03.03.03 - Free Flow Agulha - km 346 - SP-310' carregado para arvore. Groups=11 | UserLists=1 | Outros=1
2026-08-03 09:56:57 | INFO | Iniciando leitura da seguranca do projeto '03.03.03 - Free Flow - Ara' (ID: 419798)
2026-08-03 09:56:57 | INFO | Get-PWFolderSecurity retornou 14 item(ns).
2026-08-03 09:56:57 | INFO | Get-PWFolderTreeAccessObjects retornou 1 item(ns).
2026-08-03 09:56:57 | WARN | Cmdlet Get-PWProjectSecurity nao encontrado no ambiente. A leitura seguira apenas com FolderSecurity/TreeAccessObjects.
2026-08-03 09:56:57 | INFO | Total consolidado de acessos encontrados: 13
2026-08-03 09:56:57 | INFO | Projeto '03.03.03 - Free Flow Araraquara - km 282 - SP-310' carregado para arvore. Groups=11 | UserLists=1 | Outros=1
2026-08-03 09:56:57 | INFO | Iniciando leitura da seguranca do projeto '03.03.03 - Free Flow - cat' (ID: 419764)
2026-08-03 09:56:58 | INFO | Get-PWFolderSecurity retornou 14 item(ns).
2026-08-03 09:56:58 | INFO | Get-PWFolderTreeAccessObjects retornou 1 item(ns).
2026-08-03 09:56:58 | WARN | Cmdlet Get-PWProjectSecurity nao encontrado no ambiente. A leitura seguira apenas com FolderSecurity/TreeAccessObjects.
2026-08-03 09:56:58 | INFO | Total consolidado de acessos encontrados: 13
2026-08-03 09:56:58 | INFO | Projeto '03.03.03 - Free Flow Catiguá - km 398 - SP-310' carregado para arvore. Groups=11 | UserLists=1 | Outros=1
2026-08-03 09:56:58 | INFO | Iniciando leitura da seguranca do projeto '03.03.03 - Monte Alto' (ID: 368214)
2026-08-03 09:56:58 | INFO | Get-PWFolderSecurity retornou 14 item(ns).
2026-08-03 09:56:58 | INFO | Get-PWFolderTreeAccessObjects retornou 1 item(ns).
2026-08-03 09:56:59 | WARN | Cmdlet Get-PWProjectSecurity nao encontrado no ambiente. A leitura seguira apenas com FolderSecurity/TreeAccessObjects.
2026-08-03 09:56:59 | INFO | Total consolidado de acessos encontrados: 13
2026-08-03 09:56:59 | INFO | Projeto '03.03.03 - Free Flow Monte Alto - km 19 - SP-323' carregado para arvore. Groups=11 | UserLists=1 | Outros=1
2026-08-03 09:56:59 | INFO | Iniciando leitura da seguranca do projeto '03.03.03 - Piragi' (ID: 368280)
2026-08-03 09:56:59 | INFO | Get-PWFolderSecurity retornou 14 item(ns).
2026-08-03 09:56:59 | INFO | Get-PWFolderTreeAccessObjects retornou 1 item(ns).
2026-08-03 09:56:59 | WARN | Cmdlet Get-PWProjectSecurity nao encontrado no ambiente. A leitura seguira apenas com FolderSecurity/TreeAccessObjects.
2026-08-03 09:56:59 | INFO | Total consolidado de acessos encontrados: 13
2026-08-03 09:56:59 | INFO | Projeto '03.03.03 - Free Flow Piragi - km 184 - SP-351' carregado para arvore. Groups=11 | UserLists=1 | Outros=1
2026-08-03 09:56:59 | INFO | Iniciando leitura da seguranca do projeto '03.03.03 - Taiúva' (ID: 309349)
2026-08-03 09:57:00 | INFO | Get-PWFolderSecurity retornou 14 item(ns).
2026-08-03 09:57:00 | INFO | Get-PWFolderTreeAccessObjects retornou 1 item(ns).
2026-08-03 09:57:00 | WARN | Cmdlet Get-PWProjectSecurity nao encontrado no ambiente. A leitura seguira apenas com FolderSecurity/TreeAccessObjects.
2026-08-03 09:57:00 | INFO | Total consolidado de acessos encontrados: 13
2026-08-03 09:57:00 | INFO | Projeto '03.03.03 - Free Flow Taiúva - km 356 - SP-326' carregado para arvore. Groups=11 | UserLists=1 | Outros=1
2026-08-03 09:57:00 | INFO | Iniciando leitura da seguranca do projeto '03.03.03 Jaboticabal' (ID: 311038)
2026-08-03 09:57:00 | INFO | Get-PWFolderSecurity retornou 14 item(ns).
2026-08-03 09:57:00 | INFO | Get-PWFolderTreeAccessObjects retornou 1 item(ns).
2026-08-03 09:57:01 | WARN | Cmdlet Get-PWProjectSecurity nao encontrado no ambiente. A leitura seguira apenas com FolderSecurity/TreeAccessObjects.
2026-08-03 09:57:01 | INFO | Total consolidado de acessos encontrados: 13
2026-08-03 09:57:01 | INFO | Projeto '03.03.03 - Free Flow Jaboticabal - km 111 - SP-333' carregado para arvore. Groups=11 | UserLists=1 | Outros=1
2026-08-03 09:57:01 | INFO | Iniciando leitura da seguranca do projeto '22 - Acesso industrial' (ID: 430397)
2026-08-03 09:57:01 | INFO | Get-PWFolderSecurity retornou 14 item(ns).
2026-08-03 09:57:01 | INFO | Get-PWFolderTreeAccessObjects retornou 1 item(ns).
2026-08-03 09:57:01 | WARN | Cmdlet Get-PWProjectSecurity nao encontrado no ambiente. A leitura seguira apenas com FolderSecurity/TreeAccessObjects.
2026-08-03 09:57:01 | INFO | Total consolidado de acessos encontrados: 13
2026-08-03 09:57:01 | INFO | Projeto '22 - Acesso industrial km 404+410 - SP-326' carregado para arvore. Groups=11 | UserLists=1 | Outros=1
2026-08-03 09:57:01 | INFO | Iniciando leitura da seguranca do projeto '22 - Alça de acesso' (ID: 430331)
2026-08-03 09:57:02 | INFO | Get-PWFolderSecurity retornou 14 item(ns).
2026-08-03 09:57:02 | INFO | Get-PWFolderTreeAccessObjects retornou 1 item(ns).
2026-08-03 09:57:02 | WARN | Cmdlet Get-PWProjectSecurity nao encontrado no ambiente. A leitura seguira apenas com FolderSecurity/TreeAccessObjects.
2026-08-03 09:57:02 | INFO | Total consolidado de acessos encontrados: 13
2026-08-03 09:57:02 | INFO | Projeto '22 - Alça de acesso no km 339 - SP-326' carregado para arvore. Groups=11 | UserLists=1 | Outros=1
2026-08-03 09:57:02 | INFO | Iniciando leitura da seguranca do projeto '22 - Implantação viaduto' (ID: 430298)
2026-08-03 09:57:02 | INFO | Get-PWFolderSecurity retornou 14 item(ns).
2026-08-03 09:57:02 | INFO | Get-PWFolderTreeAccessObjects retornou 1 item(ns).
2026-08-03 09:57:02 | WARN | Cmdlet Get-PWProjectSecurity nao encontrado no ambiente. A leitura seguira apenas com FolderSecurity/TreeAccessObjects.
2026-08-03 09:57:02 | INFO | Total consolidado de acessos encontrados: 13
2026-08-03 09:57:02 | INFO | Projeto '22 - Implantação viaduto km 217+245 - SP-351' carregado para arvore. Groups=11 | UserLists=1 | Outros=1
2026-08-03 09:57:02 | INFO | Iniciando leitura da seguranca do projeto '22 - Projetos diversos' (ID: 429552)
2026-08-03 09:57:03 | INFO | Get-PWFolderSecurity retornou 14 item(ns).
2026-08-03 09:57:03 | INFO | Get-PWFolderTreeAccessObjects retornou 1 item(ns).
2026-08-03 09:57:03 | WARN | Cmdlet Get-PWProjectSecurity nao encontrado no ambiente. A leitura seguira apenas com FolderSecurity/TreeAccessObjects.
2026-08-03 09:57:03 | INFO | Total consolidado de acessos encontrados: 13
2026-08-03 09:57:03 | INFO | Projeto 'SP-310 Implantação de alças no km 382+600' carregado para arvore. Groups=11 | UserLists=1 | Outros=1
2026-08-03 09:57:03 | INFO | Iniciando leitura da seguranca do projeto '22 - Projetos diversos 2' (ID: 429811)
2026-08-03 09:57:03 | INFO | Get-PWFolderSecurity retornou 14 item(ns).
2026-08-03 09:57:04 | INFO | Get-PWFolderTreeAccessObjects retornou 1 item(ns).
2026-08-03 09:57:04 | WARN | Cmdlet Get-PWProjectSecurity nao encontrado no ambiente. A leitura seguira apenas com FolderSecurity/TreeAccessObjects.
2026-08-03 09:57:04 | INFO | Total consolidado de acessos encontrados: 13
2026-08-03 09:57:04 | INFO | Projeto 'SP-351 Implantação de novo viaduto no km 217+245' carregado para arvore. Groups=11 | UserLists=1 | Outros=1
2026-08-03 09:57:04 | INFO | Iniciando leitura da seguranca do projeto '22 - Projetos diversos 3' (ID: 429844)
2026-08-03 09:57:04 | INFO | Get-PWFolderSecurity retornou 14 item(ns).
2026-08-03 09:57:04 | INFO | Get-PWFolderTreeAccessObjects retornou 1 item(ns).
2026-08-03 09:57:04 | WARN | Cmdlet Get-PWProjectSecurity nao encontrado no ambiente. A leitura seguira apenas com FolderSecurity/TreeAccessObjects.
2026-08-03 09:57:04 | INFO | Total consolidado de acessos encontrados: 13
2026-08-03 09:57:04 | INFO | Projeto 'SP-326 Alça de acesso no km 339' carregado para arvore. Groups=11 | UserLists=1 | Outros=1
2026-08-03 09:57:04 | INFO | Iniciando leitura da seguranca do projeto '22 - Projetos diversos 4' (ID: 429877)
2026-08-03 09:57:05 | INFO | Get-PWFolderSecurity retornou 14 item(ns).
2026-08-03 09:57:05 | INFO | Get-PWFolderTreeAccessObjects retornou 1 item(ns).
2026-08-03 09:57:05 | WARN | Cmdlet Get-PWProjectSecurity nao encontrado no ambiente. A leitura seguira apenas com FolderSecurity/TreeAccessObjects.
2026-08-03 09:57:05 | INFO | Total consolidado de acessos encontrados: 13
2026-08-03 09:57:05 | INFO | Projeto 'SP-326 Reformulação da rotatória km 341' carregado para arvore. Groups=11 | UserLists=1 | Outros=1
2026-08-03 09:57:05 | INFO | Iniciando leitura da seguranca do projeto '22 - Projetos diversos 5' (ID: 429910)
2026-08-03 09:57:05 | INFO | Get-PWFolderSecurity retornou 14 item(ns).
2026-08-03 09:57:05 | INFO | Get-PWFolderTreeAccessObjects retornou 1 item(ns).
2026-08-03 09:57:06 | WARN | Cmdlet Get-PWProjectSecurity nao encontrado no ambiente. A leitura seguira apenas com FolderSecurity/TreeAccessObjects.
2026-08-03 09:57:06 | INFO | Total consolidado de acessos encontrados: 13
2026-08-03 09:57:06 | INFO | Projeto 'SP-326 Acesso industrial km 404+410' carregado para arvore. Groups=11 | UserLists=1 | Outros=1
2026-08-03 09:57:06 | INFO | Iniciando leitura da seguranca do projeto '22 - Projetos diversos 6' (ID: 429943)
2026-08-03 09:57:06 | INFO | Get-PWFolderSecurity retornou 14 item(ns).
2026-08-03 09:57:06 | INFO | Get-PWFolderTreeAccessObjects retornou 1 item(ns).
2026-08-03 09:57:06 | WARN | Cmdlet Get-PWProjectSecurity nao encontrado no ambiente. A leitura seguira apenas com FolderSecurity/TreeAccessObjects.
2026-08-03 09:57:06 | INFO | Total consolidado de acessos encontrados: 13
2026-08-03 09:57:06 | INFO | Projeto 'SP-326 Melhoria do dispositivo km 423+000' carregado para arvore. Groups=11 | UserLists=1 | Outros=1
2026-08-03 09:57:06 | INFO | Iniciando leitura da seguranca do projeto '22 - Projetos diversos 7' (ID: 429976)
2026-08-03 09:57:07 | INFO | Get-PWFolderSecurity retornou 14 item(ns).
2026-08-03 09:57:07 | INFO | Get-PWFolderTreeAccessObjects retornou 1 item(ns).
2026-08-03 09:57:07 | WARN | Cmdlet Get-PWProjectSecurity nao encontrado no ambiente. A leitura seguira apenas com FolderSecurity/TreeAccessObjects.
2026-08-03 09:57:07 | INFO | Total consolidado de acessos encontrados: 13
2026-08-03 09:57:07 | INFO | Projeto 'SP-326 Novo dispositivo km 423+500' carregado para arvore. Groups=11 | UserLists=1 | Outros=1
2026-08-03 09:57:07 | INFO | Iniciando leitura da seguranca do projeto '22 - Projetos diversos 8' (ID: 430009)
2026-08-03 09:57:07 | INFO | Get-PWFolderSecurity retornou 14 item(ns).
2026-08-03 09:57:07 | INFO | Get-PWFolderTreeAccessObjects retornou 1 item(ns).
2026-08-03 09:57:07 | WARN | Cmdlet Get-PWProjectSecurity nao encontrado no ambiente. A leitura seguira apenas com FolderSecurity/TreeAccessObjects.
2026-08-03 09:57:07 | INFO | Total consolidado de acessos encontrados: 13
2026-08-03 09:57:07 | INFO | Projeto 'SP-310  Reformulação do dispositivo km 419' carregado para arvore. Groups=11 | UserLists=1 | Outros=1
2026-08-03 09:57:07 | INFO | Iniciando leitura da seguranca do projeto '22 - Reformulação rotatória' (ID: 430364)
2026-08-03 09:57:08 | INFO | Get-PWFolderSecurity retornou 14 item(ns).
2026-08-03 09:57:08 | INFO | Get-PWFolderTreeAccessObjects retornou 1 item(ns).
2026-08-03 09:57:08 | WARN | Cmdlet Get-PWProjectSecurity nao encontrado no ambiente. A leitura seguira apenas com FolderSecurity/TreeAccessObjects.
2026-08-03 09:57:08 | INFO | Total consolidado de acessos encontrados: 13
2026-08-03 09:57:08 | INFO | Projeto '22 - Reformulação da rotatória km 341 - SP-326' carregado para arvore. Groups=11 | UserLists=1 | Outros=1
2026-08-03 09:57:08 | INFO | Iniciando leitura da seguranca do projeto '22- Melhoria do dispositivo' (ID: 430430)
2026-08-03 09:57:09 | INFO | Get-PWFolderSecurity retornou 14 item(ns).
2026-08-03 09:57:09 | INFO | Get-PWFolderTreeAccessObjects retornou 1 item(ns).
2026-08-03 09:57:09 | WARN | Cmdlet Get-PWProjectSecurity nao encontrado no ambiente. A leitura seguira apenas com FolderSecurity/TreeAccessObjects.
2026-08-03 09:57:09 | INFO | Total consolidado de acessos encontrados: 13
2026-08-03 09:57:09 | INFO | Projeto '22 - Melhoria do dispositivo km 423+000 - SP-326' carregado para arvore. Groups=11 | UserLists=1 | Outros=1
2026-08-03 09:57:09 | INFO | Iniciando leitura da seguranca do projeto '22- Novo dispositivo' (ID: 430464)
2026-08-03 09:57:09 | INFO | Get-PWFolderSecurity retornou 14 item(ns).
2026-08-03 09:57:10 | INFO | Get-PWFolderTreeAccessObjects retornou 1 item(ns).
2026-08-03 09:57:10 | WARN | Cmdlet Get-PWProjectSecurity nao encontrado no ambiente. A leitura seguira apenas com FolderSecurity/TreeAccessObjects.
2026-08-03 09:57:10 | INFO | Total consolidado de acessos encontrados: 13
2026-08-03 09:57:10 | INFO | Projeto '22 - Novo dispositivo km 423+500 - SP-326' carregado para arvore. Groups=11 | UserLists=1 | Outros=1
2026-08-03 09:57:10 | INFO | Iniciando leitura da seguranca do projeto '22-Reformulação dispositivo' (ID: 430497)
2026-08-03 09:57:10 | INFO | Get-PWFolderSecurity retornou 14 item(ns).
2026-08-03 09:57:10 | INFO | Get-PWFolderTreeAccessObjects retornou 1 item(ns).
2026-08-03 09:57:10 | WARN | Cmdlet Get-PWProjectSecurity nao encontrado no ambiente. A leitura seguira apenas com FolderSecurity/TreeAccessObjects.
2026-08-03 09:57:10 | INFO | Total consolidado de acessos encontrados: 13
2026-08-03 09:57:10 | INFO | Projeto '22 - Reformulação do dispositivo km 419 - SP-310' carregado para arvore. Groups=11 | UserLists=1 | Outros=1
2026-08-03 09:57:10 | INFO | Iniciando leitura da seguranca do projeto 'CCPP - Bebedouro' (ID: 303271)
2026-08-03 09:57:11 | INFO | Get-PWFolderSecurity retornou 14 item(ns).
2026-08-03 09:57:11 | INFO | Get-PWFolderTreeAccessObjects retornou 1 item(ns).
2026-08-03 09:57:11 | WARN | Cmdlet Get-PWProjectSecurity nao encontrado no ambiente. A leitura seguira apenas com FolderSecurity/TreeAccessObjects.
2026-08-03 09:57:11 | INFO | Total consolidado de acessos encontrados: 13
2026-08-03 09:57:11 | INFO | Projeto 'CCPP - Bebedouro - km 375+850 - SP-310' carregado para arvore. Groups=11 | UserLists=1 | Outros=1
2026-08-03 09:57:11 | INFO | Iniciando leitura da seguranca do projeto 'CCPP - Itápolis' (ID: 303682)
2026-08-03 09:57:12 | INFO | Get-PWFolderSecurity retornou 14 item(ns).
2026-08-03 09:57:12 | INFO | Get-PWFolderTreeAccessObjects retornou 1 item(ns).
2026-08-03 09:57:12 | WARN | Cmdlet Get-PWProjectSecurity nao encontrado no ambiente. A leitura seguira apenas com FolderSecurity/TreeAccessObjects.
2026-08-03 09:57:12 | INFO | Total consolidado de acessos encontrados: 13
2026-08-03 09:57:12 | INFO | Projeto 'CCPP - Itápolis - km 181+500 - SP-310' carregado para arvore. Groups=11 | UserLists=1 | Outros=1
2026-08-03 09:57:12 | INFO | Iniciando leitura da seguranca do projeto 'CCPP - Jaboticabal' (ID: 304097)
2026-08-03 09:57:12 | INFO | Get-PWFolderSecurity retornou 14 item(ns).
2026-08-03 09:57:12 | INFO | Get-PWFolderTreeAccessObjects retornou 1 item(ns).
2026-08-03 09:57:12 | WARN | Cmdlet Get-PWProjectSecurity nao encontrado no ambiente. A leitura seguira apenas com FolderSecurity/TreeAccessObjects.
2026-08-03 09:57:12 | INFO | Total consolidado de acessos encontrados: 13
2026-08-03 09:57:12 | INFO | Projeto 'CCPP - Jaboticabal - km 335+260 - SP-310' carregado para arvore. Groups=11 | UserLists=1 | Outros=1
2026-08-03 09:57:12 | INFO | Iniciando leitura da seguranca do projeto 'CCPP - São Carlos' (ID: 304508)
2026-08-03 09:57:13 | INFO | Get-PWFolderSecurity retornou 14 item(ns).
2026-08-03 09:57:13 | INFO | Get-PWFolderTreeAccessObjects retornou 1 item(ns).
2026-08-03 09:57:13 | WARN | Cmdlet Get-PWProjectSecurity nao encontrado no ambiente. A leitura seguira apenas com FolderSecurity/TreeAccessObjects.
2026-08-03 09:57:13 | INFO | Total consolidado de acessos encontrados: 13
2026-08-03 09:57:13 | INFO | Projeto 'CCPP - São Carlos - km 233+900 - SP-310' carregado para arvore. Groups=11 | UserLists=1 | Outros=1
2026-08-03 09:57:13 | INFO | Iniciando leitura da seguranca do projeto 'CCPP - São José' (ID: 304919)
2026-08-03 09:57:14 | INFO | Get-PWFolderSecurity retornou 14 item(ns).
2026-08-03 09:57:14 | INFO | Get-PWFolderTreeAccessObjects retornou 1 item(ns).
2026-08-03 09:57:14 | WARN | Cmdlet Get-PWProjectSecurity nao encontrado no ambiente. A leitura seguira apenas com FolderSecurity/TreeAccessObjects.
2026-08-03 09:57:14 | INFO | Total consolidado de acessos encontrados: 13
2026-08-03 09:57:14 | INFO | Projeto 'CCPP - São José - km 434+700 - SP-310' carregado para arvore. Groups=11 | UserLists=1 | Outros=1
2026-08-03 09:57:14 | INFO | Iniciando leitura da seguranca do projeto 'CCPP - Uchôa' (ID: 302857)
2026-08-03 09:57:14 | INFO | Get-PWFolderSecurity retornou 14 item(ns).
2026-08-03 09:57:14 | INFO | Get-PWFolderTreeAccessObjects retornou 1 item(ns).
2026-08-03 09:57:14 | WARN | Cmdlet Get-PWProjectSecurity nao encontrado no ambiente. A leitura seguira apenas com FolderSecurity/TreeAccessObjects.
2026-08-03 09:57:14 | INFO | Total consolidado de acessos encontrados: 13
2026-08-03 09:57:14 | INFO | Projeto 'CCPP -  Uchôa - km 415+200 - SP-310' carregado para arvore. Groups=11 | UserLists=1 | Outros=1
2026-08-03 09:57:14 | INFO | Iniciando leitura da seguranca do projeto 'HS-WIM - Km 250' (ID: 166594)
2026-08-03 09:57:15 | INFO | Get-PWFolderSecurity retornou 14 item(ns).
2026-08-03 09:57:15 | INFO | Get-PWFolderTreeAccessObjects retornou 1 item(ns).
2026-08-03 09:57:15 | WARN | Cmdlet Get-PWProjectSecurity nao encontrado no ambiente. A leitura seguira apenas com FolderSecurity/TreeAccessObjects.
2026-08-03 09:57:15 | INFO | Total consolidado de acessos encontrados: 13
2026-08-03 09:57:15 | INFO | Projeto 'HS-WIM 01 - km 250 - SP-310' carregado para arvore. Groups=11 | UserLists=1 | Outros=1
2026-08-03 09:57:15 | INFO | Iniciando leitura da seguranca do projeto 'HS-WIN - Km 263' (ID: 167005)
2026-08-03 09:57:16 | INFO | Get-PWFolderSecurity retornou 14 item(ns).
2026-08-03 09:57:16 | INFO | Get-PWFolderTreeAccessObjects retornou 1 item(ns).
2026-08-03 09:57:16 | WARN | Cmdlet Get-PWProjectSecurity nao encontrado no ambiente. A leitura seguira apenas com FolderSecurity/TreeAccessObjects.
2026-08-03 09:57:16 | INFO | Total consolidado de acessos encontrados: 13
2026-08-03 09:57:16 | INFO | Projeto 'HS-WIM 02 - km 264 - SP-310' carregado para arvore. Groups=11 | UserLists=1 | Outros=1
2026-08-03 09:57:16 | INFO | Iniciando leitura da seguranca do projeto 'HS-WIN - Km 373' (ID: 167827)
2026-08-03 09:57:17 | INFO | Get-PWFolderSecurity retornou 14 item(ns).
2026-08-03 09:57:17 | INFO | Get-PWFolderTreeAccessObjects retornou 1 item(ns).
2026-08-03 09:57:17 | WARN | Cmdlet Get-PWProjectSecurity nao encontrado no ambiente. A leitura seguira apenas com FolderSecurity/TreeAccessObjects.
2026-08-03 09:57:17 | INFO | Total consolidado de acessos encontrados: 13
2026-08-03 09:57:17 | INFO | Projeto 'HS-WIM 03 - km 373 - SP-326' carregado para arvore. Groups=11 | UserLists=1 | Outros=1
2026-08-03 09:57:17 | INFO | Iniciando leitura da seguranca do projeto 'HS-WIN - Km 388' (ID: 167416)
2026-08-03 09:57:17 | INFO | Get-PWFolderSecurity retornou 14 item(ns).
2026-08-03 09:57:17 | INFO | Get-PWFolderTreeAccessObjects retornou 1 item(ns).
2026-08-03 09:57:17 | WARN | Cmdlet Get-PWProjectSecurity nao encontrado no ambiente. A leitura seguira apenas com FolderSecurity/TreeAccessObjects.
2026-08-03 09:57:17 | INFO | Total consolidado de acessos encontrados: 13
2026-08-03 09:57:18 | INFO | Projeto 'HS-WIM 04 - km 388 - SP-310' carregado para arvore. Groups=11 | UserLists=1 | Outros=1
2026-08-03 09:57:18 | INFO | Iniciando leitura da seguranca do projeto 'NOP01 - Faixa Adicional SC' (ID: 396194)
2026-08-03 09:57:18 | INFO | Get-PWFolderSecurity retornou 14 item(ns).
2026-08-03 09:57:18 | INFO | Get-PWFolderTreeAccessObjects retornou 1 item(ns).
2026-08-03 09:57:18 | WARN | Cmdlet Get-PWProjectSecurity nao encontrado no ambiente. A leitura seguira apenas com FolderSecurity/TreeAccessObjects.
2026-08-03 09:57:18 | INFO | Total consolidado de acessos encontrados: 13
2026-08-03 09:57:18 | INFO | Projeto 'NOP01 - Faixa Adicional SC - km 227+800 - 231+320- SP-310' carregado para arvore. Groups=11 | UserLists=1 | Outros=1
2026-08-03 09:57:18 | INFO | Iniciando leitura da seguranca do projeto 'NOP02 - Faixa Adicional SC' (ID: 396217)
2026-08-03 09:57:19 | INFO | Get-PWFolderSecurity retornou 14 item(ns).
2026-08-03 09:57:19 | INFO | Get-PWFolderTreeAccessObjects retornou 1 item(ns).
2026-08-03 09:57:19 | WARN | Cmdlet Get-PWProjectSecurity nao encontrado no ambiente. A leitura seguira apenas com FolderSecurity/TreeAccessObjects.
2026-08-03 09:57:19 | INFO | Total consolidado de acessos encontrados: 13
2026-08-03 09:57:19 | INFO | Projeto 'NOP02 - Faixa Adicional SC - km 227+800 - 230+750 - SP-310' carregado para arvore. Groups=11 | UserLists=1 | Outros=1
2026-08-03 09:57:19 | INFO | Iniciando leitura da seguranca do projeto 'NOP03 - Dispositivo SC' (ID: 397080)
2026-08-03 09:57:20 | INFO | Get-PWFolderSecurity retornou 14 item(ns).
2026-08-03 09:57:20 | INFO | Get-PWFolderTreeAccessObjects retornou 1 item(ns).
2026-08-03 09:57:20 | WARN | Cmdlet Get-PWProjectSecurity nao encontrado no ambiente. A leitura seguira apenas com FolderSecurity/TreeAccessObjects.
2026-08-03 09:57:20 | INFO | Total consolidado de acessos encontrados: 13
2026-08-03 09:57:20 | INFO | Projeto 'NOP03 - Melhoria do Dispositivo SC - km 235+000 - SP-310' carregado para arvore. Groups=11 | UserLists=1 | Outros=1
2026-08-03 09:57:20 | INFO | Iniciando leitura da seguranca do projeto 'NOP04 - Dispositivo SC' (ID: 397103)
2026-08-03 09:57:20 | INFO | Get-PWFolderSecurity retornou 14 item(ns).
2026-08-03 09:57:21 | INFO | Get-PWFolderTreeAccessObjects retornou 1 item(ns).
2026-08-03 09:57:21 | WARN | Cmdlet Get-PWProjectSecurity nao encontrado no ambiente. A leitura seguira apenas com FolderSecurity/TreeAccessObjects.
2026-08-03 09:57:21 | INFO | Total consolidado de acessos encontrados: 13
2026-08-03 09:57:21 | INFO | Projeto 'NOP04 - Melhoria do Dispositivo SC - km 236+100 - SP-310' carregado para arvore. Groups=11 | UserLists=1 | Outros=1
2026-08-03 09:57:21 | INFO | Iniciando leitura da seguranca do projeto 'NOP05 - Dispositivo SC' (ID: 397126)
2026-08-03 09:57:21 | INFO | Get-PWFolderSecurity retornou 14 item(ns).
2026-08-03 09:57:21 | INFO | Get-PWFolderTreeAccessObjects retornou 1 item(ns).
2026-08-03 09:57:21 | WARN | Cmdlet Get-PWProjectSecurity nao encontrado no ambiente. A leitura seguira apenas com FolderSecurity/TreeAccessObjects.
2026-08-03 09:57:21 | INFO | Total consolidado de acessos encontrados: 13
2026-08-03 09:57:21 | INFO | Projeto 'NOP05 - Implantação de Dispositivo SC - km 238+200 - SP-310' carregado para arvore. Groups=11 | UserLists=1 | Outros=1
2026-08-03 09:57:21 | INFO | Iniciando leitura da seguranca do projeto 'NOP06 - Faixa Adicional SC' (ID: 396240)
2026-08-03 09:57:22 | INFO | Get-PWFolderSecurity retornou 14 item(ns).
2026-08-03 09:57:22 | INFO | Get-PWFolderTreeAccessObjects retornou 1 item(ns).
2026-08-03 09:57:22 | WARN | Cmdlet Get-PWProjectSecurity nao encontrado no ambiente. A leitura seguira apenas com FolderSecurity/TreeAccessObjects.
2026-08-03 09:57:22 | INFO | Total consolidado de acessos encontrados: 13
2026-08-03 09:57:22 | INFO | Projeto 'NOP06 - Faixa Adicional - km 238+524 - 240+370 - SP-310 Excluir' carregado para arvore. Groups=11 | UserLists=1 | Outros=1
2026-08-03 09:57:22 | INFO | Iniciando leitura da seguranca do projeto 'NOP07 - Dispositivo SC' (ID: 397149)
2026-08-03 09:57:23 | INFO | Get-PWFolderSecurity retornou 14 item(ns).
2026-08-03 09:57:23 | INFO | Get-PWFolderTreeAccessObjects retornou 1 item(ns).
2026-08-03 09:57:23 | WARN | Cmdlet Get-PWProjectSecurity nao encontrado no ambiente. A leitura seguira apenas com FolderSecurity/TreeAccessObjects.
2026-08-03 09:57:23 | INFO | Total consolidado de acessos encontrados: 13
2026-08-03 09:57:23 | INFO | Projeto 'NOP07 - Melhoria do Dispositivo SC - km 240+000 - SP-310' carregado para arvore. Groups=11 | UserLists=1 | Outros=1
2026-08-03 09:57:23 | INFO | Iniciando leitura da seguranca do projeto 'NOP11 - Dispositivo RP' (ID: 397172)
2026-08-03 09:57:23 | INFO | Get-PWFolderSecurity retornou 14 item(ns).
2026-08-03 09:57:23 | INFO | Get-PWFolderTreeAccessObjects retornou 1 item(ns).
2026-08-03 09:57:23 | WARN | Cmdlet Get-PWProjectSecurity nao encontrado no ambiente. A leitura seguira apenas com FolderSecurity/TreeAccessObjects.
2026-08-03 09:57:23 | INFO | Total consolidado de acessos encontrados: 13
2026-08-03 09:57:23 | INFO | Projeto 'NOP11 - Ampliação de Dispositivo SJRP - km 432+200 - SP-310' carregado para arvore. Groups=11 | UserLists=1 | Outros=1
2026-08-03 09:57:24 | INFO | Iniciando leitura da seguranca do projeto 'NOP12 - Faixa Adicional RP' (ID: 396286)
2026-08-03 09:57:24 | INFO | Get-PWFolderSecurity retornou 14 item(ns).
2026-08-03 09:57:24 | INFO | Get-PWFolderTreeAccessObjects retornou 1 item(ns).
2026-08-03 09:57:24 | WARN | Cmdlet Get-PWProjectSecurity nao encontrado no ambiente. A leitura seguira apenas com FolderSecurity/TreeAccessObjects.
2026-08-03 09:57:24 | INFO | Total consolidado de acessos encontrados: 13
2026-08-03 09:57:24 | INFO | Projeto 'NOP12 - Faixa Adicional SJRP- km 451+780 - 454+740 - SP-310' carregado para arvore. Groups=11 | UserLists=1 | Outros=1
2026-08-03 09:57:24 | INFO | Iniciando leitura da seguranca do projeto 'NOP13 - Viaduto MR' (ID: 396516)
2026-08-03 09:57:25 | INFO | Get-PWFolderSecurity retornou 14 item(ns).
2026-08-03 09:57:25 | INFO | Get-PWFolderTreeAccessObjects retornou 1 item(ns).
2026-08-03 09:57:25 | WARN | Cmdlet Get-PWProjectSecurity nao encontrado no ambiente. A leitura seguira apenas com FolderSecurity/TreeAccessObjects.
2026-08-03 09:57:25 | INFO | Total consolidado de acessos encontrados: 13
2026-08-03 09:57:25 | INFO | Projeto 'NOP13 - Implantação de Viaduto MR - km 448+000 - SP-310' carregado para arvore. Groups=11 | UserLists=1 | Outros=1
2026-08-03 09:57:25 | INFO | Iniciando leitura da seguranca do projeto 'NOP15 - Viaduto MR' (ID: 396539)
2026-08-03 09:57:26 | INFO | Get-PWFolderSecurity retornou 14 item(ns).
2026-08-03 09:57:26 | INFO | Get-PWFolderTreeAccessObjects retornou 1 item(ns).
2026-08-03 09:57:26 | WARN | Cmdlet Get-PWProjectSecurity nao encontrado no ambiente. A leitura seguira apenas com FolderSecurity/TreeAccessObjects.
2026-08-03 09:57:26 | INFO | Total consolidado de acessos encontrados: 13
2026-08-03 09:57:26 | INFO | Projeto 'NOP15 - Implantação de Viaduto MR - km 453+180 - SP-310' carregado para arvore. Groups=11 | UserLists=1 | Outros=1
2026-08-03 09:57:26 | INFO | Iniciando leitura da seguranca do projeto 'NOP16 - Interseção PP' (ID: 396585)
2026-08-03 09:57:26 | INFO | Get-PWFolderSecurity retornou 14 item(ns).
2026-08-03 09:57:26 | INFO | Get-PWFolderTreeAccessObjects retornou 1 item(ns).
2026-08-03 09:57:26 | WARN | Cmdlet Get-PWProjectSecurity nao encontrado no ambiente. A leitura seguira apenas com FolderSecurity/TreeAccessObjects.
2026-08-03 09:57:26 | INFO | Total consolidado de acessos encontrados: 13
2026-08-03 09:57:26 | INFO | Projeto 'NOP16 - Interseção PP' carregado para arvore. Groups=11 | UserLists=1 | Outros=1
2026-08-03 09:57:26 | INFO | Iniciando leitura da seguranca do projeto 'NOP17 - Marginais PP' (ID: 396608)
2026-08-03 09:57:27 | INFO | Get-PWFolderSecurity retornou 14 item(ns).
2026-08-03 09:57:27 | INFO | Get-PWFolderTreeAccessObjects retornou 1 item(ns).
2026-08-03 09:57:27 | WARN | Cmdlet Get-PWProjectSecurity nao encontrado no ambiente. A leitura seguira apenas com FolderSecurity/TreeAccessObjects.
2026-08-03 09:57:27 | INFO | Total consolidado de acessos encontrados: 13
2026-08-03 09:57:27 | INFO | Projeto 'NOP17 - Marginais PP' carregado para arvore. Groups=11 | UserLists=1 | Outros=1
2026-08-03 09:57:27 | INFO | Iniciando leitura da seguranca do projeto 'NOP18 - Dispositivo PP' (ID: 397195)
2026-08-03 09:57:28 | INFO | Get-PWFolderSecurity retornou 14 item(ns).
2026-08-03 09:57:28 | INFO | Get-PWFolderTreeAccessObjects retornou 1 item(ns).
2026-08-03 09:57:28 | WARN | Cmdlet Get-PWProjectSecurity nao encontrado no ambiente. A leitura seguira apenas com FolderSecurity/TreeAccessObjects.
2026-08-03 09:57:28 | INFO | Total consolidado de acessos encontrados: 13
2026-08-03 09:57:28 | INFO | Projeto 'NOP18 - Implantação de Dispositivo PP - km 203+210 - SP-351' carregado para arvore. Groups=11 | UserLists=1 | Outros=1
2026-08-03 09:57:28 | INFO | Iniciando leitura da seguranca do projeto 'NOP19 - Alça de Acesso JT' (ID: 396631)
2026-08-03 09:57:29 | INFO | Get-PWFolderSecurity retornou 14 item(ns).
2026-08-03 09:57:29 | INFO | Get-PWFolderTreeAccessObjects retornou 1 item(ns).
2026-08-03 09:57:29 | WARN | Cmdlet Get-PWProjectSecurity nao encontrado no ambiente. A leitura seguira apenas com FolderSecurity/TreeAccessObjects.
2026-08-03 09:57:29 | INFO | Total consolidado de acessos encontrados: 13
2026-08-03 09:57:29 | INFO | Projeto 'NOP19 - Alça de Acesso JT' carregado para arvore. Groups=11 | UserLists=1 | Outros=1
2026-08-03 09:57:29 | INFO | Iniciando leitura da seguranca do projeto 'NOP20 - Dispositivo JT' (ID: 397218)
2026-08-03 09:57:29 | INFO | Get-PWFolderSecurity retornou 14 item(ns).
2026-08-03 09:57:29 | INFO | Get-PWFolderTreeAccessObjects retornou 1 item(ns).
2026-08-03 09:57:29 | WARN | Cmdlet Get-PWProjectSecurity nao encontrado no ambiente. A leitura seguira apenas com FolderSecurity/TreeAccessObjects.
2026-08-03 09:57:29 | INFO | Total consolidado de acessos encontrados: 13
2026-08-03 09:57:29 | INFO | Projeto 'NOP20 - Melhoria do dispositivo JT - km 341+000 - SP-326' carregado para arvore. Groups=11 | UserLists=1 | Outros=1
2026-08-03 09:57:29 | INFO | Iniciando leitura da seguranca do projeto 'NOP21 - Implant de Acesso CO' (ID: 396654)
2026-08-03 09:57:29 | INFO | Get-PWFolderSecurity retornou 1 item(ns).
2026-08-03 09:57:30 | INFO | Get-PWFolderTreeAccessObjects retornou 0 item(ns).
2026-08-03 09:57:30 | WARN | Cmdlet Get-PWProjectSecurity nao encontrado no ambiente. A leitura seguira apenas com FolderSecurity/TreeAccessObjects.
2026-08-03 09:57:30 | INFO | Total consolidado de acessos encontrados: 
2026-08-03 09:57:30 | WARN | Projeto 'NOP21 - Implant de Acesso CO' retornou apenas 0 group(s) pela API. Tentando fallback por nome...
2026-08-03 09:57:30 | INFO | Cache de grupos carregado via Get-PWGroups: 6902 item(ns).
2026-08-03 09:57:39 | WARN | Fallback por nome encontrou 20 group(s) para projeto 'NOP21 - Implant de Acesso CO'. Apelidos usados: nop21 - implant de acesso co | nop21 implant de acesso co
2026-08-03 09:57:39 | WARN |     [GROUP INFERIDO] NP-NOP21 - Implant de Acesso CO-ASSISTENTE ENG
2026-08-03 09:57:39 | WARN |     [GROUP INFERIDO] NP-NOP21 - Implant de Acesso CO-CONSULTA TODAS REV
2026-08-03 09:57:39 | WARN |     [GROUP INFERIDO] NP-NOP21 - Implant de Acesso CO-CONSULTA ULTIMA REV
2026-08-03 09:57:39 | WARN |     [GROUP INFERIDO] NP-NOP21 - Implant de Acesso CO-ENG CONSULTA TODAS REV
2026-08-03 09:57:39 | WARN |     [GROUP INFERIDO] NP-NOP21 - Implant de Acesso CO-ENG CONSULTA ULTIMA REV
2026-08-03 09:57:39 | WARN |     [GROUP INFERIDO] NP-NOP21 - Implant de Acesso CO-ESPECIALISTA
2026-08-03 09:57:39 | WARN |     [GROUP INFERIDO] NP-NOP21 - Implant de Acesso CO-GESTOR ENG
2026-08-03 09:57:39 | WARN |     [GROUP INFERIDO] NP-NOP21 - Implant de Acesso CO-GESTOR UNIDADE
2026-08-03 09:57:39 | WARN |     [GROUP INFERIDO] NP-NOP21 - Implant de Acesso CO-PODER CONCEDENTE
2026-08-03 09:57:39 | WARN |     [GROUP INFERIDO] NP-NOP21 - Implant de Acesso CO-PROJETISTA
2026-08-03 09:57:39 | WARN |     [GROUP INFERIDO] NP-NOP21-Implant de Acesso CO-ASSISTENTE ENG
2026-08-03 09:57:39 | WARN |     [GROUP INFERIDO] NP-NOP21-Implant de Acesso CO-CONSULTA TODAS REV
2026-08-03 09:57:39 | WARN |     [GROUP INFERIDO] NP-NOP21-Implant de Acesso CO-CONSULTA ULTIMA REV
2026-08-03 09:57:39 | WARN |     [GROUP INFERIDO] NP-NOP21-Implant de Acesso CO-ENG CONSULTA TODAS REV
2026-08-03 09:57:39 | WARN |     [GROUP INFERIDO] NP-NOP21-Implant de Acesso CO-ENG CONSULTA ULTIMA REV
2026-08-03 09:57:39 | WARN |     [GROUP INFERIDO] NP-NOP21-Implant de Acesso CO-ESPECIALISTA
2026-08-03 09:57:39 | WARN |     [GROUP INFERIDO] NP-NOP21-Implant de Acesso CO-GESTOR ENG
2026-08-03 09:57:39 | WARN |     [GROUP INFERIDO] NP-NOP21-Implant de Acesso CO-GESTOR UNIDADE
2026-08-03 09:57:39 | WARN |     [GROUP INFERIDO] NP-NOP21-Implant de Acesso CO-PODER CONCEDENTE
2026-08-03 09:57:39 | WARN |     [GROUP INFERIDO] NP-NOP21-Implant de Acesso CO-PROJETISTA
2026-08-03 09:57:39 | INFO | Projeto 'NOP21 - Implant de Acesso CO' carregado para arvore. Groups=20 | UserLists=0 | Outros=1
2026-08-03 09:57:39 | INFO | Iniciando leitura da seguranca do projeto 'NOP21-Implant de Acesso CO' (ID: 418200)
2026-08-03 09:57:40 | INFO | Get-PWFolderSecurity retornou 14 item(ns).
2026-08-03 09:57:40 | INFO | Get-PWFolderTreeAccessObjects retornou 1 item(ns).
2026-08-03 09:57:40 | WARN | Cmdlet Get-PWProjectSecurity nao encontrado no ambiente. A leitura seguira apenas com FolderSecurity/TreeAccessObjects.
2026-08-03 09:57:40 | INFO | Total consolidado de acessos encontrados: 13
2026-08-03 09:57:40 | INFO | Projeto 'NOP21 - Implant de Acesso CO' carregado para arvore. Groups=11 | UserLists=1 | Outros=1
2026-08-03 09:57:40 | INFO | Iniciando leitura da seguranca do projeto 'NOP22 - Dispositivo BA' (ID: 397241)
2026-08-03 09:57:40 | INFO | Get-PWFolderSecurity retornou 14 item(ns).
2026-08-03 09:57:40 | INFO | Get-PWFolderTreeAccessObjects retornou 1 item(ns).
2026-08-03 09:57:40 | WARN | Cmdlet Get-PWProjectSecurity nao encontrado no ambiente. A leitura seguira apenas com FolderSecurity/TreeAccessObjects.
2026-08-03 09:57:40 | INFO | Total consolidado de acessos encontrados: 13
2026-08-03 09:57:40 | INFO | Projeto 'NOP22 - Adequação de Dispositivo BA - km 423+100 - SP-326' carregado para arvore. Groups=11 | UserLists=1 | Outros=1
2026-08-03 09:57:41 | INFO | Iniciando leitura da seguranca do projeto 'NOP23 - Implant de Acesso CA' (ID: 396677)
2026-08-03 09:57:41 | INFO | Get-PWFolderSecurity retornou 1 item(ns).
2026-08-03 09:57:41 | INFO | Get-PWFolderTreeAccessObjects retornou 0 item(ns).
2026-08-03 09:57:41 | WARN | Cmdlet Get-PWProjectSecurity nao encontrado no ambiente. A leitura seguira apenas com FolderSecurity/TreeAccessObjects.
2026-08-03 09:57:41 | INFO | Total consolidado de acessos encontrados: 
2026-08-03 09:57:41 | WARN | Projeto 'NOP21 - Implant de Acesso CA' retornou apenas 0 group(s) pela API. Tentando fallback por nome...
2026-08-03 09:57:54 | WARN | Fallback por nome encontrou 20 group(s) para projeto 'NOP21 - Implant de Acesso CA'. Apelidos usados: nop23 - implant de acesso ca | nop21 - implant de acesso ca | nop23 implant de acesso ca | nop21 implant de acesso ca
2026-08-03 09:57:54 | WARN |     [GROUP INFERIDO] NP-NOP23 - Implant de Acesso CA-ASSISTENTE ENG
2026-08-03 09:57:54 | WARN |     [GROUP INFERIDO] NP-NOP23 - Implant de Acesso CA-CONSULTA TODAS REV
2026-08-03 09:57:54 | WARN |     [GROUP INFERIDO] NP-NOP23 - Implant de Acesso CA-CONSULTA ULTIMA REV
2026-08-03 09:57:54 | WARN |     [GROUP INFERIDO] NP-NOP23 - Implant de Acesso CA-ENG CONSULTA TODAS REV
2026-08-03 09:57:54 | WARN |     [GROUP INFERIDO] NP-NOP23 - Implant de Acesso CA-ENG CONSULTA ULTIMA REV
2026-08-03 09:57:54 | WARN |     [GROUP INFERIDO] NP-NOP23 - Implant de Acesso CA-ESPECIALISTA
2026-08-03 09:57:54 | WARN |     [GROUP INFERIDO] NP-NOP23 - Implant de Acesso CA-GESTOR ENG
2026-08-03 09:57:54 | WARN |     [GROUP INFERIDO] NP-NOP23 - Implant de Acesso CA-GESTOR UNIDADE
2026-08-03 09:57:54 | WARN |     [GROUP INFERIDO] NP-NOP23 - Implant de Acesso CA-PODER CONCEDENTE
2026-08-03 09:57:54 | WARN |     [GROUP INFERIDO] NP-NOP23 - Implant de Acesso CA-PROJETISTA
2026-08-03 09:57:54 | WARN |     [GROUP INFERIDO] NP-NOP23-Implant de Acesso CA-ASSISTENTE ENG
2026-08-03 09:57:54 | WARN |     [GROUP INFERIDO] NP-NOP23-Implant de Acesso CA-CONSULTA TODAS REV
2026-08-03 09:57:54 | WARN |     [GROUP INFERIDO] NP-NOP23-Implant de Acesso CA-CONSULTA ULTIMA REV
2026-08-03 09:57:54 | WARN |     [GROUP INFERIDO] NP-NOP23-Implant de Acesso CA-ENG CONSULTA TODAS REV
2026-08-03 09:57:54 | WARN |     [GROUP INFERIDO] NP-NOP23-Implant de Acesso CA-ENG CONSULTA ULTIMA REV
2026-08-03 09:57:54 | WARN |     [GROUP INFERIDO] NP-NOP23-Implant de Acesso CA-ESPECIALISTA
2026-08-03 09:57:54 | WARN |     [GROUP INFERIDO] NP-NOP23-Implant de Acesso CA-GESTOR ENG
2026-08-03 09:57:54 | WARN |     [GROUP INFERIDO] NP-NOP23-Implant de Acesso CA-GESTOR UNIDADE
2026-08-03 09:57:54 | WARN |     [GROUP INFERIDO] NP-NOP23-Implant de Acesso CA-PODER CONCEDENTE
2026-08-03 09:57:54 | WARN |     [GROUP INFERIDO] NP-NOP23-Implant de Acesso CA-PROJETISTA
2026-08-03 09:57:54 | INFO | Projeto 'NOP21 - Implant de Acesso CA' carregado para arvore. Groups=20 | UserLists=0 | Outros=1
2026-08-03 09:57:54 | INFO | Iniciando leitura da seguranca do projeto 'NOP23-Implant de Acesso CA' (ID: 418627)
2026-08-03 09:57:55 | INFO | Get-PWFolderSecurity retornou 14 item(ns).
2026-08-03 09:57:55 | INFO | Get-PWFolderTreeAccessObjects retornou 1 item(ns).
2026-08-03 09:57:55 | WARN | Cmdlet Get-PWProjectSecurity nao encontrado no ambiente. A leitura seguira apenas com FolderSecurity/TreeAccessObjects.
2026-08-03 09:57:55 | INFO | Total consolidado de acessos encontrados: 13
2026-08-03 09:57:55 | INFO | Projeto 'NOP21 - Implant de Acesso CA' carregado para arvore. Groups=11 | UserLists=1 | Outros=1
2026-08-03 09:57:55 | INFO | Iniciando leitura da seguranca do projeto 'NOP24 - Viaduto CA' (ID: 396562)
2026-08-03 09:57:55 | INFO | Get-PWFolderSecurity retornou 14 item(ns).
2026-08-03 09:57:55 | INFO | Get-PWFolderTreeAccessObjects retornou 1 item(ns).
2026-08-03 09:57:55 | WARN | Cmdlet Get-PWProjectSecurity nao encontrado no ambiente. A leitura seguira apenas com FolderSecurity/TreeAccessObjects.
2026-08-03 09:57:55 | INFO | Total consolidado de acessos encontrados: 13
2026-08-03 09:57:55 | INFO | Projeto 'NOP24 - Implantação de Viaduto CA - km 217+245 - SP-351' carregado para arvore. Groups=11 | UserLists=1 | Outros=1
2026-08-03 09:57:55 | INFO | Iniciando leitura da seguranca do projeto 'NOP25 - Dispositivo' (ID: 425834)
2026-08-03 09:57:56 | INFO | Get-PWFolderSecurity retornou 14 item(ns).
2026-08-03 09:57:56 | INFO | Get-PWFolderTreeAccessObjects retornou 1 item(ns).
2026-08-03 09:57:56 | WARN | Cmdlet Get-PWProjectSecurity nao encontrado no ambiente. A leitura seguira apenas com FolderSecurity/TreeAccessObjects.
2026-08-03 09:57:56 | INFO | Total consolidado de acessos encontrados: 13
2026-08-03 09:57:56 | INFO | Projeto 'NOP25 - Dispositivo - km 162+800 - SP-333' carregado para arvore. Groups=11 | UserLists=1 | Outros=1
2026-08-03 09:57:56 | INFO | Iniciando leitura da seguranca do projeto 'NOP8910 - Faixa Adicional RP' (ID: 396263)
2026-08-03 09:57:56 | INFO | Get-PWFolderSecurity retornou 1 item(ns).
2026-08-03 09:57:56 | INFO | Get-PWFolderTreeAccessObjects retornou 0 item(ns).
2026-08-03 09:57:56 | WARN | Cmdlet Get-PWProjectSecurity nao encontrado no ambiente. A leitura seguira apenas com FolderSecurity/TreeAccessObjects.
2026-08-03 09:57:56 | INFO | Total consolidado de acessos encontrados: 
2026-08-03 09:57:56 | WARN | Projeto 'NOP8910 - Faixa Adicional SJRP - 425+000 - 432+900 - SP-310' retornou apenas 0 group(s) pela API. Tentando fallback por nome...
2026-08-03 09:58:16 | WARN | Fallback por nome encontrou 20 group(s) para projeto 'NOP8910 - Faixa Adicional SJRP - 425+000 - 432+900 - SP-310'. Apelidos usados: nop8910 - faixa adicional sjrp - 425+000 - 432+900 - sp-310 | nop8910 - faixa adicional sjrp - 425+000 - 432+900 | nop8910 - faixa adicional sjrp | nop8910 - faixa adicional rp | nop8910 faixa adicional sjrp | nop8910 faixa adicional rp
2026-08-03 09:58:16 | WARN |     [GROUP INFERIDO] NP-NOP8910 - Faixa Adicional RP-ASSISTENTE ENG
2026-08-03 09:58:16 | WARN |     [GROUP INFERIDO] NP-NOP8910 - Faixa Adicional RP-CONSULTA TODAS REV
2026-08-03 09:58:16 | WARN |     [GROUP INFERIDO] NP-NOP8910 - Faixa Adicional RP-CONSULTA ULTIMA REV
2026-08-03 09:58:16 | WARN |     [GROUP INFERIDO] NP-NOP8910 - Faixa Adicional RP-ENG CONSULTA TODAS REV
2026-08-03 09:58:16 | WARN |     [GROUP INFERIDO] NP-NOP8910 - Faixa Adicional RP-ENG CONSULTA ULTIMA REV
2026-08-03 09:58:16 | WARN |     [GROUP INFERIDO] NP-NOP8910 - Faixa Adicional RP-ESPECIALISTA
2026-08-03 09:58:16 | WARN |     [GROUP INFERIDO] NP-NOP8910 - Faixa Adicional RP-GESTOR ENG
2026-08-03 09:58:16 | WARN |     [GROUP INFERIDO] NP-NOP8910 - Faixa Adicional RP-GESTOR UNIDADE
2026-08-03 09:58:16 | WARN |     [GROUP INFERIDO] NP-NOP8910 - Faixa Adicional RP-PODER CONCEDENTE
2026-08-03 09:58:16 | WARN |     [GROUP INFERIDO] NP-NOP8910 - Faixa Adicional RP-PROJETISTA
2026-08-03 09:58:16 | WARN |     [GROUP INFERIDO] NP-NOP8910-Faixa Adicional RP-ASSISTENTE ENG
2026-08-03 09:58:16 | WARN |     [GROUP INFERIDO] NP-NOP8910-Faixa Adicional RP-CONSULTA TODAS REV
2026-08-03 09:58:16 | WARN |     [GROUP INFERIDO] NP-NOP8910-Faixa Adicional RP-CONSULTA ULTIMA REV
2026-08-03 09:58:16 | WARN |     [GROUP INFERIDO] NP-NOP8910-Faixa Adicional RP-ENG CONSULTA TODAS REV
2026-08-03 09:58:16 | WARN |     [GROUP INFERIDO] NP-NOP8910-Faixa Adicional RP-ENG CONSULTA ULTIMA REV
2026-08-03 09:58:16 | WARN |     [GROUP INFERIDO] NP-NOP8910-Faixa Adicional RP-ESPECIALISTA
2026-08-03 09:58:16 | WARN |     [GROUP INFERIDO] NP-NOP8910-Faixa Adicional RP-GESTOR ENG
2026-08-03 09:58:16 | WARN |     [GROUP INFERIDO] NP-NOP8910-Faixa Adicional RP-GESTOR UNIDADE
2026-08-03 09:58:16 | WARN |     [GROUP INFERIDO] NP-NOP8910-Faixa Adicional RP-PODER CONCEDENTE
2026-08-03 09:58:16 | WARN |     [GROUP INFERIDO] NP-NOP8910-Faixa Adicional RP-PROJETISTA
2026-08-03 09:58:16 | INFO | Projeto 'NOP8910 - Faixa Adicional SJRP - 425+000 - 432+900 - SP-310' carregado para arvore. Groups=20 | UserLists=0 | Outros=1
2026-08-03 09:58:16 | INFO | Iniciando leitura da seguranca do projeto 'Teste GIR' (ID: 362192)
2026-08-03 09:58:16 | INFO | Get-PWFolderSecurity retornou 14 item(ns).
2026-08-03 09:58:16 | INFO | Get-PWFolderTreeAccessObjects retornou 1 item(ns).
2026-08-03 09:58:16 | WARN | Cmdlet Get-PWProjectSecurity nao encontrado no ambiente. A leitura seguira apenas com FolderSecurity/TreeAccessObjects.
2026-08-03 09:58:16 | INFO | Total consolidado de acessos encontrados: 13
2026-08-03 09:58:16 | INFO | Projeto 'Teste GIR' carregado para arvore. Groups=11 | UserLists=1 | Outros=1
2026-08-03 09:59:37 | INFO | Resumo final da execução | Total=320 | Sucesso=320 | JaExiste=0 | Erro=0
2026-08-03 09:59:42 | INFO | Listando pastas da raiz por Root.
2026-08-03 09:59:42 | INFO | Listando filhos da pasta ID: 56
2026-08-03 09:59:47 | INFO | Listando filhos da pasta ID: 28913
2026-08-03 09:59:47 | INFO | Listando filhos da pasta ID: 30100
2026-08-03 09:59:50 | INFO | Iniciando leitura da seguranca do projeto '01.01.02-Dupli-Cotia-Embu' (ID: 397906)
2026-08-03 09:59:51 | INFO | Get-PWFolderSecurity retornou 14 item(ns).
2026-08-03 09:59:51 | INFO | Get-PWFolderTreeAccessObjects retornou 1 item(ns).
2026-08-03 09:59:51 | WARN | Cmdlet Get-PWProjectSecurity nao encontrado no ambiente. A leitura seguira apenas com FolderSecurity/TreeAccessObjects.
2026-08-03 09:59:51 | INFO | Total consolidado de acessos encontrados: 13
2026-08-03 09:59:51 | INFO | Projeto '01.01.02 - Duplicação - Cotia-Embu' carregado para arvore. Groups=11 | UserLists=1 | Outros=1
2026-08-03 09:59:51 | INFO | Iniciando leitura da seguranca do projeto '01.02.04-TH-14-faixa adici' (ID: 421109)
2026-08-03 09:59:51 | INFO | Get-PWFolderSecurity retornou 14 item(ns).
2026-08-03 09:59:51 | INFO | Get-PWFolderTreeAccessObjects retornou 1 item(ns).
2026-08-03 09:59:51 | WARN | Cmdlet Get-PWProjectSecurity nao encontrado no ambiente. A leitura seguira apenas com FolderSecurity/TreeAccessObjects.
2026-08-03 09:59:51 | INFO | Total consolidado de acessos encontrados: 13
2026-08-03 09:59:51 | INFO | Projeto '01.02.04-TH-14-faixa adicional km 32.25 km ao km 41.70 da SP-280' carregado para arvore. Groups=11 | UserLists=1 | Outros=1
2026-08-03 09:59:51 | INFO | Iniciando leitura da seguranca do projeto '01.02.05-TH-14-faixa adici' (ID: 421142)
2026-08-03 09:59:52 | INFO | Get-PWFolderSecurity retornou 14 item(ns).
2026-08-03 09:59:52 | INFO | Get-PWFolderTreeAccessObjects retornou 1 item(ns).
2026-08-03 09:59:52 | WARN | Cmdlet Get-PWProjectSecurity nao encontrado no ambiente. A leitura seguira apenas com FolderSecurity/TreeAccessObjects.
2026-08-03 09:59:52 | INFO | Total consolidado de acessos encontrados: 13
2026-08-03 09:59:52 | INFO | Projeto '01.02.05-TH-14-faixa adicional  km 41.70 km ao km 54.14 da SP-280' carregado para arvore. Groups=11 | UserLists=1 | Outros=1
2026-08-03 09:59:52 | INFO | Iniciando leitura da seguranca do projeto '02.02.02.01 BSO 1' (ID: 311855)
2026-08-03 09:59:52 | INFO | Get-PWFolderSecurity retornou 14 item(ns).
2026-08-03 09:59:53 | INFO | Get-PWFolderTreeAccessObjects retornou 1 item(ns).
2026-08-03 09:59:53 | WARN | Cmdlet Get-PWProjectSecurity nao encontrado no ambiente. A leitura seguira apenas com FolderSecurity/TreeAccessObjects.
2026-08-03 09:59:53 | INFO | Total consolidado de acessos encontrados: 13
2026-08-03 09:59:53 | INFO | Projeto '02.02.02.01 - BSO 1 - km 39,5 - SP-280 - Leste' carregado para arvore. Groups=11 | UserLists=1 | Outros=1
2026-08-03 09:59:53 | INFO | Iniciando leitura da seguranca do projeto '02.02.02.02 BSO 2' (ID: 312266)
2026-08-03 09:59:53 | INFO | Get-PWFolderSecurity retornou 16 item(ns).
2026-08-03 09:59:53 | INFO | Get-PWFolderTreeAccessObjects retornou 1 item(ns).
2026-08-03 09:59:53 | WARN | Cmdlet Get-PWProjectSecurity nao encontrado no ambiente. A leitura seguira apenas com FolderSecurity/TreeAccessObjects.
2026-08-03 09:59:53 | INFO | Total consolidado de acessos encontrados: 14
2026-08-03 09:59:53 | INFO | Projeto '02.02.02.02 - BSO 2 - km 17,000 - SP-270 - Oeste' carregado para arvore. Groups=11 | UserLists=1 | Outros=2
2026-08-03 09:59:53 | INFO | Iniciando leitura da seguranca do projeto '02.02.02.03 BSO 3' (ID: 312677)
2026-08-03 09:59:54 | INFO | Get-PWFolderSecurity retornou 16 item(ns).
2026-08-03 09:59:54 | INFO | Get-PWFolderTreeAccessObjects retornou 1 item(ns).
2026-08-03 09:59:54 | WARN | Cmdlet Get-PWProjectSecurity nao encontrado no ambiente. A leitura seguira apenas com FolderSecurity/TreeAccessObjects.
2026-08-03 09:59:54 | INFO | Total consolidado de acessos encontrados: 15
2026-08-03 09:59:54 | INFO | Projeto '02.02.02.03 - BSO 3 - km 27,3 - SP-270 - Leste' carregado para arvore. Groups=12 | UserLists=1 | Outros=2
2026-08-03 09:59:54 | INFO | Iniciando leitura da seguranca do projeto '02.02.02.04 BSO 4' (ID: 313088)
2026-08-03 09:59:55 | INFO | Get-PWFolderSecurity retornou 14 item(ns).
2026-08-03 09:59:55 | INFO | Get-PWFolderTreeAccessObjects retornou 1 item(ns).
2026-08-03 09:59:55 | WARN | Cmdlet Get-PWProjectSecurity nao encontrado no ambiente. A leitura seguira apenas com FolderSecurity/TreeAccessObjects.
2026-08-03 09:59:55 | INFO | Total consolidado de acessos encontrados: 13
2026-08-03 09:59:55 | INFO | Projeto '02.02.02.04 - BSO 4 - km 27,8 - SP-280 - Leste' carregado para arvore. Groups=11 | UserLists=1 | Outros=1
2026-08-03 09:59:55 | INFO | Iniciando leitura da seguranca do projeto '02.02.02.05 BSO 5' (ID: 313499)
2026-08-03 09:59:55 | INFO | Get-PWFolderSecurity retornou 17 item(ns).
2026-08-03 09:59:55 | INFO | Get-PWFolderTreeAccessObjects retornou 1 item(ns).
2026-08-03 09:59:55 | WARN | Cmdlet Get-PWProjectSecurity nao encontrado no ambiente. A leitura seguira apenas com FolderSecurity/TreeAccessObjects.
2026-08-03 09:59:55 | INFO | Total consolidado de acessos encontrados: 15
2026-08-03 09:59:55 | INFO | Projeto '02.02.02.05 - BSO 5 - (Localização á definir) - SP-280' carregado para arvore. Groups=11 | UserLists=2 | Outros=2
2026-08-03 09:59:55 | INFO | Iniciando leitura da seguranca do projeto '02.02.03 - PPD 1' (ID: 327363)
2026-08-03 09:59:56 | INFO | Get-PWFolderSecurity retornou 14 item(ns).
2026-08-03 09:59:56 | INFO | Get-PWFolderTreeAccessObjects retornou 1 item(ns).
2026-08-03 09:59:56 | WARN | Cmdlet Get-PWProjectSecurity nao encontrado no ambiente. A leitura seguira apenas com FolderSecurity/TreeAccessObjects.
2026-08-03 09:59:56 | INFO | Total consolidado de acessos encontrados: 13
2026-08-03 09:59:56 | INFO | Projeto '02.02.03 - PPD 1 - km 20 - SP-280 - Leste' carregado para arvore. Groups=11 | UserLists=1 | Outros=1
2026-08-03 09:59:56 | INFO | Iniciando leitura da seguranca do projeto '02.02.03 - PPD 2' (ID: 327774)
2026-08-03 09:59:56 | INFO | Get-PWFolderSecurity retornou 14 item(ns).
2026-08-03 09:59:57 | INFO | Get-PWFolderTreeAccessObjects retornou 1 item(ns).
2026-08-03 09:59:57 | WARN | Cmdlet Get-PWProjectSecurity nao encontrado no ambiente. A leitura seguira apenas com FolderSecurity/TreeAccessObjects.
2026-08-03 09:59:57 | INFO | Total consolidado de acessos encontrados: 13
2026-08-03 09:59:57 | INFO | Projeto '02.02.03 - PPD 2 - km 33 - SP-280 - Oeste' carregado para arvore. Groups=11 | UserLists=1 | Outros=1
2026-08-03 09:59:57 | INFO | Iniciando leitura da seguranca do projeto '02.02.04 - PMRv' (ID: 328185)
2026-08-03 09:59:57 | INFO | Get-PWFolderSecurity retornou 14 item(ns).
2026-08-03 09:59:57 | INFO | Get-PWFolderTreeAccessObjects retornou 1 item(ns).
2026-08-03 09:59:57 | WARN | Cmdlet Get-PWProjectSecurity nao encontrado no ambiente. A leitura seguira apenas com FolderSecurity/TreeAccessObjects.
2026-08-03 09:59:57 | INFO | Total consolidado de acessos encontrados: 13
2026-08-03 09:59:57 | INFO | Projeto '02.02.04 - PMRV - Araçariguama - SP-280' carregado para arvore. Groups=11 | UserLists=1 | Outros=1
2026-08-03 09:59:57 | INFO | Iniciando leitura da seguranca do projeto '02.05.05 - Benjamin TH-02' (ID: 423215)
2026-08-03 09:59:58 | INFO | Get-PWFolderSecurity retornou 14 item(ns).
2026-08-03 09:59:58 | INFO | Get-PWFolderTreeAccessObjects retornou 1 item(ns).
2026-08-03 09:59:58 | WARN | Cmdlet Get-PWProjectSecurity nao encontrado no ambiente. A leitura seguira apenas com FolderSecurity/TreeAccessObjects.
2026-08-03 09:59:58 | INFO | Total consolidado de acessos encontrados: 13
2026-08-03 09:59:58 | INFO | Projeto '02.05.05 - Benjamin Mansur TH-02 - km 12,47 - SP-270' carregado para arvore. Groups=11 | UserLists=1 | Outros=1
2026-08-03 09:59:58 | INFO | Iniciando leitura da seguranca do projeto '02.05.06 - Diamante TH-04' (ID: 423704)
2026-08-03 09:59:58 | INFO | Get-PWFolderSecurity retornou 14 item(ns).
2026-08-03 09:59:58 | INFO | Get-PWFolderTreeAccessObjects retornou 1 item(ns).
2026-08-03 09:59:58 | WARN | Cmdlet Get-PWProjectSecurity nao encontrado no ambiente. A leitura seguira apenas com FolderSecurity/TreeAccessObjects.
2026-08-03 09:59:58 | INFO | Total consolidado de acessos encontrados: 13
2026-08-03 09:59:58 | INFO | Projeto '02.05.06 - Diamante TH-04 - km 20,55 - SP-270' carregado para arvore. Groups=11 | UserLists=1 | Outros=1
2026-08-03 09:59:58 | INFO | Iniciando leitura da seguranca do projeto '02.05.07 - Reconstru TH-03' (ID: 423238)
2026-08-03 09:59:59 | INFO | Get-PWFolderSecurity retornou 14 item(ns).
2026-08-03 09:59:59 | INFO | Get-PWFolderTreeAccessObjects retornou 1 item(ns).
2026-08-03 09:59:59 | WARN | Cmdlet Get-PWProjectSecurity nao encontrado no ambiente. A leitura seguira apenas com FolderSecurity/TreeAccessObjects.
2026-08-03 09:59:59 | INFO | Total consolidado de acessos encontrados: 13
2026-08-03 09:59:59 | INFO | Projeto '02.05.07 - Parclo Reconstrução TH-03 - km 16,60 - SP-270' carregado para arvore. Groups=11 | UserLists=1 | Outros=1
2026-08-03 09:59:59 | INFO | Iniciando leitura da seguranca do projeto '02.05.08 - Politécnica TH-03' (ID: 423261)
2026-08-03 10:00:00 | INFO | Get-PWFolderSecurity retornou 14 item(ns).
2026-08-03 10:00:00 | INFO | Get-PWFolderTreeAccessObjects retornou 1 item(ns).
2026-08-03 10:00:00 | WARN | Cmdlet Get-PWProjectSecurity nao encontrado no ambiente. A leitura seguira apenas com FolderSecurity/TreeAccessObjects.
2026-08-03 10:00:00 | INFO | Total consolidado de acessos encontrados: 13
2026-08-03 10:00:00 | INFO | Projeto '02.05.08 - Escola Politécnica TH-03 - km 17,58 - SP-270' carregado para arvore. Groups=11 | UserLists=1 | Outros=1
2026-08-03 10:00:00 | INFO | Iniciando leitura da seguranca do projeto '02.05.09 - Diamante TH-04' (ID: 423284)
2026-08-03 10:00:00 | INFO | Get-PWFolderSecurity retornou 14 item(ns).
2026-08-03 10:00:00 | INFO | Get-PWFolderTreeAccessObjects retornou 1 item(ns).
2026-08-03 10:00:00 | WARN | Cmdlet Get-PWProjectSecurity nao encontrado no ambiente. A leitura seguira apenas com FolderSecurity/TreeAccessObjects.
2026-08-03 10:00:00 | INFO | Total consolidado de acessos encontrados: 13
2026-08-03 10:00:00 | INFO | Projeto '02.05.09 - Diamante TH-04 - km 18,83 - SP-270' carregado para arvore. Groups=11 | UserLists=1 | Outros=1
2026-08-03 10:00:00 | INFO | Iniciando leitura da seguranca do projeto '02.05.10 - Alça  TH-04' (ID: 423737)
2026-08-03 10:00:01 | INFO | Get-PWFolderSecurity retornou 14 item(ns).
2026-08-03 10:00:01 | INFO | Get-PWFolderTreeAccessObjects retornou 1 item(ns).
2026-08-03 10:00:01 | WARN | Cmdlet Get-PWProjectSecurity nao encontrado no ambiente. A leitura seguira apenas com FolderSecurity/TreeAccessObjects.
2026-08-03 10:00:01 | INFO | Total consolidado de acessos encontrados: 13
2026-08-03 10:00:01 | INFO | Projeto '02.05.10 - Alça  TH-04 - km 21,49 - SP-270' carregado para arvore. Groups=11 | UserLists=1 | Outros=1
2026-08-03 10:00:01 | INFO | Iniciando leitura da seguranca do projeto '02.05.17 - TreReconstrução' (ID: 423169)
2026-08-03 10:00:02 | INFO | Get-PWFolderSecurity retornou 14 item(ns).
2026-08-03 10:00:02 | INFO | Get-PWFolderTreeAccessObjects retornou 1 item(ns).
2026-08-03 10:00:02 | WARN | Cmdlet Get-PWProjectSecurity nao encontrado no ambiente. A leitura seguira apenas com FolderSecurity/TreeAccessObjects.
2026-08-03 10:00:02 | INFO | Total consolidado de acessos encontrados: 13
2026-08-03 10:00:02 | INFO | Projeto '02.05.17 - Trevo Embú Resconstrução TH-05 - km 27,275 - SP-270' carregado para arvore. Groups=11 | UserLists=1 | Outros=1
2026-08-03 10:00:02 | INFO | Iniciando leitura da seguranca do projeto '02.05.19 - Dispositivo' (ID: 397749)
2026-08-03 10:00:02 | INFO | Get-PWFolderSecurity retornou 14 item(ns).
2026-08-03 10:00:02 | INFO | Get-PWFolderTreeAccessObjects retornou 1 item(ns).
2026-08-03 10:00:02 | WARN | Cmdlet Get-PWProjectSecurity nao encontrado no ambiente. A leitura seguira apenas com FolderSecurity/TreeAccessObjects.
2026-08-03 10:00:02 | INFO | Total consolidado de acessos encontrados: 13
2026-08-03 10:00:02 | INFO | Projeto '02.05.19 - Dispositivo de Conexão - BR-116' carregado para arvore. Groups=11 | UserLists=1 | Outros=1
2026-08-03 10:00:02 | INFO | Iniciando leitura da seguranca do projeto '02.05.22 - Alça' (ID: 394768)
2026-08-03 10:00:03 | INFO | Get-PWFolderSecurity retornou 14 item(ns).
2026-08-03 10:00:03 | INFO | Get-PWFolderTreeAccessObjects retornou 1 item(ns).
2026-08-03 10:00:03 | WARN | Cmdlet Get-PWProjectSecurity nao encontrado no ambiente. A leitura seguira apenas com FolderSecurity/TreeAccessObjects.
2026-08-03 10:00:03 | INFO | Total consolidado de acessos encontrados: 13
2026-08-03 10:00:03 | INFO | Projeto '02.05.22 - Alça - km 22,20 - SP-280' carregado para arvore. Groups=11 | UserLists=1 | Outros=1
2026-08-03 10:00:03 | INFO | Iniciando leitura da seguranca do projeto '02.05.23 - Diamante' (ID: 394559)
2026-08-03 10:00:04 | INFO | Get-PWFolderSecurity retornou 15 item(ns).
2026-08-03 10:00:04 | INFO | Get-PWFolderTreeAccessObjects retornou 1 item(ns).
2026-08-03 10:00:04 | WARN | Cmdlet Get-PWProjectSecurity nao encontrado no ambiente. A leitura seguira apenas com FolderSecurity/TreeAccessObjects.
2026-08-03 10:00:04 | INFO | Total consolidado de acessos encontrados: 13
2026-08-03 10:00:04 | INFO | Projeto '02.05.23 - Diamante - km 36,00 SP-280' carregado para arvore. Groups=11 | UserLists=1 | Outros=1
2026-08-03 10:00:04 | INFO | Iniciando leitura da seguranca do projeto '02.05.24 - Trombeta' (ID: 394721)
2026-08-03 10:00:04 | INFO | Get-PWFolderSecurity retornou 14 item(ns).
2026-08-03 10:00:04 | INFO | Get-PWFolderTreeAccessObjects retornou 1 item(ns).
2026-08-03 10:00:04 | WARN | Cmdlet Get-PWProjectSecurity nao encontrado no ambiente. A leitura seguira apenas com FolderSecurity/TreeAccessObjects.
2026-08-03 10:00:04 | INFO | Total consolidado de acessos encontrados: 13
2026-08-03 10:00:04 | INFO | Projeto '02.05.24 - Trombeta - km 46,62 - SP-280' carregado para arvore. Groups=11 | UserLists=1 | Outros=1
2026-08-03 10:00:04 | INFO | Iniciando leitura da seguranca do projeto '02.05.25 - Diamante' (ID: 422939)
2026-08-03 10:00:05 | INFO | Get-PWFolderSecurity retornou 14 item(ns).
2026-08-03 10:00:05 | INFO | Get-PWFolderTreeAccessObjects retornou 1 item(ns).
2026-08-03 10:00:05 | WARN | Cmdlet Get-PWProjectSecurity nao encontrado no ambiente. A leitura seguira apenas com FolderSecurity/TreeAccessObjects.
2026-08-03 10:00:05 | INFO | Total consolidado de acessos encontrados: 13
2026-08-03 10:00:05 | INFO | Projeto '02.05.25 - Diamante km 50,9 - SP-280' carregado para arvore. Groups=11 | UserLists=1 | Outros=1
2026-08-03 10:00:05 | INFO | Iniciando leitura da seguranca do projeto '02.05.26 - Alça' (ID: 397701)
2026-08-03 10:00:06 | INFO | Get-PWFolderSecurity retornou 14 item(ns).
2026-08-03 10:00:06 | INFO | Get-PWFolderTreeAccessObjects retornou 1 item(ns).
2026-08-03 10:00:06 | WARN | Cmdlet Get-PWProjectSecurity nao encontrado no ambiente. A leitura seguira apenas com FolderSecurity/TreeAccessObjects.
2026-08-03 10:00:06 | INFO | Total consolidado de acessos encontrados: 13
2026-08-03 10:00:06 | INFO | Projeto '02.05.26 - Alça - km 22,80 - SP-280' carregado para arvore. Groups=11 | UserLists=1 | Outros=1
2026-08-03 10:00:06 | INFO | Iniciando leitura da seguranca do projeto '02.06.11-  Marginal' (ID: 394745)
2026-08-03 10:00:06 | INFO | Get-PWFolderSecurity retornou 14 item(ns).
2026-08-03 10:00:07 | INFO | Get-PWFolderTreeAccessObjects retornou 1 item(ns).
2026-08-03 10:00:07 | WARN | Cmdlet Get-PWProjectSecurity nao encontrado no ambiente. A leitura seguira apenas com FolderSecurity/TreeAccessObjects.
2026-08-03 10:00:07 | INFO | Total consolidado de acessos encontrados: 13
2026-08-03 10:00:07 | INFO | Projeto '02.06.11-  Marginal Decrescente - km 30,74 +31,23 - SP-280' carregado para arvore. Groups=11 | UserLists=1 | Outros=1
2026-08-03 10:00:07 | INFO | Iniciando leitura da seguranca do projeto '02.08.01.02 -Jockey Club' (ID: 426499)
2026-08-03 10:00:07 | INFO | Get-PWFolderSecurity retornou 14 item(ns).
2026-08-03 10:00:07 | INFO | Get-PWFolderTreeAccessObjects retornou 1 item(ns).
2026-08-03 10:00:07 | WARN | Cmdlet Get-PWProjectSecurity nao encontrado no ambiente. A leitura seguira apenas com FolderSecurity/TreeAccessObjects.
2026-08-03 10:00:07 | INFO | Total consolidado de acessos encontrados: 13
2026-08-03 10:00:07 | INFO | Projeto '02.08.01.02 -  Ferradura na Marginal Pinheiros Jockey Club' carregado para arvore. Groups=11 | UserLists=1 | Outros=1
2026-08-03 10:00:07 | INFO | Iniciando leitura da seguranca do projeto '02.08.02-Ponte Pinheiros' (ID: 426532)
2026-08-03 10:00:08 | INFO | Get-PWFolderSecurity retornou 14 item(ns).
2026-08-03 10:00:08 | INFO | Get-PWFolderTreeAccessObjects retornou 1 item(ns).
2026-08-03 10:00:08 | WARN | Cmdlet Get-PWProjectSecurity nao encontrado no ambiente. A leitura seguira apenas com FolderSecurity/TreeAccessObjects.
2026-08-03 10:00:08 | INFO | Total consolidado de acessos encontrados: 13
2026-08-03 10:00:08 | INFO | Projeto '02.08.02  - Ponte Av. Politécnica Pinheiros' carregado para arvore. Groups=11 | UserLists=1 | Outros=1
2026-08-03 10:00:08 | INFO | Iniciando leitura da seguranca do projeto '02.09.19 - Pontos' (ID: 397772)
2026-08-03 10:00:09 | INFO | Get-PWFolderSecurity retornou 14 item(ns).
2026-08-03 10:00:09 | INFO | Get-PWFolderTreeAccessObjects retornou 1 item(ns).
2026-08-03 10:00:09 | WARN | Cmdlet Get-PWProjectSecurity nao encontrado no ambiente. A leitura seguira apenas com FolderSecurity/TreeAccessObjects.
2026-08-03 10:00:09 | INFO | Total consolidado de acessos encontrados: 13
2026-08-03 10:00:09 | INFO | Projeto '02.09.19 - Pontos de Ônibus Cotia-Embu - km 0 + 16,5' carregado para arvore. Groups=11 | UserLists=1 | Outros=1
2026-08-03 10:00:09 | INFO | Iniciando leitura da seguranca do projeto '02.10.05 - Rodoanel TH-04' (ID: 423770)
2026-08-03 10:00:09 | INFO | Get-PWFolderSecurity retornou 14 item(ns).
2026-08-03 10:00:09 | INFO | Get-PWFolderTreeAccessObjects retornou 1 item(ns).
2026-08-03 10:00:09 | WARN | Cmdlet Get-PWProjectSecurity nao encontrado no ambiente. A leitura seguira apenas com FolderSecurity/TreeAccessObjects.
2026-08-03 10:00:09 | INFO | Total consolidado de acessos encontrados: 13
2026-08-03 10:00:09 | INFO | Projeto '02.10.05 - Rodoanel TH-04 - km 21,825 - SP-270' carregado para arvore. Groups=11 | UserLists=1 | Outros=1
2026-08-03 10:00:09 | INFO | Iniciando leitura da seguranca do projeto '02.10.19 - Acesso' (ID: 397796)
2026-08-03 10:00:10 | INFO | Get-PWFolderSecurity retornou 14 item(ns).
2026-08-03 10:00:10 | INFO | Get-PWFolderTreeAccessObjects retornou 1 item(ns).
2026-08-03 10:00:10 | WARN | Cmdlet Get-PWProjectSecurity nao encontrado no ambiente. A leitura seguira apenas com FolderSecurity/TreeAccessObjects.
2026-08-03 10:00:10 | INFO | Total consolidado de acessos encontrados: 13
2026-08-03 10:00:10 | INFO | Projeto '02.10.19 - Acesso Cotia-Embu - km 0 + 16,5' carregado para arvore. Groups=11 | UserLists=1 | Outros=1
2026-08-03 10:00:10 | INFO | Iniciando leitura da seguranca do projeto '02.11.01.12 - Alça TH-04' (ID: 423803)
2026-08-03 10:00:11 | INFO | Get-PWFolderSecurity retornou 14 item(ns).
2026-08-03 10:00:11 | INFO | Get-PWFolderTreeAccessObjects retornou 1 item(ns).
2026-08-03 10:00:11 | WARN | Cmdlet Get-PWProjectSecurity nao encontrado no ambiente. A leitura seguira apenas com FolderSecurity/TreeAccessObjects.
2026-08-03 10:00:11 | INFO | Total consolidado de acessos encontrados: 13
2026-08-03 10:00:11 | INFO | Projeto '02.11.01.12 - Alça TH-04 - km 28,07 - SP-270' carregado para arvore. Groups=11 | UserLists=1 | Outros=1
2026-08-03 10:00:11 | INFO | Iniciando leitura da seguranca do projeto '02.11.01.15 - OAE' (ID: 397034)
2026-08-03 10:00:11 | INFO | Get-PWFolderSecurity retornou 14 item(ns).
2026-08-03 10:00:11 | INFO | Get-PWFolderTreeAccessObjects retornou 1 item(ns).
2026-08-03 10:00:11 | WARN | Cmdlet Get-PWProjectSecurity nao encontrado no ambiente. A leitura seguira apenas com FolderSecurity/TreeAccessObjects.
2026-08-03 10:00:11 | INFO | Total consolidado de acessos encontrados: 13
2026-08-03 10:00:11 | INFO | Projeto '02.11.01.15 - OAE - km 22,2 - SP-280' carregado para arvore. Groups=11 | UserLists=1 | Outros=1
2026-08-03 10:00:11 | INFO | Iniciando leitura da seguranca do projeto '02.11.01.17 - OAE' (ID: 397057)
2026-08-03 10:00:12 | INFO | Get-PWFolderSecurity retornou 14 item(ns).
2026-08-03 10:00:12 | INFO | Get-PWFolderTreeAccessObjects retornou 1 item(ns).
2026-08-03 10:00:12 | WARN | Cmdlet Get-PWProjectSecurity nao encontrado no ambiente. A leitura seguira apenas com FolderSecurity/TreeAccessObjects.
2026-08-03 10:00:12 | INFO | Total consolidado de acessos encontrados: 13
2026-08-03 10:00:12 | INFO | Projeto '02.11.01.17 - OAE - km 22,2 - SP-280' carregado para arvore. Groups=11 | UserLists=1 | Outros=1
2026-08-03 10:00:12 | INFO | Iniciando leitura da seguranca do projeto '02.11.01.31 - OAE' (ID: 397819)
2026-08-03 10:00:13 | INFO | Get-PWFolderSecurity retornou 14 item(ns).
2026-08-03 10:00:13 | INFO | Get-PWFolderTreeAccessObjects retornou 1 item(ns).
2026-08-03 10:00:13 | WARN | Cmdlet Get-PWProjectSecurity nao encontrado no ambiente. A leitura seguira apenas com FolderSecurity/TreeAccessObjects.
2026-08-03 10:00:13 | INFO | Total consolidado de acessos encontrados: 13
2026-08-03 10:00:13 | INFO | Projeto '02.11.01.31 - OAE - Cotia-Embu - km 0' carregado para arvore. Groups=11 | UserLists=1 | Outros=1
2026-08-03 10:00:13 | INFO | Iniciando leitura da seguranca do projeto '02.13.01-Faixa Adic Carapi' (ID: 397842)
2026-08-03 10:00:13 | INFO | Get-PWFolderSecurity retornou 14 item(ns).
2026-08-03 10:00:13 | INFO | Get-PWFolderTreeAccessObjects retornou 1 item(ns).
2026-08-03 10:00:13 | WARN | Cmdlet Get-PWProjectSecurity nao encontrado no ambiente. A leitura seguira apenas com FolderSecurity/TreeAccessObjects.
2026-08-03 10:00:13 | INFO | Total consolidado de acessos encontrados: 13
2026-08-03 10:00:13 | INFO | Projeto '02.13.01 - Faixa Adic Ponte Rio Tietê Carapicuiba' carregado para arvore. Groups=11 | UserLists=1 | Outros=1
2026-08-03 10:00:13 | INFO | Iniciando leitura da seguranca do projeto '02.8.01.01 -  Ferradura' (ID: 426466)
2026-08-03 10:00:14 | INFO | Get-PWFolderSecurity retornou 14 item(ns).
2026-08-03 10:00:14 | INFO | Get-PWFolderTreeAccessObjects retornou 1 item(ns).
2026-08-03 10:00:14 | WARN | Cmdlet Get-PWProjectSecurity nao encontrado no ambiente. A leitura seguira apenas com FolderSecurity/TreeAccessObjects.
2026-08-03 10:00:14 | INFO | Total consolidado de acessos encontrados: 13
2026-08-03 10:00:14 | INFO | Projeto '02.8.01.01 -  Ferradura na Marginal Pinheiros Eusébio Matoso' carregado para arvore. Groups=11 | UserLists=1 | Outros=1
2026-08-03 10:00:14 | INFO | Iniciando leitura da seguranca do projeto '03.03 - Free Flow P10-Leste-33,990' (ID: 423077)
2026-08-03 10:00:14 | INFO | Get-PWFolderSecurity retornou 14 item(ns).
2026-08-03 10:00:14 | INFO | Get-PWFolderTreeAccessObjects retornou 1 item(ns).
2026-08-03 10:00:14 | WARN | Cmdlet Get-PWProjectSecurity nao encontrado no ambiente. A leitura seguira apenas com FolderSecurity/TreeAccessObjects.
2026-08-03 10:00:14 | INFO | Total consolidado de acessos encontrados: 13
2026-08-03 10:00:14 | INFO | Projeto '03.03 - Free Flow P10 - Via Expressa Leste km 33,990 - SP-280' carregado para arvore. Groups=11 | UserLists=1 | Outros=1
2026-08-03 10:00:14 | INFO | Iniciando leitura da seguranca do projeto '03.03 - Free Flow P10-Oeste-33,990' (ID: 423671)
2026-08-03 10:00:15 | INFO | Get-PWFolderSecurity retornou 14 item(ns).
2026-08-03 10:00:15 | INFO | Get-PWFolderTreeAccessObjects retornou 1 item(ns).
2026-08-03 10:00:15 | WARN | Cmdlet Get-PWProjectSecurity nao encontrado no ambiente. A leitura seguira apenas com FolderSecurity/TreeAccessObjects.
2026-08-03 10:00:15 | INFO | Total consolidado de acessos encontrados: 13
2026-08-03 10:00:15 | INFO | Projeto '03.03 - Free Flow P10 - Via Expressa Oeste km 33,990 - SP-280' carregado para arvore. Groups=11 | UserLists=1 | Outros=1
2026-08-03 10:00:15 | INFO | Iniciando leitura da seguranca do projeto '03.03 - Free Flow P11' (ID: 423100)
2026-08-03 10:00:16 | INFO | Get-PWFolderSecurity retornou 14 item(ns).
2026-08-03 10:00:16 | INFO | Get-PWFolderTreeAccessObjects retornou 1 item(ns).
2026-08-03 10:00:16 | WARN | Cmdlet Get-PWProjectSecurity nao encontrado no ambiente. A leitura seguira apenas com FolderSecurity/TreeAccessObjects.
2026-08-03 10:00:16 | INFO | Total consolidado de acessos encontrados: 13
2026-08-03 10:00:16 | INFO | Projeto '03.03 - Free Flow P11 - Via Expressa Norte-Sul km 34,600 - SP-280' carregado para arvore. Groups=11 | UserLists=1 | Outros=1
2026-08-03 10:00:16 | INFO | Iniciando leitura da seguranca do projeto '03.03 - Free Flow P12' (ID: 423123)
2026-08-03 10:00:16 | INFO | Get-PWFolderSecurity retornou 14 item(ns).
2026-08-03 10:00:16 | INFO | Get-PWFolderTreeAccessObjects retornou 1 item(ns).
2026-08-03 10:00:16 | WARN | Cmdlet Get-PWProjectSecurity nao encontrado no ambiente. A leitura seguira apenas com FolderSecurity/TreeAccessObjects.
2026-08-03 10:00:16 | INFO | Total consolidado de acessos encontrados: 13
2026-08-03 10:00:16 | INFO | Projeto '03.03 - Free Flow P12 - Via Expressa Norte-Sul km 40,655 - SP-280' carregado para arvore. Groups=11 | UserLists=1 | Outros=1
2026-08-03 10:00:16 | INFO | Iniciando leitura da seguranca do projeto '03.03 - Free Flow P4' (ID: 422962)
2026-08-03 10:00:17 | INFO | Get-PWFolderSecurity retornou 14 item(ns).
2026-08-03 10:00:17 | INFO | Get-PWFolderTreeAccessObjects retornou 1 item(ns).
2026-08-03 10:00:17 | WARN | Cmdlet Get-PWProjectSecurity nao encontrado no ambiente. A leitura seguira apenas com FolderSecurity/TreeAccessObjects.
2026-08-03 10:00:17 | INFO | Total consolidado de acessos encontrados: 13
2026-08-03 10:00:17 | INFO | Projeto '03.03 - Free Flow P4 - Via Expressa Leste km 24,900 - SP-270' carregado para arvore. Groups=11 | UserLists=1 | Outros=1
2026-08-03 10:00:17 | INFO | Iniciando leitura da seguranca do projeto '03.03 - Free Flow P6-13,660' (ID: 423407)
2026-08-03 10:00:17 | INFO | Get-PWFolderSecurity retornou 14 item(ns).
2026-08-03 10:00:17 | INFO | Get-PWFolderTreeAccessObjects retornou 1 item(ns).
2026-08-03 10:00:18 | WARN | Cmdlet Get-PWProjectSecurity nao encontrado no ambiente. A leitura seguira apenas com FolderSecurity/TreeAccessObjects.
2026-08-03 10:00:18 | INFO | Total consolidado de acessos encontrados: 13
2026-08-03 10:00:18 | INFO | Projeto '03.03 - Free Flow P6 - Marginal Leste km 13,660 - SP-280' carregado para arvore. Groups=11 | UserLists=1 | Outros=1
2026-08-03 10:00:18 | INFO | Iniciando leitura da seguranca do projeto '03.03 - Free Flow P6-13,680' (ID: 423374)
2026-08-03 10:00:18 | INFO | Get-PWFolderSecurity retornou 14 item(ns).
2026-08-03 10:00:18 | INFO | Get-PWFolderTreeAccessObjects retornou 1 item(ns).
2026-08-03 10:00:18 | WARN | Cmdlet Get-PWProjectSecurity nao encontrado no ambiente. A leitura seguira apenas com FolderSecurity/TreeAccessObjects.
2026-08-03 10:00:18 | INFO | Total consolidado de acessos encontrados: 13
2026-08-03 10:00:18 | INFO | Projeto '03.03 - Free Flow P6 - Via Expressa Leste km 13,680 - SP-280' carregado para arvore. Groups=11 | UserLists=1 | Outros=1
2026-08-03 10:00:18 | INFO | Iniciando leitura da seguranca do projeto '03.03 - Free Flow P6-14,390' (ID: 423307)
2026-08-03 10:00:19 | INFO | Get-PWFolderSecurity retornou 14 item(ns).
2026-08-03 10:00:19 | INFO | Get-PWFolderTreeAccessObjects retornou 1 item(ns).
2026-08-03 10:00:19 | WARN | Cmdlet Get-PWProjectSecurity nao encontrado no ambiente. A leitura seguira apenas com FolderSecurity/TreeAccessObjects.
2026-08-03 10:00:19 | INFO | Total consolidado de acessos encontrados: 13
2026-08-03 10:00:19 | INFO | Projeto '03.03 - Free Flow P6 - Via Expressa Oeste km 14,390 - SP-280' carregado para arvore. Groups=11 | UserLists=1 | Outros=1
2026-08-03 10:00:19 | INFO | Iniciando leitura da seguranca do projeto '03.03 - Free Flow P6-14,420' (ID: 423340)
2026-08-03 10:00:19 | INFO | Get-PWFolderSecurity retornou 14 item(ns).
2026-08-03 10:00:19 | INFO | Get-PWFolderTreeAccessObjects retornou 1 item(ns).
2026-08-03 10:00:19 | WARN | Cmdlet Get-PWProjectSecurity nao encontrado no ambiente. A leitura seguira apenas com FolderSecurity/TreeAccessObjects.
2026-08-03 10:00:19 | INFO | Total consolidado de acessos encontrados: 13
2026-08-03 10:00:19 | INFO | Projeto '03.03 - Free Flow P6 - Marginal Oeste km 14,420 - SP-280' carregado para arvore. Groups=11 | UserLists=1 | Outros=1
2026-08-03 10:00:19 | INFO | Iniciando leitura da seguranca do projeto '03.03 - Free Flow P6-24,900' (ID: 422985)
2026-08-03 10:00:20 | INFO | Get-PWFolderSecurity retornou 14 item(ns).
2026-08-03 10:00:20 | INFO | Get-PWFolderTreeAccessObjects retornou 1 item(ns).
2026-08-03 10:00:20 | WARN | Cmdlet Get-PWProjectSecurity nao encontrado no ambiente. A leitura seguira apenas com FolderSecurity/TreeAccessObjects.
2026-08-03 10:00:20 | INFO | Total consolidado de acessos encontrados: 13
2026-08-03 10:00:20 | INFO | Projeto '03.03 - Free Flow P6 - Via Expressa Leste km 24,900 - SP-275' carregado para arvore. Groups=11 | UserLists=1 | Outros=1
2026-08-03 10:00:20 | INFO | Iniciando leitura da seguranca do projeto '03.03 - Free Flow P7-18,050' (ID: 423008)
2026-08-03 10:00:21 | INFO | Get-PWFolderSecurity retornou 14 item(ns).
2026-08-03 10:00:21 | INFO | Get-PWFolderTreeAccessObjects retornou 1 item(ns).
2026-08-03 10:00:21 | WARN | Cmdlet Get-PWProjectSecurity nao encontrado no ambiente. A leitura seguira apenas com FolderSecurity/TreeAccessObjects.
2026-08-03 10:00:21 | INFO | Total consolidado de acessos encontrados: 13
2026-08-03 10:00:21 | INFO | Projeto '03.03 - Free Flow P7 - Marginal Oeste km 18,050 - SP-280' carregado para arvore. Groups=11 | UserLists=1 | Outros=1
2026-08-03 10:00:21 | INFO | Iniciando leitura da seguranca do projeto '03.03 - Free Flow P7-18,140' (ID: 423506)
2026-08-03 10:00:21 | INFO | Get-PWFolderSecurity retornou 14 item(ns).
2026-08-03 10:00:21 | INFO | Get-PWFolderTreeAccessObjects retornou 1 item(ns).
2026-08-03 10:00:21 | WARN | Cmdlet Get-PWProjectSecurity nao encontrado no ambiente. A leitura seguira apenas com FolderSecurity/TreeAccessObjects.
2026-08-03 10:00:21 | INFO | Total consolidado de acessos encontrados: 13
2026-08-03 10:00:21 | INFO | Projeto '03.03 - Free Flow P7 - Via Expressa Oeste km 18,140 - SP-280' carregado para arvore. Groups=11 | UserLists=1 | Outros=1
2026-08-03 10:00:21 | INFO | Iniciando leitura da seguranca do projeto '03.03 - Free Flow P7-20,745' (ID: 423440)
2026-08-03 10:00:22 | INFO | Get-PWFolderSecurity retornou 14 item(ns).
2026-08-03 10:00:22 | INFO | Get-PWFolderTreeAccessObjects retornou 1 item(ns).
2026-08-03 10:00:22 | WARN | Cmdlet Get-PWProjectSecurity nao encontrado no ambiente. A leitura seguira apenas com FolderSecurity/TreeAccessObjects.
2026-08-03 10:00:22 | INFO | Total consolidado de acessos encontrados: 13
2026-08-03 10:00:22 | INFO | Projeto '03.03 - Free Flow P7 - Via Expressa Leste km 20,745 - SP-280' carregado para arvore. Groups=11 | UserLists=1 | Outros=1
2026-08-03 10:00:22 | INFO | Iniciando leitura da seguranca do projeto '03.03 - Free Flow P7-20,970' (ID: 423473)
2026-08-03 10:00:23 | INFO | Get-PWFolderSecurity retornou 14 item(ns).
2026-08-03 10:00:23 | INFO | Get-PWFolderTreeAccessObjects retornou 1 item(ns).
2026-08-03 10:00:23 | WARN | Cmdlet Get-PWProjectSecurity nao encontrado no ambiente. A leitura seguira apenas com FolderSecurity/TreeAccessObjects.
2026-08-03 10:00:23 | INFO | Total consolidado de acessos encontrados: 13
2026-08-03 10:00:23 | INFO | Projeto '03.03 - Free Flow P7 - Marginal Leste km 20,970 - SP-280' carregado para arvore. Groups=11 | UserLists=1 | Outros=1
2026-08-03 10:00:23 | INFO | Iniciando leitura da seguranca do projeto '03.03 - Free Flow P8-23,980' (ID: 423572)
2026-08-03 10:00:23 | INFO | Get-PWFolderSecurity retornou 14 item(ns).
2026-08-03 10:00:23 | INFO | Get-PWFolderTreeAccessObjects retornou 1 item(ns).
2026-08-03 10:00:23 | WARN | Cmdlet Get-PWProjectSecurity nao encontrado no ambiente. A leitura seguira apenas com FolderSecurity/TreeAccessObjects.
2026-08-03 10:00:23 | INFO | Total consolidado de acessos encontrados: 13
2026-08-03 10:00:23 | INFO | Projeto '03.03 - Free Flow P8 - Marginal Oeste km 23,980 - SP-280' carregado para arvore. Groups=11 | UserLists=1 | Outros=1
2026-08-03 10:00:23 | INFO | Iniciando leitura da seguranca do projeto '03.03 - Free Flow P8-24,040' (ID: 423031)
2026-08-03 10:00:24 | INFO | Get-PWFolderSecurity retornou 14 item(ns).
2026-08-03 10:00:24 | INFO | Get-PWFolderTreeAccessObjects retornou 1 item(ns).
2026-08-03 10:00:24 | WARN | Cmdlet Get-PWProjectSecurity nao encontrado no ambiente. A leitura seguira apenas com FolderSecurity/TreeAccessObjects.
2026-08-03 10:00:24 | INFO | Total consolidado de acessos encontrados: 13
2026-08-03 10:00:24 | INFO | Projeto '03.03 - Free Flow P8 - Marginal Leste km 24,040 - SP-280' carregado para arvore. Groups=11 | UserLists=1 | Outros=1
2026-08-03 10:00:24 | INFO | Iniciando leitura da seguranca do projeto '03.03 - Free Flow P8-Leste-24,010' (ID: 423605)
2026-08-03 10:00:25 | INFO | Get-PWFolderSecurity retornou 14 item(ns).
2026-08-03 10:00:25 | INFO | Get-PWFolderTreeAccessObjects retornou 1 item(ns).
2026-08-03 10:00:25 | WARN | Cmdlet Get-PWProjectSecurity nao encontrado no ambiente. A leitura seguira apenas com FolderSecurity/TreeAccessObjects.
2026-08-03 10:00:25 | INFO | Total consolidado de acessos encontrados: 13
2026-08-03 10:00:25 | INFO | Projeto '03.03 - Free Flow P8 - Via Expressa Leste km 24,010 - SP-280' carregado para arvore. Groups=11 | UserLists=1 | Outros=1
2026-08-03 10:00:25 | INFO | Iniciando leitura da seguranca do projeto '03.03 - Free Flow P8-Oeste-24,010' (ID: 423539)
2026-08-03 10:00:25 | INFO | Get-PWFolderSecurity retornou 14 item(ns).
2026-08-03 10:00:26 | INFO | Get-PWFolderTreeAccessObjects retornou 1 item(ns).
2026-08-03 10:00:26 | WARN | Cmdlet Get-PWProjectSecurity nao encontrado no ambiente. A leitura seguira apenas com FolderSecurity/TreeAccessObjects.
2026-08-03 10:00:26 | INFO | Total consolidado de acessos encontrados: 13
2026-08-03 10:00:26 | INFO | Projeto '03.03 - Free Flow P8 - Via Expressa Oeste km 24,010 - SP-280' carregado para arvore. Groups=11 | UserLists=1 | Outros=1
2026-08-03 10:00:26 | INFO | Iniciando leitura da seguranca do projeto '03.03 - Free Flow P9' (ID: 423054)
2026-08-03 10:00:26 | INFO | Get-PWFolderSecurity retornou 14 item(ns).
2026-08-03 10:00:26 | INFO | Get-PWFolderTreeAccessObjects retornou 1 item(ns).
2026-08-03 10:00:26 | WARN | Cmdlet Get-PWProjectSecurity nao encontrado no ambiente. A leitura seguira apenas com FolderSecurity/TreeAccessObjects.
2026-08-03 10:00:26 | INFO | Total consolidado de acessos encontrados: 13
2026-08-03 10:00:26 | INFO | Projeto '03.03 - Free Flow P9 - Via Expressa Leste km 29,210 - SP-280' carregado para arvore. Groups=11 | UserLists=1 | Outros=1
2026-08-03 10:00:26 | INFO | Iniciando leitura da seguranca do projeto '03.03 - Free Flow P9-29,340' (ID: 423638)
2026-08-03 10:00:27 | INFO | Get-PWFolderSecurity retornou 14 item(ns).
2026-08-03 10:00:27 | INFO | Get-PWFolderTreeAccessObjects retornou 1 item(ns).
2026-08-03 10:00:27 | WARN | Cmdlet Get-PWProjectSecurity nao encontrado no ambiente. A leitura seguira apenas com FolderSecurity/TreeAccessObjects.
2026-08-03 10:00:27 | INFO | Total consolidado de acessos encontrados: 13
2026-08-03 10:00:27 | INFO | Projeto '03.03 - Free Flow P9 - Via Expressa Oeste km 29,340 - SP-280' carregado para arvore. Groups=11 | UserLists=1 | Outros=1
2026-08-03 10:00:27 | INFO | Iniciando leitura da seguranca do projeto '03.11 - HS-WIM 1' (ID: 328597)
2026-08-03 10:00:27 | INFO | Get-PWFolderSecurity retornou 14 item(ns).
2026-08-03 10:00:27 | INFO | Get-PWFolderTreeAccessObjects retornou 1 item(ns).
2026-08-03 10:00:27 | WARN | Cmdlet Get-PWProjectSecurity nao encontrado no ambiente. A leitura seguira apenas com FolderSecurity/TreeAccessObjects.
2026-08-03 10:00:27 | INFO | Total consolidado de acessos encontrados: 13
2026-08-03 10:00:27 | INFO | Projeto '03.11 - HS-WIM 1 - km 20 - SP-280' carregado para arvore. Groups=11 | UserLists=1 | Outros=1
2026-08-03 10:00:27 | INFO | Iniciando leitura da seguranca do projeto '03.11 - HS-WIM 2' (ID: 329008)
2026-08-03 10:00:28 | INFO | Get-PWFolderSecurity retornou 14 item(ns).
2026-08-03 10:00:28 | INFO | Get-PWFolderTreeAccessObjects retornou 1 item(ns).
2026-08-03 10:00:28 | WARN | Cmdlet Get-PWProjectSecurity nao encontrado no ambiente. A leitura seguira apenas com FolderSecurity/TreeAccessObjects.
2026-08-03 10:00:28 | INFO | Total consolidado de acessos encontrados: 13
2026-08-03 10:00:28 | INFO | Projeto '03.11 - HS-WIM 2 km 24 - SP-270' carregado para arvore. Groups=11 | UserLists=1 | Outros=1
2026-08-03 10:00:28 | INFO | Iniciando leitura da seguranca do projeto '03.11 - HS-WIM 3' (ID: 329419)
2026-08-03 10:00:29 | INFO | Get-PWFolderSecurity retornou 14 item(ns).
2026-08-03 10:00:29 | INFO | Get-PWFolderTreeAccessObjects retornou 1 item(ns).
2026-08-03 10:00:29 | WARN | Cmdlet Get-PWProjectSecurity nao encontrado no ambiente. A leitura seguira apenas com FolderSecurity/TreeAccessObjects.
2026-08-03 10:00:29 | INFO | Total consolidado de acessos encontrados: 13
2026-08-03 10:00:29 | INFO | Projeto '03.11 - HS-WIM 3 - km 29 Oeste SP-280' carregado para arvore. Groups=11 | UserLists=1 | Outros=1
2026-08-03 10:00:29 | INFO | Iniciando leitura da seguranca do projeto '03.11 - HS-WIM 4' (ID: 427149)
2026-08-03 10:00:29 | INFO | Get-PWFolderSecurity retornou 14 item(ns).
2026-08-03 10:00:29 | INFO | Get-PWFolderTreeAccessObjects retornou 1 item(ns).
2026-08-03 10:00:29 | WARN | Cmdlet Get-PWProjectSecurity nao encontrado no ambiente. A leitura seguira apenas com FolderSecurity/TreeAccessObjects.
2026-08-03 10:00:29 | INFO | Total consolidado de acessos encontrados: 13
2026-08-03 10:00:29 | INFO | Projeto '03.11 - HS-WIM 4  km 29 Leste - SP-280' carregado para arvore. Groups=11 | UserLists=1 | Outros=1
2026-08-03 10:00:29 | INFO | Iniciando leitura da seguranca do projeto 'O2.05.14 - Tre Reconstrução' (ID: 423146)
2026-08-03 10:00:30 | INFO | Get-PWFolderSecurity retornou 14 item(ns).
2026-08-03 10:00:30 | INFO | Get-PWFolderTreeAccessObjects retornou 1 item(ns).
2026-08-03 10:00:30 | WARN | Cmdlet Get-PWProjectSecurity nao encontrado no ambiente. A leitura seguira apenas com FolderSecurity/TreeAccessObjects.
2026-08-03 10:00:30 | INFO | Total consolidado de acessos encontrados: 13
2026-08-03 10:00:30 | INFO | Projeto 'O2.05.14 - Trevo São Camilo Reconstrução TH-05 - km 24,075 - SP-270' carregado para arvore. Groups=11 | UserLists=1 | Outros=1
2026-08-03 10:00:30 | INFO | Iniciando leitura da seguranca do projeto 'Projeto Conceitual' (ID: 299566)
2026-08-03 10:00:31 | INFO | Get-PWFolderSecurity retornou 14 item(ns).
2026-08-03 10:00:31 | INFO | Get-PWFolderTreeAccessObjects retornou 1 item(ns).
2026-08-03 10:00:31 | WARN | Cmdlet Get-PWProjectSecurity nao encontrado no ambiente. A leitura seguira apenas com FolderSecurity/TreeAccessObjects.
2026-08-03 10:00:31 | INFO | Total consolidado de acessos encontrados: 13
2026-08-03 10:00:31 | INFO | Projeto 'Projeto Conceitual - Raposo Tavares/ Nova Ligação Embu' carregado para arvore. Groups=11 | UserLists=1 | Outros=1
2026-08-03 10:00:31 | INFO | Iniciando leitura da seguranca do projeto 'Trincheira Conexão SP' (ID: 423192)
2026-08-03 10:00:31 | INFO | Get-PWFolderSecurity retornou 14 item(ns).
2026-08-03 10:00:31 | INFO | Get-PWFolderTreeAccessObjects retornou 1 item(ns).
2026-08-03 10:00:31 | WARN | Cmdlet Get-PWProjectSecurity nao encontrado no ambiente. A leitura seguira apenas com FolderSecurity/TreeAccessObjects.
2026-08-03 10:00:31 | INFO | Total consolidado de acessos encontrados: 13
2026-08-03 10:00:31 | INFO | Projeto 'Trincheira Conexão SP TH-01 - km 10,94 - SP - 270' carregado para arvore. Groups=11 | UserLists=1 | Outros=1
2026-08-03 10:01:20 | WARN | Cmdlet 'Add-PWUserListMember' nao encontrado no ambiente.
2026-08-03 10:01:27 | WARN | Cmdlet 'Add-PWUserListMember' nao encontrado no ambiente.
2026-08-03 10:01:35 | INFO | Resumo final da execução | Total=128 | Sucesso=128 | JaExiste=0 | Erro=0
2026-08-03 10:01:39 | INFO | Sessao encerrada com 'Undo-PWLogin'.
