"Concessao";"Projeto";"CaminhoProjeto";"ConnectedProjectId";"Usuario";"Perfil";"Status";"Mensagem"
"Ecovias Araguaia";"Acesso 3° Ano - km 321+900 - BR153/GO";"Engenharia\Ecovias Araguaia\Projetos\Acesso 3°Ano 321+900";"0f10d4a0-17c4-4ab7-8c46-102982815fbd";"gestaodeprojetos@itineraconstrucoes.com.br";"ESPECIALISTA";"Simulacao";"Inclui usuario nas roles: ESPECIALISTA ao executar com -Apply."
"Ecovias Araguaia";"Acesso 3° Ano - km 355+900 - BR153/GO";"Engenharia\Ecovias Araguaia\Projetos\Acesso 3°Ano 355+900";"36db6d1c-077b-4e07-9c06-0341a7d6edcc";"gestaodeprojetos@itineraconstrucoes.com.br";"ESPECIALISTA";"Simulacao";"Inclui usuario nas roles: ESPECIALISTA ao executar com -Apply."
"Ecovias Araguaia";"Acesso 3° Ano - km 375+800 - BR414/GO";"Engenharia\Ecovias Araguaia\Projetos\Acesso 3°Ano 375+800";"e7dd53be-8204-4836-bbcb-e7dca6a347cd";"gestaodeprojetos@itineraconstrucoes.com.br";"ESPECIALISTA";"Simulacao";"Inclui usuario nas roles: ESPECIALISTA ao executar com -Apply."
"Ecovias Araguaia";"Acesso 3° Ano - km 397+050 - BR153/GO";"Engenharia\Ecovias Araguaia\Projetos\Acesso 3°Ano 397+050";"76149810-45e0-4d44-8be1-d97fe0ba5dfb";"gestaodeprojetos@itineraconstrucoes.com.br";"ESPECIALISTA";"Simulacao";"Inclui usuario nas roles: ESPECIALISTA ao executar com -Apply."
"Ecovias Araguaia";"Acesso 4° Ano - km 274+950 - BR153/GO";"Engenharia\Ecovias Araguaia\Projetos\Acesso 4°Ano 274+950";"e05b8863-0b4b-48ad-bd4f-6eb762dbd633";"gestaodeprojetos@itineraconstrucoes.com.br";"ESPECIALISTA";"Simulacao";"Inclui usuario nas roles: ESPECIALISTA ao executar com -Apply."
"Ecovias Araguaia";"Acesso 4° Ano - km 303+820 - BR153/GO";"Engenharia\Ecovias Araguaia\Projetos\Acesso 4°Ano 303+820";"e1391c2b-745d-44b1-a952-699e623a93c1";"gestaodeprojetos@itineraconstrucoes.com.br";"ESPECIALISTA";"Simulacao";"Inclui usuario nas roles: ESPECIALISTA ao executar com -Apply."
"Ecovias Araguaia";"Acesso 5° Ano - km 188+210 - BR153/GO";"Engenharia\Ecovias Araguaia\Projetos\Acesso 5°Ano 188+210";"1e3291bf-199c-4703-bc44-b9aabc5e173e";"gestaodeprojetos@itineraconstrucoes.com.br";"ESPECIALISTA";"Simulacao";"Inclui usuario nas roles: ESPECIALISTA ao executar com -Apply."
"Ecovias Araguaia";"Acesso 5° Ano - km 188+550 - BR153/GO";"Engenharia\Ecovias Araguaia\Projetos\Acesso 5°Ano 188+550";"e1b19953-5c29-4c32-8c33-18e12bbcb979";"gestaodeprojetos@itineraconstrucoes.com.br";"ESPECIALISTA";"Simulacao";"Inclui usuario nas roles: ESPECIALISTA ao executar com -Apply."
"Ecovias Araguaia";"Acesso 5° Ano - km 265+320 - BR153/GO";"Engenharia\Ecovias Araguaia\Projetos\Acesso 5°Ano 265+320";"1ee39910-0021-40e1-bf69-1064e9bec49b";"gestaodeprojetos@itineraconstrucoes.com.br";"ESPECIALISTA";"Simulacao";"Inclui usuario nas roles: ESPECIALISTA ao executar com -Apply."
"Ecovias Araguaia";"Acesso 6° Ano - km 158+630 - BR153/GO";"Engenharia\Ecovias Araguaia\Projetos\Acesso 6°Ano 158+630";"7c76c1f3-5f65-4a30-92bd-21aef293251d";"gestaodeprojetos@itineraconstrucoes.com.br";"ESPECIALISTA";"Simulacao";"Inclui usuario nas roles: ESPECIALISTA ao executar com -Apply."
"Ecovias Araguaia";"Acesso 6° Ano - km 693+000 - BR153/TO";"Engenharia\Ecovias Araguaia\Projetos\Acesso 6°Ano 693+000";"62ed2dbe-18fc-47dd-8255-aea523ef2b62";"gestaodeprojetos@itineraconstrucoes.com.br";"ESPECIALISTA";"Simulacao";"Inclui usuario nas roles: ESPECIALISTA ao executar com -Apply."
"Ecovias Araguaia";"Acesso 7° Ano - km 124+420 - BR153/GO";"Engenharia\Ecovias Araguaia\Projetos\Acesso 7°Ano 124+420";"d5ec25ff-8e7c-41ce-8308-3d60a9359e6d";"gestaodeprojetos@itineraconstrucoes.com.br";"ESPECIALISTA";"Simulacao";"Inclui usuario nas roles: ESPECIALISTA ao executar com -Apply."
"Ecovias Araguaia";"Acesso 7° Ano - km 141+870 - BR153/GO";"Engenharia\Ecovias Araguaia\Projetos\Acesso 7°Ano 141+870";"ba9771ff-244d-49bc-a170-e31e37cbefac";"gestaodeprojetos@itineraconstrucoes.com.br";"ESPECIALISTA";"Simulacao";"Inclui usuario nas roles: ESPECIALISTA ao executar com -Apply."
"Ecovias Araguaia";"Acesso 7° Ano - km 91+280 - BR153/GO";"Engenharia\Ecovias Araguaia\Projetos\Acesso 7°Ano 91+280";"2deaeffb-787f-4387-8164-3dd5498645e8";"gestaodeprojetos@itineraconstrucoes.com.br";"ESPECIALISTA";"Simulacao";"Inclui usuario nas roles: ESPECIALISTA ao executar com -Apply."
"Ecovias Araguaia";"Acesso 8° Ano - km 31+50 - BR153/GO";"Engenharia\Ecovias Araguaia\Projetos\Acesso 8°Ano 31+50";"e0346c76-173d-491b-8a6c-fd1a4bc0056c";"gestaodeprojetos@itineraconstrucoes.com.br";"ESPECIALISTA";"Simulacao";"Inclui usuario nas roles: ESPECIALISTA ao executar com -Apply."
"Ecovias Araguaia";"Acesso 8° Ano - km 72+48 - BR153/GO";"Engenharia\Ecovias Araguaia\Projetos\Acesso 8°Ano 72+48";"fa5efb85-33b4-486f-a89a-3a3da2d36d9d";"gestaodeprojetos@itineraconstrucoes.com.br";"ESPECIALISTA";"Simulacao";"Inclui usuario nas roles: ESPECIALISTA ao executar com -Apply."
"Ecovias Araguaia";"Acesso km 435+000 - BR414/GO";"Engenharia\Ecovias Araguaia\Projetos\Acesso km 35 - BR414/GO";"ac9087eb-5989-4e7c-953d-ab205aaa6ffd";"gestaodeprojetos@itineraconstrucoes.com.br";"ESPECIALISTA";"Simulacao";"Inclui usuario nas roles: ESPECIALISTA ao executar com -Apply."
"Ecovias Araguaia";"Adequação Largura de Faixa Existente - Atendimento classe 1A";"Engenharia\Ecovias Araguaia\Projetos\Atendimento classe 1A";"a2d749b0-1ef6-4d58-bd25-d7c7e94ea053";"gestaodeprojetos@itineraconstrucoes.com.br";"ESPECIALISTA";"Simulacao";"Inclui usuario nas roles: ESPECIALISTA ao executar com -Apply."
"Ecovias Araguaia";"Adequação Largura de Faixa Existente 8° Ano - BR080/GO";"Engenharia\Ecovias Araguaia\Projetos\Adequação Faixa BR-080";"85c7b5a0-066b-45d7-9434-45d5946103f2";"gestaodeprojetos@itineraconstrucoes.com.br";"ESPECIALISTA";"Simulacao";"Inclui usuario nas roles: ESPECIALISTA ao executar com -Apply."
"Ecovias Araguaia";"Adequação Largura de Faixa Existente 8° Ano - BR414/GO";"Engenharia\Ecovias Araguaia\Projetos\Adequação Faixa BR-414";"75e57cad-c1ee-4ba5-be63-377ccdd4a307";"gestaodeprojetos@itineraconstrucoes.com.br";"ESPECIALISTA";"Simulacao";"Inclui usuario nas roles: ESPECIALISTA ao executar com -Apply."
"Ecovias Araguaia";"Agulha 11 - km 672+200 - BR153/TO";"Engenharia\Ecovias Araguaia\Projetos\Agulha 11";"e3b6a29c-b1b0-4312-bca6-3d6191e218b3";"gestaodeprojetos@itineraconstrucoes.com.br";"ESPECIALISTA";"Simulacao";"Inclui usuario nas roles: ESPECIALISTA ao executar com -Apply."
"Ecovias Araguaia";"Agulha 12, 14 e 15 - km 671+672 - BR153/TO";"Engenharia\Ecovias Araguaia\Projetos\Agulha 12, 14 e 15";"0d6504b6-9983-4506-b5ce-4bf7bee61f35";"gestaodeprojetos@itineraconstrucoes.com.br";"ESPECIALISTA";"Simulacao";"Inclui usuario nas roles: ESPECIALISTA ao executar com -Apply."
"Ecovias Araguaia";"Agulha 13 - km 675+400 - BR153/TO";"Engenharia\Ecovias Araguaia\Projetos\Agulha 13";"f4e2576e-0061-4888-9e96-5e730a6a80f2";"gestaodeprojetos@itineraconstrucoes.com.br";"ESPECIALISTA";"Simulacao";"Inclui usuario nas roles: ESPECIALISTA ao executar com -Apply."
"Ecovias Araguaia";"Alças Viadutos - km 432+441 - BR153/GO";"Engenharia\Ecovias Araguaia\Projetos\Alças Viadutos km 432+441";"5b723ffb-0cc7-4f36-8506-8d8caaf76d48";"gestaodeprojetos@itineraconstrucoes.com.br";"ESPECIALISTA";"Simulacao";"Inclui usuario nas roles: ESPECIALISTA ao executar com -Apply."
"Ecovias Araguaia";"Ampliações 10° Ano SH 10 - km 71+08 - 107+120 - BR153/GO";"Engenharia\Ecovias Araguaia\Projetos\Ampliações 10°Ano SH 10";"060f59fd-1281-441a-9c3b-a35d30bf7c7e";"gestaodeprojetos@itineraconstrucoes.com.br";"ESPECIALISTA";"Simulacao";"Inclui usuario nas roles: ESPECIALISTA ao executar com -Apply."
"Ecovias Araguaia";"Ampliações 10° Ano SH 12 -  km 124+420 - 141+850 - BR153/GO";"Engenharia\Ecovias Araguaia\Projetos\Ampliações 10°Ano SH 12";"73e0c8e4-4e61-4db9-b593-fbf6ae1f0f2d";"gestaodeprojetos@itineraconstrucoes.com.br";"ESPECIALISTA";"Simulacao";"Inclui usuario nas roles: ESPECIALISTA ao executar com -Apply."
"Ecovias Araguaia";"Ampliações 20° Ano SH 1 - km 624+300 - 663+000 - BR153/TO";"Engenharia\Ecovias Araguaia\Projetos\Ampliações 20°Ano SH 1";"73c8edf6-5218-43df-a71c-f3eb247a7f8d";"gestaodeprojetos@itineraconstrucoes.com.br";"ESPECIALISTA";"Simulacao";"Inclui usuario nas roles: ESPECIALISTA ao executar com -Apply."
"Ecovias Araguaia";"Ampliações 23° Ano SH 6 - km 800+000 - 802+531 - BR153/TO";"Engenharia\Ecovias Araguaia\Projetos\Ampliações 23°Ano SH 6";"6161082b-f770-44c9-b4f3-aecc6eb4b560";"gestaodeprojetos@itineraconstrucoes.com.br";"ESPECIALISTA";"Simulacao";"Inclui usuario nas roles: ESPECIALISTA ao executar com -Apply."
"Ecovias Araguaia";"Ampliações 3° Ano SH 1* - km 622+700 - 624+300 - BR153/TO";"Engenharia\Ecovias Araguaia\Projetos\Ampliações 3° Ano SH 1";"5bfae34e-dd1a-49ab-8955-d2e2032bde5c";"gestaodeprojetos@itineraconstrucoes.com.br";"ESPECIALISTA";"Simulacao";"Inclui usuario nas roles: ESPECIALISTA ao executar com -Apply."
"Ecovias Araguaia";"Ampliações 3° Ano SH 1,5 - km 663+000 - 671+190 - BR153/TO";"Engenharia\Ecovias Araguaia\Projetos\Ampliações 3°Ano SH 1,5";"922466d5-864b-4292-8b7f-090a6ce7d2d8";"gestaodeprojetos@itineraconstrucoes.com.br";"ESPECIALISTA";"Simulacao";"Inclui usuario nas roles: ESPECIALISTA ao executar com -Apply."
"Ecovias Araguaia";"Ampliações 3° Ano SH 2* - km 671+190 - 677+000 - BR153/TO";"Engenharia\Ecovias Araguaia\Projetos\Ampliações 3°Ano SH 2*";"310d5d46-0966-4077-b7bd-eeddc8ecae4a";"gestaodeprojetos@itineraconstrucoes.com.br";"ESPECIALISTA";"Simulacao";"Inclui usuario nas roles: ESPECIALISTA ao executar com -Apply."
"Ecovias Araguaia";"Ampliações 4° Ano SH 14 - km 176+030 - 199+430 - BR153/GO";"Engenharia\Ecovias Araguaia\Projetos\Ampliações 4°Ano SH 14";"df8da846-2c0f-4d8f-ba60-1e2b1d08cc7c";"gestaodeprojetos@itineraconstrucoes.com.br";"ESPECIALISTA";"Simulacao";"Inclui usuario nas roles: ESPECIALISTA ao executar com -Apply."
"Ecovias Araguaia";"Ampliações 4° Ano SH 20 e 21 - km 288+500 - 319+240 - BR153/GO";"Engenharia\Ecovias Araguaia\Projetos\Ampliações 4°Ano SH 20 e 21";"643fd25c-51fd-4c0c-b711-55e3865ab634";"gestaodeprojetos@itineraconstrucoes.com.br";"ESPECIALISTA";"Simulacao";"Inclui usuario nas roles: ESPECIALISTA ao executar com -Apply."
"Ecovias Araguaia";"Ampliações 4° Ano SH 5* e 6* - km 797+300 - 800+000 - BR153/TO";"Engenharia\Ecovias Araguaia\Projetos\Ampliações 4°Ano SH 5* e 6*";"9d91ddb9-dd6a-4039-bf95-e662ba182b66";"gestaodeprojetos@itineraconstrucoes.com.br";"ESPECIALISTA";"Simulacao";"Inclui usuario nas roles: ESPECIALISTA ao executar com -Apply."
"Ecovias Araguaia";"Ampliações 4°Ano SH 3* e 4*- km 720+800 - 724+000 - BR153/TO";"Engenharia\Ecovias Araguaia\Projetos\Ampliações 4°Ano SH 3* e 4*";"7fc2aa3b-24ed-4278-9f43-ed387d2222fa";"gestaodeprojetos@itineraconstrucoes.com.br";"ESPECIALISTA";"Simulacao";"Inclui usuario nas roles: ESPECIALISTA ao executar com -Apply."
"Ecovias Araguaia";"Ampliações 4°Ano SH 4* - km 721+905 - 760+644 - BR153/TO";"Engenharia\Ecovias Araguaia\Projetos\Ampliações 4°Ano SH 4*";"533e03e7-e1f6-4030-a52d-90b0ffcf3a35";"gestaodeprojetos@itineraconstrucoes.com.br";"ESPECIALISTA";"Simulacao";"Inclui usuario nas roles: ESPECIALISTA ao executar com -Apply."
"Ecovias Araguaia";"Ampliações 5°Ano SH 18 e 19 - km 274+940 - 288+500 - BR153/GO";"Engenharia\Ecovias Araguaia\Projetos\Ampliações 5°Ano SH 18 e 19";"41dcf418-be1f-48da-a4f6-9bd73c21476c";"gestaodeprojetos@itineraconstrucoes.com.br";"ESPECIALISTA";"Simulacao";"Inclui usuario nas roles: ESPECIALISTA ao executar com -Apply."
"Ecovias Araguaia";"Ampliações 5°Ano SH 2 - km 677+000 - 701+900 - BR153/TO";"Engenharia\Ecovias Araguaia\Projetos\Ampliações 5°Ano SH 2";"f5a29f05-ce93-4e72-92f6-8a52dded6166";"gestaodeprojetos@itineraconstrucoes.com.br";"ESPECIALISTA";"Simulacao";"Inclui usuario nas roles: ESPECIALISTA ao executar com -Apply."
"Ecovias Araguaia";"Ampliações 5°Ano SH 22 - km 319+240 - 321+850 - BR153/GO";"Engenharia\Ecovias Araguaia\Projetos\Ampliações 5°Ano SH 22";"97f3d3f5-46c4-4eeb-8dc4-12325756dd11";"gestaodeprojetos@itineraconstrucoes.com.br";"ESPECIALISTA";"Simulacao";"Inclui usuario nas roles: ESPECIALISTA ao executar com -Apply."
"Ecovias Araguaia";"Ampliações 6° Ano SH 16 e 17 - km 212+450 - 274+940 - BR153/GO";"Engenharia\Ecovias Araguaia\Projetos\Ampliações 6°Ano SH 16 e 17";"a59cdfbd-96bf-444e-aac8-aa85f4f23526";"gestaodeprojetos@itineraconstrucoes.com.br";"ESPECIALISTA";"Simulacao";"Inclui usuario nas roles: ESPECIALISTA ao executar com -Apply."
"Ecovias Araguaia";"Ampliações 6° Ano SH 23 - km 321+850 - 357+290 - BR153/GO";"Engenharia\Ecovias Araguaia\Projetos\Ampliações 6°Ano SH 23";"73b23679-5ec0-4bf8-a6ce-901939a4cadf";"gestaodeprojetos@itineraconstrucoes.com.br";"ESPECIALISTA";"Simulacao";"Inclui usuario nas roles: ESPECIALISTA ao executar com -Apply."
"Ecovias Araguaia";"Ampliações 7° Ano SH 11 - km 107+120 - 124+420 - BR153/GO";"Engenharia\Ecovias Araguaia\Projetos\Ampliações 7°Ano SH 11";"e72f828e-3f3c-43ce-b089-172a4ef2c0a8";"gestaodeprojetos@itineraconstrucoes.com.br";"ESPECIALISTA";"Simulacao";"Inclui usuario nas roles: ESPECIALISTA ao executar com -Apply."
"Ecovias Araguaia";"Ampliações 7° Ano SH 15 - km 199+430 - 212+450 - BR153/GO";"Engenharia\Ecovias Araguaia\Projetos\Ampliações 7°Ano SH 15";"032bdfb0-e3b4-4c90-8722-74204fd5fe98";"gestaodeprojetos@itineraconstrucoes.com.br";"ESPECIALISTA";"Simulacao";"Inclui usuario nas roles: ESPECIALISTA ao executar com -Apply."
"Ecovias Araguaia";"Ampliações 7° Ano SH 24 a 26 - km 357+292 - 377+170 - BR153/GO";"Engenharia\Ecovias Araguaia\Projetos\Ampliações 7°Ano SH 24 a 26";"71cee75d-3a66-4993-9e87-1b93fc0b1a80";"gestaodeprojetos@itineraconstrucoes.com.br";"ESPECIALISTA";"Simulacao";"Inclui usuario nas roles: ESPECIALISTA ao executar com -Apply."
"Ecovias Araguaia";"Ampliações 8° Ano SH 27 e 28 - km 377+170 - 420+530 - BR153/GO";"Engenharia\Ecovias Araguaia\Projetos\Ampliações 8°Ano SH 27 e 28";"7e13aff4-ba0e-4a9b-bf3d-be7b0f4eb876";"gestaodeprojetos@itineraconstrucoes.com.br";"ESPECIALISTA";"Simulacao";"Inclui usuario nas roles: ESPECIALISTA ao executar com -Apply."
"Ecovias Araguaia";"Ampliações 8° Ano SH 29 a 30 - km 429+725 - 438+50 - BR153/GO";"Engenharia\Ecovias Araguaia\Projetos\Ampliações 8°Ano SH 29 e 30";"7728f036-853f-42b0-b4cf-6f205110728d";"gestaodeprojetos@itineraconstrucoes.com.br";"ESPECIALISTA";"Simulacao";"Inclui usuario nas roles: ESPECIALISTA ao executar com -Apply."
"Ecovias Araguaia";"Ampliações 9° Ano SH 30 - km 435+50 - 444+132 - BR153/GO";"Engenharia\Ecovias Araguaia\Projetos\Ampliações 9°Ano SH 30";"f79aa49d-fd3a-4c08-931d-af7b123e0e82";"gestaodeprojetos@itineraconstrucoes.com.br";"ESPECIALISTA";"Simulacao";"Inclui usuario nas roles: ESPECIALISTA ao executar com -Apply."
"Ecovias Araguaia";"Ampliações 9° Ano SH 42 - km 395+890 - 409+05 - BR414/GO";"Engenharia\Ecovias Araguaia\Projetos\Ampliações 9°Ano SH 42";"b417ea35-4b6b-4b5c-9d01-51f724833057";"gestaodeprojetos@itineraconstrucoes.com.br";"ESPECIALISTA";"Simulacao";"Inclui usuario nas roles: ESPECIALISTA ao executar com -Apply."
"Ecovias Araguaia";"BSO 08 (com SAU) - km 129+880 Sul - BR153/GO";"Engenharia\Ecovias Araguaia\Projetos\BSO 08 km 129+880";"";"gestaodeprojetos@itineraconstrucoes.com.br";"ESPECIALISTA";"Ignorado";"Projeto sem Connected Project associado."
"Ecovias Araguaia";"BSO 09 (sem SAU) - km 087+040 Norte - BR153/GO";"Engenharia\Ecovias Araguaia\Projetos\BSO 09 km 087+040";"";"gestaodeprojetos@itineraconstrucoes.com.br";"ESPECIALISTA";"Ignorado";"Projeto sem Connected Project associado."
"Ecovias Araguaia";"BSO 1 (sem SAU) - Anápolis - km 422+420 Norte - BR153/GO";"Engenharia\Ecovias Araguaia\Projetos\BSO 01 km 422+420";"17162cc7-b03d-41bb-8334-a27971d18f2b";"gestaodeprojetos@itineraconstrucoes.com.br";"ESPECIALISTA";"Simulacao";"Inclui usuario nas roles: ESPECIALISTA ao executar com -Apply."
"Ecovias Araguaia";"BSO 10 (sem SAU) - km 046+870 Sul - BR153/GO";"Engenharia\Ecovias Araguaia\Projetos\BSO 10 km 046+870";"";"gestaodeprojetos@itineraconstrucoes.com.br";"ESPECIALISTA";"Ignorado";"Projeto sem Connected Project associado."
"Ecovias Araguaia";"BSO 11 (com SAU) - km 409+260 Norte - BR153/GO";"Engenharia\Ecovias Araguaia\Projetos\BSO 11 km 409+260";"";"gestaodeprojetos@itineraconstrucoes.com.br";"ESPECIALISTA";"Ignorado";"Projeto sem Connected Project associado."
"Ecovias Araguaia";"BSO 12 (com SAU) - km 765+220 Sul - BR153/TO";"Engenharia\Ecovias Araguaia\Projetos\BSO 12 km 765+220";"";"gestaodeprojetos@itineraconstrucoes.com.br";"ESPECIALISTA";"Ignorado";"Projeto sem Connected Project associado."
"Ecovias Araguaia";"BSO 13 (sem SAU) - km 717+200 Norte - BR153/TO";"Engenharia\Ecovias Araguaia\Projetos\BSO 13 km 717+200";"";"gestaodeprojetos@itineraconstrucoes.com.br";"ESPECIALISTA";"Ignorado";"Projeto sem Connected Project associado."
"Ecovias Araguaia";"BSO 14 (sem SAU) - km 677+200 Sul - BR153/TO";"Engenharia\Ecovias Araguaia\Projetos\BSO 14 km 677+200";"";"gestaodeprojetos@itineraconstrucoes.com.br";"ESPECIALISTA";"Ignorado";"Projeto sem Connected Project associado."
"Ecovias Araguaia";"BSO 15 (com SAU) -  km 637+500 Norte - BR153/TO";"Engenharia\Ecovias Araguaia\Projetos\BSO 15 km 637+500";"";"gestaodeprojetos@itineraconstrucoes.com.br";"ESPECIALISTA";"Ignorado";"Projeto sem Connected Project associado."
"Ecovias Araguaia";"BSO 16 (sem SAU) - km 409+260 Norte - BR414/GO";"Engenharia\Ecovias Araguaia\Projetos\BSO 16 km 409+260";"";"gestaodeprojetos@itineraconstrucoes.com.br";"ESPECIALISTA";"Ignorado";"Projeto sem Connected Project associado."
"Ecovias Araguaia";"BSO 17 (com SAU) - km 360+120 Sul - BR414/GO";"Engenharia\Ecovias Araguaia\Projetos\BSO 17 km 360+120";"";"gestaodeprojetos@itineraconstrucoes.com.br";"ESPECIALISTA";"Ignorado";"Projeto sem Connected Project associado."
"Ecovias Araguaia";"BSO 18 (com SAU) - km 305+460 Norte - BR414/GO";"Engenharia\Ecovias Araguaia\Projetos\BSO 18 km 305+460";"";"gestaodeprojetos@itineraconstrucoes.com.br";"ESPECIALISTA";"Ignorado";"Projeto sem Connected Project associado."
"Ecovias Araguaia";"BSO 19 (sem SAU) - km 141+950 Sul - BR080/GO";"Engenharia\Ecovias Araguaia\Projetos\BSO 19 km 141+950";"";"gestaodeprojetos@itineraconstrucoes.com.br";"ESPECIALISTA";"Ignorado";"Projeto sem Connected Project associado."
"Ecovias Araguaia";"BSO 2 (sem SAU) - São Francisco de Goiás - km 380+080 Sul - BR153/GO";"Engenharia\Ecovias Araguaia\Projetos\BSO 02 -  km 380+080";"ebb88ea5-61dc-4a93-8b3e-292088f8ea01";"gestaodeprojetos@itineraconstrucoes.com.br";"ESPECIALISTA";"Simulacao";"Inclui usuario nas roles: ESPECIALISTA ao executar com -Apply."
"Ecovias Araguaia";"BSO 3 (com SAU) - Jaraguá - km 342+000 Norte - BR153/GO";"Engenharia\Ecovias Araguaia\Projetos\BSO 03 km 342+000";"3149e56e-958d-4084-9201-1e457aceb7a2";"gestaodeprojetos@itineraconstrucoes.com.br";"ESPECIALISTA";"Simulacao";"Inclui usuario nas roles: ESPECIALISTA ao executar com -Apply."
"Ecovias Araguaia";"BSO 4 (com SAU) - Rialma - km 295+280 Sul - BR153/GO";"Engenharia\Ecovias Araguaia\Projetos\BSO 04 km 295+280";"ab69abaa-31e4-4dbb-9377-3de5378fe81d";"gestaodeprojetos@itineraconstrucoes.com.br";"ESPECIALISTA";"Simulacao";"Inclui usuario nas roles: ESPECIALISTA ao executar com -Apply."
"Ecovias Araguaia";"BSO 5 (sem SAU) - São Luiz do Norte - km 256+660 Norte - BR153/GO";"Engenharia\Ecovias Araguaia\Projetos\BSO 05 km 256+660";"c831ff11-2ac1-46c8-a5bf-8bf18dc11f6b";"gestaodeprojetos@itineraconstrucoes.com.br";"ESPECIALISTA";"Simulacao";"Inclui usuario nas roles: ESPECIALISTA ao executar com -Apply."
"Ecovias Araguaia";"BSO 6 (sem SAU) - Uruaçu - km 212+760 Sul - BR153/GO";"Engenharia\Ecovias Araguaia\Projetos\BSO 06 km 212+760";"";"gestaodeprojetos@itineraconstrucoes.com.br";"ESPECIALISTA";"Ignorado";"Projeto sem Connected Project associado."
"Ecovias Araguaia";"BSO 7 (com SAU) - Campinorte - km 170+980 Norte - BR153/GO";"Engenharia\Ecovias Araguaia\Projetos\BSO 07 km 170+980";"";"gestaodeprojetos@itineraconstrucoes.com.br";"ESPECIALISTA";"Ignorado";"Projeto sem Connected Project associado."
"Ecovias Araguaia";"Dispositivo 9°Ano - km 444+122 - BR153/GO";"Engenharia\Ecovias Araguaia\Projetos\Dispositivo 9°Ano";"444d077b-51f0-45f4-9c33-db7463330142";"gestaodeprojetos@itineraconstrucoes.com.br";"ESPECIALISTA";"Simulacao";"Inclui usuario nas roles: ESPECIALISTA ao executar com -Apply."
"Ecovias Araguaia";"HS-WIM Abadiânia - km 432+174 - BR414/GO";"Engenharia\Ecovias Araguaia\Projetos\HS-WIM 2 km432+174";"d71a6fd9-7697-482e-9077-6140b8a01ada";"gestaodeprojetos@itineraconstrucoes.com.br";"ESPECIALISTA";"Simulacao";"Inclui usuario nas roles: ESPECIALISTA ao executar com -Apply."
"Ecovias Araguaia";"HS-WIM Campinorte - km 169+067 - BR153/GO";"Engenharia\Ecovias Araguaia\Projetos\HS-WIM 1 km169+067";"a8319426-3ee6-4687-8ab2-08d144df9856";"gestaodeprojetos@itineraconstrucoes.com.br";"ESPECIALISTA";"Simulacao";"Inclui usuario nas roles: ESPECIALISTA ao executar com -Apply."
"Ecovias Araguaia";"Marginal sul - km 671 - 677 - BR153/TO";"Engenharia\Ecovias Araguaia\Projetos\Marginal sul km 671-677";"2a9452c2-b943-4983-9ee4-9e3c935dbe3f";"gestaodeprojetos@itineraconstrucoes.com.br";"ESPECIALISTA";"Simulacao";"Inclui usuario nas roles: ESPECIALISTA ao executar com -Apply."
"Ecovias Araguaia";"Passarela 1 Uruaçu 4° Ano - km 197+800 - BR153/GO";"Engenharia\Ecovias Araguaia\Projetos\Passarela Uruaçu km 197";"9f6c0ea6-159f-49da-a8a6-d673ee87ea94";"gestaodeprojetos@itineraconstrucoes.com.br";"ESPECIALISTA";"Simulacao";"Inclui usuario nas roles: ESPECIALISTA ao executar com -Apply."
"Ecovias Araguaia";"Passarela 2 Uruaçu 4° Ano - Km 198+430 - BR153/GO";"Engenharia\Ecovias Araguaia\Projetos\Passarela Uruaçu km 198";"ddc3c1bf-a95b-4ed8-b951-cb211e038102";"gestaodeprojetos@itineraconstrucoes.com.br";"ESPECIALISTA";"Simulacao";"Inclui usuario nas roles: ESPECIALISTA ao executar com -Apply."
"Ecovias Araguaia";"Passarela 3 Alvorada 4° Ano - Km 759+700 - BR153/GO";"Engenharia\Ecovias Araguaia\Projetos\Passarela Alvorada Km 759";"f16d5f47-a211-444c-8b7f-3ec1e8406beb";"gestaodeprojetos@itineraconstrucoes.com.br";"ESPECIALISTA";"Simulacao";"Inclui usuario nas roles: ESPECIALISTA ao executar com -Apply."
"Ecovias Araguaia";"Passarela 4 Aliança 4° Ano - km 623+500 - BR153/TO";"Engenharia\Ecovias Araguaia\Projetos\Passarela Aliança km 623";"12ce14ea-dae0-4e6e-95b2-f4d4214d156e";"gestaodeprojetos@itineraconstrucoes.com.br";"ESPECIALISTA";"Simulacao";"Inclui usuario nas roles: ESPECIALISTA ao executar com -Apply."
"Ecovias Araguaia";"Pontos de ônibus 3° e 4° Ano - BR-153";"Engenharia\Ecovias Araguaia\Projetos\Pontos de ônibus";"91a83c9e-282f-497b-b343-8905caaaf64e";"gestaodeprojetos@itineraconstrucoes.com.br";"ESPECIALISTA";"Simulacao";"Inclui usuario nas roles: ESPECIALISTA ao executar com -Apply."
"Ecovias Araguaia";"Posto de Pesagem - km 168+000 - BR153/GO";"Engenharia\Ecovias Araguaia\Projetos\PPF km 168+000";"";"gestaodeprojetos@itineraconstrucoes.com.br";"ESPECIALISTA";"Ignorado";"Projeto sem Connected Project associado."
"Ecovias Araguaia";"Posto de Pesagem - km 171+000 - BR153/GO";"Engenharia\Ecovias Araguaia\Projetos\PPF km 171+000";"";"gestaodeprojetos@itineraconstrucoes.com.br";"ESPECIALISTA";"Ignorado";"Projeto sem Connected Project associado."
"Ecovias Araguaia";"Posto de Pesagem - km 431+300 - BR414/GO";"Engenharia\Ecovias Araguaia\Projetos\PPF km 431+300";"";"gestaodeprojetos@itineraconstrucoes.com.br";"ESPECIALISTA";"Ignorado";"Projeto sem Connected Project associado."
"Ecovias Araguaia";"PPD Talismã - km 801+020 Norte - BR153/TO";"Engenharia\Ecovias Araguaia\Projetos\PPD 01 km 801+020";"";"gestaodeprojetos@itineraconstrucoes.com.br";"ESPECIALISTA";"Ignorado";"Projeto sem Connected Project associado."
"Ecovias Araguaia";"PPD Uruaçu - km 210+900 Sul - BR153/GO";"Engenharia\Ecovias Araguaia\Projetos\PPD 02 km 210+900";"";"gestaodeprojetos@itineraconstrucoes.com.br";"ESPECIALISTA";"Ignorado";"Projeto sem Connected Project associado."
"Ecovias Araguaia";"Praça de Pedágio Aliança do Tocantins - km 640+000 - BR153/TO";"Engenharia\Ecovias Araguaia\Projetos\Praça 01 km 640+000";"";"gestaodeprojetos@itineraconstrucoes.com.br";"ESPECIALISTA";"Ignorado";"Projeto sem Connected Project associado."
"Ecovias Araguaia";"Praça de Pedágio Alvorada - km 745+555 - BR153/TO";"Engenharia\Ecovias Araguaia\Projetos\Praça 02 km 745+555";"";"gestaodeprojetos@itineraconstrucoes.com.br";"ESPECIALISTA";"Ignorado";"Projeto sem Connected Project associado."
"Ecovias Araguaia";"Praça de Pedágio Campinorte - km 182+040 - BR153/GO";"Engenharia\Ecovias Araguaia\Projetos\Praça 05 km 182+040";"";"gestaodeprojetos@itineraconstrucoes.com.br";"ESPECIALISTA";"Ignorado";"Projeto sem Connected Project associado."
"Ecovias Araguaia";"Praça de Pedágio Corumbá de Goiás - km 404+080 - BR414/GO";"Engenharia\Ecovias Araguaia\Projetos\Praça 09 km 404+080";"";"gestaodeprojetos@itineraconstrucoes.com.br";"ESPECIALISTA";"Ignorado";"Projeto sem Connected Project associado."
"Ecovias Araguaia";"Praça de Pedágio Estrela do Norte -  km 116+120 - BR153/GO";"Engenharia\Ecovias Araguaia\Projetos\Praça 04 km 116+120";"";"gestaodeprojetos@itineraconstrucoes.com.br";"ESPECIALISTA";"Ignorado";"Projeto sem Connected Project associado."
"Ecovias Araguaia";"Praça de Pedágio Hidrolina - km 233+400 - BR153/GO";"Engenharia\Ecovias Araguaia\Projetos\Praça 06 km 233+400";"";"gestaodeprojetos@itineraconstrucoes.com.br";"ESPECIALISTA";"Ignorado";"Projeto sem Connected Project associado."
"Ecovias Araguaia";"Praça de Pedágio Jaraguá - km 367+500 - BR153/GO";"Engenharia\Ecovias Araguaia\Projetos\Praça 07 km 367+500";"";"gestaodeprojetos@itineraconstrucoes.com.br";"ESPECIALISTA";"Ignorado";"Projeto sem Connected Project associado."
"Ecovias Araguaia";"Praça de Pedágio Porangatu - km 012+500 - BR153/GO";"Engenharia\Ecovias Araguaia\Projetos\Praça 03 km 012+500";"";"gestaodeprojetos@itineraconstrucoes.com.br";"ESPECIALISTA";"Ignorado";"Projeto sem Connected Project associado."
"Ecovias Araguaia";"Praça de Pedágio Santa Rita do Novo Destino - km 155+500 - BR080/GO";"Engenharia\Ecovias Araguaia\Projetos\Praça 08 km 155+500";"5e9fa82e-8f4c-4b99-9fbe-34cb31df03b3";"gestaodeprojetos@itineraconstrucoes.com.br";"ESPECIALISTA";"Simulacao";"Inclui usuario nas roles: ESPECIALISTA ao executar com -Apply."
"Ecovias Araguaia";"Retorno em U - km 668 - BR-153/TO";"Engenharia\Ecovias Araguaia\Projetos\Retorno em U km 668";"db3c5c28-2fc0-4e50-9188-d39f20dcd435";"gestaodeprojetos@itineraconstrucoes.com.br";"ESPECIALISTA";"Simulacao";"Inclui usuario nas roles: ESPECIALISTA ao executar com -Apply."
"Ecovias Araguaia";"Retornos em U 20° Ano - km 624+500 - 624+700 - BR153/TO";"Engenharia\Ecovias Araguaia\Projetos\Retornos em “U” 20";"99ceee97-601d-4150-a4e1-4f0777a679c1";"gestaodeprojetos@itineraconstrucoes.com.br";"ESPECIALISTA";"Simulacao";"Inclui usuario nas roles: ESPECIALISTA ao executar com -Apply."
"Ecovias Araguaia";"Retornos em U 24° Ano - km 1+238 - BR153/GO";"Engenharia\Ecovias Araguaia\Projetos\Retorno km 1+238";"269d66be-ac2a-4f43-803f-2a3008943570";"gestaodeprojetos@itineraconstrucoes.com.br";"ESPECIALISTA";"Simulacao";"Inclui usuario nas roles: ESPECIALISTA ao executar com -Apply."
"Ecovias Capixaba";"Alteamento de Greide - km 163 - BR101/ES";"Engenharia\Ecovias Capixaba\Projetos\Alteamento de Greide";"51c13f2f-3ee2-4822-b711-0a1e4191a31a";"gestaodeprojetos@itineraconstrucoes.com.br";"ESPECIALISTA";"Simulacao";"Inclui usuario nas roles: ESPECIALISTA ao executar com -Apply."
"Ecovias Capixaba";"Ciclovia de Linhares - km 138,794 +144,750 - BR101/ES";"Engenharia\Ecovias Capixaba\Projetos\Ciclovia de Linhares";"fb7e0380-e5ad-4201-93a1-f8e0dd7530ad";"gestaodeprojetos@itineraconstrucoes.com.br";"ESPECIALISTA";"Simulacao";"Inclui usuario nas roles: ESPECIALISTA ao executar com -Apply."
"Ecovias Capixaba";"Contorno de Fundão - km 227 + 232 - BR101/ES";"Engenharia\Ecovias Capixaba\Projetos\Contorno de Fundão";"b33b8577-c8b6-4f2a-8636-1cb79fe8e847";"gestaodeprojetos@itineraconstrucoes.com.br";"ESPECIALISTA";"Simulacao";"Inclui usuario nas roles: ESPECIALISTA ao executar com -Apply."
"Ecovias Capixaba";"Contorno de Ibiraçu - km 212 + 215 - BR101/ES";"Engenharia\Ecovias Capixaba\Projetos\Contorno de Ibiraçu";"2972c1b9-4938-4819-88ee-8aa0399e1519";"gestaodeprojetos@itineraconstrucoes.com.br";"ESPECIALISTA";"Simulacao";"Inclui usuario nas roles: ESPECIALISTA ao executar com -Apply."
"Ecovias Capixaba";"Contorno de Vitória Dispositivo 1 - km 284,710 - BR101/ES";"Engenharia\Ecovias Capixaba\Projetos\Contorno de Vitória";"c26b2400-4294-4331-a490-1aeb0a2e325c";"gestaodeprojetos@itineraconstrucoes.com.br";"ESPECIALISTA";"Simulacao";"Inclui usuario nas roles: ESPECIALISTA ao executar com -Apply."
"Ecovias Capixaba";"Contorno de Vitória Dispositivo 2 - km 287,730 - BR101/ES";"Engenharia\Ecovias Capixaba\Projetos\Contorno Dis.";"b763c0cf-7622-4a0b-9f0e-ac40e56d8056";"gestaodeprojetos@itineraconstrucoes.com.br";"ESPECIALISTA";"Simulacao";"Inclui usuario nas roles: ESPECIALISTA ao executar com -Apply."
"Ecovias Capixaba";"Contorno de Vitória Marginais - km 278,900 + 291,000 - BR101/ES";"Engenharia\Ecovias Capixaba\Projetos\Contorno Marg.";"b83f14cb-2c8b-4cc8-af10-f75eaa6a1a59";"gestaodeprojetos@itineraconstrucoes.com.br";"ESPECIALISTA";"Simulacao";"Inclui usuario nas roles: ESPECIALISTA ao executar com -Apply."
"Ecovias Capixaba";"Duplicação SH C - km 203,6 + 222,9 - BR101/ES";"Engenharia\Ecovias Capixaba\Projetos\Duplicação C";"b2a0d093-b73f-4a35-80a5-72482941a2d2";"gestaodeprojetos@itineraconstrucoes.com.br";"ESPECIALISTA";"Simulacao";"Inclui usuario nas roles: ESPECIALISTA ao executar com -Apply."
"Ecovias Capixaba";"Duplicação SH C (Contorno de Fundão) - km 222,9 + 227 - BR101/ES";"Engenharia\Ecovias Capixaba\Projetos\Dupli. Contor. de Fundão";"0c26eb3d-651b-4635-a704-fc336bbdd5fb";"gestaodeprojetos@itineraconstrucoes.com.br";"ESPECIALISTA";"Simulacao";"Inclui usuario nas roles: ESPECIALISTA ao executar com -Apply."
"Ecovias Capixaba";"Duplicação SH C (Contorno de Ibiraçu) - km 210,9 + 212 - BR101/ES";"Engenharia\Ecovias Capixaba\Projetos\Dupli. Contor. de Ibiraçu";"fc3fe767-6888-4b53-b265-340717d202a4";"gestaodeprojetos@itineraconstrucoes.com.br";"ESPECIALISTA";"Simulacao";"Inclui usuario nas roles: ESPECIALISTA ao executar com -Apply."
"Ecovias Capixaba";"Duplicação SH D1 - km 242 + 247 - BR101/ES";"Engenharia\Ecovias Capixaba\Projetos\Duplicação D1";"02829d40-9e38-4ef4-ac8f-0229db57e1e2";"gestaodeprojetos@itineraconstrucoes.com.br";"ESPECIALISTA";"Simulacao";"Inclui usuario nas roles: ESPECIALISTA ao executar com -Apply."
"Ecovias Capixaba";"Duplicação SH D2 - km 231,9 + 242 - BR101/ES";"Engenharia\Ecovias Capixaba\Projetos\Duplicação D2";"059e2f5b-b03f-4868-8f10-916046e97587";"gestaodeprojetos@itineraconstrucoes.com.br";"ESPECIALISTA";"Simulacao";"Inclui usuario nas roles: ESPECIALISTA ao executar com -Apply."
"Ecovias Capixaba";"Duplicação SH F - km 308,1 + 359,2 - BR101/ES";"Engenharia\Ecovias Capixaba\Projetos\Duplicação F";"6f431584-c23f-4726-a37e-92547004f897";"gestaodeprojetos@itineraconstrucoes.com.br";"ESPECIALISTA";"Simulacao";"Inclui usuario nas roles: ESPECIALISTA ao executar com -Apply."
"Ecovias Capixaba";"Duplicação SH G1A (ANTT) -  km 357,7 + 373,5 - BR101/ES";"Engenharia\Ecovias Capixaba\Projetos\Duplicação G1A ANTT";"f8a873e4-d9c0-46f0-a093-f3eb05c28203";"gestaodeprojetos@itineraconstrucoes.com.br";"ESPECIALISTA";"Simulacao";"Inclui usuario nas roles: ESPECIALISTA ao executar com -Apply."
"Ecovias Capixaba";"Duplicação SH G1A (Obras) -  km 357,7 + 373,5 - BR101/ES";"Engenharia\Ecovias Capixaba\Projetos\Duplicação G1A";"1f9e5deb-28a4-4cf7-a4a6-754511c9cbc7";"gestaodeprojetos@itineraconstrucoes.com.br";"ESPECIALISTA";"Simulacao";"Inclui usuario nas roles: ESPECIALISTA ao executar com -Apply."
"Ecovias Capixaba";"Duplicação SH G1B - km 380,3 + 396,8 - BR101/ES";"Engenharia\Ecovias Capixaba\Projetos\Duplicação G1B";"31129f32-46ea-4d0c-858e-52b0e3befebf";"gestaodeprojetos@itineraconstrucoes.com.br";"ESPECIALISTA";"Simulacao";"Inclui usuario nas roles: ESPECIALISTA ao executar com -Apply."
"Ecovias Capixaba";"Duplicação SH G2 -  km 396,8 + 426,7 - BR101/ES";"Engenharia\Ecovias Capixaba\Projetos\Duplicação G2";"6a3b231e-9fda-4347-b2da-48c1c0246203";"gestaodeprojetos@itineraconstrucoes.com.br";"ESPECIALISTA";"Simulacao";"Inclui usuario nas roles: ESPECIALISTA ao executar com -Apply."
"Ecovias Capixaba";"HS-WIM - Ibiraçu - km 224 - BR101/ES";"Engenharia\Ecovias Capixaba\Projetos\HS-WIM";"054785a1-382d-4ae9-a8f2-26e259ce68a9";"gestaodeprojetos@itineraconstrucoes.com.br";"ESPECIALISTA";"Simulacao";"Inclui usuario nas roles: ESPECIALISTA ao executar com -Apply."
"Ecovias Capixaba";"Marginais de Viana -  km 291,5 + 304,8 - BR101/ES";"Engenharia\Ecovias Capixaba\Projetos\Marginais de Viana";"9556b93e-cf07-4104-999d-72439ee92322";"gestaodeprojetos@itineraconstrucoes.com.br";"ESPECIALISTA";"Simulacao";"Inclui usuario nas roles: ESPECIALISTA ao executar com -Apply."
"Ecovias Capixaba";"Marginais de Vitória - km 278,200 - 291,500 - BR101/ES";"Engenharia\Ecovias Capixaba\Projetos\Vias Marginais";"a386e50a-e792-49cc-a8f1-c85d8c98a0fb";"gestaodeprojetos@itineraconstrucoes.com.br";"ESPECIALISTA";"Simulacao";"Inclui usuario nas roles: ESPECIALISTA ao executar com -Apply."
"Ecovias Capixaba";"Passarelas - km 6 - BR101/ES";"Engenharia\Ecovias Capixaba\Projetos\Passarelas 6 km";"0eae41f5-6047-4f8e-ae3d-b6878e1060e8";"gestaodeprojetos@itineraconstrucoes.com.br";"ESPECIALISTA";"Simulacao";"Inclui usuario nas roles: ESPECIALISTA ao executar com -Apply."
"Ecovias Capixaba";"Pedro Canário (km 15 + 17) / Linhares (km 146 + 150) / Timbuí (km 237 + 239) - BR101/ES";"Engenharia\Ecovias Capixaba\Projetos\Pedro Canário";"b80dc7a9-285f-470f-9efa-36c4d3c239f4";"gestaodeprojetos@itineraconstrucoes.com.br";"ESPECIALISTA";"Simulacao";"Inclui usuario nas roles: ESPECIALISTA ao executar com -Apply."
"Ecovias Capixaba";"PPD Trecho Norte - Linhares - km 169+900 - BR101/ES";"Engenharia\Ecovias Capixaba\Projetos\PPD Norte";"e221e732-7d85-4885-82a7-96d09389b8be";"gestaodeprojetos@itineraconstrucoes.com.br";"ESPECIALISTA";"Simulacao";"Inclui usuario nas roles: ESPECIALISTA ao executar com -Apply."
"Ecovias Capixaba";"PPD Trecho Sul - Serra - km 425+300 - BR101/ES";"Engenharia\Ecovias Capixaba\Projetos\PPD Sul";"3887ad62-2f26-423f-bf8e-801139045ca8";"gestaodeprojetos@itineraconstrucoes.com.br";"ESPECIALISTA";"Simulacao";"Inclui usuario nas roles: ESPECIALISTA ao executar com -Apply."
"Ecovias Cerrado";"Acesso 13° Ano - km 736+555 - BR365/MG";"Engenharia\Ecovias Cerrado\Projetos\Acesso 13° Ano 736+555";"83d6cb36-d44d-4f2e-b40c-c25f36fe3b0c";"gestaodeprojetos@itineraconstrucoes.com.br";"ESPECIALISTA";"Simulacao";"Inclui usuario nas roles: ESPECIALISTA ao executar com -Apply."
"Ecovias Cerrado";"Acesso 13° Ano - km 736+735 - BR365/MG";"Engenharia\Ecovias Cerrado\Projetos\Acesso 13° Ano 736+735";"f44d925d-1f98-4c6b-bd47-3fd996b20f62";"gestaodeprojetos@itineraconstrucoes.com.br";"ESPECIALISTA";"Simulacao";"Inclui usuario nas roles: ESPECIALISTA ao executar com -Apply."
"Ecovias Cerrado";"Acesso 13° Ano - km 745+420 - BR365/MG";"Engenharia\Ecovias Cerrado\Projetos\Acesso 13° Ano 745+420";"49a090d3-bcdb-49fe-a806-f78f635c1aa8";"gestaodeprojetos@itineraconstrucoes.com.br";"ESPECIALISTA";"Simulacao";"Inclui usuario nas roles: ESPECIALISTA ao executar com -Apply."
"Ecovias Cerrado";"Acesso 5° Ano - km 167+140 - BR364/GO";"Engenharia\Ecovias Cerrado\Projetos\Acesso 5° Ano 167+140";"d3194951-2ca2-4d87-801c-71a28593e067";"gestaodeprojetos@itineraconstrucoes.com.br";"ESPECIALISTA";"Simulacao";"Inclui usuario nas roles: ESPECIALISTA ao executar com -Apply."
"Ecovias Cerrado";"Acesso 5° Ano - km 626+050 - BR365/MG";"Engenharia\Ecovias Cerrado\Projetos\Acesso 5° Ano 626+050";"fb4620e6-3175-4d5c-8f3f-2cc75616efc1";"gestaodeprojetos@itineraconstrucoes.com.br";"ESPECIALISTA";"Simulacao";"Inclui usuario nas roles: ESPECIALISTA ao executar com -Apply."
"Ecovias Cerrado";"Acesso 5° Ano - km 630+312 - BR365/MG";"Engenharia\Ecovias Cerrado\Projetos\Acesso 5° Ano 630+312";"f97055fa-d039-4657-9981-2053f78dd22a";"gestaodeprojetos@itineraconstrucoes.com.br";"ESPECIALISTA";"Simulacao";"Inclui usuario nas roles: ESPECIALISTA ao executar com -Apply."
"Ecovias Cerrado";"Acesso 5° Ano - km 637+000 - BR365/MG";"Engenharia\Ecovias Cerrado\Projetos\Acesso 5° Ano 637+000";"9c05643c-96a7-4a2d-a393-7a8ab02116c8";"gestaodeprojetos@itineraconstrucoes.com.br";"ESPECIALISTA";"Simulacao";"Inclui usuario nas roles: ESPECIALISTA ao executar com -Apply."
"Ecovias Cerrado";"Acesso 5° Ano - km 642+340 - BR365/MG";"Engenharia\Ecovias Cerrado\Projetos\Acesso 5° Ano 642+340";"05905580-d68e-491e-aa54-b7e88e95d509";"gestaodeprojetos@itineraconstrucoes.com.br";"ESPECIALISTA";"Simulacao";"Inclui usuario nas roles: ESPECIALISTA ao executar com -Apply."
"Ecovias Cerrado";"Acesso 5° Ano - km 642+726 - BR365/MG";"Engenharia\Ecovias Cerrado\Projetos\Acesso 5° Ano 642+726";"08c399be-1af9-4e0e-bf49-0bc6922d534c";"gestaodeprojetos@itineraconstrucoes.com.br";"ESPECIALISTA";"Simulacao";"Inclui usuario nas roles: ESPECIALISTA ao executar com -Apply."
"Ecovias Cerrado";"Acesso 5° Ano - km 648+345 - BR365/MG";"Engenharia\Ecovias Cerrado\Projetos\Acesso 5° Ano 648+345";"4b2d6840-a43e-4ee6-944b-99e798d105e3";"gestaodeprojetos@itineraconstrucoes.com.br";"ESPECIALISTA";"Simulacao";"Inclui usuario nas roles: ESPECIALISTA ao executar com -Apply."
"Ecovias Cerrado";"Acesso 5° Ano - km 655+320 - BR365/MG";"Engenharia\Ecovias Cerrado\Projetos\Acesso 5° Ano 655+320";"0d27bdb4-97fc-4279-b221-e4da3911acb3";"gestaodeprojetos@itineraconstrucoes.com.br";"ESPECIALISTA";"Simulacao";"Inclui usuario nas roles: ESPECIALISTA ao executar com -Apply."
"Ecovias Cerrado";"Acesso 5° Ano - km 668+288 - BR365/MG";"Engenharia\Ecovias Cerrado\Projetos\Acesso 5° Ano 668+288";"513a53b5-8ef2-4f05-ac2b-237fb9f36f63";"gestaodeprojetos@itineraconstrucoes.com.br";"ESPECIALISTA";"Simulacao";"Inclui usuario nas roles: ESPECIALISTA ao executar com -Apply."
"Ecovias Cerrado";"Acesso 5° Ano - km 694+848 - BR365/MG";"Engenharia\Ecovias Cerrado\Projetos\Acesso 5° Ano 694+848";"069aecc5-06ac-4978-9951-dcbe5d563741";"gestaodeprojetos@itineraconstrucoes.com.br";"ESPECIALISTA";"Simulacao";"Inclui usuario nas roles: ESPECIALISTA ao executar com -Apply."
"Ecovias Cerrado";"Acesso 5° Ano - km 697+300 - BR365/MG";"Engenharia\Ecovias Cerrado\Projetos\Acesso 5° Ano 697+300";"b6876b6a-c8ad-4c34-bb49-6a88bb1f3a98";"gestaodeprojetos@itineraconstrucoes.com.br";"ESPECIALISTA";"Simulacao";"Inclui usuario nas roles: ESPECIALISTA ao executar com -Apply."
"Ecovias Cerrado";"Acesso 5° Ano - km 759+400 - BR365/MG";"Engenharia\Ecovias Cerrado\Projetos\Acesso 5° Ano 759+400";"f61745fa-3979-41a2-809a-632408ae61e1";"gestaodeprojetos@itineraconstrucoes.com.br";"ESPECIALISTA";"Simulacao";"Inclui usuario nas roles: ESPECIALISTA ao executar com -Apply."
"Ecovias Cerrado";"Acesso 5° Ano - km 772+640 - BR365/MG";"Engenharia\Ecovias Cerrado\Projetos\Acesso 5° Ano 772+640";"2df1b143-cdab-4d51-afa4-f0fa2dbc596b";"gestaodeprojetos@itineraconstrucoes.com.br";"ESPECIALISTA";"Simulacao";"Inclui usuario nas roles: ESPECIALISTA ao executar com -Apply."
"Ecovias Cerrado";"Duplicação TH 13 e 14 - km 735,6 + 753,2 - BR-365/MG";"Engenharia\Ecovias Cerrado\Projetos\Duplicação TH 13 e 14";"cc6580d9-ed38-4955-a2a0-8def3d82555c";"gestaodeprojetos@itineraconstrucoes.com.br";"ESPECIALISTA";"Simulacao";"Inclui usuario nas roles: ESPECIALISTA ao executar com -Apply."
"Ecovias Cerrado";"Faixas adicionais TH 05 - km 64,700 + 113,200 - BR364/GO";"Engenharia\Ecovias Cerrado\Projetos\Faixas Adicionais - TH 05";"4e67c35b-3ec8-4cbf-aaad-cb4cb918f106";"gestaodeprojetos@itineraconstrucoes.com.br";"ESPECIALISTA";"Simulacao";"Inclui usuario nas roles: ESPECIALISTA ao executar com -Apply."
"Ecovias Imigrantes";"105 - Estação Elevatória - km 64 - SP-150";"Engenharia\Ecovias Imigrantes\Projetos\105-Estação Elevatória km 64";"09c8f33a-acc0-4b0d-ae18-2c4180ccb683";"gestaodeprojetos@itineraconstrucoes.com.br";"ESPECIALISTA";"Simulacao";"Inclui usuario nas roles: ESPECIALISTA ao executar com -Apply."
"Ecovias Imigrantes";"126 - Iluminação km 0 - 8 SPA- 248-055 km 0 ao 8";"Engenharia\Ecovias Imigrantes\Projetos\126-Iluminação";"2b27a49d-a388-4e52-ae35-ff728cadc0b8";"gestaodeprojetos@itineraconstrucoes.com.br";"ESPECIALISTA";"Simulacao";"Inclui usuario nas roles: ESPECIALISTA ao executar com -Apply."
"Ecovias Imigrantes";"132 - Curva do S - Dispositivos - Km 291 - SP-055";"Engenharia\Ecovias Imigrantes\Projetos\132 - Curva do S - Adequação Viária Dispositivo";"d8c84018-23b7-4435-afa5-a93278e4c7f3";"gestaodeprojetos@itineraconstrucoes.com.br";"ESPECIALISTA";"Simulacao";"Inclui usuario nas roles: ESPECIALISTA ao executar com -Apply."
"Ecovias Imigrantes";"133-Marg. Hidromar-3ª Pista-km 264 ao 265-SP-055";"Engenharia\Ecovias Imigrantes\Projetos\133-Marginal Hidro-3ªPista";"1fb6b5c2-303e-4fe1-89c9-bde78a06e1ab";"gestaodeprojetos@itineraconstrucoes.com.br";"ESPECIALISTA";"Simulacao";"Inclui usuario nas roles: ESPECIALISTA ao executar com -Apply."
"Ecovias Imigrantes";"137 - Curva 1 - km 41+700 - SP-150";"Engenharia\Ecovias Imigrantes\Projetos\137 - Curva 1 - km 41+700";"";"gestaodeprojetos@itineraconstrucoes.com.br";"ESPECIALISTA";"Ignorado";"Projeto sem Connected Project associado."
"Ecovias Imigrantes";"137 - Curva 2 - km 44+580 - SP-150";"Engenharia\Ecovias Imigrantes\Projetos\137 - Curva 2 - km 44+580";"";"gestaodeprojetos@itineraconstrucoes.com.br";"ESPECIALISTA";"Ignorado";"Projeto sem Connected Project associado."
"Ecovias Imigrantes";"137 - Curva 3 - km 46+920 - SP-150";"Engenharia\Ecovias Imigrantes\Projetos\137 - Curva 3 - km 46+920";"";"gestaodeprojetos@itineraconstrucoes.com.br";"ESPECIALISTA";"Ignorado";"Projeto sem Connected Project associado."
"Ecovias Imigrantes";"137 - Curva 4 - km 44+410 - SP-150";"Engenharia\Ecovias Imigrantes\Projetos\137 - Curva 4 - km 44+410";"";"gestaodeprojetos@itineraconstrucoes.com.br";"ESPECIALISTA";"Ignorado";"Projeto sem Connected Project associado."
"Ecovias Imigrantes";"137 - Curva 5 - km 43+260 - SP-150";"Engenharia\Ecovias Imigrantes\Projetos\137 - Curva 5 - km 43+260";"";"gestaodeprojetos@itineraconstrucoes.com.br";"ESPECIALISTA";"Ignorado";"Projeto sem Connected Project associado."
"Ecovias Imigrantes";"137 - Curva 6 - km 41+730 - SP-150";"Engenharia\Ecovias Imigrantes\Projetos\137 - Curva 6 - km 41+730";"";"gestaodeprojetos@itineraconstrucoes.com.br";"ESPECIALISTA";"Ignorado";"Projeto sem Connected Project associado."
"Ecovias Imigrantes";"140 - ANPC - Dispositivo 1 - km 16 - SP-150";"Engenharia\Ecovias Imigrantes\Projetos\140  - ANPC - Dispositivos";"f5e8427e-328c-482c-a5a5-a10441946254";"gestaodeprojetos@itineraconstrucoes.com.br";"ESPECIALISTA";"Simulacao";"Inclui usuario nas roles: ESPECIALISTA ao executar com -Apply."
"Ecovias Imigrantes";"140 - ANPC - Dispositivo 2 - km 18 - SP-150";"Engenharia\Ecovias Imigrantes\Projetos\140 - ANPC - Disp 3";"a17ecee6-46ea-4d36-9dc8-1b5a6e810d6a";"gestaodeprojetos@itineraconstrucoes.com.br";"ESPECIALISTA";"Simulacao";"Inclui usuario nas roles: ESPECIALISTA ao executar com -Apply."
"Ecovias Imigrantes";"140 - ANPC - Iluminação e EPS - km 12 - 24 - SP-160";"Engenharia\Ecovias Imigrantes\Projetos\140 - ANPC - Iluminação e EPS-SP-160";"2d716fb2-cd01-4f63-8168-3e3dee515436";"gestaodeprojetos@itineraconstrucoes.com.br";"ESPECIALISTA";"Simulacao";"Inclui usuario nas roles: ESPECIALISTA ao executar com -Apply."
"Ecovias Imigrantes";"147 - Porto de Santos  - FIPS km 64 - SP - 150";"Engenharia\Ecovias Imigrantes\Projetos\147-FIP-Novo Acesso Porto";"4d436160-39c8-4c79-9421-ce62a731c2fa";"gestaodeprojetos@itineraconstrucoes.com.br";"ESPECIALISTA";"Simulacao";"Inclui usuario nas roles: ESPECIALISTA ao executar com -Apply."
"Ecovias Imigrantes";"Acesso Reprinco - km 22 - SP-150";"Engenharia\Ecovias Imigrantes\Projetos\Acesso Reprinco km 22";"";"gestaodeprojetos@itineraconstrucoes.com.br";"ESPECIALISTA";"Ignorado";"Projeto sem Connected Project associado."
"Ecovias Imigrantes";"ADC - km 40,8 Sul - SP-160";"Engenharia\Ecovias Imigrantes\Projetos\ADC Sul";"0cf3e9cc-b12c-4689-ae75-6d93831b8316";"gestaodeprojetos@itineraconstrucoes.com.br";"ESPECIALISTA";"Simulacao";"Inclui usuario nas roles: ESPECIALISTA ao executar com -Apply."
"Ecovias Imigrantes";"ANPC - Área de Escape - km 45+46 - SP-150";"Engenharia\Ecovias Imigrantes\Projetos\ANPC - Área de Escape";"b249b5a0-49d5-4b25-ac15-99728a44c3ef";"gestaodeprojetos@itineraconstrucoes.com.br";"ESPECIALISTA";"Simulacao";"Inclui usuario nas roles: ESPECIALISTA ao executar com -Apply."
"Ecovias Imigrantes";"ANPC - BSO (Com SAU) - km 47+750 - SP-150";"Engenharia\Ecovias Imigrantes\Projetos\ANPC - BSO (Com SAU)";"0c8135f9-084a-4d36-ba6e-804fcbec13db";"gestaodeprojetos@itineraconstrucoes.com.br";"ESPECIALISTA";"Simulacao";"Inclui usuario nas roles: ESPECIALISTA ao executar com -Apply."
"Ecovias Imigrantes";"ANPC - Dispositivo de Segurança 1 - Km 12 - 24 - SP-160";"Engenharia\Ecovias Imigrantes\Projetos\140 - ANPC - Dispositivo de Segurança";"154d99be-0277-4267-81ed-601590f1c7a0";"gestaodeprojetos@itineraconstrucoes.com.br";"ESPECIALISTA";"Simulacao";"Inclui usuario nas roles: ESPECIALISTA ao executar com -Apply."
"Ecovias Imigrantes";"Ciclovia - km 41,8 - 44,5 Norte - SP-160";"Engenharia\Ecovias Imigrantes\Projetos\Ciclovia Norte";"2e2a2032-7461-42cd-bcb0-dd64830b7575";"gestaodeprojetos@itineraconstrucoes.com.br";"ESPECIALISTA";"Simulacao";"Inclui usuario nas roles: ESPECIALISTA ao executar com -Apply."
"Ecovias Imigrantes";"Ciclovia Trecho 1 - km 59 - 65 - SP-160";"Engenharia\Ecovias Imigrantes\Projetos\Ciclovia Baixada Santista";"37be3cb0-d764-4196-9bb1-e3a72766ef41";"gestaodeprojetos@itineraconstrucoes.com.br";"ESPECIALISTA";"Simulacao";"Inclui usuario nas roles: ESPECIALISTA ao executar com -Apply."
"Ecovias Imigrantes";"Ciclovia Trecho 2 - km 56 - 60 - SP-150";"Engenharia\Ecovias Imigrantes\Projetos\Ciclovia Trecho 2";"da8149cb-3f4c-4cde-8f5b-b07de18d39c0";"gestaodeprojetos@itineraconstrucoes.com.br";"ESPECIALISTA";"Simulacao";"Inclui usuario nas roles: ESPECIALISTA ao executar com -Apply."
"Ecovias Imigrantes";"Ciclovia Trecho 3 - km 0 - 2 - SPI-059";"Engenharia\Ecovias Imigrantes\Projetos\Ciclovia Trecho 3";"1c979e59-1f0d-45a8-9747-252608d88d03";"gestaodeprojetos@itineraconstrucoes.com.br";"ESPECIALISTA";"Simulacao";"Inclui usuario nas roles: ESPECIALISTA ao executar com -Apply."
"Ecovias Imigrantes";"Correção 6 Curvas Trecho Serra- km 40 - 54 - SP-150";"Engenharia\Ecovias Imigrantes\Projetos\Correção 6 Curvas";"e95ce456-e5dc-42f4-87e6-4f87b14f4dea";"gestaodeprojetos@itineraconstrucoes.com.br";"ESPECIALISTA";"Simulacao";"Inclui usuario nas roles: ESPECIALISTA ao executar com -Apply."
"Ecovias Imigrantes";"Estação de bombeamento - km 42+43 - SP-160";"Engenharia\Ecovias Imigrantes\Projetos\Estação de bombeamento";"00fe5a66-e657-405b-87f2-db780c7489cb";"gestaodeprojetos@itineraconstrucoes.com.br";"ESPECIALISTA";"Simulacao";"Inclui usuario nas roles: ESPECIALISTA ao executar com -Apply."
"Ecovias Imigrantes";"Gabarito Vertical -  km 12 - SP-160";"Engenharia\Ecovias Imigrantes\Projetos\Gabarito Vertical km 12";"";"gestaodeprojetos@itineraconstrucoes.com.br";"ESPECIALISTA";"Ignorado";"Projeto sem Connected Project associado."
"Ecovias Imigrantes";"HS-WIM - km 264,50 Oeste - SP-160";"Engenharia\Ecovias Imigrantes\Projetos\HS-WIM Oeste";"e699f6ae-bab8-4b1c-9ae4-64d025a315bb";"gestaodeprojetos@itineraconstrucoes.com.br";"ESPECIALISTA";"Simulacao";"Inclui usuario nas roles: ESPECIALISTA ao executar com -Apply."
"Ecovias Imigrantes";"HS-WIM - km 265,50 Leste - SP-160";"Engenharia\Ecovias Imigrantes\Projetos\HS-WIM Leste";"00d1d3f1-8028-41cc-b514-7b0f010030f4";"gestaodeprojetos@itineraconstrucoes.com.br";"ESPECIALISTA";"Simulacao";"Inclui usuario nas roles: ESPECIALISTA ao executar com -Apply."
"Ecovias Imigrantes";"Ligação Alemoa - km 64 - SP-150";"Engenharia\Ecovias Imigrantes\Projetos\Ligação Alemoa";"b0139e6d-3f9e-4c06-abfc-08e9196e8880";"gestaodeprojetos@itineraconstrucoes.com.br";"ESPECIALISTA";"Simulacao";"Inclui usuario nas roles: ESPECIALISTA ao executar com -Apply."
"Ecovias Imigrantes";"Ligação Alemoa 3ª Faixa - km 59+000 - 61+000 - SP-150";"Engenharia\Ecovias Imigrantes\Projetos\Alemoa 3ª Faixa";"06a67993-1673-405f-9f21-6bb85164a4d0";"gestaodeprojetos@itineraconstrucoes.com.br";"ESPECIALISTA";"Simulacao";"Inclui usuario nas roles: ESPECIALISTA ao executar com -Apply."
"Ecovias Imigrantes";"Ligação Alemoa Dispositivo - km 61+000 - SP-150";"Engenharia\Ecovias Imigrantes\Projetos\Alemoa Dispositivo";"27a47986-c8c5-4d28-a5b0-40c0eb5ca947";"gestaodeprojetos@itineraconstrucoes.com.br";"ESPECIALISTA";"Simulacao";"Inclui usuario nas roles: ESPECIALISTA ao executar com -Apply."
"Ecovias Imigrantes";"Ligação Alemoa Passarela - km 60+520 - SP-150";"Engenharia\Ecovias Imigrantes\Projetos\Alemoa Passarela";"821d027e-081e-4fd3-a4fe-03998754f437";"gestaodeprojetos@itineraconstrucoes.com.br";"ESPECIALISTA";"Simulacao";"Inclui usuario nas roles: ESPECIALISTA ao executar com -Apply."
"Ecovias Imigrantes";"Ligação Alemoa Rotatória - km 62+000 - SP-150";"Engenharia\Ecovias Imigrantes\Projetos\Alemoa Rotatória";"084e75e5-787e-45b7-af55-615fe1d9e516";"gestaodeprojetos@itineraconstrucoes.com.br";"ESPECIALISTA";"Simulacao";"Inclui usuario nas roles: ESPECIALISTA ao executar com -Apply."
"Ecovias Imigrantes";"Ligação Planalto - Baixada - Corpo de Bombeiro - SP-160";"Engenharia\Ecovias Imigrantes\Projetos\Corpo de Bombeiro";"cf0b3a97-2e42-42b8-b87e-946b946784ff";"gestaodeprojetos@itineraconstrucoes.com.br";"ESPECIALISTA";"Simulacao";"Inclui usuario nas roles: ESPECIALISTA ao executar com -Apply."
"Ecovias Imigrantes";"Ligação Planalto - Baixada - SP-160";"Engenharia\Ecovias Imigrantes\Projetos\Ligação Planalto - Baixada";"3e12ff93-12b8-4619-99ca-56863dae2993";"gestaodeprojetos@itineraconstrucoes.com.br";"ESPECIALISTA";"Simulacao";"Inclui usuario nas roles: ESPECIALISTA ao executar com -Apply."
"Ecovias Imigrantes";"Marginal Hidromar - Km 263 + 268 - SP-055";"Engenharia\Ecovias Imigrantes\Projetos\Marginal Hidromar";"d4505d2c-0c52-4184-80c2-aa2092e86fb4";"gestaodeprojetos@itineraconstrucoes.com.br";"ESPECIALISTA";"Simulacao";"Inclui usuario nas roles: ESPECIALISTA ao executar com -Apply."
"Ecovias Imigrantes";"PMRv + Retorno - km 43,25 Sul - SP-160";"Engenharia\Ecovias Imigrantes\Projetos\PMRv + Retorno";"e7e9f4b2-0b4e-4bd3-a37c-d1d7592732d2";"gestaodeprojetos@itineraconstrucoes.com.br";"ESPECIALISTA";"Simulacao";"Inclui usuario nas roles: ESPECIALISTA ao executar com -Apply."
"Ecovias Imigrantes";"SAU - km 40,8 Sul - SP-160";"Engenharia\Ecovias Imigrantes\Projetos\SAU Sul";"98551f27-827d-4c88-8393-56d6cbe0057f";"gestaodeprojetos@itineraconstrucoes.com.br";"ESPECIALISTA";"Simulacao";"Inclui usuario nas roles: ESPECIALISTA ao executar com -Apply."
"Ecovias Imigrantes";"TA-01 - AVCB Túneis -SCI - Km 45+468 - SP-150";"Engenharia\Ecovias Imigrantes\Projetos\TA-01 - AVCB Túneis";"57d536c7-f0e4-4bef-8edb-22d11a83dcb8";"gestaodeprojetos@itineraconstrucoes.com.br";"ESPECIALISTA";"Simulacao";"Inclui usuario nas roles: ESPECIALISTA ao executar com -Apply."
"Ecovias Imigrantes";"TA-01 - AVCB Túneis -SCI - Km 46+410 - SP-160";"Engenharia\Ecovias Imigrantes\Projetos\TA-001 - AVCB Túneis";"5c4f59d4-84b0-4c60-ace9-c370842ad6a9";"gestaodeprojetos@itineraconstrucoes.com.br";"ESPECIALISTA";"Simulacao";"Inclui usuario nas roles: ESPECIALISTA ao executar com -Apply."
"Ecovias Imigrantes";"TA-02 - AVCB Túneis -SCI - Km 46+462 - SP-150";"Engenharia\Ecovias Imigrantes\Projetos\TA-02 - AVCB Túneis";"a497b314-0eb8-4c1f-92d3-042951edd6fa";"gestaodeprojetos@itineraconstrucoes.com.br";"ESPECIALISTA";"Simulacao";"Inclui usuario nas roles: ESPECIALISTA ao executar com -Apply."
"Ecovias Imigrantes";"TA-02 - AVCB Túneis -SCI - Km 46+893 - SP-160";"Engenharia\Ecovias Imigrantes\Projetos\TA-002 - AVCB Túneis";"c20d76b1-c8e1-4a30-8285-d56ec6e75dc1";"gestaodeprojetos@itineraconstrucoes.com.br";"ESPECIALISTA";"Simulacao";"Inclui usuario nas roles: ESPECIALISTA ao executar com -Apply."
"Ecovias Imigrantes";"TA-03 - AVCB Túneis -SCI - Km 47+828 - SP-150";"Engenharia\Ecovias Imigrantes\Projetos\TA-03 - AVCB Túneis";"1772add2-8d2c-41d0-8185-0060849bf145";"gestaodeprojetos@itineraconstrucoes.com.br";"ESPECIALISTA";"Simulacao";"Inclui usuario nas roles: ESPECIALISTA ao executar com -Apply."
"Ecovias Imigrantes";"TA-04 - AVCB Túneis -SCI - Km 47+793 - SP-160";"Engenharia\Ecovias Imigrantes\Projetos\TA-04 - AVCB Túneis";"680fd3b2-b1e1-47b0-95e7-ae0d21e41608";"gestaodeprojetos@itineraconstrucoes.com.br";"ESPECIALISTA";"Simulacao";"Inclui usuario nas roles: ESPECIALISTA ao executar com -Apply."
"Ecovias Imigrantes";"TA-05 - AVCB Túneis -SCI - Km 48+366 - SP-160";"Engenharia\Ecovias Imigrantes\Projetos\TA-05 - AVCB Túneis";"dfdbe123-7000-4b06-93cb-db272fcee773";"gestaodeprojetos@itineraconstrucoes.com.br";"ESPECIALISTA";"Simulacao";"Inclui usuario nas roles: ESPECIALISTA ao executar com -Apply."
"Ecovias Imigrantes";"TA-06 - AVCB Túneis -SCI - Km 48+816 - SP-160";"Engenharia\Ecovias Imigrantes\Projetos\TA-06 - AVCB Túneis";"f40fbcaf-6a37-43b9-a457-75f45232329e";"gestaodeprojetos@itineraconstrucoes.com.br";"ESPECIALISTA";"Simulacao";"Inclui usuario nas roles: ESPECIALISTA ao executar com -Apply."
"Ecovias Imigrantes";"TA-07 - AVCB Túneis -SCI - Km 49+336 - SP-160";"Engenharia\Ecovias Imigrantes\Projetos\TA-07 - AVCB Túneis";"539616a1-fdb8-46d5-9119-6ddc1d0899c5";"gestaodeprojetos@itineraconstrucoes.com.br";"ESPECIALISTA";"Simulacao";"Inclui usuario nas roles: ESPECIALISTA ao executar com -Apply."
"Ecovias Imigrantes";"TA-09 - AVCB Túneis -SCI - Km 50+473 - SP-160";"Engenharia\Ecovias Imigrantes\Projetos\TA-09 - AVCB Túneis";"fd786fcc-27c3-4b05-8729-b1b390ff9e72";"gestaodeprojetos@itineraconstrucoes.com.br";"ESPECIALISTA";"Simulacao";"Inclui usuario nas roles: ESPECIALISTA ao executar com -Apply."
"Ecovias Imigrantes";"TA-10/11 - AVCB Túneis -SCI - Km 51+495 - SP-160";"Engenharia\Ecovias Imigrantes\Projetos\TA-10/11 - AVCB Túneis";"1a8d0d75-b994-4f3a-8833-b7c5dbb516c6";"gestaodeprojetos@itineraconstrucoes.com.br";"ESPECIALISTA";"Simulacao";"Inclui usuario nas roles: ESPECIALISTA ao executar com -Apply."
"Ecovias Imigrantes";"TA-12 - AVCB Túneis -SCI - Km 52+842 - SP-160";"Engenharia\Ecovias Imigrantes\Projetos\TA-12 - AVCB Túneis";"2777d738-1ce2-4dba-9a38-1ad596943ff9";"gestaodeprojetos@itineraconstrucoes.com.br";"ESPECIALISTA";"Simulacao";"Inclui usuario nas roles: ESPECIALISTA ao executar com -Apply."
"Ecovias Imigrantes";"TA-13 - AVCB Túneis -SCI - Km 53+511 - SP-160";"Engenharia\Ecovias Imigrantes\Projetos\TA-13 - AVCB Túneis";"6e9e3599-ff4d-4e1d-ad94-e29c63c663f5";"gestaodeprojetos@itineraconstrucoes.com.br";"ESPECIALISTA";"Simulacao";"Inclui usuario nas roles: ESPECIALISTA ao executar com -Apply."
"Ecovias Imigrantes";"TA-14 - AVCB Túneis -SCI - Km 54+339 - SP-160";"Engenharia\Ecovias Imigrantes\Projetos\TA-14 - AVCB Túneis";"711ad7f7-468d-4744-bf69-4c2306e259ef";"gestaodeprojetos@itineraconstrucoes.com.br";"ESPECIALISTA";"Simulacao";"Inclui usuario nas roles: ESPECIALISTA ao executar com -Apply."
"Ecovias Imigrantes";"TD-00 - AVCB Túneis - SCI - Km 47+383 - SP-160";"Engenharia\Ecovias Imigrantes\Projetos\TD-00 - AVCB Túneis";"0a617e00-1144-40cb-9007-9c64fab34af6";"gestaodeprojetos@itineraconstrucoes.com.br";"ESPECIALISTA";"Simulacao";"Inclui usuario nas roles: ESPECIALISTA ao executar com -Apply."
"Ecovias Imigrantes";"TD-01 - AVCB Túneis - SCI - Km 45+693 - SP-150";"Engenharia\Ecovias Imigrantes\Projetos\TD-01 - AVCB";"cf6c47eb-7d7b-48cb-ae83-0ef18dc18ebb";"gestaodeprojetos@itineraconstrucoes.com.br";"ESPECIALISTA";"Simulacao";"Inclui usuario nas roles: ESPECIALISTA ao executar com -Apply."
"Ecovias Imigrantes";"TD-01 - AVCB Túneis -SCI - Km 47+383 - SP-160";"Engenharia\Ecovias Imigrantes\Projetos\TD-01 - AVCB Túneis";"d2223bf5-e378-4777-9d57-fbcabbd6c07f";"gestaodeprojetos@itineraconstrucoes.com.br";"ESPECIALISTA";"Simulacao";"Inclui usuario nas roles: ESPECIALISTA ao executar com -Apply."
"Ecovias Imigrantes";"TD-02 - AVCB Túneis -SCI - Km 46+758 - SP-150";"Engenharia\Ecovias Imigrantes\Projetos\TD-02 - AVCB Túneis";"f08b5745-6aa7-41a2-bcf4-f7eba3f05263";"gestaodeprojetos@itineraconstrucoes.com.br";"ESPECIALISTA";"Simulacao";"Inclui usuario nas roles: ESPECIALISTA ao executar com -Apply."
"Ecovias Imigrantes";"Túnel Quilombo - Km 252+980 - SP-055";"Engenharia\Ecovias Imigrantes\Projetos\Túnel Quilombo";"e066c493-0e3e-4eaf-8b99-0fc946ff7dbc";"gestaodeprojetos@itineraconstrucoes.com.br";"ESPECIALISTA";"Simulacao";"Inclui usuario nas roles: ESPECIALISTA ao executar com -Apply."
"Ecovias Leste Paulista";"062 - Iluminação km 11 - 45 - SP-070";"Engenharia\Ecovias Leste Paulista\Projetos\062-Iluminação";"da3e9d97-13ec-4156-b482-a277d3a73e58";"gestaodeprojetos@itineraconstrucoes.com.br";"ESPECIALISTA";"Simulacao";"Inclui usuario nas roles: ESPECIALISTA ao executar com -Apply."
"Ecovias Leste Paulista";"Marginal Taboão km 45-51 + Alças km 36 e 38";"Engenharia\Ecovias Leste Paulista\Projetos\Marginal Taboão";"c159db7f-39e9-4408-b5a2-1d97e9c138c3";"gestaodeprojetos@itineraconstrucoes.com.br";"ESPECIALISTA";"Simulacao";"Inclui usuario nas roles: ESPECIALISTA ao executar com -Apply."
"Ecovias Leste Paulista";"Prolongamento Carvalho Pinto - km 134 - SP 070";"Engenharia\Ecovias Leste Paulista\Projetos\Prolon Carvalho Pinto";"70d65c41-257f-4e9e-a9fb-5ecaf94ef91c";"gestaodeprojetos@itineraconstrucoes.com.br";"ESPECIALISTA";"Simulacao";"Inclui usuario nas roles: ESPECIALISTA ao executar com -Apply."
"Ecovias Leste Paulista";"Retornos e Implantação/Ampliação de Marginais km 19-29";"Engenharia\Ecovias Leste Paulista\Projetos\Marginais km 19-29";"9b232ba7-9ab0-429a-ad58-d96efd425ecd";"gestaodeprojetos@itineraconstrucoes.com.br";"ESPECIALISTA";"Simulacao";"Inclui usuario nas roles: ESPECIALISTA ao executar com -Apply."
"Ecovias Leste Paulista";"Viaduto Imigrante Nordestino e Monteiro Lobato";"Engenharia\Ecovias Leste Paulista\Projetos\Viaduto Imigrante";"";"gestaodeprojetos@itineraconstrucoes.com.br";"ESPECIALISTA";"Ignorado";"Projeto sem Connected Project associado."
"Ecovias Minas Goiás";"Adequação do Dispositivo - km 180 - BR050/MG";"Engenharia\Ecovias Minas Goiás\Projetos\Adequação do Dispositivo - Km 180";"fe5d53a0-9132-4003-b541-02f7ee6e02bb";"gestaodeprojetos@itineraconstrucoes.com.br";"ESPECIALISTA";"Simulacao";"Inclui usuario nas roles: ESPECIALISTA ao executar com -Apply."
"Ecovias Minas Goiás";"Adequações Viárias Uberaba - km 178,150 + 179,500 - BR050/MG";"Engenharia\Ecovias Minas Goiás\Projetos\Adequações Viárias";"5229fdc3-674c-4a16-8c72-b53d2e3abeaf";"gestaodeprojetos@itineraconstrucoes.com.br";"ESPECIALISTA";"Simulacao";"Inclui usuario nas roles: ESPECIALISTA ao executar com -Apply."
"Ecovias Minas Goiás";"Área de Escape - km 54+300 - BR050/MG";"Engenharia\Ecovias Minas Goiás\Projetos\Escape km 54+300";"2629bcb1-8e65-4f7c-a910-5769deb4685d";"gestaodeprojetos@itineraconstrucoes.com.br";"ESPECIALISTA";"Simulacao";"Inclui usuario nas roles: ESPECIALISTA ao executar com -Apply."
"Ecovias Minas Goiás";"Área de Escape - km 56+100 - BR050/MG";"Engenharia\Ecovias Minas Goiás\Projetos\Escape km 56+100";"07a31157-e216-4302-b507-2ef721a65660";"gestaodeprojetos@itineraconstrucoes.com.br";"ESPECIALISTA";"Simulacao";"Inclui usuario nas roles: ESPECIALISTA ao executar com -Apply."
"Ecovias Minas Goiás";"Duplicação Catalão - km 275,400 + 286,800 - BR050/GO";"Engenharia\Ecovias Minas Goiás\Projetos\Duplicação Catalão";"fab9c92e-97e8-4108-b06d-a85d949ebc31";"gestaodeprojetos@itineraconstrucoes.com.br";"ESPECIALISTA";"Simulacao";"Inclui usuario nas roles: ESPECIALISTA ao executar com -Apply."
"Ecovias Minas Goiás";"Duplicação Cristalina - km 95,700 + 101,200 - BR050/GO";"Engenharia\Ecovias Minas Goiás\Projetos\Duplicação Cristalina";"96b1da45-067c-4072-a30c-a383dd05d540";"gestaodeprojetos@itineraconstrucoes.com.br";"ESPECIALISTA";"Simulacao";"Inclui usuario nas roles: ESPECIALISTA ao executar com -Apply."
"Ecovias Minas Goiás";"PPD - km 6+500 - BR050/MG";"Engenharia\Ecovias Minas Goiás\Projetos\PPD km 6+500";"ef44645a-36ac-45fe-8572-7026495abdbf";"gestaodeprojetos@itineraconstrucoes.com.br";"ESPECIALISTA";"Simulacao";"Inclui usuario nas roles: ESPECIALISTA ao executar com -Apply."
"Ecovias Minas Goiás";"Recuperação Uberaba - km 178,150 + 179,500 - BR050/MG";"Engenharia\Ecovias Minas Goiás\Projetos\Recuperação Uberaba";"b455f3ad-8b45-4206-9548-839dad3681d9";"gestaodeprojetos@itineraconstrucoes.com.br";"ESPECIALISTA";"Simulacao";"Inclui usuario nas roles: ESPECIALISTA ao executar com -Apply."
"Ecovias Minas Goiás";"Retorno em Nível - km 302+500 - BR050/GO";"Engenharia\Ecovias Minas Goiás\Projetos\Retorno em Nível";"d5ad73c3-ca08-45a2-84e5-a8b00448b4b7";"gestaodeprojetos@itineraconstrucoes.com.br";"ESPECIALISTA";"Simulacao";"Inclui usuario nas roles: ESPECIALISTA ao executar com -Apply."
"Ecovias Noroeste Paulista";"01.01.01.01 - Duplicação TH 39 - km 157,6 + 159,6 - SP-333";"Engenharia\Ecovias Noroeste Paulista\Projetos\01.01.01.01";"da5fbcd7-9324-4d90-b8f6-afe7a69cd9ae";"gestaodeprojetos@itineraconstrucoes.com.br";"ESPECIALISTA";"Simulacao";"Inclui usuario nas roles: ESPECIALISTA ao executar com -Apply."
"Ecovias Noroeste Paulista";"01.01.01.02 - Duplicação TH 40 - km 159,6 + 173,5 - SP-333";"Engenharia\Ecovias Noroeste Paulista\Projetos\01.01.01.02";"df5d89b3-f876-46c9-a375-b969482a57ab";"gestaodeprojetos@itineraconstrucoes.com.br";"ESPECIALISTA";"Simulacao";"Inclui usuario nas roles: ESPECIALISTA ao executar com -Apply."
"Ecovias Noroeste Paulista";"01.01.01.03 - Duplicação TH 41 - km 173,5 + 182,2 - SP-333";"Engenharia\Ecovias Noroeste Paulista\Projetos\01.01.01.03";"4bd0d076-2ce1-4a6f-9bbf-5abab29104ce";"gestaodeprojetos@itineraconstrucoes.com.br";"ESPECIALISTA";"Simulacao";"Inclui usuario nas roles: ESPECIALISTA ao executar com -Apply."
"Ecovias Noroeste Paulista";"01.01.01.04 - Duplicação TH 42 - km 182,2 + 212,5 - SP-333";"Engenharia\Ecovias Noroeste Paulista\Projetos\01.01.01.04";"c636ed29-9ead-4752-abe1-616bd2644aa1";"gestaodeprojetos@itineraconstrucoes.com.br";"ESPECIALISTA";"Simulacao";"Inclui usuario nas roles: ESPECIALISTA ao executar com -Apply."
"Ecovias Noroeste Paulista";"01.01.01.05 - Duplicação TH 44- km 155,6 + 156,2 - SP-351";"Engenharia\Ecovias Noroeste Paulista\Projetos\01.01.01.05";"2c410832-5ae1-4aaa-a147-2ec4b83e7b3b";"gestaodeprojetos@itineraconstrucoes.com.br";"ESPECIALISTA";"Simulacao";"Inclui usuario nas roles: ESPECIALISTA ao executar com -Apply."
"Ecovias Noroeste Paulista";"01.01.01.06 - Duplicação TH 45 - km 157,3 + 166,3 - SP-351";"Engenharia\Ecovias Noroeste Paulista\Projetos\01.01.01.06";"cf2d3df3-28b7-4630-a6f4-a1cfda3e57eb";"gestaodeprojetos@itineraconstrucoes.com.br";"ESPECIALISTA";"Simulacao";"Inclui usuario nas roles: ESPECIALISTA ao executar com -Apply."
"Ecovias Noroeste Paulista";"01.01.01.07 - Duplicação TH 46 - km 166,3 + 186,0 - SP-351";"Engenharia\Ecovias Noroeste Paulista\Projetos\01.01.01.07";"185eb150-58b2-41aa-8866-0102c2564e90";"gestaodeprojetos@itineraconstrucoes.com.br";"ESPECIALISTA";"Simulacao";"Inclui usuario nas roles: ESPECIALISTA ao executar com -Apply."
"Ecovias Noroeste Paulista";"01.01.01.08 - Duplicação TH 47 - km 186,0 + 193,8 - SP-351";"Engenharia\Ecovias Noroeste Paulista\Projetos\01.01.01.08";"2df9514c-ba54-41a2-9c5f-a78cebdae2cd";"gestaodeprojetos@itineraconstrucoes.com.br";"ESPECIALISTA";"Simulacao";"Inclui usuario nas roles: ESPECIALISTA ao executar com -Apply."
"Ecovias Noroeste Paulista";"01.01.01.09 - Duplicação TH 48 - km 193,8 + 210,8 - SP-351";"Engenharia\Ecovias Noroeste Paulista\Projetos\01.01.01.09";"60e339bb-7ce8-4d6c-bed9-49e74414dcb8";"gestaodeprojetos@itineraconstrucoes.com.br";"ESPECIALISTA";"Simulacao";"Inclui usuario nas roles: ESPECIALISTA ao executar com -Apply."
"Ecovias Noroeste Paulista";"01.01.02.01 - Faixas Adicionais TH 02 - km 241,8 + 267,7 - SP-310";"Engenharia\Ecovias Noroeste Paulista\Projetos\01.01.02.01";"de970ed2-fae6-4e0c-b1e7-2b71ba2f5ee6";"gestaodeprojetos@itineraconstrucoes.com.br";"ESPECIALISTA";"Simulacao";"Inclui usuario nas roles: ESPECIALISTA ao executar com -Apply."
"Ecovias Noroeste Paulista";"01.01.02.02 - Faixas Adicionais TH 03 - km 267,7 + 282,4 - SP-310";"Engenharia\Ecovias Noroeste Paulista\Projetos\01.01.02.02";"5403cac8-059b-4d89-a817-1899082e3b2a";"gestaodeprojetos@itineraconstrucoes.com.br";"ESPECIALISTA";"Simulacao";"Inclui usuario nas roles: ESPECIALISTA ao executar com -Apply."
"Ecovias Noroeste Paulista";"01.01.02.03 - Faixas Adicionais TH 04 - km 282,4 + 293,0 - SP-310";"Engenharia\Ecovias Noroeste Paulista\Projetos\01.01.02.03";"73d55551-b67a-4249-9ee0-85be7c383615";"gestaodeprojetos@itineraconstrucoes.com.br";"ESPECIALISTA";"Simulacao";"Inclui usuario nas roles: ESPECIALISTA ao executar com -Apply."
"Ecovias Noroeste Paulista";"01.01.02.04 - Faixas Adicionais TH-09 - 320,4 + 321,6 - SP-310";"Engenharia\Ecovias Noroeste Paulista\Projetos\01.01.02.04";"66c777ab-7dfb-459e-81cc-8012f7be67bf";"gestaodeprojetos@itineraconstrucoes.com.br";"ESPECIALISTA";"Simulacao";"Inclui usuario nas roles: ESPECIALISTA ao executar com -Apply."
"Ecovias Noroeste Paulista";"01.02.01.01 - OAE / OACs TH 40 - km 159,6 + 173,5 - SP-333";"Engenharia\Ecovias Noroeste Paulista\Projetos\01.02.01.01";"54d9f73c-ac64-4a0a-9a49-565a6b78e6ac";"gestaodeprojetos@itineraconstrucoes.com.br";"ESPECIALISTA";"Simulacao";"Inclui usuario nas roles: ESPECIALISTA ao executar com -Apply."
"Ecovias Noroeste Paulista";"01.02.01.02 - OAE / OACs TH 41 - km 173,5 + 182,2 - SP-333";"Engenharia\Ecovias Noroeste Paulista\Projetos\01.02.01.02";"";"gestaodeprojetos@itineraconstrucoes.com.br";"ESPECIALISTA";"Ignorado";"Projeto sem Connected Project associado."
"Ecovias Noroeste Paulista";"01.02.01.03 - OAE / OACs TH 42 - km 182,2 + 212,5 - SP-333";"Engenharia\Ecovias Noroeste Paulista\Projetos\01.02.01.03";"";"gestaodeprojetos@itineraconstrucoes.com.br";"ESPECIALISTA";"Ignorado";"Projeto sem Connected Project associado."
"Ecovias Noroeste Paulista";"01.02.01.04 - OAE / OACs TH 45 - km 157,3 +166,3 - SP-351";"Engenharia\Ecovias Noroeste Paulista\Projetos\01.02.01.04";"";"gestaodeprojetos@itineraconstrucoes.com.br";"ESPECIALISTA";"Ignorado";"Projeto sem Connected Project associado."
"Ecovias Noroeste Paulista";"01.02.01.05 - OAE / OACs TH-46 - km 166,3 + 186,0 - SP-351";"Engenharia\Ecovias Noroeste Paulista\Projetos\01.02.01.05";"";"gestaodeprojetos@itineraconstrucoes.com.br";"ESPECIALISTA";"Ignorado";"Projeto sem Connected Project associado."
"Ecovias Noroeste Paulista";"01.02.01.06 - OAE / OACs TH-47 - km 186,0 + 193,8 - SP-351";"Engenharia\Ecovias Noroeste Paulista\Projetos\01.02.01.06-OAE/OACs TH-47";"9163c899-2ba7-4b25-bb8b-a73f334f9355";"gestaodeprojetos@itineraconstrucoes.com.br";"ESPECIALISTA";"Simulacao";"Inclui usuario nas roles: ESPECIALISTA ao executar com -Apply."
"Ecovias Noroeste Paulista";"01.02.01.07 - OAE / OACs TH 48 - km 193,8 + 210,8 - SP-351";"Engenharia\Ecovias Noroeste Paulista\Projetos\01.02.01.07";"";"gestaodeprojetos@itineraconstrucoes.com.br";"ESPECIALISTA";"Ignorado";"Projeto sem Connected Project associado."
"Ecovias Noroeste Paulista";"01.02.02.01 - Ampliações TH 02 - km 241,8 + 267,7 - SP-310";"Engenharia\Ecovias Noroeste Paulista\Projetos\01.02.02.01";"3b0ff334-6fc8-42d4-821f-6072730be261";"gestaodeprojetos@itineraconstrucoes.com.br";"ESPECIALISTA";"Simulacao";"Inclui usuario nas roles: ESPECIALISTA ao executar com -Apply."
"Ecovias Noroeste Paulista";"01.02.02.02 - Ampliações OAE / OAC TH 03  - km 267,7 + 282,4 - SP-310";"Engenharia\Ecovias Noroeste Paulista\Projetos\01.02.02.02";"1f868c37-492b-44d1-830b-789fa9ad28f7";"gestaodeprojetos@itineraconstrucoes.com.br";"ESPECIALISTA";"Simulacao";"Inclui usuario nas roles: ESPECIALISTA ao executar com -Apply."
"Ecovias Noroeste Paulista";"01.02.02.03 - OAE / OACs TH 04 - km 282,4 + 293,0 - SP-310";"Engenharia\Ecovias Noroeste Paulista\Projetos\01.02.02.03";"";"gestaodeprojetos@itineraconstrucoes.com.br";"ESPECIALISTA";"Ignorado";"Projeto sem Connected Project associado."
"Ecovias Noroeste Paulista";"01.03.01 - Intervenções TH 16 - km 425,000 + 454,300 - SP-310";"Engenharia\Ecovias Noroeste Paulista\Projetos\01.03.01";"07b0f25b-aefd-4f51-b6b8-2bf07589f26b";"gestaodeprojetos@itineraconstrucoes.com.br";"ESPECIALISTA";"Simulacao";"Inclui usuario nas roles: ESPECIALISTA ao executar com -Apply."
"Ecovias Noroeste Paulista";"01.03.02 - Intervenções TH 01 - km 227,800 + 242,500 - SP-310";"Engenharia\Ecovias Noroeste Paulista\Projetos\01.03.02";"af7e2556-31de-4caf-8f09-1e5e6a931d7b";"gestaodeprojetos@itineraconstrucoes.com.br";"ESPECIALISTA";"Simulacao";"Inclui usuario nas roles: ESPECIALISTA ao executar com -Apply."
"Ecovias Noroeste Paulista";"01.03.03 - Duplicação TH 36/37/38 -  km 144,000 + 158,000 - SP-333";"Engenharia\Ecovias Noroeste Paulista\Projetos\01.03.03";"0c5e2f46-e84b-4b54-b4c8-62d544012d96";"gestaodeprojetos@itineraconstrucoes.com.br";"ESPECIALISTA";"Simulacao";"Inclui usuario nas roles: ESPECIALISTA ao executar com -Apply."
"Ecovias Noroeste Paulista";"01.03.04 - Viaduto TH 16 - km 439+700 - SP-310";"Engenharia\Ecovias Noroeste Paulista\Projetos\01.03.04";"4f167e1e-a280-4778-8103-714c9dcb2e3e";"gestaodeprojetos@itineraconstrucoes.com.br";"ESPECIALISTA";"Simulacao";"Inclui usuario nas roles: ESPECIALISTA ao executar com -Apply."
"Ecovias Noroeste Paulista";"02.01.01.01 - Adequação de OAEs SP-310";"Engenharia\Ecovias Noroeste Paulista\Projetos\02.01.01.01";"";"gestaodeprojetos@itineraconstrucoes.com.br";"ESPECIALISTA";"Ignorado";"Projeto sem Connected Project associado."
"Ecovias Noroeste Paulista";"02.01.01.02 - Adequação de OAEs SP-323";"Engenharia\Ecovias Noroeste Paulista\Projetos\02.01.01.02";"";"gestaodeprojetos@itineraconstrucoes.com.br";"ESPECIALISTA";"Ignorado";"Projeto sem Connected Project associado."
"Ecovias Noroeste Paulista";"02.01.01.03 - Adequação de OAEs SP-326";"Engenharia\Ecovias Noroeste Paulista\Projetos\02.01.01.03";"";"gestaodeprojetos@itineraconstrucoes.com.br";"ESPECIALISTA";"Ignorado";"Projeto sem Connected Project associado."
"Ecovias Noroeste Paulista";"02.01.01.04 - Adequações de OAEs SP-333";"Engenharia\Ecovias Noroeste Paulista\Projetos\02.01.01.04";"";"gestaodeprojetos@itineraconstrucoes.com.br";"ESPECIALISTA";"Ignorado";"Projeto sem Connected Project associado."
"Ecovias Noroeste Paulista";"02.01.01.05 - Adequações de OAEs SP-351";"Engenharia\Ecovias Noroeste Paulista\Projetos\02.01.01.05";"";"gestaodeprojetos@itineraconstrucoes.com.br";"ESPECIALISTA";"Ignorado";"Projeto sem Connected Project associado."
"Ecovias Noroeste Paulista";"02.02.01.01 - Dispositivo - km 301+308,42 - SP-310";"Engenharia\Ecovias Noroeste Paulista\Projetos\02.02.01.01";"";"gestaodeprojetos@itineraconstrucoes.com.br";"ESPECIALISTA";"Ignorado";"Projeto sem Connected Project associado."
"Ecovias Noroeste Paulista";"02.02.01.01.01 - Dispositivo TH 07 - km 304,7 - SP-310";"Engenharia\Ecovias Noroeste Paulista\Projetos\02.02.01.01.01";"6cf282ff-7fa1-4a11-9423-968e16d7f816";"gestaodeprojetos@itineraconstrucoes.com.br";"ESPECIALISTA";"Simulacao";"Inclui usuario nas roles: ESPECIALISTA ao executar com -Apply."
"Ecovias Noroeste Paulista";"02.02.01.02.01 - Dispositivo TH 18 - km 13,3 - SP-323";"Engenharia\Ecovias Noroeste Paulista\Projetos\02.02.01.02.01";"349b58c6-4b4e-42a3-b6c8-46b0de77ee14";"gestaodeprojetos@itineraconstrucoes.com.br";"ESPECIALISTA";"Simulacao";"Inclui usuario nas roles: ESPECIALISTA ao executar com -Apply."
"Ecovias Noroeste Paulista";"02.02.01.02.02 - Dispositivo TH 19 - km 15,2 - SP-323";"Engenharia\Ecovias Noroeste Paulista\Projetos\02.02.01.02.02";"a8d0c648-723c-404a-9985-456be497164f";"gestaodeprojetos@itineraconstrucoes.com.br";"ESPECIALISTA";"Simulacao";"Inclui usuario nas roles: ESPECIALISTA ao executar com -Apply."
"Ecovias Noroeste Paulista";"02.02.01.03.01 - Dispositivo TH 20 - km 20,4 - SP-323";"Engenharia\Ecovias Noroeste Paulista\Projetos\02.02.01.03.01";"2973ba9a-a459-401e-a4fb-f20afa252aff";"gestaodeprojetos@itineraconstrucoes.com.br";"ESPECIALISTA";"Simulacao";"Inclui usuario nas roles: ESPECIALISTA ao executar com -Apply."
"Ecovias Noroeste Paulista";"02.02.01.04.01 - Dispositivo TH 21 - km 25,5 - SP-323";"Engenharia\Ecovias Noroeste Paulista\Projetos\02.02.01.04.01";"2afbaf38-c639-491b-b52c-e5578f674132";"gestaodeprojetos@itineraconstrucoes.com.br";"ESPECIALISTA";"Simulacao";"Inclui usuario nas roles: ESPECIALISTA ao executar com -Apply."
"Ecovias Noroeste Paulista";"02.02.01.04.02 - Dispositivo TH 21 - km 26,1 - SP-323";"Engenharia\Ecovias Noroeste Paulista\Projetos\02.02.01.04.02";"";"gestaodeprojetos@itineraconstrucoes.com.br";"ESPECIALISTA";"Ignorado";"Projeto sem Connected Project associado."
"Ecovias Noroeste Paulista";"02.02.01.05.01 - Dispositivo TH 22 - km 33,0 - SP-323";"Engenharia\Ecovias Noroeste Paulista\Projetos\02.02.01.05.01";"12040464-3025-42d7-8dda-69bc252ce786";"gestaodeprojetos@itineraconstrucoes.com.br";"ESPECIALISTA";"Simulacao";"Inclui usuario nas roles: ESPECIALISTA ao executar com -Apply."
"Ecovias Noroeste Paulista";"02.02.01.06.01 - Dispositivo TH 24 - km 40,6 - SP-323";"Engenharia\Ecovias Noroeste Paulista\Projetos\02.02.01.06.01";"5117b551-1ed7-4aff-a830-486b3a836250";"gestaodeprojetos@itineraconstrucoes.com.br";"ESPECIALISTA";"Simulacao";"Inclui usuario nas roles: ESPECIALISTA ao executar com -Apply."
"Ecovias Noroeste Paulista";"02.02.01.07.01 - Dispositivo TH 40 - km 159,8 - SP-333";"Engenharia\Ecovias Noroeste Paulista\Projetos\02.02.01.07.01";"ec15a823-b501-486d-86b1-0523dd24e31d";"gestaodeprojetos@itineraconstrucoes.com.br";"ESPECIALISTA";"Simulacao";"Inclui usuario nas roles: ESPECIALISTA ao executar com -Apply."
"Ecovias Noroeste Paulista";"02.02.01.08.01 - Dispositivo TH 40 - km 168,3 - SP-333";"Engenharia\Ecovias Noroeste Paulista\Projetos\02.02.01.08.01";"742df7e1-4513-4a92-89d6-500117ca3136";"gestaodeprojetos@itineraconstrucoes.com.br";"ESPECIALISTA";"Simulacao";"Inclui usuario nas roles: ESPECIALISTA ao executar com -Apply."
"Ecovias Noroeste Paulista";"02.02.01.08.02 - Dispositivo TH 40 - km 173,4 - SP-333";"Engenharia\Ecovias Noroeste Paulista\Projetos\02.02.01.08.02";"20ade866-a30f-4426-956e-f2a4d5f14828";"gestaodeprojetos@itineraconstrucoes.com.br";"ESPECIALISTA";"Simulacao";"Inclui usuario nas roles: ESPECIALISTA ao executar com -Apply."
"Ecovias Noroeste Paulista";"02.02.01.09.01 - Dispositivo TH 41 - km 179,9 - SP 333";"Engenharia\Ecovias Noroeste Paulista\Projetos\02.02.01.09.01";"";"gestaodeprojetos@itineraconstrucoes.com.br";"ESPECIALISTA";"Ignorado";"Projeto sem Connected Project associado."
"Ecovias Noroeste Paulista";"02.02.01.10.01 - Dispositivo TH 42 - km 190,0 - SP 333";"Engenharia\Ecovias Noroeste Paulista\Projetos\02.02.01.10.01";"";"gestaodeprojetos@itineraconstrucoes.com.br";"ESPECIALISTA";"Ignorado";"Projeto sem Connected Project associado."
"Ecovias Noroeste Paulista";"02.02.01.11.01 - Dispositivo TH 42 - km 203,4 - SP 333";"Engenharia\Ecovias Noroeste Paulista\Projetos\02.02.01.11.01";"";"gestaodeprojetos@itineraconstrucoes.com.br";"ESPECIALISTA";"Ignorado";"Projeto sem Connected Project associado."
"Ecovias Noroeste Paulista";"02.02.01.12.01 - Dispositivo TH 44 - km 158,3 - SP-351";"Engenharia\Ecovias Noroeste Paulista\Projetos\02.02.01.12.01";"444c293b-fd0b-499b-9eb1-4c3816521843";"gestaodeprojetos@itineraconstrucoes.com.br";"ESPECIALISTA";"Simulacao";"Inclui usuario nas roles: ESPECIALISTA ao executar com -Apply."
"Ecovias Noroeste Paulista";"02.02.01.13.01 - Dispositivo TH 45 - km 158,3 - SP-351";"Engenharia\Ecovias Noroeste Paulista\Projetos\02.02.01.13.01";"578d429e-de3d-45fd-9cf1-3e8e1468f252";"gestaodeprojetos@itineraconstrucoes.com.br";"ESPECIALISTA";"Simulacao";"Inclui usuario nas roles: ESPECIALISTA ao executar com -Apply."
"Ecovias Noroeste Paulista";"02.02.01.14.01 - Dispositivo TH 45 - km 163,5 - SP-351";"Engenharia\Ecovias Noroeste Paulista\Projetos\02.02.01.14.01";"87b4bafa-144a-4e18-a7bb-0b2653a9ca0f";"gestaodeprojetos@itineraconstrucoes.com.br";"ESPECIALISTA";"Simulacao";"Inclui usuario nas roles: ESPECIALISTA ao executar com -Apply."
"Ecovias Noroeste Paulista";"02.02.01.15.01 - Dispositivo TH 46 - km 167,4 - SP-351";"Engenharia\Ecovias Noroeste Paulista\Projetos\02.02.01.15.01";"d4a637a6-6e1e-4acc-abe1-62fbbe697372";"gestaodeprojetos@itineraconstrucoes.com.br";"ESPECIALISTA";"Simulacao";"Inclui usuario nas roles: ESPECIALISTA ao executar com -Apply."
"Ecovias Noroeste Paulista";"02.02.01.15.02 - Dispositivo TH 46 - km 174,6 - SP-351";"Engenharia\Ecovias Noroeste Paulista\Projetos\02.02.01.15.02";"f7192fff-856c-4fdd-a042-fad5b3fc7d6e";"gestaodeprojetos@itineraconstrucoes.com.br";"ESPECIALISTA";"Simulacao";"Inclui usuario nas roles: ESPECIALISTA ao executar com -Apply."
"Ecovias Noroeste Paulista";"02.02.01.16.01 - Dispositivo TH 46 - km 185,5 - SP-351";"Engenharia\Ecovias Noroeste Paulista\Projetos\02.02.01.16.01";"9963f12e-f784-4ab4-9b8b-94299f50eb4b";"gestaodeprojetos@itineraconstrucoes.com.br";"ESPECIALISTA";"Simulacao";"Inclui usuario nas roles: ESPECIALISTA ao executar com -Apply."
"Ecovias Noroeste Paulista";"02.02.01.17.01 - Dispositivo TH 48 - km 193,9 - SP-351";"Engenharia\Ecovias Noroeste Paulista\Projetos\02.02.01.17.01";"074b779c-fec4-4941-9d89-e314780732f6";"gestaodeprojetos@itineraconstrucoes.com.br";"ESPECIALISTA";"Simulacao";"Inclui usuario nas roles: ESPECIALISTA ao executar com -Apply."
"Ecovias Noroeste Paulista";"02.02.01.17.02 - Dispositivo TH 48 - km 196,2 - SP-351";"Engenharia\Ecovias Noroeste Paulista\Projetos\02.02.01.17.02";"1c0f0b99-a35c-436f-9cac-05b671c9bf2b";"gestaodeprojetos@itineraconstrucoes.com.br";"ESPECIALISTA";"Simulacao";"Inclui usuario nas roles: ESPECIALISTA ao executar com -Apply."
"Ecovias Noroeste Paulista";"02.02.01.18.01 - Dispositivo TH 48 - km 206,9 - SP 351";"Engenharia\Ecovias Noroeste Paulista\Projetos\02.02.01.18.01";"19e233cd-0c90-4283-9393-5dde971b48ba";"gestaodeprojetos@itineraconstrucoes.com.br";"ESPECIALISTA";"Simulacao";"Inclui usuario nas roles: ESPECIALISTA ao executar com -Apply."
"Ecovias Noroeste Paulista";"02.02.02.01.01 - Ampliação Dispositivo TH 03 - km 268,3 - SP-310";"Engenharia\Ecovias Noroeste Paulista\Projetos\02.02.02.01.01";"70dfe555-b9a5-4960-9073-0431a5e05f95";"gestaodeprojetos@itineraconstrucoes.com.br";"ESPECIALISTA";"Simulacao";"Inclui usuario nas roles: ESPECIALISTA ao executar com -Apply."
"Ecovias Noroeste Paulista";"02.02.02.01.02 - Ampliação Dispositivo TH 03 - km 271,6 - SP-310";"Engenharia\Ecovias Noroeste Paulista\Projetos\02.02.02.01.02";"8bde709a-a131-446b-9e06-2d97bc08b565";"gestaodeprojetos@itineraconstrucoes.com.br";"ESPECIALISTA";"Simulacao";"Inclui usuario nas roles: ESPECIALISTA ao executar com -Apply."
"Ecovias Noroeste Paulista";"02.02.02.02.01 - Ampliação Dispositivo TH 04 - km 293,5 - SP 310";"Engenharia\Ecovias Noroeste Paulista\Projetos\02.02.02.02.01";"";"gestaodeprojetos@itineraconstrucoes.com.br";"ESPECIALISTA";"Ignorado";"Projeto sem Connected Project associado."
"Ecovias Noroeste Paulista";"02.02.02.03.01 - Ampliação Dispositivo TH 06 - km 296,5 - SP-310";"Engenharia\Ecovias Noroeste Paulista\Projetos\02.02.02.03.01";"a5206068-29ed-4048-bc77-3b002aef3d89";"gestaodeprojetos@itineraconstrucoes.com.br";"ESPECIALISTA";"Simulacao";"Inclui usuario nas roles: ESPECIALISTA ao executar com -Apply."
"Ecovias Noroeste Paulista";"02.02.02.04.01 - Ampliação Dispositivo TH 30  - km 379,0 - SP-326";"Engenharia\Ecovias Noroeste Paulista\Projetos\02.02.02.04.01";"3d020900-8ce5-407d-ba78-0f64b0ed0d40";"gestaodeprojetos@itineraconstrucoes.com.br";"ESPECIALISTA";"Simulacao";"Inclui usuario nas roles: ESPECIALISTA ao executar com -Apply."
"Ecovias Noroeste Paulista";"02.02.02.05.01 - Ampliação Dispositivo TH 39  - km 157,6 - SP-333";"Engenharia\Ecovias Noroeste Paulista\Projetos\02.02.02.05.01";"";"gestaodeprojetos@itineraconstrucoes.com.br";"ESPECIALISTA";"Ignorado";"Projeto sem Connected Project associado."
"Ecovias Noroeste Paulista";"02.02.02.05.01 - Dispositivo TH 39 -  km 157,5 - SP-333";"Engenharia\Ecovias Noroeste Paulista\Projetos\02.02.02.05.00";"0c78340b-9410-4a00-8c60-300606b860b1";"gestaodeprojetos@itineraconstrucoes.com.br";"ESPECIALISTA";"Simulacao";"Inclui usuario nas roles: ESPECIALISTA ao executar com -Apply."
"Ecovias Noroeste Paulista";"02.02.02.06.01 - Ampliação Dispositivo TH 41 - km 182,2 - SP-333";"Engenharia\Ecovias Noroeste Paulista\Projetos\02.02.02.06.01";"";"gestaodeprojetos@itineraconstrucoes.com.br";"ESPECIALISTA";"Ignorado";"Projeto sem Connected Project associado."
"Ecovias Noroeste Paulista";"02.02.02.07.01 - Ampliação Dispositivo TH 42 - km 209,3 - SP-333";"Engenharia\Ecovias Noroeste Paulista\Projetos\02.02.02.07.01";"";"gestaodeprojetos@itineraconstrucoes.com.br";"ESPECIALISTA";"Ignorado";"Projeto sem Connected Project associado."
"Ecovias Noroeste Paulista";"02.02.02.07.02 - Ampliação Dispositivo TH 42 - km 212,6 - SP-333";"Engenharia\Ecovias Noroeste Paulista\Projetos\02.02.02.07.02";"";"gestaodeprojetos@itineraconstrucoes.com.br";"ESPECIALISTA";"Ignorado";"Projeto sem Connected Project associado."
"Ecovias Noroeste Paulista";"02.02.02.08.01 - Ampliação Dispositivo TH 43 - km 151,5 - SP-351";"Engenharia\Ecovias Noroeste Paulista\Projetos\02.02.02.08.01";"e6c6ec20-5564-4d9d-bd08-fce2788e1541";"gestaodeprojetos@itineraconstrucoes.com.br";"ESPECIALISTA";"Simulacao";"Inclui usuario nas roles: ESPECIALISTA ao executar com -Apply."
"Ecovias Noroeste Paulista";"02.02.02.09.01 - Ampliação Dispositivo TH 44 - km 155,7 - SP-351";"Engenharia\Ecovias Noroeste Paulista\Projetos\02.02.02.09.01";"513d12f8-ca7f-451c-b211-adf50272b409";"gestaodeprojetos@itineraconstrucoes.com.br";"ESPECIALISTA";"Simulacao";"Inclui usuario nas roles: ESPECIALISTA ao executar com -Apply."
"Ecovias Noroeste Paulista";"02.02.02.10 - Ampliação Dispositivo - km 177,75 - SP-351";"Engenharia\Ecovias Noroeste Paulista\Projetos\02.02.02.10";"";"gestaodeprojetos@itineraconstrucoes.com.br";"ESPECIALISTA";"Ignorado";"Projeto sem Connected Project associado."
"Ecovias Noroeste Paulista";"02.02.02.10.01 - Ampliação Dispositivo TH 46 - km 182,8 - SP-351";"Engenharia\Ecovias Noroeste Paulista\Projetos\02.02.02.10.01";"61792758-88f1-4e17-b867-18e2982a8ca1";"gestaodeprojetos@itineraconstrucoes.com.br";"ESPECIALISTA";"Simulacao";"Inclui usuario nas roles: ESPECIALISTA ao executar com -Apply."
"Ecovias Noroeste Paulista";"02.02.02.11.01 - Dispositivo TH 48 - km 194,5 - SP-351";"Engenharia\Ecovias Noroeste Paulista\Projetos\02.02.02.11.01";"56843352-ba9e-4dec-94f0-337110445953";"gestaodeprojetos@itineraconstrucoes.com.br";"ESPECIALISTA";"Simulacao";"Inclui usuario nas roles: ESPECIALISTA ao executar com -Apply."
"Ecovias Noroeste Paulista";"02.04.03.01.01 - Acostamento TH 51 - km 0,000 + 0,450 - SPA-276 310";"Engenharia\Ecovias Noroeste Paulista\Projetos\02.04.03.01.01";"907f8e73-ba27-4f36-9ade-b8149e21e405";"gestaodeprojetos@itineraconstrucoes.com.br";"ESPECIALISTA";"Simulacao";"Inclui usuario nas roles: ESPECIALISTA ao executar com -Apply."
"Ecovias Noroeste Paulista";"02.04.03.01.02 - Acostamento TH 52 - Km 0,000 + 0,090 - SPA-119  333";"Engenharia\Ecovias Noroeste Paulista\Projetos\02.04.03.01.02";"476a07cd-f65b-461f-a26c-3e9e5768ece0";"gestaodeprojetos@itineraconstrucoes.com.br";"ESPECIALISTA";"Simulacao";"Inclui usuario nas roles: ESPECIALISTA ao executar com -Apply."
"Ecovias Noroeste Paulista";"02.04.03.02.01 - Acostamentos - km 227,800 + 454,300 - SP-310";"Engenharia\Ecovias Noroeste Paulista\Projetos\02.04.03.02.01";"8978b436-6e7d-49ae-94c2-d49247746d6e";"gestaodeprojetos@itineraconstrucoes.com.br";"ESPECIALISTA";"Simulacao";"Inclui usuario nas roles: ESPECIALISTA ao executar com -Apply."
"Ecovias Noroeste Paulista";"02.04.03.02.02 - Acostamentos - km 0,000 + 44,100 - SP-323";"Engenharia\Ecovias Noroeste Paulista\Projetos\02.04.03.02.02";"20130837-337d-4dfe-b566-bb805b986f8e";"gestaodeprojetos@itineraconstrucoes.com.br";"ESPECIALISTA";"Simulacao";"Inclui usuario nas roles: ESPECIALISTA ao executar com -Apply."
"Ecovias Noroeste Paulista";"02.04.03.02.03 - Acostamentos - km 293 ao 427 - SP-326";"Engenharia\Ecovias Noroeste Paulista\Projetos\02.04.03.02.03";"ddf576e7-d623-4c1e-ae30-812815f245dd";"gestaodeprojetos@itineraconstrucoes.com.br";"ESPECIALISTA";"Simulacao";"Inclui usuario nas roles: ESPECIALISTA ao executar com -Apply."
"Ecovias Noroeste Paulista";"02.04.03.02.04 - Acostamentos - km 83,020 + 212,450 - SP-333";"Engenharia\Ecovias Noroeste Paulista\Projetos\02.04.03.02.04";"07379b64-d463-4236-8c4b-3032021018a3";"gestaodeprojetos@itineraconstrucoes.com.br";"ESPECIALISTA";"Simulacao";"Inclui usuario nas roles: ESPECIALISTA ao executar com -Apply."
"Ecovias Noroeste Paulista";"02.04.03.02.05 - Acostamentos - km 151,530 + 218,020 - SP-351";"Engenharia\Ecovias Noroeste Paulista\Projetos\02.04.03.02.05";"fb85c471-8381-408b-8caa-7f8432dfba4c";"gestaodeprojetos@itineraconstrucoes.com.br";"ESPECIALISTA";"Simulacao";"Inclui usuario nas roles: ESPECIALISTA ao executar com -Apply."
"Ecovias Noroeste Paulista";"02.06.02.06 - BSO 1 - km 009+470 - SP-323";"Engenharia\Ecovias Noroeste Paulista\Projetos\02.06.02.06";"0cbb899e-c0c8-45c1-872a-adb208f8d43c";"gestaodeprojetos@itineraconstrucoes.com.br";"ESPECIALISTA";"Simulacao";"Inclui usuario nas roles: ESPECIALISTA ao executar com -Apply."
"Ecovias Noroeste Paulista";"02.06.02.07 - BSO 2 - km 036+800 - SP-323";"Engenharia\Ecovias Noroeste Paulista\Projetos\02.06.02.07";"5f965ca8-a4b4-430a-9719-dc133dc80de8";"gestaodeprojetos@itineraconstrucoes.com.br";"ESPECIALISTA";"Simulacao";"Inclui usuario nas roles: ESPECIALISTA ao executar com -Apply."
"Ecovias Noroeste Paulista";"02.06.02.11 - BSO 3 - km 391+200 - SP-326";"Engenharia\Ecovias Noroeste Paulista\Projetos\02.06.02.11";"9bb64207-c9e1-4913-af6d-3860ad3286b1";"gestaodeprojetos@itineraconstrucoes.com.br";"ESPECIALISTA";"Simulacao";"Inclui usuario nas roles: ESPECIALISTA ao executar com -Apply."
"Ecovias Noroeste Paulista";"02.06.02.12 - BSO 4 - km 409+200 - SP-326";"Engenharia\Ecovias Noroeste Paulista\Projetos\02.06.02.12";"33df92cc-9a4f-4244-b48f-8c7aaa61440d";"gestaodeprojetos@itineraconstrucoes.com.br";"ESPECIALISTA";"Simulacao";"Inclui usuario nas roles: ESPECIALISTA ao executar com -Apply."
"Ecovias Noroeste Paulista";"02.06.02.16 - BSO 5 - km 161+750 - SP-351";"Engenharia\Ecovias Noroeste Paulista\Projetos\02.06.02.16";"a7e4686c-1a85-4bb5-8aef-b5af1768ca0c";"gestaodeprojetos@itineraconstrucoes.com.br";"ESPECIALISTA";"Simulacao";"Inclui usuario nas roles: ESPECIALISTA ao executar com -Apply."
"Ecovias Noroeste Paulista";"02.06.02.17 - BSO 6 - km 198+000 - SP-351";"Engenharia\Ecovias Noroeste Paulista\Projetos\02.06.02.17";"f21e819c-50d4-48ce-accd-3152bdc37221";"gestaodeprojetos@itineraconstrucoes.com.br";"ESPECIALISTA";"Simulacao";"Inclui usuario nas roles: ESPECIALISTA ao executar com -Apply."
"Ecovias Noroeste Paulista";"02.10.01.01 - Marginal TH 31 - km 420,290 + 424,800 - SP-326";"Engenharia\Ecovias Noroeste Paulista\Projetos\02.10.01.01";"b3a75eae-72c9-46e4-9c17-64c240b7a251";"gestaodeprojetos@itineraconstrucoes.com.br";"ESPECIALISTA";"Simulacao";"Inclui usuario nas roles: ESPECIALISTA ao executar com -Apply."
"Ecovias Noroeste Paulista";"02.11.01.01 - ADC Ibaté - km 252 - SP-310";"Engenharia\Ecovias Noroeste Paulista\Projetos\02.11.01.01 km 252";"e17e072f-7d37-4652-b03f-8ee1b3d426a6";"gestaodeprojetos@itineraconstrucoes.com.br";"ESPECIALISTA";"Simulacao";"Inclui usuario nas roles: ESPECIALISTA ao executar com -Apply."
"Ecovias Noroeste Paulista";"02.11.01.01 - ADC Matão - km 291 - SP-310";"Engenharia\Ecovias Noroeste Paulista\Projetos\02.11.01.01 km 291";"7813ecdd-b696-4275-a975-0c02b4c88da2";"gestaodeprojetos@itineraconstrucoes.com.br";"ESPECIALISTA";"Simulacao";"Inclui usuario nas roles: ESPECIALISTA ao executar com -Apply."
"Ecovias Noroeste Paulista";"02.11.01.01 - ADC Uchôa - km 407 - SP-310";"Engenharia\Ecovias Noroeste Paulista\Projetos\02.11.01.01 km 407";"7f64ea9f-5006-4767-8372-9c6581fd7b66";"gestaodeprojetos@itineraconstrucoes.com.br";"ESPECIALISTA";"Simulacao";"Inclui usuario nas roles: ESPECIALISTA ao executar com -Apply."
"Ecovias Noroeste Paulista";"02.12.01.02 - PMRv Canil SJRP - km 443,000 + 443,000 - SP-310";"Engenharia\Ecovias Noroeste Paulista\Projetos\02.12.01.02 - PMRv Canil";"7b990f7e-b38b-4bdb-938a-716206cfb146";"gestaodeprojetos@itineraconstrucoes.com.br";"ESPECIALISTA";"Simulacao";"Inclui usuario nas roles: ESPECIALISTA ao executar com -Apply."
"Ecovias Noroeste Paulista";"02.12.01.02 - PMRv SJRP - km 443,000 + 443,000 - SP-310";"Engenharia\Ecovias Noroeste Paulista\Projetos\02.12.01.02";"7b990f7e-b38b-4bdb-938a-716206cfb146";"gestaodeprojetos@itineraconstrucoes.com.br";"ESPECIALISTA";"Simulacao";"Inclui usuario nas roles: ESPECIALISTA ao executar com -Apply."
"Ecovias Noroeste Paulista";"02.12.02.02 - PMRV Araraquara - km 273+400 - SP-310";"Engenharia\Ecovias Noroeste Paulista\Projetos\02.12.02.02 - PMRV";"c6f0f752-7195-4d37-90c0-7fc5ed572f20";"gestaodeprojetos@itineraconstrucoes.com.br";"ESPECIALISTA";"Simulacao";"Inclui usuario nas roles: ESPECIALISTA ao executar com -Apply."
"Ecovias Noroeste Paulista";"02.13.02 - Ponto de Ônibus - km 84+300 - SP-310";"Engenharia\Ecovias Noroeste Paulista\Projetos\02.13.02 - Ponto Ônibus 3";"";"gestaodeprojetos@itineraconstrucoes.com.br";"ESPECIALISTA";"Ignorado";"Projeto sem Connected Project associado."
"Ecovias Noroeste Paulista";"02.13.02 - Ponto de Ônibus - km 84+300 - SP-333";"Engenharia\Ecovias Noroeste Paulista\Projetos\02.13.02 - Ponto de Ônibus";"";"gestaodeprojetos@itineraconstrucoes.com.br";"ESPECIALISTA";"Ignorado";"Projeto sem Connected Project associado."
"Ecovias Noroeste Paulista";"02.13.02 - Ponto de Ônibus - km 96+500 - SP-333";"Engenharia\Ecovias Noroeste Paulista\Projetos\02.13.02 - Ponto Ônibus 2";"";"gestaodeprojetos@itineraconstrucoes.com.br";"ESPECIALISTA";"Ignorado";"Projeto sem Connected Project associado."
"Ecovias Noroeste Paulista";"02.14.01.03 - Ciclovias - km 17 - SP-326";"Engenharia\Ecovias Noroeste Paulista\Projetos\02.14.01.03 - Ciclovias";"60655bb5-d2a2-475f-8be0-29f9a9986ceb";"gestaodeprojetos@itineraconstrucoes.com.br";"ESPECIALISTA";"Simulacao";"Inclui usuario nas roles: ESPECIALISTA ao executar com -Apply."
"Ecovias Noroeste Paulista";"03.03.03 - Free Flow Agulha - km 346 - SP-310";"Engenharia\Ecovias Noroeste Paulista\Projetos\03.03.03 - Free Flow";"";"gestaodeprojetos@itineraconstrucoes.com.br";"ESPECIALISTA";"Ignorado";"Projeto sem Connected Project associado."
"Ecovias Noroeste Paulista";"03.03.03 - Free Flow Araraquara - km 282 - SP-310";"Engenharia\Ecovias Noroeste Paulista\Projetos\03.03.03 - Free Flow - Ara";"";"gestaodeprojetos@itineraconstrucoes.com.br";"ESPECIALISTA";"Ignorado";"Projeto sem Connected Project associado."
"Ecovias Noroeste Paulista";"03.03.03 - Free Flow Catiguá - km 398 - SP-310";"Engenharia\Ecovias Noroeste Paulista\Projetos\03.03.03 - Free Flow - cat";"";"gestaodeprojetos@itineraconstrucoes.com.br";"ESPECIALISTA";"Ignorado";"Projeto sem Connected Project associado."
"Ecovias Noroeste Paulista";"03.03.03 - Free Flow Colina - km 407 - SP-326";"Engenharia\Ecovias Noroeste Paulista\Projetos\03.03.03 - Colina";"2679ae89-fdf4-4187-8618-557aaedca8c8";"gestaodeprojetos@itineraconstrucoes.com.br";"ESPECIALISTA";"Simulacao";"Inclui usuario nas roles: ESPECIALISTA ao executar com -Apply."
"Ecovias Noroeste Paulista";"03.03.03 - Free Flow Dobrada - km 307 - SP-326";"Engenharia\Ecovias Noroeste Paulista\Projetos\03.03.03 - Dobrada";"bafe7316-2a95-4212-9923-5420b514e1f9";"gestaodeprojetos@itineraconstrucoes.com.br";"ESPECIALISTA";"Simulacao";"Inclui usuario nas roles: ESPECIALISTA ao executar com -Apply."
"Ecovias Noroeste Paulista";"03.03.03 - Free Flow Itápolis - km 178 - SP-333";"Engenharia\Ecovias Noroeste Paulista\Projetos\03.03.03  - Itápolis";"9ca757d7-9488-4dca-bb0d-642b460b2587";"gestaodeprojetos@itineraconstrucoes.com.br";"ESPECIALISTA";"Simulacao";"Inclui usuario nas roles: ESPECIALISTA ao executar com -Apply."
"Ecovias Noroeste Paulista";"03.03.03 - Free Flow Jaboticabal - km 111 - SP-333";"Engenharia\Ecovias Noroeste Paulista\Projetos\03.03.03 Jaboticabal";"2f7b6778-997a-4b75-a58f-19ee2af2659c";"gestaodeprojetos@itineraconstrucoes.com.br";"ESPECIALISTA";"Simulacao";"Inclui usuario nas roles: ESPECIALISTA ao executar com -Apply."
"Ecovias Noroeste Paulista";"03.03.03 - Free Flow Monte Alto - km 19 - SP-323";"Engenharia\Ecovias Noroeste Paulista\Projetos\03.03.03 - Monte Alto";"f94afb2b-a68c-4f7b-bdef-4d9e7f16d1ad";"gestaodeprojetos@itineraconstrucoes.com.br";"ESPECIALISTA";"Simulacao";"Inclui usuario nas roles: ESPECIALISTA ao executar com -Apply."
"Ecovias Noroeste Paulista";"03.03.03 - Free Flow Piragi - km 184 - SP-351";"Engenharia\Ecovias Noroeste Paulista\Projetos\03.03.03 - Piragi";"fce53dca-a6f5-487c-8305-63d85a676fde";"gestaodeprojetos@itineraconstrucoes.com.br";"ESPECIALISTA";"Simulacao";"Inclui usuario nas roles: ESPECIALISTA ao executar com -Apply."
"Ecovias Noroeste Paulista";"03.03.03 - Free Flow Taiúva - km 356 - SP-326";"Engenharia\Ecovias Noroeste Paulista\Projetos\03.03.03 - Taiúva";"26456005-2ac5-45f7-9671-0bb330773cb1";"gestaodeprojetos@itineraconstrucoes.com.br";"ESPECIALISTA";"Simulacao";"Inclui usuario nas roles: ESPECIALISTA ao executar com -Apply."
"Ecovias Noroeste Paulista";"CCPP -  Uchôa - km 415+200 - SP-310";"Engenharia\Ecovias Noroeste Paulista\Projetos\CCPP - Uchôa";"0a00adcd-a028-48ae-97d4-e6366b136930";"gestaodeprojetos@itineraconstrucoes.com.br";"ESPECIALISTA";"Simulacao";"Inclui usuario nas roles: ESPECIALISTA ao executar com -Apply."
"Ecovias Noroeste Paulista";"CCPP - Bebedouro - km 375+850 - SP-310";"Engenharia\Ecovias Noroeste Paulista\Projetos\CCPP - Bebedouro";"135128d2-1bf2-4166-808a-a98d6265eedd";"gestaodeprojetos@itineraconstrucoes.com.br";"ESPECIALISTA";"Simulacao";"Inclui usuario nas roles: ESPECIALISTA ao executar com -Apply."
"Ecovias Noroeste Paulista";"CCPP - Itápolis - km 181+500 - SP-310";"Engenharia\Ecovias Noroeste Paulista\Projetos\CCPP - Itápolis";"fa520639-de8d-4449-89b2-6c7471e4b27d";"gestaodeprojetos@itineraconstrucoes.com.br";"ESPECIALISTA";"Simulacao";"Inclui usuario nas roles: ESPECIALISTA ao executar com -Apply."
"Ecovias Noroeste Paulista";"CCPP - Jaboticabal - km 335+260 - SP-310";"Engenharia\Ecovias Noroeste Paulista\Projetos\CCPP - Jaboticabal";"c7ade8b7-aa20-4853-a8b9-8e5afa93aacd";"gestaodeprojetos@itineraconstrucoes.com.br";"ESPECIALISTA";"Simulacao";"Inclui usuario nas roles: ESPECIALISTA ao executar com -Apply."
"Ecovias Noroeste Paulista";"CCPP - São Carlos - km 233+900 - SP-310";"Engenharia\Ecovias Noroeste Paulista\Projetos\CCPP - São Carlos";"0e3a0440-03ae-4387-ac5a-07d5b5b1b133";"gestaodeprojetos@itineraconstrucoes.com.br";"ESPECIALISTA";"Simulacao";"Inclui usuario nas roles: ESPECIALISTA ao executar com -Apply."
"Ecovias Noroeste Paulista";"CCPP - São José - km 434+700 - SP-310";"Engenharia\Ecovias Noroeste Paulista\Projetos\CCPP - São José";"249afd3a-5046-483e-9a0e-64aa0c2ed9a1";"gestaodeprojetos@itineraconstrucoes.com.br";"ESPECIALISTA";"Simulacao";"Inclui usuario nas roles: ESPECIALISTA ao executar com -Apply."
"Ecovias Noroeste Paulista";"HS-WIM 01 - km 250 - SP-310";"Engenharia\Ecovias Noroeste Paulista\Projetos\HS-WIM - Km 250";"e67e4d1d-ea5c-46ef-b060-846dccaa62e6";"gestaodeprojetos@itineraconstrucoes.com.br";"ESPECIALISTA";"Simulacao";"Inclui usuario nas roles: ESPECIALISTA ao executar com -Apply."
"Ecovias Noroeste Paulista";"HS-WIM 02 - km 264 - SP-310";"Engenharia\Ecovias Noroeste Paulista\Projetos\HS-WIN - Km 263";"1333da87-c946-43a1-ad5b-b37ec599b1ad";"gestaodeprojetos@itineraconstrucoes.com.br";"ESPECIALISTA";"Simulacao";"Inclui usuario nas roles: ESPECIALISTA ao executar com -Apply."
"Ecovias Noroeste Paulista";"HS-WIM 03 - km 373 - SP-326";"Engenharia\Ecovias Noroeste Paulista\Projetos\HS-WIN - Km 373";"23119fcd-6c22-4965-98f7-09b41fc22b05";"gestaodeprojetos@itineraconstrucoes.com.br";"ESPECIALISTA";"Simulacao";"Inclui usuario nas roles: ESPECIALISTA ao executar com -Apply."
"Ecovias Noroeste Paulista";"HS-WIM 04 - km 388 - SP-310";"Engenharia\Ecovias Noroeste Paulista\Projetos\HS-WIN - Km 388";"25d87e38-f330-48f9-90cb-836d0d7a53c0";"gestaodeprojetos@itineraconstrucoes.com.br";"ESPECIALISTA";"Simulacao";"Inclui usuario nas roles: ESPECIALISTA ao executar com -Apply."
"Ecovias Noroeste Paulista";"NOP01 - Faixa Adicional SC - km 227+800 - 231+320- SP-310";"Engenharia\Ecovias Noroeste Paulista\Projetos\NOP01 - Faixa Adicional SC";"f09802b3-356b-4e7a-a158-8497fd5cf63f";"gestaodeprojetos@itineraconstrucoes.com.br";"ESPECIALISTA";"Simulacao";"Inclui usuario nas roles: ESPECIALISTA ao executar com -Apply."
"Ecovias Noroeste Paulista";"NOP02 - Faixa Adicional SC - km 227+800 - 230+750 - SP-310";"Engenharia\Ecovias Noroeste Paulista\Projetos\NOP02 - Faixa Adicional SC";"409a27f7-d2db-4895-9228-f397b29172b0";"gestaodeprojetos@itineraconstrucoes.com.br";"ESPECIALISTA";"Simulacao";"Inclui usuario nas roles: ESPECIALISTA ao executar com -Apply."
"Ecovias Noroeste Paulista";"NOP03 - Melhoria do Dispositivo SC - km 235+000 - SP-310";"Engenharia\Ecovias Noroeste Paulista\Projetos\NOP03 - Dispositivo SC";"7ecf51ef-6c25-491d-aebc-1ec55dacb89b";"gestaodeprojetos@itineraconstrucoes.com.br";"ESPECIALISTA";"Simulacao";"Inclui usuario nas roles: ESPECIALISTA ao executar com -Apply."
"Ecovias Noroeste Paulista";"NOP04 - Melhoria do Dispositivo SC - km 236+100 - SP-310";"Engenharia\Ecovias Noroeste Paulista\Projetos\NOP04 - Dispositivo SC";"caf40341-fe8a-4819-aecb-40fab935a96e";"gestaodeprojetos@itineraconstrucoes.com.br";"ESPECIALISTA";"Simulacao";"Inclui usuario nas roles: ESPECIALISTA ao executar com -Apply."
"Ecovias Noroeste Paulista";"NOP05 - Implantação de Dispositivo SC - km 238+200 - SP-310";"Engenharia\Ecovias Noroeste Paulista\Projetos\NOP05 - Dispositivo SC";"f732f120-7b18-4f6e-b8ed-cb272a4c5568";"gestaodeprojetos@itineraconstrucoes.com.br";"ESPECIALISTA";"Simulacao";"Inclui usuario nas roles: ESPECIALISTA ao executar com -Apply."
"Ecovias Noroeste Paulista";"NOP06 - Faixa Adicional - km 238+524 - 240+370 - SP-310 Excluir";"Engenharia\Ecovias Noroeste Paulista\Projetos\NOP06 - Faixa Adicional SC";"e6d1afaf-9d87-4568-9e5e-03836772b79d";"gestaodeprojetos@itineraconstrucoes.com.br";"ESPECIALISTA";"Simulacao";"Inclui usuario nas roles: ESPECIALISTA ao executar com -Apply."
"Ecovias Noroeste Paulista";"NOP07 - Melhoria do Dispositivo SC - km 240+000 - SP-310";"Engenharia\Ecovias Noroeste Paulista\Projetos\NOP07 - Dispositivo SC";"94c4704c-51f9-4b37-b300-06dbb7c74798";"gestaodeprojetos@itineraconstrucoes.com.br";"ESPECIALISTA";"Simulacao";"Inclui usuario nas roles: ESPECIALISTA ao executar com -Apply."
"Ecovias Noroeste Paulista";"NOP11 - Ampliação de Dispositivo SJRP - km 432+200 - SP-310";"Engenharia\Ecovias Noroeste Paulista\Projetos\NOP11 - Dispositivo RP";"ec3a0986-a5cb-431d-9b7a-8b29b7821ae7";"gestaodeprojetos@itineraconstrucoes.com.br";"ESPECIALISTA";"Simulacao";"Inclui usuario nas roles: ESPECIALISTA ao executar com -Apply."
"Ecovias Noroeste Paulista";"NOP12 - Faixa Adicional SJRP- km 451+780 - 454+740 - SP-310";"Engenharia\Ecovias Noroeste Paulista\Projetos\NOP12 - Faixa Adicional RP";"c15529f9-7d48-41cb-9736-f6c16f1bc425";"gestaodeprojetos@itineraconstrucoes.com.br";"ESPECIALISTA";"Simulacao";"Inclui usuario nas roles: ESPECIALISTA ao executar com -Apply."
"Ecovias Noroeste Paulista";"NOP13 - Implantação de Viaduto MR - km 448+000 - SP-310";"Engenharia\Ecovias Noroeste Paulista\Projetos\NOP13 - Viaduto MR";"eb992b2a-1486-4a2f-8ad1-cac93f4c3056";"gestaodeprojetos@itineraconstrucoes.com.br";"ESPECIALISTA";"Simulacao";"Inclui usuario nas roles: ESPECIALISTA ao executar com -Apply."
"Ecovias Noroeste Paulista";"NOP15 - Implantação de Viaduto MR - km 453+180 - SP-310";"Engenharia\Ecovias Noroeste Paulista\Projetos\NOP15 - Viaduto MR";"e500b7b5-8c47-45fc-8c94-aa7e2952b70e";"gestaodeprojetos@itineraconstrucoes.com.br";"ESPECIALISTA";"Simulacao";"Inclui usuario nas roles: ESPECIALISTA ao executar com -Apply."
"Ecovias Noroeste Paulista";"NOP16 - Interseção PP";"Engenharia\Ecovias Noroeste Paulista\Projetos\NOP16 - Interseção PP";"";"gestaodeprojetos@itineraconstrucoes.com.br";"ESPECIALISTA";"Ignorado";"Projeto sem Connected Project associado."
"Ecovias Noroeste Paulista";"NOP17 - Marginais PP";"Engenharia\Ecovias Noroeste Paulista\Projetos\NOP17 - Marginais PP";"";"gestaodeprojetos@itineraconstrucoes.com.br";"ESPECIALISTA";"Ignorado";"Projeto sem Connected Project associado."
"Ecovias Noroeste Paulista";"NOP18 - Implantação de Dispositivo PP - km 203+210 - SP-351";"Engenharia\Ecovias Noroeste Paulista\Projetos\NOP18 - Dispositivo PP";"5493e24d-b87d-4c55-8fd2-aea734f846a3";"gestaodeprojetos@itineraconstrucoes.com.br";"ESPECIALISTA";"Simulacao";"Inclui usuario nas roles: ESPECIALISTA ao executar com -Apply."
"Ecovias Noroeste Paulista";"NOP19 - Alça de Acesso JT";"Engenharia\Ecovias Noroeste Paulista\Projetos\NOP19 - Alça de Acesso JT";"";"gestaodeprojetos@itineraconstrucoes.com.br";"ESPECIALISTA";"Ignorado";"Projeto sem Connected Project associado."
"Ecovias Noroeste Paulista";"NOP20 - Melhoria do dispositivo JT - km 341+000 - SP-326";"Engenharia\Ecovias Noroeste Paulista\Projetos\NOP20 - Dispositivo JT";"5474b444-edb6-4c5e-a9c2-8c283d8bfba8";"gestaodeprojetos@itineraconstrucoes.com.br";"ESPECIALISTA";"Simulacao";"Inclui usuario nas roles: ESPECIALISTA ao executar com -Apply."
"Ecovias Noroeste Paulista";"NOP21 - Implant de Acesso CA";"Engenharia\Ecovias Noroeste Paulista\Projetos\NOP23-Implant de Acesso CA";"";"gestaodeprojetos@itineraconstrucoes.com.br";"ESPECIALISTA";"Ignorado";"Projeto sem Connected Project associado."
"Ecovias Noroeste Paulista";"NOP21 - Implant de Acesso CA";"Engenharia\Ecovias Noroeste Paulista\Projetos\NOP23 - Implant de Acesso CA";"";"gestaodeprojetos@itineraconstrucoes.com.br";"ESPECIALISTA";"Ignorado";"Projeto sem Connected Project associado."
"Ecovias Noroeste Paulista";"NOP21 - Implant de Acesso CO";"Engenharia\Ecovias Noroeste Paulista\Projetos\NOP21-Implant de Acesso CO";"";"gestaodeprojetos@itineraconstrucoes.com.br";"ESPECIALISTA";"Ignorado";"Projeto sem Connected Project associado."
"Ecovias Noroeste Paulista";"NOP21 - Implant de Acesso CO";"Engenharia\Ecovias Noroeste Paulista\Projetos\NOP21 - Implant de Acesso CO";"";"gestaodeprojetos@itineraconstrucoes.com.br";"ESPECIALISTA";"Ignorado";"Projeto sem Connected Project associado."
"Ecovias Noroeste Paulista";"NOP22 - Adequação de Dispositivo BA - km 423+100 - SP-326";"Engenharia\Ecovias Noroeste Paulista\Projetos\NOP22 - Dispositivo BA";"fb35bafe-0b18-41a1-8bba-0874dd3518c0";"gestaodeprojetos@itineraconstrucoes.com.br";"ESPECIALISTA";"Simulacao";"Inclui usuario nas roles: ESPECIALISTA ao executar com -Apply."
"Ecovias Noroeste Paulista";"NOP24 - Implantação de Viaduto CA - km 217+245 - SP-351";"Engenharia\Ecovias Noroeste Paulista\Projetos\NOP24 - Viaduto CA";"b1f7e14a-edc5-4bdb-b77a-f59a5d4edc4e";"gestaodeprojetos@itineraconstrucoes.com.br";"ESPECIALISTA";"Simulacao";"Inclui usuario nas roles: ESPECIALISTA ao executar com -Apply."
"Ecovias Noroeste Paulista";"NOP8910 - Faixa Adicional SJRP - 425+000 - 432+900 - SP-310";"Engenharia\Ecovias Noroeste Paulista\Projetos\NOP8910 - Faixa Adicional RP";"f1ff8854-0084-4d9d-98d1-55df1b94e0f7";"gestaodeprojetos@itineraconstrucoes.com.br";"ESPECIALISTA";"Simulacao";"Inclui usuario nas roles: ESPECIALISTA ao executar com -Apply."
"Ecovias Noroeste Paulista";"NOP8910 - Faixa Adicional SJRP - 425+000 - 432+900 - SP-310";"Engenharia\Ecovias Noroeste Paulista\Projetos\NOP8910-Faixa Adicional RP";"";"gestaodeprojetos@itineraconstrucoes.com.br";"ESPECIALISTA";"Ignorado";"Projeto sem Connected Project associado."
"Ecovias Noroeste Paulista";"Teste GIR";"Engenharia\Ecovias Noroeste Paulista\Projetos\Teste GIR";"8f315e57-77f1-40e9-a3e5-7592e388b19b";"gestaodeprojetos@itineraconstrucoes.com.br";"ESPECIALISTA";"Simulacao";"Inclui usuario nas roles: ESPECIALISTA ao executar com -Apply."
"Ecovias Norte Minas";"Acostamentos do SH8 - km 002 - 043 - LMG-754";"Engenharia\Ecovias Norte Minas\Projetos\Acostamentos do SH8";"37a9de6b-acb9-4865-932b-9dccabbf088d";"gestaodeprojetos@itineraconstrucoes.com.br";"ESPECIALISTA";"Simulacao";"Inclui usuario nas roles: ESPECIALISTA ao executar com -Apply."
"Ecovias Norte Minas";"Contorno de Montes Claros - Trecho D - (km á definir)";"Engenharia\Ecovias Norte Minas\Projetos\Contor. Montes Claros";"1548950c-a812-45cd-8fb2-23e67a15e16d";"gestaodeprojetos@itineraconstrucoes.com.br";"ESPECIALISTA";"Simulacao";"Inclui usuario nas roles: ESPECIALISTA ao executar com -Apply."
"Ecovias Norte Minas";"Faixas Adicionais SH 4 - km 473+870 - 473+310 - BR135/MG";"Engenharia\Ecovias Norte Minas\Projetos\Faixas Adicionais SH 4";"d37b0639-cef1-483e-a8c9-bdc73e7ce11e";"gestaodeprojetos@itineraconstrucoes.com.br";"ESPECIALISTA";"Simulacao";"Inclui usuario nas roles: ESPECIALISTA ao executar com -Apply."
"Ecovias Norte Minas";"Faixas Adicionais SH 5 - km 427+300 - 427+900 - BR135/MG";"Engenharia\Ecovias Norte Minas\Projetos\Faixas Adicionais SH 5";"382e5b41-5005-46d7-88a4-f94fae8b970f";"gestaodeprojetos@itineraconstrucoes.com.br";"ESPECIALISTA";"Simulacao";"Inclui usuario nas roles: ESPECIALISTA ao executar com -Apply."
"Ecovias Norte Minas";"Retorno Operacional -  km 386+387 - BR135/MG";"Engenharia\Ecovias Norte Minas\Projetos\Retorno km 386";"4b098581-0648-4f58-9616-faca39194654";"gestaodeprojetos@itineraconstrucoes.com.br";"ESPECIALISTA";"Simulacao";"Inclui usuario nas roles: ESPECIALISTA ao executar com -Apply."
"Ecovias Ponte";"Faixa Adicional Baia e Alargamento - km 321+600 - 322+500 - BR101/RJ";"Engenharia\Ecovias Ponte\Projetos\Faixa Adicional km 321";"a9081ce8-eaea-4a44-be91-dc65bfc18281";"gestaodeprojetos@itineraconstrucoes.com.br";"ESPECIALISTA";"Simulacao";"Inclui usuario nas roles: ESPECIALISTA ao executar com -Apply."
"Ecovias Raposo Castello";"01.01.02 - Duplicação - Cotia-Embu";"Engenharia\Ecovias Raposo Castello\Projetos\01.01.02-Dupli-Cotia-Embu";"c5621ad1-33a2-47f7-a337-19a60e18c75a";"gestaodeprojetos@itineraconstrucoes.com.br";"ESPECIALISTA";"Simulacao";"Inclui usuario nas roles: ESPECIALISTA ao executar com -Apply."
"Ecovias Raposo Castello";"02.02.02.01 - BSO 1 - km 39,5 - SP-280 - Leste";"Engenharia\Ecovias Raposo Castello\Projetos\02.02.02.01 BSO 1";"bdaa1cf7-5b79-4d4b-a333-12c47ec0ed66";"gestaodeprojetos@itineraconstrucoes.com.br";"ESPECIALISTA";"Simulacao";"Inclui usuario nas roles: ESPECIALISTA ao executar com -Apply."
"Ecovias Raposo Castello";"02.02.02.02 - BSO 2 - km 17,000 - SP-270 - Oeste";"Engenharia\Ecovias Raposo Castello\Projetos\02.02.02.02 BSO 2";"3d856c59-1088-4880-9217-cb841410147c";"gestaodeprojetos@itineraconstrucoes.com.br";"ESPECIALISTA";"Simulacao";"Inclui usuario nas roles: ESPECIALISTA ao executar com -Apply."
"Ecovias Raposo Castello";"02.02.02.03 - BSO 3 - km 27,3 - SP-270 - Leste";"Engenharia\Ecovias Raposo Castello\Projetos\02.02.02.03 BSO 3";"ea3b588e-3784-4f4d-aadd-ba905875ad99";"gestaodeprojetos@itineraconstrucoes.com.br";"ESPECIALISTA";"Simulacao";"Inclui usuario nas roles: ESPECIALISTA ao executar com -Apply."
"Ecovias Raposo Castello";"02.02.02.04 - BSO 4 - km 27,8 - SP-280 - Leste";"Engenharia\Ecovias Raposo Castello\Projetos\02.02.02.04 BSO 4";"ae496c86-d35f-45ed-9421-67432d77d9bd";"gestaodeprojetos@itineraconstrucoes.com.br";"ESPECIALISTA";"Simulacao";"Inclui usuario nas roles: ESPECIALISTA ao executar com -Apply."
"Ecovias Raposo Castello";"02.02.02.05 - BSO 5 - (Localização á definir) - SP-280";"Engenharia\Ecovias Raposo Castello\Projetos\02.02.02.05 BSO 5";"5778dda5-3d2d-402b-bfd9-6f6e7d87a077";"gestaodeprojetos@itineraconstrucoes.com.br";"ESPECIALISTA";"Simulacao";"Inclui usuario nas roles: ESPECIALISTA ao executar com -Apply."
"Ecovias Raposo Castello";"02.02.03 - PPD 1 - km 20 - SP-280 - Leste";"Engenharia\Ecovias Raposo Castello\Projetos\02.02.03 - PPD 1";"50c209f1-607a-4b28-b9a3-d5c139d8961a";"gestaodeprojetos@itineraconstrucoes.com.br";"ESPECIALISTA";"Simulacao";"Inclui usuario nas roles: ESPECIALISTA ao executar com -Apply."
"Ecovias Raposo Castello";"02.02.03 - PPD 2 - km 33 - SP-280 - Oeste";"Engenharia\Ecovias Raposo Castello\Projetos\02.02.03 - PPD 2";"dbe9beeb-f435-48b6-82d8-7714f491c706";"gestaodeprojetos@itineraconstrucoes.com.br";"ESPECIALISTA";"Simulacao";"Inclui usuario nas roles: ESPECIALISTA ao executar com -Apply."
"Ecovias Raposo Castello";"02.02.04 - PMRV - Araçariguama - SP-280";"Engenharia\Ecovias Raposo Castello\Projetos\02.02.04 - PMRv";"903aed48-88ea-43af-8664-f61851c6cbbe";"gestaodeprojetos@itineraconstrucoes.com.br";"ESPECIALISTA";"Simulacao";"Inclui usuario nas roles: ESPECIALISTA ao executar com -Apply."
"Ecovias Raposo Castello";"02.05.19 - Dispositivo de Conexão - BR-116";"Engenharia\Ecovias Raposo Castello\Projetos\02.05.19 - Dispositivo";"6d384fe3-52b8-4123-8966-78e84a9b5b8b";"gestaodeprojetos@itineraconstrucoes.com.br";"ESPECIALISTA";"Simulacao";"Inclui usuario nas roles: ESPECIALISTA ao executar com -Apply."
"Ecovias Raposo Castello";"02.05.22 - Alça - km 22,20 - SP-280";"Engenharia\Ecovias Raposo Castello\Projetos\02.05.22 - Alça";"5147867f-9581-43a3-8210-1ba6f12501cc";"gestaodeprojetos@itineraconstrucoes.com.br";"ESPECIALISTA";"Simulacao";"Inclui usuario nas roles: ESPECIALISTA ao executar com -Apply."
"Ecovias Raposo Castello";"02.05.23 - Diamante - km 36,00 SP-280";"Engenharia\Ecovias Raposo Castello\Projetos\02.05.23 - Diamante";"09ce0a82-239d-40c1-b49e-15caeefec61c";"gestaodeprojetos@itineraconstrucoes.com.br";"ESPECIALISTA";"Simulacao";"Inclui usuario nas roles: ESPECIALISTA ao executar com -Apply."
"Ecovias Raposo Castello";"02.05.24 - Trombeta - km 46,62 - SP-280";"Engenharia\Ecovias Raposo Castello\Projetos\02.05.24 - Trombeta";"895f658a-2417-4c48-b668-45590d1cdbc5";"gestaodeprojetos@itineraconstrucoes.com.br";"ESPECIALISTA";"Simulacao";"Inclui usuario nas roles: ESPECIALISTA ao executar com -Apply."
"Ecovias Raposo Castello";"02.05.26 - Alça - km 22,80 - SP-280";"Engenharia\Ecovias Raposo Castello\Projetos\02.05.26 - Alça";"992ffbe8-8902-497c-8442-74a6c31b6f17";"gestaodeprojetos@itineraconstrucoes.com.br";"ESPECIALISTA";"Simulacao";"Inclui usuario nas roles: ESPECIALISTA ao executar com -Apply."
"Ecovias Raposo Castello";"02.06.11-  Marginal Decrescente - km 30,74 +31,23 - SP-280";"Engenharia\Ecovias Raposo Castello\Projetos\02.06.11-  Marginal";"e2cb9029-c7f8-4dd0-8fbe-7cd34b7082fd";"gestaodeprojetos@itineraconstrucoes.com.br";"ESPECIALISTA";"Simulacao";"Inclui usuario nas roles: ESPECIALISTA ao executar com -Apply."
"Ecovias Raposo Castello";"02.09.19 - Pontos de Ônibus Cotia-Embu - km 0 + 16,5";"Engenharia\Ecovias Raposo Castello\Projetos\02.09.19 - Pontos";"";"gestaodeprojetos@itineraconstrucoes.com.br";"ESPECIALISTA";"Ignorado";"Projeto sem Connected Project associado."
"Ecovias Raposo Castello";"02.10.19 - Acesso Cotia-Embu - km 0 + 16,5";"Engenharia\Ecovias Raposo Castello\Projetos\02.10.19 - Acesso";"";"gestaodeprojetos@itineraconstrucoes.com.br";"ESPECIALISTA";"Ignorado";"Projeto sem Connected Project associado."
"Ecovias Raposo Castello";"02.11.01.15 - OAE - km 22,2 - SP-280";"Engenharia\Ecovias Raposo Castello\Projetos\02.11.01.15 - OAE";"56cb3120-01b4-4165-9d8f-ba34e33539ae";"gestaodeprojetos@itineraconstrucoes.com.br";"ESPECIALISTA";"Simulacao";"Inclui usuario nas roles: ESPECIALISTA ao executar com -Apply."
"Ecovias Raposo Castello";"02.11.01.17 - OAE - km 22,2 - SP-280";"Engenharia\Ecovias Raposo Castello\Projetos\02.11.01.17 - OAE";"144c0f05-4a8b-4754-9658-3f1de6031b2d";"gestaodeprojetos@itineraconstrucoes.com.br";"ESPECIALISTA";"Simulacao";"Inclui usuario nas roles: ESPECIALISTA ao executar com -Apply."
"Ecovias Raposo Castello";"02.11.01.31 - OAE - Cotia-Embu - km 0";"Engenharia\Ecovias Raposo Castello\Projetos\02.11.01.31 - OAE";"";"gestaodeprojetos@itineraconstrucoes.com.br";"ESPECIALISTA";"Ignorado";"Projeto sem Connected Project associado."
"Ecovias Raposo Castello";"02.13.01 - Faixa Adic Ponte Rio Tietê Carapicuiba";"Engenharia\Ecovias Raposo Castello\Projetos\02.13.01-Faixa Adic Carapi";"7357e987-ec70-4dc6-9d12-ffe08438e439";"gestaodeprojetos@itineraconstrucoes.com.br";"ESPECIALISTA";"Simulacao";"Inclui usuario nas roles: ESPECIALISTA ao executar com -Apply."
"Ecovias Raposo Castello";"03.11 - HS-WIM 1 - km 20 - SP-280";"Engenharia\Ecovias Raposo Castello\Projetos\03.11 - HS-WIM 1";"2d0daf2a-daa7-4b01-ae64-b0de2acc681a";"gestaodeprojetos@itineraconstrucoes.com.br";"ESPECIALISTA";"Simulacao";"Inclui usuario nas roles: ESPECIALISTA ao executar com -Apply."
"Ecovias Raposo Castello";"03.11 - HS-WIM 2 - (Localização á definir) - SP-280";"Engenharia\Ecovias Raposo Castello\Projetos\03.11 - HS-WIM 2";"da2a40d3-8844-47a0-880d-1da9c9501096";"gestaodeprojetos@itineraconstrucoes.com.br";"ESPECIALISTA";"Simulacao";"Inclui usuario nas roles: ESPECIALISTA ao executar com -Apply."
"Ecovias Raposo Castello";"03.11 - HS-WIM 3 - (Localização á definir) - SP-280";"Engenharia\Ecovias Raposo Castello\Projetos\03.11 - HS-WIM 3";"";"gestaodeprojetos@itineraconstrucoes.com.br";"ESPECIALISTA";"Ignorado";"Projeto sem Connected Project associado."
"Ecovias Raposo Castello";"Projeto Conceitual - Raposo Tavares/ Nova Ligação Embu";"Engenharia\Ecovias Raposo Castello\Projetos\Projeto Conceitual";"57e3ca06-eccf-4cab-b4be-36d7353e3f1e";"gestaodeprojetos@itineraconstrucoes.com.br";"ESPECIALISTA";"Simulacao";"Inclui usuario nas roles: ESPECIALISTA ao executar com -Apply."
"Ecovias Rio Minas";"Ampliações 4° Ano - Lote 19 - Linha Férrea - km 189+640 - BR116/RJ";"Engenharia\Ecovias Rio Minas\Projetos\Ampliações 4° Ano Linha";"";"gestaodeprojetos@itineraconstrucoes.com.br";"ESPECIALISTA";"Ignorado";"Projeto sem Connected Project associado."
"Ecovias Rio Minas";"Ampliações 4° Ano SH 01 - km 408,580 + 412,830 - BR116/MG";"Engenharia\Ecovias Rio Minas\Projetos\Ampliações 4° Ano SH 01";"";"gestaodeprojetos@itineraconstrucoes.com.br";"ESPECIALISTA";"Ignorado";"Projeto sem Connected Project associado."
"Ecovias Rio Minas";"Ampliações 4° Ano SH 01 - Prefeitura - km 408,580 + 412,830 - BR116/MG";"Engenharia\Ecovias Rio Minas\Projetos\Ampliações 4° Ano SH 01-Pref";"";"gestaodeprojetos@itineraconstrucoes.com.br";"ESPECIALISTA";"Ignorado";"Projeto sem Connected Project associado."
"Ecovias Rio Minas";"Ampliações 4° Ano SH 02 - km 412,830 + 421,170 - BR116/MG";"Engenharia\Ecovias Rio Minas\Projetos\Ampliações 4° Ano SH 02";"";"gestaodeprojetos@itineraconstrucoes.com.br";"ESPECIALISTA";"Ignorado";"Projeto sem Connected Project associado."
"Ecovias Rio Minas";"Ampliações 4° Ano SH 02 - Prefeitura - km 412,830 + 421,170 - BR116/MG";"Engenharia\Ecovias Rio Minas\Projetos\Ampliações 4°Ano SH 02-Pref";"";"gestaodeprojetos@itineraconstrucoes.com.br";"ESPECIALISTA";"Ignorado";"Projeto sem Connected Project associado."
"Ecovias Rio Minas";"Ampliações 4° Ano SH 38 - km 0,000 + 15,480 - BR493/RJ";"Engenharia\Ecovias Rio Minas\Projetos\Ampliações 4° Ano SH 38";"219c7e18-6016-41c1-8e2e-d4a253fa1a1b";"gestaodeprojetos@itineraconstrucoes.com.br";"ESPECIALISTA";"Simulacao";"Inclui usuario nas roles: ESPECIALISTA ao executar com -Apply."
"Ecovias Rio Minas";"Ampliações 4° Ano SH 39 - km 15,480 + 19,640 - BR493/RJ";"Engenharia\Ecovias Rio Minas\Projetos\Ampliações 4° Ano SH 39";"2cfc02ce-73be-46c1-8537-3491b256ebda";"gestaodeprojetos@itineraconstrucoes.com.br";"ESPECIALISTA";"Simulacao";"Inclui usuario nas roles: ESPECIALISTA ao executar com -Apply."
"Ecovias Rio Minas";"Ampliações 4° Ano SH 40 - km 19,640 + 25,370 - BR493/RJ";"Engenharia\Ecovias Rio Minas\Projetos\Ampliações 4° Ano SH 40";"c204290d-dcff-44db-9df6-be12fb01f686";"gestaodeprojetos@itineraconstrucoes.com.br";"ESPECIALISTA";"Simulacao";"Inclui usuario nas roles: ESPECIALISTA ao executar com -Apply."
"Ecovias Rio Minas";"Ampliações 4° Ano SH 49 - km 168,720 + 171,930 - BR116/RJ";"Engenharia\Ecovias Rio Minas\Projetos\Ampliações 4° Ano SH 49";"";"gestaodeprojetos@itineraconstrucoes.com.br";"ESPECIALISTA";"Ignorado";"Projeto sem Connected Project associado."
"Ecovias Rio Minas";"Ampliações 4° Ano SH 50 - km 171,930 + 174,320 - BR116/RJ";"Engenharia\Ecovias Rio Minas\Projetos\Ampliações 4° Ano SH 50";"aee00b7b-dc08-4d90-88cb-890f8e859a83";"gestaodeprojetos@itineraconstrucoes.com.br";"ESPECIALISTA";"Simulacao";"Inclui usuario nas roles: ESPECIALISTA ao executar com -Apply."
"Ecovias Rio Minas";"Ampliações 4° Ano SH 51 - km 174,320 + 178,420 - BR116/RJ";"Engenharia\Ecovias Rio Minas\Projetos\Ampliações 4° Ano SH 51";"dba51fe3-b400-4b0d-af9a-847219311114";"gestaodeprojetos@itineraconstrucoes.com.br";"ESPECIALISTA";"Simulacao";"Inclui usuario nas roles: ESPECIALISTA ao executar com -Apply."
"Ecovias Rio Minas";"Ampliações 4° Ano SH 52 - km 178,420 + 181,630 - BR116/RJ";"Engenharia\Ecovias Rio Minas\Projetos\Ampliações 4° Ano SH 52";"6196cccd-4e67-44e7-8dc4-186d0aaa47f8";"gestaodeprojetos@itineraconstrucoes.com.br";"ESPECIALISTA";"Simulacao";"Inclui usuario nas roles: ESPECIALISTA ao executar com -Apply."
"Ecovias Rio Minas";"Ampliações 4° Ano SH 53 - km 181,630 + 185,530 - BR116/RJ";"Engenharia\Ecovias Rio Minas\Projetos\Ampliações 4° Ano SH 53";"a386288a-1111-4aae-b1bd-7b8ecb6f0b8f";"gestaodeprojetos@itineraconstrucoes.com.br";"ESPECIALISTA";"Simulacao";"Inclui usuario nas roles: ESPECIALISTA ao executar com -Apply."
"Ecovias Rio Minas";"Ampliações 4° Ano SH 54 - km 185,530 + 189,620 - BR116/RJ";"Engenharia\Ecovias Rio Minas\Projetos\Ampliações 4° Ano SH 54";"eab28ef4-7d79-4a20-832e-4ee39b81e4c0";"gestaodeprojetos@itineraconstrucoes.com.br";"ESPECIALISTA";"Simulacao";"Inclui usuario nas roles: ESPECIALISTA ao executar com -Apply."
"Ecovias Rio Minas";"Ampliações 4° Ano SH 55 - km 189,620 + 196,120 - BR116/RJ";"Engenharia\Ecovias Rio Minas\Projetos\Ampliações 4° Ano SH 55";"f86b8260-6257-4009-b43b-14d56d2d4e0b";"gestaodeprojetos@itineraconstrucoes.com.br";"ESPECIALISTA";"Simulacao";"Inclui usuario nas roles: ESPECIALISTA ao executar com -Apply."
"Ecovias Rio Minas";"Ampliações 4° Ano SH 56 - km 196,120 + 204,320 - BR116/RJ";"Engenharia\Ecovias Rio Minas\Projetos\Ampliações 4° Ano SH 56";"44d7d1fa-7aa7-4100-99dc-19157dfafd79";"gestaodeprojetos@itineraconstrucoes.com.br";"ESPECIALISTA";"Simulacao";"Inclui usuario nas roles: ESPECIALISTA ao executar com -Apply."
"Ecovias Rio Minas";"Ampliações 5° Ano SH 07 - km 499,330 + 519,730 - BR116/MG";"Engenharia\Ecovias Rio Minas\Projetos\Ampliações 5° Ano SH 07";"74aa7d6d-a6cb-47df-9493-8a4638c5b3e0";"gestaodeprojetos@itineraconstrucoes.com.br";"ESPECIALISTA";"Simulacao";"Inclui usuario nas roles: ESPECIALISTA ao executar com -Apply."
"Ecovias Rio Minas";"Ampliações 5° Ano SH 08 - km 519,730 + 522,730 - BR116/MG";"Engenharia\Ecovias Rio Minas\Projetos\Ampliações 5° Ano SH 08";"fc759bc7-f609-4d67-946a-1c92131dc64d";"gestaodeprojetos@itineraconstrucoes.com.br";"ESPECIALISTA";"Simulacao";"Inclui usuario nas roles: ESPECIALISTA ao executar com -Apply."
"Ecovias Rio Minas";"Ampliações 5° Ano SH 09 - km 522,730 + 525,840 - BR116/MG";"Engenharia\Ecovias Rio Minas\Projetos\Ampliações 5° Ano SH 09";"e2853316-feab-4fb9-b745-c148037a6ce1";"gestaodeprojetos@itineraconstrucoes.com.br";"ESPECIALISTA";"Simulacao";"Inclui usuario nas roles: ESPECIALISTA ao executar com -Apply."
"Ecovias Rio Minas";"Ampliações 5° Ano SH 10 - km 525,840 + 527,530 - BR116/MG";"Engenharia\Ecovias Rio Minas\Projetos\Ampliações 5° Ano SH 10";"161754e4-7957-455f-9c21-5149a80dfef9";"gestaodeprojetos@itineraconstrucoes.com.br";"ESPECIALISTA";"Simulacao";"Inclui usuario nas roles: ESPECIALISTA ao executar com -Apply."
"Ecovias Rio Minas";"Ampliações 5° Ano SH 57 - km 204,320 + 211,820 - BR116/RJ";"Engenharia\Ecovias Rio Minas\Projetos\Ampliações 5° Ano SH 57";"0c6052f1-a53f-4332-831e-7d8282d93329";"gestaodeprojetos@itineraconstrucoes.com.br";"ESPECIALISTA";"Simulacao";"Inclui usuario nas roles: ESPECIALISTA ao executar com -Apply."
"Ecovias Rio Minas";"Ampliações 5° Ano SH 58 - km 211,820 + 214,700 - BR116/RJ";"Engenharia\Ecovias Rio Minas\Projetos\Ampliações 5° Ano SH 58";"1a041bfc-2d2c-4076-a7e6-8c80c799d00b";"gestaodeprojetos@itineraconstrucoes.com.br";"ESPECIALISTA";"Simulacao";"Inclui usuario nas roles: ESPECIALISTA ao executar com -Apply."
"Ecovias Rio Minas";"Ampliações 6° Ano SH 03 - km 421,170 + 456,260 - BR116/MG";"Engenharia\Ecovias Rio Minas\Projetos\Ampliações 6° Ano SH 03";"76b48052-5c61-4094-81ab-b164c03e58ae";"gestaodeprojetos@itineraconstrucoes.com.br";"ESPECIALISTA";"Simulacao";"Inclui usuario nas roles: ESPECIALISTA ao executar com -Apply."
"Ecovias Rio Minas";"Ampliações 6° Ano SH 06 - km 485,540 + 499,330 - BR116/MG";"Engenharia\Ecovias Rio Minas\Projetos\Ampliações 6° Ano SH 06";"d460fe15-fe2c-40cd-95db-20a86ff79b85";"gestaodeprojetos@itineraconstrucoes.com.br";"ESPECIALISTA";"Simulacao";"Inclui usuario nas roles: ESPECIALISTA ao executar com -Apply."
"Ecovias Rio Minas";"Ampliações 6° Ano SH 12 - km 561,400 + 586,570 - BR116/MG";"Engenharia\Ecovias Rio Minas\Projetos\Ampliações 6° Ano SH 12";"7bde7f09-c7a8-461d-88ac-9ca5dc03a001";"gestaodeprojetos@itineraconstrucoes.com.br";"ESPECIALISTA";"Simulacao";"Inclui usuario nas roles: ESPECIALISTA ao executar com -Apply."
"Ecovias Rio Minas";"Ampliações 6° Ano SH 13 - km 588,700 + 606,830 - BR116/MG";"Engenharia\Ecovias Rio Minas\Projetos\Ampliações 6° Ano SH 13";"d4969ff9-fc29-4989-b529-a42e053ec432";"gestaodeprojetos@itineraconstrucoes.com.br";"ESPECIALISTA";"Simulacao";"Inclui usuario nas roles: ESPECIALISTA ao executar com -Apply."
"Ecovias Rio Minas";"Ampliações 6° Ano SH 17 - km 702,260 + 703,450 - BR116/MG";"Engenharia\Ecovias Rio Minas\Projetos\Ampliações 6° Ano SH 17";"035d1b81-072d-44ee-a065-94da4403699c";"gestaodeprojetos@itineraconstrucoes.com.br";"ESPECIALISTA";"Simulacao";"Inclui usuario nas roles: ESPECIALISTA ao executar com -Apply."
"Ecovias Rio Minas";"Ampliações 6° Ano SH 29 - km 59,430 + 80,520 - BR116/RJ";"Engenharia\Ecovias Rio Minas\Projetos\Ampliações 6° Ano SH 29";"cdba52e5-928a-418f-ae3f-810d0b14f191";"gestaodeprojetos@itineraconstrucoes.com.br";"ESPECIALISTA";"Simulacao";"Inclui usuario nas roles: ESPECIALISTA ao executar com -Apply."
"Ecovias Rio Minas";"Ampliações 6° Ano SH 30 - km 80,520 + 93,180 - BR116/RJ";"Engenharia\Ecovias Rio Minas\Projetos\Ampliações 6° Ano SH 30";"cb9d86f7-ac9d-477c-9f9e-3597e5c98393";"gestaodeprojetos@itineraconstrucoes.com.br";"ESPECIALISTA";"Simulacao";"Inclui usuario nas roles: ESPECIALISTA ao executar com -Apply."
"Ecovias Rio Minas";"Ampliações 6° Ano SH 31 - km 93,180 + 108,430 -  BR116/RJ";"Engenharia\Ecovias Rio Minas\Projetos\Ampliações 6° Ano SH 31";"087ce82b-43fb-4c63-b7de-3b0d7b113646";"gestaodeprojetos@itineraconstrucoes.com.br";"ESPECIALISTA";"Simulacao";"Inclui usuario nas roles: ESPECIALISTA ao executar com -Apply."
"Ecovias Rio Minas";"Ampliações 6° Ano SH 35 - km 126,500 + 137,110 - BR116/RJ";"Engenharia\Ecovias Rio Minas\Projetos\Ampliações 6° Ano SH 35";"8c392d35-88b4-402d-871c-0790d7ece2c5";"gestaodeprojetos@itineraconstrucoes.com.br";"ESPECIALISTA";"Simulacao";"Inclui usuario nas roles: ESPECIALISTA ao executar com -Apply."
"Ecovias Rio Minas";"Ampliações 6° Ano SH 36 - km 137,110 + 141,530 - BR116/RJ";"Engenharia\Ecovias Rio Minas\Projetos\Ampliações 6° Ano SH 36";"406837fd-19ed-4e11-be90-6dcbe7d567c3";"gestaodeprojetos@itineraconstrucoes.com.br";"ESPECIALISTA";"Simulacao";"Inclui usuario nas roles: ESPECIALISTA ao executar com -Apply."
"Ecovias Rio Minas";"Ampliações 6° Ano SH 37 - km 141,530 + 148,660 - BR116/RJ";"Engenharia\Ecovias Rio Minas\Projetos\Ampliações 6° Ano SH 37";"9c22f2ae-40b1-43c9-94fb-a8fc32c598a3";"gestaodeprojetos@itineraconstrucoes.com.br";"ESPECIALISTA";"Simulacao";"Inclui usuario nas roles: ESPECIALISTA ao executar com -Apply."
"Ecovias Rio Minas";"Ampliações 6° Ano SH 41 - km 48,100 + 55,080 - BR493/RJ";"Engenharia\Ecovias Rio Minas\Projetos\Ampliações 6° Ano SH 41";"a383eb38-3aac-44dc-8e17-ff3277af881d";"gestaodeprojetos@itineraconstrucoes.com.br";"ESPECIALISTA";"Simulacao";"Inclui usuario nas roles: ESPECIALISTA ao executar com -Apply."
"Ecovias Rio Minas";"Ampliações 6° Ano SH 42 - km 55,080 + 65,880 - BR493/RJ";"Engenharia\Ecovias Rio Minas\Projetos\Ampliações 6° Ano SH 42";"261c2a57-459b-4237-93c4-e1f551775054";"gestaodeprojetos@itineraconstrucoes.com.br";"ESPECIALISTA";"Simulacao";"Inclui usuario nas roles: ESPECIALISTA ao executar com -Apply."
"Ecovias Rio Minas";"Ampliações 6° Ano SH 43 - km 65,880 + 84,400 - BR493/RJ";"Engenharia\Ecovias Rio Minas\Projetos\Ampliações 6° Ano SH 43";"826334dd-cb3f-41a6-8fa4-33a44e93f10f";"gestaodeprojetos@itineraconstrucoes.com.br";"ESPECIALISTA";"Simulacao";"Inclui usuario nas roles: ESPECIALISTA ao executar com -Apply."
"Ecovias Rio Minas";"Ampliações 7° Ano - Lote 15 - Acesso km 057 - BR116/RJ";"Engenharia\Ecovias Rio Minas\Projetos\Ampliações 7° Ano Acesso";"";"gestaodeprojetos@itineraconstrucoes.com.br";"ESPECIALISTA";"Ignorado";"Projeto sem Connected Project associado."
"Ecovias Rio Minas";"Ampliações 7° Ano SH 05 - km 469,630 + 485,540 - BR116/MG";"Engenharia\Ecovias Rio Minas\Projetos\Ampliações 7° Ano SH 05";"cc1b5879-5616-4547-a154-15cb15ebd43b";"gestaodeprojetos@itineraconstrucoes.com.br";"ESPECIALISTA";"Simulacao";"Inclui usuario nas roles: ESPECIALISTA ao executar com -Apply."
"Ecovias Rio Minas";"Ampliações 7° Ano SH 11 - km 527,530 + 561,400 - BR116/MG";"Engenharia\Ecovias Rio Minas\Projetos\Ampliações 7° Ano SH 11";"12faecbc-1073-4969-9447-9d74cb5de033";"gestaodeprojetos@itineraconstrucoes.com.br";"ESPECIALISTA";"Simulacao";"Inclui usuario nas roles: ESPECIALISTA ao executar com -Apply."
"Ecovias Rio Minas";"Ampliações 7° Ano SH 14 - km 606,830 + 634,860 - BR116/MG";"Engenharia\Ecovias Rio Minas\Projetos\Ampliações 7° Ano SH 14";"4ef3647a-d6aa-4d39-9dd8-957d27bb2402";"gestaodeprojetos@itineraconstrucoes.com.br";"ESPECIALISTA";"Simulacao";"Inclui usuario nas roles: ESPECIALISTA ao executar com -Apply."
"Ecovias Rio Minas";"Ampliações 7° Ano SH 15 - km 634,860 + 650,270 - BR116/MG";"Engenharia\Ecovias Rio Minas\Projetos\Ampliações 7° Ano SH 15";"51fc66d7-aa83-423d-87af-155c6e55e4be";"gestaodeprojetos@itineraconstrucoes.com.br";"ESPECIALISTA";"Simulacao";"Inclui usuario nas roles: ESPECIALISTA ao executar com -Apply."
"Ecovias Rio Minas";"Ampliações 7° Ano SH 16 - km 650,280 + 702,260 - BR116/MG";"Engenharia\Ecovias Rio Minas\Projetos\Ampliações 7° Ano SH 16";"de5db9e1-a883-4ac1-91dd-9f3629af85f5";"gestaodeprojetos@itineraconstrucoes.com.br";"ESPECIALISTA";"Simulacao";"Inclui usuario nas roles: ESPECIALISTA ao executar com -Apply."
"Ecovias Rio Minas";"Ampliações 7° Ano SH 18 - km 703,450 + 736,400 - BR116/MG";"Engenharia\Ecovias Rio Minas\Projetos\Ampliações 7° Ano SH 18";"1139f7b3-0802-42d2-9275-5756cdf48276";"gestaodeprojetos@itineraconstrucoes.com.br";"ESPECIALISTA";"Simulacao";"Inclui usuario nas roles: ESPECIALISTA ao executar com -Apply."
"Ecovias Rio Minas";"Ampliações 7° Ano SH 19 - km 736,400 + 744,580 - BR116/MG";"Engenharia\Ecovias Rio Minas\Projetos\Ampliações 7° Ano SH 19";"1aa22ebc-36b3-4c53-9aa5-90a325c3493f";"gestaodeprojetos@itineraconstrucoes.com.br";"ESPECIALISTA";"Simulacao";"Inclui usuario nas roles: ESPECIALISTA ao executar com -Apply."
"Ecovias Rio Minas";"Ampliações 7° Ano SH 27 - km 40,370 + 56,520 - BR116/RJ";"Engenharia\Ecovias Rio Minas\Projetos\Ampliações 7° Ano SH 27";"34bb35a1-a5e8-4396-963a-e2e59597464b";"gestaodeprojetos@itineraconstrucoes.com.br";"ESPECIALISTA";"Simulacao";"Inclui usuario nas roles: ESPECIALISTA ao executar com -Apply."
"Ecovias Rio Minas";"Ampliações 7° Ano SH 28 - km 56,520 + 59,430 - BR116/RJ";"Engenharia\Ecovias Rio Minas\Projetos\Ampliações 7° Ano SH 28";"b83ddb99-5297-4c42-b7db-7418430b2374";"gestaodeprojetos@itineraconstrucoes.com.br";"ESPECIALISTA";"Simulacao";"Inclui usuario nas roles: ESPECIALISTA ao executar com -Apply."
"Ecovias Rio Minas";"Ampliações 8° Ano - SH-32 - Ciclovia - km 108-110 - BR116RJ";"Engenharia\Ecovias Rio Minas\Projetos\Ampliações 8° Ano Ciclovia";"";"gestaodeprojetos@itineraconstrucoes.com.br";"ESPECIALISTA";"Ignorado";"Projeto sem Connected Project associado."
"Ecovias Rio Minas";"Ampliações 8° Ano - SH-33 - Diamante - km 116+010 - BR116RJ";"Engenharia\Ecovias Rio Minas\Projetos\Ampliações 8° Ano Diamante";"";"gestaodeprojetos@itineraconstrucoes.com.br";"ESPECIALISTA";"Ignorado";"Projeto sem Connected Project associado."
"Ecovias Rio Minas";"Ampliações 8° Ano SH 04 - km 456,260 + 469,630 - BR116/MG";"Engenharia\Ecovias Rio Minas\Projetos\Ampliações 8° Ano SH 04";"378e7fd6-27a9-4d10-95f5-54d4656124e4";"gestaodeprojetos@itineraconstrucoes.com.br";"ESPECIALISTA";"Simulacao";"Inclui usuario nas roles: ESPECIALISTA ao executar com -Apply."
"Ecovias Rio Minas";"Ampliações 8° Ano SH 20 - km 744,580 + 764,890 - BR116/MG";"Engenharia\Ecovias Rio Minas\Projetos\Ampliações 8° Ano SH 20";"619eaad2-109d-47f6-93f0-419558d42167";"gestaodeprojetos@itineraconstrucoes.com.br";"ESPECIALISTA";"Simulacao";"Inclui usuario nas roles: ESPECIALISTA ao executar com -Apply."
"Ecovias Rio Minas";"Ampliações 8° Ano SH 21 - km 764,890 + 772,490 - BR116/MG";"Engenharia\Ecovias Rio Minas\Projetos\Ampliações 8° Ano SH 21";"dc25a33c-9b3d-44b1-bc0f-0b0007fc57bb";"gestaodeprojetos@itineraconstrucoes.com.br";"ESPECIALISTA";"Simulacao";"Inclui usuario nas roles: ESPECIALISTA ao executar com -Apply."
"Ecovias Rio Minas";"Ampliações 8° Ano SH 22 - km 772,490 + 814,210 - BR116/MG";"Engenharia\Ecovias Rio Minas\Projetos\Ampliações 8° Ano SH 22";"5dcc4542-4eb6-493c-9fad-76351ff063dd";"gestaodeprojetos@itineraconstrucoes.com.br";"ESPECIALISTA";"Simulacao";"Inclui usuario nas roles: ESPECIALISTA ao executar com -Apply."
"Ecovias Rio Minas";"Ampliações 8° Ano SH 23 - km 814,210 + 816,320 - BR116/MG";"Engenharia\Ecovias Rio Minas\Projetos\Ampliações 8° Ano SH 23";"f104f05b-64f5-48df-9636-3b964062db9e";"gestaodeprojetos@itineraconstrucoes.com.br";"ESPECIALISTA";"Simulacao";"Inclui usuario nas roles: ESPECIALISTA ao executar com -Apply."
"Ecovias Rio Minas";"Ampliações 8° Ano SH 24 - km 2,100 + 24,460 - BR116/RJ";"Engenharia\Ecovias Rio Minas\Projetos\Ampliações 8° Ano SH 24";"d5ce64e2-9df9-4bb5-af46-abf90e5bc0f9";"gestaodeprojetos@itineraconstrucoes.com.br";"ESPECIALISTA";"Simulacao";"Inclui usuario nas roles: ESPECIALISTA ao executar com -Apply."
"Ecovias Rio Minas";"Ampliações 8° Ano SH 25 - km 24,460 + 24,770 - BR116/RJ";"Engenharia\Ecovias Rio Minas\Projetos\Ampliações 8° Ano SH 25";"1b3d32b5-102f-489c-861d-0bd42f70f73f";"gestaodeprojetos@itineraconstrucoes.com.br";"ESPECIALISTA";"Simulacao";"Inclui usuario nas roles: ESPECIALISTA ao executar com -Apply."
"Ecovias Rio Minas";"Ampliações 8° Ano SH 26 - km 24,770 + 40,370 - BR116/RJ";"Engenharia\Ecovias Rio Minas\Projetos\Ampliações 8° Ano SH 26";"6ecc0d90-5b37-4c67-a309-bec128d9dc14";"gestaodeprojetos@itineraconstrucoes.com.br";"ESPECIALISTA";"Simulacao";"Inclui usuario nas roles: ESPECIALISTA ao executar com -Apply."
"Ecovias Rio Minas";"Ampliações 8° Ano SH 32 - km 108,430 + 110,120 - BR116/RJ";"Engenharia\Ecovias Rio Minas\Projetos\Ampliações 8° Ano SH 32";"794d4353-1d7f-4f78-8eab-c23c5b3163bc";"gestaodeprojetos@itineraconstrucoes.com.br";"ESPECIALISTA";"Simulacao";"Inclui usuario nas roles: ESPECIALISTA ao executar com -Apply."
"Ecovias Rio Minas";"Ampliações 8° Ano SH 33 - km 110,120 + 116,150 - BR116/RJ";"Engenharia\Ecovias Rio Minas\Projetos\Ampliações 8° Ano SH 33";"31c1fd02-bedf-4b82-9111-33cc656d2426";"gestaodeprojetos@itineraconstrucoes.com.br";"ESPECIALISTA";"Simulacao";"Inclui usuario nas roles: ESPECIALISTA ao executar com -Apply."
"Ecovias Rio Minas";"Ampliações 8° Ano SH 34 - km 116,150 + 126,500 - BR116/RJ";"Engenharia\Ecovias Rio Minas\Projetos\Ampliações 8° Ano SH 34";"788ad8a5-9eff-42c5-8d3b-ad34f087302a";"gestaodeprojetos@itineraconstrucoes.com.br";"ESPECIALISTA";"Simulacao";"Inclui usuario nas roles: ESPECIALISTA ao executar com -Apply."
"Ecovias Rio Minas";"Ampliações 8° Ano SH 44 - km 84,400 + 95,580 - BR493/RJ";"Engenharia\Ecovias Rio Minas\Projetos\Ampliações 8° Ano SH 44";"f33bed75-8511-4c21-bcb5-1497f5667a86";"gestaodeprojetos@itineraconstrucoes.com.br";"ESPECIALISTA";"Simulacao";"Inclui usuario nas roles: ESPECIALISTA ao executar com -Apply."
"Ecovias Rio Minas";"Ampliações 8° Ano SH 45 - km 95,580 + 96,800 - BR493/RJ";"Engenharia\Ecovias Rio Minas\Projetos\Ampliações 8° Ano SH 45";"d4a467fd-8a50-477b-9513-1b0125ed1518";"gestaodeprojetos@itineraconstrucoes.com.br";"ESPECIALISTA";"Simulacao";"Inclui usuario nas roles: ESPECIALISTA ao executar com -Apply."
"Ecovias Rio Minas";"Ampliações 8° Ano SH 46 - km 96,800 + 98,520 - BR493/RJ";"Engenharia\Ecovias Rio Minas\Projetos\Ampliações 8° Ano SH 46";"01b915b4-32d5-4d03-a203-e1d115d49e90";"gestaodeprojetos@itineraconstrucoes.com.br";"ESPECIALISTA";"Simulacao";"Inclui usuario nas roles: ESPECIALISTA ao executar com -Apply."
"Ecovias Rio Minas";"Ampliações 8° Ano SH 47 - km 98,520 + 120,130 - BR493/RJ";"Engenharia\Ecovias Rio Minas\Projetos\Ampliações 8° Ano SH 47";"a15fe6e5-dc70-44f4-8066-efa783e04acd";"gestaodeprojetos@itineraconstrucoes.com.br";"ESPECIALISTA";"Simulacao";"Inclui usuario nas roles: ESPECIALISTA ao executar com -Apply."
"Ecovias Rio Minas";"Ampliações 8° Ano SH 48 -  km 120,130 + 122,700 - BR493/RJ";"Engenharia\Ecovias Rio Minas\Projetos\Ampliações 8° Ano SH 48";"1bc3da99-50bc-4db4-ac3c-8c20d97c248d";"gestaodeprojetos@itineraconstrucoes.com.br";"ESPECIALISTA";"Simulacao";"Inclui usuario nas roles: ESPECIALISTA ao executar com -Apply."
"Ecovias Rio Minas";"Ampliações 8° Ano SH 59 - km 0,000 + 2,820 - BR465/RJ";"Engenharia\Ecovias Rio Minas\Projetos\Ampliações 8° Ano SH 59";"bbcd8c99-8ab5-472b-af52-93a6efb4c76b";"gestaodeprojetos@itineraconstrucoes.com.br";"ESPECIALISTA";"Simulacao";"Inclui usuario nas roles: ESPECIALISTA ao executar com -Apply."
"Ecovias Rio Minas";"Ampliações 8° Ano SH 60 -  km 2,820 + 5,910 - BR465/RJ";"Engenharia\Ecovias Rio Minas\Projetos\Ampliações 8° Ano SH 60";"6e823200-0c62-4a49-a9ec-e32fe6f5d480";"gestaodeprojetos@itineraconstrucoes.com.br";"ESPECIALISTA";"Simulacao";"Inclui usuario nas roles: ESPECIALISTA ao executar com -Apply."
"Ecovias Rio Minas";"Ampliações 8° Ano SH 61 - km 5,910 + 8,000 - BR465/RJ";"Engenharia\Ecovias Rio Minas\Projetos\Ampliações 8° Ano SH 61";"5f89a91c-ac45-4dec-96ad-c481de13cb24";"gestaodeprojetos@itineraconstrucoes.com.br";"ESPECIALISTA";"Simulacao";"Inclui usuario nas roles: ESPECIALISTA ao executar com -Apply."
"Ecovias Rio Minas";"Ampliações 8° Ano SH 62 -  km 8,000 + 12,780 - BR465/RJ";"Engenharia\Ecovias Rio Minas\Projetos\Ampliações 8° Ano SH 62";"92946331-b8e9-425b-9930-c2086af61de0";"gestaodeprojetos@itineraconstrucoes.com.br";"ESPECIALISTA";"Simulacao";"Inclui usuario nas roles: ESPECIALISTA ao executar com -Apply."
"Ecovias Rio Minas";"Ampliações 8° Ano SH 63 - km 12,780 + 20,260 - BR465/RJ";"Engenharia\Ecovias Rio Minas\Projetos\Ampliações 8° Ano SH 63";"f7a30164-3ef1-4e92-aebb-174a5d95894b";"gestaodeprojetos@itineraconstrucoes.com.br";"ESPECIALISTA";"Simulacao";"Inclui usuario nas roles: ESPECIALISTA ao executar com -Apply."
"Ecovias Rio Minas";"Ampliações 8° Ano SH 64 - km 20,260 + 23,160 - BR465/RJ";"Engenharia\Ecovias Rio Minas\Projetos\Ampliações 8° Ano SH 64";"a7dfabd9-0068-4ce3-8f30-fdf134c88403";"gestaodeprojetos@itineraconstrucoes.com.br";"ESPECIALISTA";"Simulacao";"Inclui usuario nas roles: ESPECIALISTA ao executar com -Apply."
"Ecovias Rio Minas";"BSO 1 - Alpercata - BR-116/MG - km 420+830 - Sul";"Engenharia\Ecovias Rio Minas\Projetos\BSO 1 - Alpercata";"8a50bc16-e07e-4dc7-a88f-14068877bda8";"gestaodeprojetos@itineraconstrucoes.com.br";"ESPECIALISTA";"Simulacao";"Inclui usuario nas roles: ESPECIALISTA ao executar com -Apply."
"Ecovias Rio Minas";"BSO 10 - Além Paraíba - BR-116/MG - km 797+930 - Sul";"Engenharia\Ecovias Rio Minas\Projetos\BSO 10 - Além Paraíba";"f365c81a-ca5c-4096-9a92-5039255cb0df";"gestaodeprojetos@itineraconstrucoes.com.br";"ESPECIALISTA";"Simulacao";"Inclui usuario nas roles: ESPECIALISTA ao executar com -Apply."
"Ecovias Rio Minas";"BSO 11 - Sapucaia - BR-116/RJ  - km 29+900 - Norte";"Engenharia\Ecovias Rio Minas\Projetos\BSO 11 - Sapucaia";"af8a8752-5892-4b1c-aea6-752cfa5a1cc7";"gestaodeprojetos@itineraconstrucoes.com.br";"ESPECIALISTA";"Simulacao";"Inclui usuario nas roles: ESPECIALISTA ao executar com -Apply."
"Ecovias Rio Minas";"BSO 12 - Teresópolis - BR-116/RJ - km 77+800 - Sul";"Engenharia\Ecovias Rio Minas\Projetos\BSO 12 - Teresópolis";"129d4432-58fb-47ae-9d40-2ebe1c4a56ef";"gestaodeprojetos@itineraconstrucoes.com.br";"ESPECIALISTA";"Simulacao";"Inclui usuario nas roles: ESPECIALISTA ao executar com -Apply."
"Ecovias Rio Minas";"BSO 13 - Guapimirim - BR-116/RJ - km 109+190 - Sul";"Engenharia\Ecovias Rio Minas\Projetos\BSO 13 - Guapimirim";"09e51bce-f0cc-4c28-aee0-a0cd96086935";"gestaodeprojetos@itineraconstrucoes.com.br";"ESPECIALISTA";"Simulacao";"Inclui usuario nas roles: ESPECIALISTA ao executar com -Apply."
"Ecovias Rio Minas";"BSO 14 - Rio de Janeiro - BR-116/RJ - km 172+000 - Sul";"Engenharia\Ecovias Rio Minas\Projetos\BSO 14 - Rio de Janeiro";"";"gestaodeprojetos@itineraconstrucoes.com.br";"ESPECIALISTA";"Ignorado";"Projeto sem Connected Project associado."
"Ecovias Rio Minas";"BSO 15 - Seropédica - BR-116/RJ - km 211+670 - Sul";"Engenharia\Ecovias Rio Minas\Projetos\BSO 15 - Seropédica";"";"gestaodeprojetos@itineraconstrucoes.com.br";"ESPECIALISTA";"Ignorado";"Projeto sem Connected Project associado."
"Ecovias Rio Minas";"BSO 16 - Itaboraí - BR-493/RJ - km 7+040 - Sul";"Engenharia\Ecovias Rio Minas\Projetos\BSO 16 - Itaboraí";"";"gestaodeprojetos@itineraconstrucoes.com.br";"ESPECIALISTA";"Ignorado";"Projeto sem Connected Project associado."
"Ecovias Rio Minas";"BSO 17 - Duque de Caxias - BR-493/RJ - km 51+180 - Sul";"Engenharia\Ecovias Rio Minas\Projetos\BSO 17 - Duque de Caxias";"";"gestaodeprojetos@itineraconstrucoes.com.br";"ESPECIALISTA";"Ignorado";"Projeto sem Connected Project associado."
"Ecovias Rio Minas";"BSO 18 - Seropédica - BR-465/RJ - km 10-720 - Norte";"Engenharia\Ecovias Rio Minas\Projetos\BSO 18 - Seropédica";"";"gestaodeprojetos@itineraconstrucoes.com.br";"ESPECIALISTA";"Ignorado";"Projeto sem Connected Project associado."
"Ecovias Rio Minas";"BSO 2 - Tarumirim - BR-116/MG - km 461+600 - Sul";"Engenharia\Ecovias Rio Minas\Projetos\BSO 2 - Tarumirim";"a676673a-b5fd-495b-bce1-d6b4c88183d8";"gestaodeprojetos@itineraconstrucoes.com.br";"ESPECIALISTA";"Simulacao";"Inclui usuario nas roles: ESPECIALISTA ao executar com -Apply."
"Ecovias Rio Minas";"BSO 3 - Ubaporanga - BR-116/MG - km 511+130 - Norte";"Engenharia\Ecovias Rio Minas\Projetos\BSO 3 - Ubaporanga";"a0098e84-6ddf-4af6-8e62-ded15c291a64";"gestaodeprojetos@itineraconstrucoes.com.br";"ESPECIALISTA";"Simulacao";"Inclui usuario nas roles: ESPECIALISTA ao executar com -Apply."
"Ecovias Rio Minas";"BSO 4 - Santa Bárbara do Leste - BR-116/MG - km 549+320";"Engenharia\Ecovias Rio Minas\Projetos\BSO4-Santa Bárbara do Leste";"";"gestaodeprojetos@itineraconstrucoes.com.br";"ESPECIALISTA";"Ignorado";"Projeto sem Connected Project associado."
"Ecovias Rio Minas";"BSO 4 - Santa Bárbara do Leste - BR-116/MG - km 549+320";"Engenharia\Ecovias Rio Minas\Projetos\BSO 4 - Santa Bárbara do Leste";"7bd70c5b-d4fa-4983-9459-3a594fcbab81";"gestaodeprojetos@itineraconstrucoes.com.br";"ESPECIALISTA";"Simulacao";"Inclui usuario nas roles: ESPECIALISTA ao executar com -Apply."
"Ecovias Rio Minas";"BSO 5 - Manhuaçu - BR-116/MG - km 593+320 - Sul";"Engenharia\Ecovias Rio Minas\Projetos\BSO 5 - Manhuaçu";"6fc5aa0f-90ed-480a-b83c-2c1af928302d";"gestaodeprojetos@itineraconstrucoes.com.br";"ESPECIALISTA";"Simulacao";"Inclui usuario nas roles: ESPECIALISTA ao executar com -Apply."
"Ecovias Rio Minas";"BSO 6 - Divino - BR-116/MG - km 632+850 - Sul";"Engenharia\Ecovias Rio Minas\Projetos\BSO 6 - Divino";"b50b9e99-ca39-47a7-b730-e9942c9a8c0e";"gestaodeprojetos@itineraconstrucoes.com.br";"ESPECIALISTA";"Simulacao";"Inclui usuario nas roles: ESPECIALISTA ao executar com -Apply."
"Ecovias Rio Minas";"BSO 7 - Miradouro - BR-116/MG - km 676+000 - Sul";"Engenharia\Ecovias Rio Minas\Projetos\BSO 7 - Miradouro";"790a5eef-0848-44b1-910d-19ea2066e761";"gestaodeprojetos@itineraconstrucoes.com.br";"ESPECIALISTA";"Simulacao";"Inclui usuario nas roles: ESPECIALISTA ao executar com -Apply."
"Ecovias Rio Minas";"BSO 8 - Muriaé - BR-116/MG - km 714+540 - Norte";"Engenharia\Ecovias Rio Minas\Projetos\BSO 8 - Muriaé";"acc23857-0575-48ca-830a-828359d99e9c";"gestaodeprojetos@itineraconstrucoes.com.br";"ESPECIALISTA";"Simulacao";"Inclui usuario nas roles: ESPECIALISTA ao executar com -Apply."
"Ecovias Rio Minas";"BSO 9 - Leopoldina - BR-116/MG - km 747+930 - Norte";"Engenharia\Ecovias Rio Minas\Projetos\BSO 9 - Leopoldina";"e137ba55-9c34-4811-af69-050239fe45fc";"gestaodeprojetos@itineraconstrucoes.com.br";"ESPECIALISTA";"Simulacao";"Inclui usuario nas roles: ESPECIALISTA ao executar com -Apply."
"Ecovias Rio Minas";"HS-WIM 1 - Magé - km 133+000";"Engenharia\Ecovias Rio Minas\Projetos\HS-WIM 1 - Magé";"";"gestaodeprojetos@itineraconstrucoes.com.br";"ESPECIALISTA";"Ignorado";"Projeto sem Connected Project associado."
"Ecovias Rio Minas";"HS-WIM 2 - Leopoldina - km 750+350";"Engenharia\Ecovias Rio Minas\Projetos\HS-WIM 2 - Leopoldina";"";"gestaodeprojetos@itineraconstrucoes.com.br";"ESPECIALISTA";"Ignorado";"Projeto sem Connected Project associado."
"Ecovias Rio Minas";"HS-WIM 3 - Ale-Paraíba - km 802+200";"Engenharia\Ecovias Rio Minas\Projetos\HS-WIM 3 - Ale-Paraíba";"";"gestaodeprojetos@itineraconstrucoes.com.br";"ESPECIALISTA";"Ignorado";"Projeto sem Connected Project associado."
"Ecovias Rio Minas";"Nova Praça de Pedágio P11";"Engenharia\Ecovias Rio Minas\Projetos\Nova Praça P11";"";"gestaodeprojetos@itineraconstrucoes.com.br";"ESPECIALISTA";"Ignorado";"Projeto sem Connected Project associado."
"Ecovias Rio Minas";"Nova Praça de Pedágio P8";"Engenharia\Ecovias Rio Minas\Projetos\Nova Praça P8";"";"gestaodeprojetos@itineraconstrucoes.com.br";"ESPECIALISTA";"Ignorado";"Projeto sem Connected Project associado."
"Ecovias Rio Minas";"PPD - km 215+600";"Engenharia\Ecovias Rio Minas\Projetos\PPD - km 215+600";"";"gestaodeprojetos@itineraconstrucoes.com.br";"ESPECIALISTA";"Ignorado";"Projeto sem Connected Project associado."
"Ecovias Rio Minas";"PPD - km 513+600";"Engenharia\Ecovias Rio Minas\Projetos\PPD - km 513+600";"";"gestaodeprojetos@itineraconstrucoes.com.br";"ESPECIALISTA";"Ignorado";"Projeto sem Connected Project associado."
"Ecovias Rio Minas";"Praça de Pedágio P10";"Engenharia\Ecovias Rio Minas\Projetos\Praça P10";"";"gestaodeprojetos@itineraconstrucoes.com.br";"ESPECIALISTA";"Ignorado";"Projeto sem Connected Project associado."
"Ecovias Rio Minas";"Praça de Pedágio P11";"Engenharia\Ecovias Rio Minas\Projetos\Praça P11";"";"gestaodeprojetos@itineraconstrucoes.com.br";"ESPECIALISTA";"Ignorado";"Projeto sem Connected Project associado."
"Ecovias Rio Minas";"Praça de Pedágio P12";"Engenharia\Ecovias Rio Minas\Projetos\Praça P12";"";"gestaodeprojetos@itineraconstrucoes.com.br";"ESPECIALISTA";"Ignorado";"Projeto sem Connected Project associado."
"Ecovias Rio Minas";"Praça de Pedágio P13";"Engenharia\Ecovias Rio Minas\Projetos\Praça P13";"";"gestaodeprojetos@itineraconstrucoes.com.br";"ESPECIALISTA";"Ignorado";"Projeto sem Connected Project associado."
"Ecovias Rio Minas";"Praça de Pedágio P14";"Engenharia\Ecovias Rio Minas\Projetos\Praça P14";"";"gestaodeprojetos@itineraconstrucoes.com.br";"ESPECIALISTA";"Ignorado";"Projeto sem Connected Project associado."
"Ecovias Rio Minas";"Praça de Pedágio P15";"Engenharia\Ecovias Rio Minas\Projetos\Praça P15";"";"gestaodeprojetos@itineraconstrucoes.com.br";"ESPECIALISTA";"Ignorado";"Projeto sem Connected Project associado."
"Ecovias Rio Minas";"Praça de Pedágio P6";"Engenharia\Ecovias Rio Minas\Projetos\Praça P6";"";"gestaodeprojetos@itineraconstrucoes.com.br";"ESPECIALISTA";"Ignorado";"Projeto sem Connected Project associado."
"Ecovias Rio Minas";"Praça de Pedágio P7";"Engenharia\Ecovias Rio Minas\Projetos\Praça P7";"";"gestaodeprojetos@itineraconstrucoes.com.br";"ESPECIALISTA";"Ignorado";"Projeto sem Connected Project associado."
"Ecovias Rio Minas";"Praça de Pedágio P8";"Engenharia\Ecovias Rio Minas\Projetos\Praça P8";"";"gestaodeprojetos@itineraconstrucoes.com.br";"ESPECIALISTA";"Ignorado";"Projeto sem Connected Project associado."
"Ecovias Rio Minas";"Praça de Pedágio P9";"Engenharia\Ecovias Rio Minas\Projetos\Praça P9";"";"gestaodeprojetos@itineraconstrucoes.com.br";"ESPECIALISTA";"Ignorado";"Projeto sem Connected Project associado."
"Ecovias Rio Minas";"PRF-11-MG-705+500";"Engenharia\Ecovias Rio Minas\Projetos\PRF-11";"";"gestaodeprojetos@itineraconstrucoes.com.br";"ESPECIALISTA";"Ignorado";"Projeto sem Connected Project associado."
"Ecovias Rio Minas";"PRF-12-MG-771+250";"Engenharia\Ecovias Rio Minas\Projetos\PRF-12";"";"gestaodeprojetos@itineraconstrucoes.com.br";"ESPECIALISTA";"Ignorado";"Projeto sem Connected Project associado."
"Ecovias Rio Minas";"PRF-1-RJ-074+300";"Engenharia\Ecovias Rio Minas\Projetos\PRF-1";"";"gestaodeprojetos@itineraconstrucoes.com.br";"ESPECIALISTA";"Ignorado";"Projeto sem Connected Project associado."
"Ecovias Rio Minas";"PRF-3-RJ-127+000";"Engenharia\Ecovias Rio Minas\Projetos\PRF-3";"";"gestaodeprojetos@itineraconstrucoes.com.br";"ESPECIALISTA";"Ignorado";"Projeto sem Connected Project associado."
"Ecovias Rio Minas";"PRF-8-MG-520+160";"Engenharia\Ecovias Rio Minas\Projetos\PRF-8";"";"gestaodeprojetos@itineraconstrucoes.com.br";"ESPECIALISTA";"Ignorado";"Projeto sem Connected Project associado."
"Ecovias Rio Minas";"PRF-9-MG-589+000";"Engenharia\Ecovias Rio Minas\Projetos\PRF-9";"";"gestaodeprojetos@itineraconstrucoes.com.br";"ESPECIALISTA";"Ignorado";"Projeto sem Connected Project associado."
"Ecovias Sul";"Alteamento Ponte do Arroio Contagem - Km 502+380 - BR116/RS";"Engenharia\Ecovias Sul\Projetos\Arroio Contagem";"d53f4d3a-c15f-4a28-a042-c203d036c2f5";"gestaodeprojetos@itineraconstrucoes.com.br";"ESPECIALISTA";"Simulacao";"Inclui usuario nas roles: ESPECIALISTA ao executar com -Apply."
"Ecovias Sul";"Alteamento Ponte do Arroio Corrientes - Km 490+925 - BR116/RS";"Engenharia\Ecovias Sul\Projetos\Arroio Corrientes";"d1e9def4-88a1-4e31-863c-4fa30edbb93c";"gestaodeprojetos@itineraconstrucoes.com.br";"ESPECIALISTA";"Simulacao";"Inclui usuario nas roles: ESPECIALISTA ao executar com -Apply."
"Ecovias Sul";"Alteamento Ponte do Arroio Viúva Tereza - Km 470+944 - BR116/RS";"Engenharia\Ecovias Sul\Projetos\Arroio Viúva Tereza";"d21f8064-ee81-4edc-b1a0-111f4bb1f81f";"gestaodeprojetos@itineraconstrucoes.com.br";"ESPECIALISTA";"Simulacao";"Inclui usuario nas roles: ESPECIALISTA ao executar com -Apply."
