**********************
Início da transcrição do Windows PowerShell
Hora de início: 20260727141659
Nome de Usuário: CAPUTTI_TECH\peter
Executar como Usuário: CAPUTTI_TECH\peter
Nome da Configuração: 
Computador: CAPUTTI_TECH (Microsoft Windows NT 10.0.26200.0)
Aplicativo Host: C:\Windows\System32\WindowsPowerShell\v1.0\powershell.exe -Command try { [Console]::OutputEncoding=[System.Text.Encoding]::UTF8 } catch {}
& '.\DevolveDocumentosProjetista.Simulacao.ps1' -ExcluirProjetos 'ADC Sul' -Executar -ConfirmarExecucao 'CRIAR GRDS PARA TODOS OS PROJETOS'
ID do Processo: 2420
PSVersion: 5.1.26100.8894
PSEdition: Desktop
PSCompatibleVersions: 1.0, 2.0, 3.0, 4.0, 5.0, 5.1.26100.8894
BuildVersion: 10.0.26100.8894
CLRVersion: 4.0.30319.42000
WSManStackVersion: 3.0
PSRemotingProtocolVersion: 2.3
SerializationVersion: 1.1.0.1
**********************
[2026-07-27 14:16:59.562] [INFO] Início do processamento. O modo de operação será validado antes de qualquer gravação.
[2026-07-27 14:16:59.569] [INFO] Datasource: 01SSRV305.ECSC.ECORODOVIAS.CORP:ecorodovias-pw-01
[2026-07-27 14:16:59.570] [INFO] Usuário: admin
[2026-07-27 14:16:59.571] [INFO] Consulta direta por estado(s): Emitido pela Engenharia
[2026-07-27 14:16:59.571] [INFO] Versões anteriores: incluídas (-GetVersionsToo).
[2026-07-27 14:16:59.573] [INFO] Filtro de Unidade: todos
[2026-07-27 14:16:59.574] [INFO] Filtro de Projeto: todos
[2026-07-27 14:16:59.578] [INFO] Projetos excluídos: ADC Sul
[2026-07-27 14:16:59.579] [INFO] Limite local: nenhum; todos os resultados da pesquisa serão analisados.
[2026-07-27 14:16:59.580] [INFO] Diretório local dos Excels: C:\Users\peter\OneDrive - Grupo Ecorodovias\Área de Trabalho\Scritps_novos\SaidaSimulacao\20260727_141659
[2026-07-27 14:16:59.580] [INFO] Arquivo de log: C:\Users\peter\OneDrive - Grupo Ecorodovias\Área de Trabalho\Scritps_novos\Logs\DevolveDocumentosProjetista_Simulacao_20260727_141659.log
[2026-07-27 14:16:59.585] [INFO] Modo: EXECUÇÃO REAL.
[2026-07-27 14:16:59.586] [INFO] Iniciando login lógico no ProjectWise.
[2026-07-27 14:17:06.124] [INFO] Login no ProjectWise concluído.
[2026-07-27 14:17:06.124] [INFO] Iniciando consulta direta no ProjectWise.
[2026-07-27 14:17:17.472] [INFO] Tempo total da consulta: 00:00:11.
[2026-07-27 14:17:17.475] [INFO] Consulta concluída. Itens recebidos pelo simulador: 54175.
[2026-07-27 14:17:18.180] [INFO] Documentos após os filtros locais: 53744.
[2026-07-27 14:17:18.183] [INFO] Agrupando documentos por PoderConcedente, Unidade e Projeto.
[2026-07-27 14:17:18.935] [INFO] Total de grupos encontrados: 228.
[2026-07-27 14:17:18.945] [INFO] Analisando grupo 'GRD-COM-ECA-Dispositivo ano 9' (ANTT) com 192 documento(s).
[2026-07-27 14:17:19.477] [AVISO] Estrutura ausente para 'GRD-COM-ECA-Dispositivo ano 9'. Precisam ser criadas: Engenharia\Ecovias Araguaia\Projetos\Dispositivo 9°Ano\0 - Documentos Gerais\Documentos com unidade; Engenharia\Ecovias Araguaia\Projetos\Dispositivo 9°Ano\0 - Documentos Gerais\Documentos com unidade\GRD-COM-ECA-Dispositivo ano 9-0000001
[2026-07-27 14:17:19.478] [INFO] Grupo 'GRD-COM-ECA-Dispositivo ano 9': GRD prevista 'GRD-COM-ECA-Dispositivo ano 9-0000001'; destino 'Engenharia\Ecovias Araguaia\Projetos\Dispositivo 9°Ano\0 - Documentos Gerais\Documentos com unidade\GRD-COM-ECA-Dispositivo ano 9-0000001'. Nenhuma pasta receberá ambiente.
[2026-07-27 14:17:20.541] [INFO] Excel local gerado para 'GRD-COM-ECA-Dispositivo ano 9': C:\Users\peter\OneDrive - Grupo Ecorodovias\Área de Trabalho\Scritps_novos\SaidaSimulacao\20260727_141659\ANTT\GRD-COM-ECA-Dispositivo ano 9-0000001.xlsx
[2026-07-27 14:17:20.589] [INFO] Criando pasta sem ambiente: Engenharia\Ecovias Araguaia\Projetos\Dispositivo 9°Ano\0 - Documentos Gerais\Documentos com unidade
[2026-07-27 14:17:21.237] [INFO] Pasta criada: Engenharia\Ecovias Araguaia\Projetos\Dispositivo 9°Ano\0 - Documentos Gerais\Documentos com unidade (ProjectID=427738).
[2026-07-27 14:17:21.273] [INFO] Criando pasta sem ambiente: Engenharia\Ecovias Araguaia\Projetos\Dispositivo 9°Ano\0 - Documentos Gerais\Documentos com unidade\GRD-COM-ECA-Dispositivo ano 9-0000001
[2026-07-27 14:17:21.555] [INFO] Pasta criada: Engenharia\Ecovias Araguaia\Projetos\Dispositivo 9°Ano\0 - Documentos Gerais\Documentos com unidade\GRD-COM-ECA-Dispositivo ano 9-0000001 (ProjectID=427739).
[2026-07-27 14:17:21.783] [INFO] Importando Excel na pasta final: GRD-COM-ECA-Dispositivo ano 9-0000001.xlsx
[2026-07-27 14:17:22.073] [INFO] Excel importado com sucesso: DocumentID=1; caminho=Engenharia\Ecovias Araguaia\Projetos\Dispositivo 9°Ano\0 - Documentos Gerais\Documentos com unidade\GRD-COM-ECA-Dispositivo ano 9-0000001\GRD-COM-ECA-Dispositivo ano 9-0000001.xlsx
[2026-07-27 14:17:22.080] [INFO] Analisando grupo 'GRD-COM-ECA-Ampliações 6°Ano SH 16 e 17' (ANTT) com 2217 documento(s).
[2026-07-27 14:17:22.324] [AVISO] Estrutura ausente para 'GRD-COM-ECA-Ampliações 6°Ano SH 16 e 17'. Precisam ser criadas: Engenharia\Ecovias Araguaia\Projetos\Ampliações 6°Ano SH 16 e 17\0 - Documentos Gerais\Documentos com unidade; Engenharia\Ecovias Araguaia\Projetos\Ampliações 6°Ano SH 16 e 17\0 - Documentos Gerais\Documentos com unidade\GRD-COM-ECA-Ampliações 6°Ano SH 16 e 17-0000001
[2026-07-27 14:17:22.324] [INFO] Grupo 'GRD-COM-ECA-Ampliações 6°Ano SH 16 e 17': GRD prevista 'GRD-COM-ECA-Ampliações 6°Ano SH 16 e 17-0000001'; destino 'Engenharia\Ecovias Araguaia\Projetos\Ampliações 6°Ano SH 16 e 17\0 - Documentos Gerais\Documentos com unidade\GRD-COM-ECA-Ampliações 6°Ano SH 16 e 17-0000001'. Nenhuma pasta receberá ambiente.
[2026-07-27 14:17:22.651] [INFO] Excel local gerado para 'GRD-COM-ECA-Ampliações 6°Ano SH 16 e 17': C:\Users\peter\OneDrive - Grupo Ecorodovias\Área de Trabalho\Scritps_novos\SaidaSimulacao\20260727_141659\ANTT\GRD-COM-ECA-Ampliações 6°Ano SH 16 e 17-0000001.xlsx
[2026-07-27 14:17:22.693] [INFO] Criando pasta sem ambiente: Engenharia\Ecovias Araguaia\Projetos\Ampliações 6°Ano SH 16 e 17\0 - Documentos Gerais\Documentos com unidade
[2026-07-27 14:17:22.967] [INFO] Pasta criada: Engenharia\Ecovias Araguaia\Projetos\Ampliações 6°Ano SH 16 e 17\0 - Documentos Gerais\Documentos com unidade (ProjectID=427740).
[2026-07-27 14:17:23.003] [INFO] Criando pasta sem ambiente: Engenharia\Ecovias Araguaia\Projetos\Ampliações 6°Ano SH 16 e 17\0 - Documentos Gerais\Documentos com unidade\GRD-COM-ECA-Ampliações 6°Ano SH 16 e 17-0000001
[2026-07-27 14:17:23.213] [INFO] Pasta criada: Engenharia\Ecovias Araguaia\Projetos\Ampliações 6°Ano SH 16 e 17\0 - Documentos Gerais\Documentos com unidade\GRD-COM-ECA-Ampliações 6°Ano SH 16 e 17-0000001 (ProjectID=427741).
[2026-07-27 14:17:23.435] [INFO] Importando Excel na pasta final: GRD-COM-ECA-Ampliações 6°Ano SH 16 e 17-0000001.xlsx
[2026-07-27 14:17:23.753] [INFO] Excel importado com sucesso: DocumentID=1; caminho=Engenharia\Ecovias Araguaia\Projetos\Ampliações 6°Ano SH 16 e 17\0 - Documentos Gerais\Documentos com unidade\GRD-COM-ECA-Ampliações 6°Ano SH 16 e 17-0000001\GRD-COM-ECA-Ampliações 6°Ano SH 16 e 17-0000001.xlsx
[2026-07-27 14:17:23.754] [INFO] Analisando grupo 'GRD-COM-ECA-Ampliações 6°Ano SH 23' (ANTT) com 2308 documento(s).
[2026-07-27 14:17:23.944] [AVISO] Estrutura ausente para 'GRD-COM-ECA-Ampliações 6°Ano SH 23'. Precisam ser criadas: Engenharia\Ecovias Araguaia\Projetos\Ampliações 6°Ano SH 23\0 - Documentos Gerais\Documentos com unidade; Engenharia\Ecovias Araguaia\Projetos\Ampliações 6°Ano SH 23\0 - Documentos Gerais\Documentos com unidade\GRD-COM-ECA-Ampliações 6°Ano SH 23-0000001
[2026-07-27 14:17:23.945] [INFO] Grupo 'GRD-COM-ECA-Ampliações 6°Ano SH 23': GRD prevista 'GRD-COM-ECA-Ampliações 6°Ano SH 23-0000001'; destino 'Engenharia\Ecovias Araguaia\Projetos\Ampliações 6°Ano SH 23\0 - Documentos Gerais\Documentos com unidade\GRD-COM-ECA-Ampliações 6°Ano SH 23-0000001'. Nenhuma pasta receberá ambiente.
[2026-07-27 14:17:24.256] [INFO] Excel local gerado para 'GRD-COM-ECA-Ampliações 6°Ano SH 23': C:\Users\peter\OneDrive - Grupo Ecorodovias\Área de Trabalho\Scritps_novos\SaidaSimulacao\20260727_141659\ANTT\GRD-COM-ECA-Ampliações 6°Ano SH 23-0000001.xlsx
[2026-07-27 14:17:24.289] [INFO] Criando pasta sem ambiente: Engenharia\Ecovias Araguaia\Projetos\Ampliações 6°Ano SH 23\0 - Documentos Gerais\Documentos com unidade
[2026-07-27 14:17:24.480] [INFO] Pasta criada: Engenharia\Ecovias Araguaia\Projetos\Ampliações 6°Ano SH 23\0 - Documentos Gerais\Documentos com unidade (ProjectID=427742).
[2026-07-27 14:17:24.512] [INFO] Criando pasta sem ambiente: Engenharia\Ecovias Araguaia\Projetos\Ampliações 6°Ano SH 23\0 - Documentos Gerais\Documentos com unidade\GRD-COM-ECA-Ampliações 6°Ano SH 23-0000001
[2026-07-27 14:17:24.768] [INFO] Pasta criada: Engenharia\Ecovias Araguaia\Projetos\Ampliações 6°Ano SH 23\0 - Documentos Gerais\Documentos com unidade\GRD-COM-ECA-Ampliações 6°Ano SH 23-0000001 (ProjectID=427743).
[2026-07-27 14:17:25.006] [INFO] Importando Excel na pasta final: GRD-COM-ECA-Ampliações 6°Ano SH 23-0000001.xlsx
[2026-07-27 14:17:25.373] [INFO] Excel importado com sucesso: DocumentID=1; caminho=Engenharia\Ecovias Araguaia\Projetos\Ampliações 6°Ano SH 23\0 - Documentos Gerais\Documentos com unidade\GRD-COM-ECA-Ampliações 6°Ano SH 23-0000001\GRD-COM-ECA-Ampliações 6°Ano SH 23-0000001.xlsx
[2026-07-27 14:17:25.374] [INFO] Analisando grupo 'GRD-COM-ECA-Ampliações 4°Ano SH 14' (ANTT) com 536 documento(s).
[2026-07-27 14:17:25.637] [AVISO] Estrutura ausente para 'GRD-COM-ECA-Ampliações 4°Ano SH 14'. Precisam ser criadas: Engenharia\Ecovias Araguaia\Projetos\Ampliações 4°Ano SH 14\0 - Documentos Gerais\Documentos com unidade; Engenharia\Ecovias Araguaia\Projetos\Ampliações 4°Ano SH 14\0 - Documentos Gerais\Documentos com unidade\GRD-COM-ECA-Ampliações 4°Ano SH 14-0000001
[2026-07-27 14:17:25.638] [INFO] Grupo 'GRD-COM-ECA-Ampliações 4°Ano SH 14': GRD prevista 'GRD-COM-ECA-Ampliações 4°Ano SH 14-0000001'; destino 'Engenharia\Ecovias Araguaia\Projetos\Ampliações 4°Ano SH 14\0 - Documentos Gerais\Documentos com unidade\GRD-COM-ECA-Ampliações 4°Ano SH 14-0000001'. Nenhuma pasta receberá ambiente.
[2026-07-27 14:17:25.828] [INFO] Excel local gerado para 'GRD-COM-ECA-Ampliações 4°Ano SH 14': C:\Users\peter\OneDrive - Grupo Ecorodovias\Área de Trabalho\Scritps_novos\SaidaSimulacao\20260727_141659\ANTT\GRD-COM-ECA-Ampliações 4°Ano SH 14-0000001.xlsx
[2026-07-27 14:17:25.866] [INFO] Criando pasta sem ambiente: Engenharia\Ecovias Araguaia\Projetos\Ampliações 4°Ano SH 14\0 - Documentos Gerais\Documentos com unidade
[2026-07-27 14:17:26.114] [INFO] Pasta criada: Engenharia\Ecovias Araguaia\Projetos\Ampliações 4°Ano SH 14\0 - Documentos Gerais\Documentos com unidade (ProjectID=427744).
[2026-07-27 14:17:26.165] [INFO] Criando pasta sem ambiente: Engenharia\Ecovias Araguaia\Projetos\Ampliações 4°Ano SH 14\0 - Documentos Gerais\Documentos com unidade\GRD-COM-ECA-Ampliações 4°Ano SH 14-0000001
[2026-07-27 14:17:26.524] [INFO] Pasta criada: Engenharia\Ecovias Araguaia\Projetos\Ampliações 4°Ano SH 14\0 - Documentos Gerais\Documentos com unidade\GRD-COM-ECA-Ampliações 4°Ano SH 14-0000001 (ProjectID=427745).
[2026-07-27 14:17:26.826] [INFO] Importando Excel na pasta final: GRD-COM-ECA-Ampliações 4°Ano SH 14-0000001.xlsx
[2026-07-27 14:17:27.205] [INFO] Excel importado com sucesso: DocumentID=1; caminho=Engenharia\Ecovias Araguaia\Projetos\Ampliações 4°Ano SH 14\0 - Documentos Gerais\Documentos com unidade\GRD-COM-ECA-Ampliações 4°Ano SH 14-0000001\GRD-COM-ECA-Ampliações 4°Ano SH 14-0000001.xlsx
[2026-07-27 14:17:27.206] [INFO] Analisando grupo 'GRD-COM-ECA-Acesso 3°Ano 321+900' (ANTT) com 11 documento(s).
[2026-07-27 14:17:27.443] [AVISO] Estrutura ausente para 'GRD-COM-ECA-Acesso 3°Ano 321+900'. Precisam ser criadas: Engenharia\Ecovias Araguaia\Projetos\Acesso 3°Ano 321+900\0 - Documentos Gerais\Documentos com unidade; Engenharia\Ecovias Araguaia\Projetos\Acesso 3°Ano 321+900\0 - Documentos Gerais\Documentos com unidade\GRD-COM-ECA-Acesso 3°Ano 321+900-0000001
[2026-07-27 14:17:27.444] [INFO] Grupo 'GRD-COM-ECA-Acesso 3°Ano 321+900': GRD prevista 'GRD-COM-ECA-Acesso 3°Ano 321+900-0000001'; destino 'Engenharia\Ecovias Araguaia\Projetos\Acesso 3°Ano 321+900\0 - Documentos Gerais\Documentos com unidade\GRD-COM-ECA-Acesso 3°Ano 321+900-0000001'. Nenhuma pasta receberá ambiente.
[2026-07-27 14:17:27.618] [INFO] Excel local gerado para 'GRD-COM-ECA-Acesso 3°Ano 321+900': C:\Users\peter\OneDrive - Grupo Ecorodovias\Área de Trabalho\Scritps_novos\SaidaSimulacao\20260727_141659\ANTT\GRD-COM-ECA-Acesso 3°Ano 321+900-0000001.xlsx
[2026-07-27 14:17:27.723] [INFO] Criando pasta sem ambiente: Engenharia\Ecovias Araguaia\Projetos\Acesso 3°Ano 321+900\0 - Documentos Gerais\Documentos com unidade
[2026-07-27 14:17:28.164] [INFO] Pasta criada: Engenharia\Ecovias Araguaia\Projetos\Acesso 3°Ano 321+900\0 - Documentos Gerais\Documentos com unidade (ProjectID=427746).
[2026-07-27 14:17:28.199] [INFO] Criando pasta sem ambiente: Engenharia\Ecovias Araguaia\Projetos\Acesso 3°Ano 321+900\0 - Documentos Gerais\Documentos com unidade\GRD-COM-ECA-Acesso 3°Ano 321+900-0000001
[2026-07-27 14:17:28.558] [INFO] Pasta criada: Engenharia\Ecovias Araguaia\Projetos\Acesso 3°Ano 321+900\0 - Documentos Gerais\Documentos com unidade\GRD-COM-ECA-Acesso 3°Ano 321+900-0000001 (ProjectID=427747).
[2026-07-27 14:17:28.794] [INFO] Importando Excel na pasta final: GRD-COM-ECA-Acesso 3°Ano 321+900-0000001.xlsx
[2026-07-27 14:17:29.067] [INFO] Excel importado com sucesso: DocumentID=1; caminho=Engenharia\Ecovias Araguaia\Projetos\Acesso 3°Ano 321+900\0 - Documentos Gerais\Documentos com unidade\GRD-COM-ECA-Acesso 3°Ano 321+900-0000001\GRD-COM-ECA-Acesso 3°Ano 321+900-0000001.xlsx
[2026-07-27 14:17:29.068] [INFO] Analisando grupo 'GRD-COM-ECA-Acesso 3°Ano 355+900' (ANTT) com 116 documento(s).
[2026-07-27 14:17:29.320] [AVISO] Estrutura ausente para 'GRD-COM-ECA-Acesso 3°Ano 355+900'. Precisam ser criadas: Engenharia\Ecovias Araguaia\Projetos\Acesso 3°Ano 355+900\0 - Documentos Gerais\Documentos com unidade; Engenharia\Ecovias Araguaia\Projetos\Acesso 3°Ano 355+900\0 - Documentos Gerais\Documentos com unidade\GRD-COM-ECA-Acesso 3°Ano 355+900-0000001
[2026-07-27 14:17:29.321] [INFO] Grupo 'GRD-COM-ECA-Acesso 3°Ano 355+900': GRD prevista 'GRD-COM-ECA-Acesso 3°Ano 355+900-0000001'; destino 'Engenharia\Ecovias Araguaia\Projetos\Acesso 3°Ano 355+900\0 - Documentos Gerais\Documentos com unidade\GRD-COM-ECA-Acesso 3°Ano 355+900-0000001'. Nenhuma pasta receberá ambiente.
[2026-07-27 14:17:29.487] [INFO] Excel local gerado para 'GRD-COM-ECA-Acesso 3°Ano 355+900': C:\Users\peter\OneDrive - Grupo Ecorodovias\Área de Trabalho\Scritps_novos\SaidaSimulacao\20260727_141659\ANTT\GRD-COM-ECA-Acesso 3°Ano 355+900-0000001.xlsx
[2026-07-27 14:17:29.561] [INFO] Criando pasta sem ambiente: Engenharia\Ecovias Araguaia\Projetos\Acesso 3°Ano 355+900\0 - Documentos Gerais\Documentos com unidade
[2026-07-27 14:17:30.252] [INFO] Pasta criada: Engenharia\Ecovias Araguaia\Projetos\Acesso 3°Ano 355+900\0 - Documentos Gerais\Documentos com unidade (ProjectID=427748).
[2026-07-27 14:17:30.323] [INFO] Criando pasta sem ambiente: Engenharia\Ecovias Araguaia\Projetos\Acesso 3°Ano 355+900\0 - Documentos Gerais\Documentos com unidade\GRD-COM-ECA-Acesso 3°Ano 355+900-0000001
[2026-07-27 14:17:30.825] [INFO] Pasta criada: Engenharia\Ecovias Araguaia\Projetos\Acesso 3°Ano 355+900\0 - Documentos Gerais\Documentos com unidade\GRD-COM-ECA-Acesso 3°Ano 355+900-0000001 (ProjectID=427749).
[2026-07-27 14:17:31.202] [INFO] Importando Excel na pasta final: GRD-COM-ECA-Acesso 3°Ano 355+900-0000001.xlsx
[2026-07-27 14:17:31.588] [INFO] Excel importado com sucesso: DocumentID=1; caminho=Engenharia\Ecovias Araguaia\Projetos\Acesso 3°Ano 355+900\0 - Documentos Gerais\Documentos com unidade\GRD-COM-ECA-Acesso 3°Ano 355+900-0000001\GRD-COM-ECA-Acesso 3°Ano 355+900-0000001.xlsx
[2026-07-27 14:17:31.589] [INFO] Analisando grupo 'GRD-COM-ECA-Acesso 3°Ano 375+800' (ANTT) com 180 documento(s).
[2026-07-27 14:17:31.875] [AVISO] Estrutura ausente para 'GRD-COM-ECA-Acesso 3°Ano 375+800'. Precisam ser criadas: Engenharia\Ecovias Araguaia\Projetos\Acesso 3°Ano 375+800\0 - Documentos Gerais\Documentos com unidade; Engenharia\Ecovias Araguaia\Projetos\Acesso 3°Ano 375+800\0 - Documentos Gerais\Documentos com unidade\GRD-COM-ECA-Acesso 3°Ano 375+800-0000001
[2026-07-27 14:17:31.877] [INFO] Grupo 'GRD-COM-ECA-Acesso 3°Ano 375+800': GRD prevista 'GRD-COM-ECA-Acesso 3°Ano 375+800-0000001'; destino 'Engenharia\Ecovias Araguaia\Projetos\Acesso 3°Ano 375+800\0 - Documentos Gerais\Documentos com unidade\GRD-COM-ECA-Acesso 3°Ano 375+800-0000001'. Nenhuma pasta receberá ambiente.
[2026-07-27 14:17:32.077] [INFO] Excel local gerado para 'GRD-COM-ECA-Acesso 3°Ano 375+800': C:\Users\peter\OneDrive - Grupo Ecorodovias\Área de Trabalho\Scritps_novos\SaidaSimulacao\20260727_141659\ANTT\GRD-COM-ECA-Acesso 3°Ano 375+800-0000001.xlsx
[2026-07-27 14:17:32.163] [INFO] Criando pasta sem ambiente: Engenharia\Ecovias Araguaia\Projetos\Acesso 3°Ano 375+800\0 - Documentos Gerais\Documentos com unidade
[2026-07-27 14:17:32.433] [INFO] Pasta criada: Engenharia\Ecovias Araguaia\Projetos\Acesso 3°Ano 375+800\0 - Documentos Gerais\Documentos com unidade (ProjectID=427750).
[2026-07-27 14:17:32.476] [INFO] Criando pasta sem ambiente: Engenharia\Ecovias Araguaia\Projetos\Acesso 3°Ano 375+800\0 - Documentos Gerais\Documentos com unidade\GRD-COM-ECA-Acesso 3°Ano 375+800-0000001
[2026-07-27 14:17:32.799] [INFO] Pasta criada: Engenharia\Ecovias Araguaia\Projetos\Acesso 3°Ano 375+800\0 - Documentos Gerais\Documentos com unidade\GRD-COM-ECA-Acesso 3°Ano 375+800-0000001 (ProjectID=427751).
[2026-07-27 14:17:32.993] [INFO] Importando Excel na pasta final: GRD-COM-ECA-Acesso 3°Ano 375+800-0000001.xlsx
[2026-07-27 14:17:33.254] [INFO] Excel importado com sucesso: DocumentID=1; caminho=Engenharia\Ecovias Araguaia\Projetos\Acesso 3°Ano 375+800\0 - Documentos Gerais\Documentos com unidade\GRD-COM-ECA-Acesso 3°Ano 375+800-0000001\GRD-COM-ECA-Acesso 3°Ano 375+800-0000001.xlsx
[2026-07-27 14:17:33.255] [INFO] Analisando grupo 'GRD-COM-ECA-Acesso 3°Ano 397+050' (ANTT) com 169 documento(s).
[2026-07-27 14:17:33.475] [AVISO] Estrutura ausente para 'GRD-COM-ECA-Acesso 3°Ano 397+050'. Precisam ser criadas: Engenharia\Ecovias Araguaia\Projetos\Acesso 3°Ano 397+050\0 - Documentos Gerais\Documentos com unidade; Engenharia\Ecovias Araguaia\Projetos\Acesso 3°Ano 397+050\0 - Documentos Gerais\Documentos com unidade\GRD-COM-ECA-Acesso 3°Ano 397+050-0000001
[2026-07-27 14:17:33.476] [INFO] Grupo 'GRD-COM-ECA-Acesso 3°Ano 397+050': GRD prevista 'GRD-COM-ECA-Acesso 3°Ano 397+050-0000001'; destino 'Engenharia\Ecovias Araguaia\Projetos\Acesso 3°Ano 397+050\0 - Documentos Gerais\Documentos com unidade\GRD-COM-ECA-Acesso 3°Ano 397+050-0000001'. Nenhuma pasta receberá ambiente.
[2026-07-27 14:17:33.675] [INFO] Excel local gerado para 'GRD-COM-ECA-Acesso 3°Ano 397+050': C:\Users\peter\OneDrive - Grupo Ecorodovias\Área de Trabalho\Scritps_novos\SaidaSimulacao\20260727_141659\ANTT\GRD-COM-ECA-Acesso 3°Ano 397+050-0000001.xlsx
[2026-07-27 14:17:33.714] [INFO] Criando pasta sem ambiente: Engenharia\Ecovias Araguaia\Projetos\Acesso 3°Ano 397+050\0 - Documentos Gerais\Documentos com unidade
[2026-07-27 14:17:34.003] [INFO] Pasta criada: Engenharia\Ecovias Araguaia\Projetos\Acesso 3°Ano 397+050\0 - Documentos Gerais\Documentos com unidade (ProjectID=427752).
[2026-07-27 14:17:34.045] [INFO] Criando pasta sem ambiente: Engenharia\Ecovias Araguaia\Projetos\Acesso 3°Ano 397+050\0 - Documentos Gerais\Documentos com unidade\GRD-COM-ECA-Acesso 3°Ano 397+050-0000001
[2026-07-27 14:17:34.338] [INFO] Pasta criada: Engenharia\Ecovias Araguaia\Projetos\Acesso 3°Ano 397+050\0 - Documentos Gerais\Documentos com unidade\GRD-COM-ECA-Acesso 3°Ano 397+050-0000001 (ProjectID=427753).
[2026-07-27 14:17:34.533] [INFO] Importando Excel na pasta final: GRD-COM-ECA-Acesso 3°Ano 397+050-0000001.xlsx
[2026-07-27 14:17:34.795] [INFO] Excel importado com sucesso: DocumentID=1; caminho=Engenharia\Ecovias Araguaia\Projetos\Acesso 3°Ano 397+050\0 - Documentos Gerais\Documentos com unidade\GRD-COM-ECA-Acesso 3°Ano 397+050-0000001\GRD-COM-ECA-Acesso 3°Ano 397+050-0000001.xlsx
[2026-07-27 14:17:34.795] [INFO] Analisando grupo 'GRD-COM-ECA-Acesso 4°Ano 274+950' (ANTT) com 204 documento(s).
[2026-07-27 14:17:34.983] [AVISO] Estrutura ausente para 'GRD-COM-ECA-Acesso 4°Ano 274+950'. Precisam ser criadas: Engenharia\Ecovias Araguaia\Projetos\Acesso 4°Ano 274+950\0 - Documentos Gerais\Documentos com unidade; Engenharia\Ecovias Araguaia\Projetos\Acesso 4°Ano 274+950\0 - Documentos Gerais\Documentos com unidade\GRD-COM-ECA-Acesso 4°Ano 274+950-0000001
[2026-07-27 14:17:34.985] [INFO] Grupo 'GRD-COM-ECA-Acesso 4°Ano 274+950': GRD prevista 'GRD-COM-ECA-Acesso 4°Ano 274+950-0000001'; destino 'Engenharia\Ecovias Araguaia\Projetos\Acesso 4°Ano 274+950\0 - Documentos Gerais\Documentos com unidade\GRD-COM-ECA-Acesso 4°Ano 274+950-0000001'. Nenhuma pasta receberá ambiente.
[2026-07-27 14:17:35.196] [INFO] Excel local gerado para 'GRD-COM-ECA-Acesso 4°Ano 274+950': C:\Users\peter\OneDrive - Grupo Ecorodovias\Área de Trabalho\Scritps_novos\SaidaSimulacao\20260727_141659\ANTT\GRD-COM-ECA-Acesso 4°Ano 274+950-0000001.xlsx
[2026-07-27 14:17:35.244] [INFO] Criando pasta sem ambiente: Engenharia\Ecovias Araguaia\Projetos\Acesso 4°Ano 274+950\0 - Documentos Gerais\Documentos com unidade
[2026-07-27 14:17:35.554] [INFO] Pasta criada: Engenharia\Ecovias Araguaia\Projetos\Acesso 4°Ano 274+950\0 - Documentos Gerais\Documentos com unidade (ProjectID=427754).
[2026-07-27 14:17:35.586] [INFO] Criando pasta sem ambiente: Engenharia\Ecovias Araguaia\Projetos\Acesso 4°Ano 274+950\0 - Documentos Gerais\Documentos com unidade\GRD-COM-ECA-Acesso 4°Ano 274+950-0000001
[2026-07-27 14:17:35.976] [INFO] Pasta criada: Engenharia\Ecovias Araguaia\Projetos\Acesso 4°Ano 274+950\0 - Documentos Gerais\Documentos com unidade\GRD-COM-ECA-Acesso 4°Ano 274+950-0000001 (ProjectID=427755).
[2026-07-27 14:17:36.162] [INFO] Importando Excel na pasta final: GRD-COM-ECA-Acesso 4°Ano 274+950-0000001.xlsx
[2026-07-27 14:17:36.387] [INFO] Excel importado com sucesso: DocumentID=1; caminho=Engenharia\Ecovias Araguaia\Projetos\Acesso 4°Ano 274+950\0 - Documentos Gerais\Documentos com unidade\GRD-COM-ECA-Acesso 4°Ano 274+950-0000001\GRD-COM-ECA-Acesso 4°Ano 274+950-0000001.xlsx
[2026-07-27 14:17:36.388] [INFO] Analisando grupo 'GRD-COM-ECA-Acesso 4°Ano 303+820' (ANTT) com 170 documento(s).
[2026-07-27 14:17:36.559] [AVISO] Estrutura ausente para 'GRD-COM-ECA-Acesso 4°Ano 303+820'. Precisam ser criadas: Engenharia\Ecovias Araguaia\Projetos\Acesso 4°Ano 303+820\0 - Documentos Gerais\Documentos com unidade; Engenharia\Ecovias Araguaia\Projetos\Acesso 4°Ano 303+820\0 - Documentos Gerais\Documentos com unidade\GRD-COM-ECA-Acesso 4°Ano 303+820-0000001
[2026-07-27 14:17:36.559] [INFO] Grupo 'GRD-COM-ECA-Acesso 4°Ano 303+820': GRD prevista 'GRD-COM-ECA-Acesso 4°Ano 303+820-0000001'; destino 'Engenharia\Ecovias Araguaia\Projetos\Acesso 4°Ano 303+820\0 - Documentos Gerais\Documentos com unidade\GRD-COM-ECA-Acesso 4°Ano 303+820-0000001'. Nenhuma pasta receberá ambiente.
[2026-07-27 14:17:36.731] [INFO] Excel local gerado para 'GRD-COM-ECA-Acesso 4°Ano 303+820': C:\Users\peter\OneDrive - Grupo Ecorodovias\Área de Trabalho\Scritps_novos\SaidaSimulacao\20260727_141659\ANTT\GRD-COM-ECA-Acesso 4°Ano 303+820-0000001.xlsx
[2026-07-27 14:17:36.770] [INFO] Criando pasta sem ambiente: Engenharia\Ecovias Araguaia\Projetos\Acesso 4°Ano 303+820\0 - Documentos Gerais\Documentos com unidade
[2026-07-27 14:17:37.116] [INFO] Pasta criada: Engenharia\Ecovias Araguaia\Projetos\Acesso 4°Ano 303+820\0 - Documentos Gerais\Documentos com unidade (ProjectID=427756).
[2026-07-27 14:17:37.185] [INFO] Criando pasta sem ambiente: Engenharia\Ecovias Araguaia\Projetos\Acesso 4°Ano 303+820\0 - Documentos Gerais\Documentos com unidade\GRD-COM-ECA-Acesso 4°Ano 303+820-0000001
[2026-07-27 14:17:37.564] [INFO] Pasta criada: Engenharia\Ecovias Araguaia\Projetos\Acesso 4°Ano 303+820\0 - Documentos Gerais\Documentos com unidade\GRD-COM-ECA-Acesso 4°Ano 303+820-0000001 (ProjectID=427757).
[2026-07-27 14:17:37.884] [INFO] Importando Excel na pasta final: GRD-COM-ECA-Acesso 4°Ano 303+820-0000001.xlsx
[2026-07-27 14:17:38.524] [INFO] Excel importado com sucesso: DocumentID=1; caminho=Engenharia\Ecovias Araguaia\Projetos\Acesso 4°Ano 303+820\0 - Documentos Gerais\Documentos com unidade\GRD-COM-ECA-Acesso 4°Ano 303+820-0000001\GRD-COM-ECA-Acesso 4°Ano 303+820-0000001.xlsx
[2026-07-27 14:17:38.525] [INFO] Analisando grupo 'GRD-COM-ECA-Ampliações 5°Ano SH 18 e 19' (ANTT) com 1812 documento(s).
[2026-07-27 14:17:38.850] [AVISO] Estrutura ausente para 'GRD-COM-ECA-Ampliações 5°Ano SH 18 e 19'. Precisam ser criadas: Engenharia\Ecovias Araguaia\Projetos\Ampliações 5°Ano SH 18 e 19\0 - Documentos Gerais\Documentos com unidade; Engenharia\Ecovias Araguaia\Projetos\Ampliações 5°Ano SH 18 e 19\0 - Documentos Gerais\Documentos com unidade\GRD-COM-ECA-Ampliações 5°Ano SH 18 e 19-0000001
[2026-07-27 14:17:38.850] [INFO] Grupo 'GRD-COM-ECA-Ampliações 5°Ano SH 18 e 19': GRD prevista 'GRD-COM-ECA-Ampliações 5°Ano SH 18 e 19-0000001'; destino 'Engenharia\Ecovias Araguaia\Projetos\Ampliações 5°Ano SH 18 e 19\0 - Documentos Gerais\Documentos com unidade\GRD-COM-ECA-Ampliações 5°Ano SH 18 e 19-0000001'. Nenhuma pasta receberá ambiente.
[2026-07-27 14:17:39.139] [INFO] Excel local gerado para 'GRD-COM-ECA-Ampliações 5°Ano SH 18 e 19': C:\Users\peter\OneDrive - Grupo Ecorodovias\Área de Trabalho\Scritps_novos\SaidaSimulacao\20260727_141659\ANTT\GRD-COM-ECA-Ampliações 5°Ano SH 18 e 19-0000001.xlsx
[2026-07-27 14:17:39.205] [INFO] Criando pasta sem ambiente: Engenharia\Ecovias Araguaia\Projetos\Ampliações 5°Ano SH 18 e 19\0 - Documentos Gerais\Documentos com unidade
[2026-07-27 14:17:39.817] [INFO] Pasta criada: Engenharia\Ecovias Araguaia\Projetos\Ampliações 5°Ano SH 18 e 19\0 - Documentos Gerais\Documentos com unidade (ProjectID=427758).
[2026-07-27 14:17:39.883] [INFO] Criando pasta sem ambiente: Engenharia\Ecovias Araguaia\Projetos\Ampliações 5°Ano SH 18 e 19\0 - Documentos Gerais\Documentos com unidade\GRD-COM-ECA-Ampliações 5°Ano SH 18 e 19-0000001
[2026-07-27 14:17:40.249] [INFO] Pasta criada: Engenharia\Ecovias Araguaia\Projetos\Ampliações 5°Ano SH 18 e 19\0 - Documentos Gerais\Documentos com unidade\GRD-COM-ECA-Ampliações 5°Ano SH 18 e 19-0000001 (ProjectID=427759).
[2026-07-27 14:17:40.435] [INFO] Importando Excel na pasta final: GRD-COM-ECA-Ampliações 5°Ano SH 18 e 19-0000001.xlsx
[2026-07-27 14:17:40.911] [INFO] Excel importado com sucesso: DocumentID=1; caminho=Engenharia\Ecovias Araguaia\Projetos\Ampliações 5°Ano SH 18 e 19\0 - Documentos Gerais\Documentos com unidade\GRD-COM-ECA-Ampliações 5°Ano SH 18 e 19-0000001\GRD-COM-ECA-Ampliações 5°Ano SH 18 e 19-0000001.xlsx
[2026-07-27 14:17:40.912] [INFO] Analisando grupo 'GRD-COM-ECA-Acesso 5°Ano 265+320' (ANTT) com 130 documento(s).
[2026-07-27 14:17:41.068] [AVISO] Estrutura ausente para 'GRD-COM-ECA-Acesso 5°Ano 265+320'. Precisam ser criadas: Engenharia\Ecovias Araguaia\Projetos\Acesso 5°Ano 265+320\0 - Documentos Gerais\Documentos com unidade; Engenharia\Ecovias Araguaia\Projetos\Acesso 5°Ano 265+320\0 - Documentos Gerais\Documentos com unidade\GRD-COM-ECA-Acesso 5°Ano 265+320-0000001
[2026-07-27 14:17:41.069] [INFO] Grupo 'GRD-COM-ECA-Acesso 5°Ano 265+320': GRD prevista 'GRD-COM-ECA-Acesso 5°Ano 265+320-0000001'; destino 'Engenharia\Ecovias Araguaia\Projetos\Acesso 5°Ano 265+320\0 - Documentos Gerais\Documentos com unidade\GRD-COM-ECA-Acesso 5°Ano 265+320-0000001'. Nenhuma pasta receberá ambiente.
[2026-07-27 14:17:41.235] [INFO] Excel local gerado para 'GRD-COM-ECA-Acesso 5°Ano 265+320': C:\Users\peter\OneDrive - Grupo Ecorodovias\Área de Trabalho\Scritps_novos\SaidaSimulacao\20260727_141659\ANTT\GRD-COM-ECA-Acesso 5°Ano 265+320-0000001.xlsx
[2026-07-27 14:17:41.280] [INFO] Criando pasta sem ambiente: Engenharia\Ecovias Araguaia\Projetos\Acesso 5°Ano 265+320\0 - Documentos Gerais\Documentos com unidade
[2026-07-27 14:17:41.586] [INFO] Pasta criada: Engenharia\Ecovias Araguaia\Projetos\Acesso 5°Ano 265+320\0 - Documentos Gerais\Documentos com unidade (ProjectID=427760).
[2026-07-27 14:17:41.619] [INFO] Criando pasta sem ambiente: Engenharia\Ecovias Araguaia\Projetos\Acesso 5°Ano 265+320\0 - Documentos Gerais\Documentos com unidade\GRD-COM-ECA-Acesso 5°Ano 265+320-0000001
[2026-07-27 14:17:41.916] [INFO] Pasta criada: Engenharia\Ecovias Araguaia\Projetos\Acesso 5°Ano 265+320\0 - Documentos Gerais\Documentos com unidade\GRD-COM-ECA-Acesso 5°Ano 265+320-0000001 (ProjectID=427761).
[2026-07-27 14:17:42.154] [INFO] Importando Excel na pasta final: GRD-COM-ECA-Acesso 5°Ano 265+320-0000001.xlsx
[2026-07-27 14:17:42.440] [INFO] Excel importado com sucesso: DocumentID=1; caminho=Engenharia\Ecovias Araguaia\Projetos\Acesso 5°Ano 265+320\0 - Documentos Gerais\Documentos com unidade\GRD-COM-ECA-Acesso 5°Ano 265+320-0000001\GRD-COM-ECA-Acesso 5°Ano 265+320-0000001.xlsx
[2026-07-27 14:17:42.441] [INFO] Analisando grupo 'GRD-COM-ECA-Ampliações 5°Ano SH 2' (ANTT) com 1098 documento(s).
[2026-07-27 14:17:42.773] [AVISO] Estrutura ausente para 'GRD-COM-ECA-Ampliações 5°Ano SH 2'. Precisam ser criadas: Engenharia\Ecovias Araguaia\Projetos\Ampliações 5°Ano SH 2\0 - Documentos Gerais\Documentos com unidade; Engenharia\Ecovias Araguaia\Projetos\Ampliações 5°Ano SH 2\0 - Documentos Gerais\Documentos com unidade\GRD-COM-ECA-Ampliações 5°Ano SH 2-0000001
[2026-07-27 14:17:42.774] [INFO] Grupo 'GRD-COM-ECA-Ampliações 5°Ano SH 2': GRD prevista 'GRD-COM-ECA-Ampliações 5°Ano SH 2-0000001'; destino 'Engenharia\Ecovias Araguaia\Projetos\Ampliações 5°Ano SH 2\0 - Documentos Gerais\Documentos com unidade\GRD-COM-ECA-Ampliações 5°Ano SH 2-0000001'. Nenhuma pasta receberá ambiente.
[2026-07-27 14:17:43.028] [INFO] Excel local gerado para 'GRD-COM-ECA-Ampliações 5°Ano SH 2': C:\Users\peter\OneDrive - Grupo Ecorodovias\Área de Trabalho\Scritps_novos\SaidaSimulacao\20260727_141659\ANTT\GRD-COM-ECA-Ampliações 5°Ano SH 2-0000001.xlsx
[2026-07-27 14:17:43.099] [INFO] Criando pasta sem ambiente: Engenharia\Ecovias Araguaia\Projetos\Ampliações 5°Ano SH 2\0 - Documentos Gerais\Documentos com unidade
[2026-07-27 14:17:43.597] [INFO] Pasta criada: Engenharia\Ecovias Araguaia\Projetos\Ampliações 5°Ano SH 2\0 - Documentos Gerais\Documentos com unidade (ProjectID=427762).
[2026-07-27 14:17:43.649] [INFO] Criando pasta sem ambiente: Engenharia\Ecovias Araguaia\Projetos\Ampliações 5°Ano SH 2\0 - Documentos Gerais\Documentos com unidade\GRD-COM-ECA-Ampliações 5°Ano SH 2-0000001
[2026-07-27 14:17:44.045] [INFO] Pasta criada: Engenharia\Ecovias Araguaia\Projetos\Ampliações 5°Ano SH 2\0 - Documentos Gerais\Documentos com unidade\GRD-COM-ECA-Ampliações 5°Ano SH 2-0000001 (ProjectID=427763).
[2026-07-27 14:17:44.362] [INFO] Importando Excel na pasta final: GRD-COM-ECA-Ampliações 5°Ano SH 2-0000001.xlsx
[2026-07-27 14:17:44.943] [INFO] Excel importado com sucesso: DocumentID=1; caminho=Engenharia\Ecovias Araguaia\Projetos\Ampliações 5°Ano SH 2\0 - Documentos Gerais\Documentos com unidade\GRD-COM-ECA-Ampliações 5°Ano SH 2-0000001\GRD-COM-ECA-Ampliações 5°Ano SH 2-0000001.xlsx
[2026-07-27 14:17:44.943] [INFO] Analisando grupo 'GRD-COM-ECA-Ampliações 7°Ano SH 15' (ANTT) com 691 documento(s).
[2026-07-27 14:17:45.268] [AVISO] Estrutura ausente para 'GRD-COM-ECA-Ampliações 7°Ano SH 15'. Precisam ser criadas: Engenharia\Ecovias Araguaia\Projetos\Ampliações 7°Ano SH 15\0 - Documentos Gerais\Documentos com unidade; Engenharia\Ecovias Araguaia\Projetos\Ampliações 7°Ano SH 15\0 - Documentos Gerais\Documentos com unidade\GRD-COM-ECA-Ampliações 7°Ano SH 15-0000001
[2026-07-27 14:17:45.269] [INFO] Grupo 'GRD-COM-ECA-Ampliações 7°Ano SH 15': GRD prevista 'GRD-COM-ECA-Ampliações 7°Ano SH 15-0000001'; destino 'Engenharia\Ecovias Araguaia\Projetos\Ampliações 7°Ano SH 15\0 - Documentos Gerais\Documentos com unidade\GRD-COM-ECA-Ampliações 7°Ano SH 15-0000001'. Nenhuma pasta receberá ambiente.
[2026-07-27 14:17:45.570] [INFO] Excel local gerado para 'GRD-COM-ECA-Ampliações 7°Ano SH 15': C:\Users\peter\OneDrive - Grupo Ecorodovias\Área de Trabalho\Scritps_novos\SaidaSimulacao\20260727_141659\ANTT\GRD-COM-ECA-Ampliações 7°Ano SH 15-0000001.xlsx
[2026-07-27 14:17:45.631] [INFO] Criando pasta sem ambiente: Engenharia\Ecovias Araguaia\Projetos\Ampliações 7°Ano SH 15\0 - Documentos Gerais\Documentos com unidade
[2026-07-27 14:17:46.208] [INFO] Pasta criada: Engenharia\Ecovias Araguaia\Projetos\Ampliações 7°Ano SH 15\0 - Documentos Gerais\Documentos com unidade (ProjectID=427764).
[2026-07-27 14:17:46.277] [INFO] Criando pasta sem ambiente: Engenharia\Ecovias Araguaia\Projetos\Ampliações 7°Ano SH 15\0 - Documentos Gerais\Documentos com unidade\GRD-COM-ECA-Ampliações 7°Ano SH 15-0000001
[2026-07-27 14:17:47.130] [INFO] Pasta criada: Engenharia\Ecovias Araguaia\Projetos\Ampliações 7°Ano SH 15\0 - Documentos Gerais\Documentos com unidade\GRD-COM-ECA-Ampliações 7°Ano SH 15-0000001 (ProjectID=427765).
[2026-07-27 14:17:47.547] [INFO] Importando Excel na pasta final: GRD-COM-ECA-Ampliações 7°Ano SH 15-0000001.xlsx
[2026-07-27 14:17:48.158] [INFO] Excel importado com sucesso: DocumentID=1; caminho=Engenharia\Ecovias Araguaia\Projetos\Ampliações 7°Ano SH 15\0 - Documentos Gerais\Documentos com unidade\GRD-COM-ECA-Ampliações 7°Ano SH 15-0000001\GRD-COM-ECA-Ampliações 7°Ano SH 15-0000001.xlsx
[2026-07-27 14:17:48.159] [INFO] Analisando grupo 'GRD-COM-ECA-Ampliações 23°Ano SH 6' (ANTT) com 401 documento(s).
[2026-07-27 14:17:48.722] [AVISO] Estrutura ausente para 'GRD-COM-ECA-Ampliações 23°Ano SH 6'. Precisam ser criadas: Engenharia\Ecovias Araguaia\Projetos\Ampliações 23°Ano SH 6\0 - Documentos Gerais\Documentos com unidade; Engenharia\Ecovias Araguaia\Projetos\Ampliações 23°Ano SH 6\0 - Documentos Gerais\Documentos com unidade\GRD-COM-ECA-Ampliações 23°Ano SH 6-0000001
[2026-07-27 14:17:48.723] [INFO] Grupo 'GRD-COM-ECA-Ampliações 23°Ano SH 6': GRD prevista 'GRD-COM-ECA-Ampliações 23°Ano SH 6-0000001'; destino 'Engenharia\Ecovias Araguaia\Projetos\Ampliações 23°Ano SH 6\0 - Documentos Gerais\Documentos com unidade\GRD-COM-ECA-Ampliações 23°Ano SH 6-0000001'. Nenhuma pasta receberá ambiente.
[2026-07-27 14:17:48.904] [INFO] Excel local gerado para 'GRD-COM-ECA-Ampliações 23°Ano SH 6': C:\Users\peter\OneDrive - Grupo Ecorodovias\Área de Trabalho\Scritps_novos\SaidaSimulacao\20260727_141659\ANTT\GRD-COM-ECA-Ampliações 23°Ano SH 6-0000001.xlsx
[2026-07-27 14:17:49.002] [INFO] Criando pasta sem ambiente: Engenharia\Ecovias Araguaia\Projetos\Ampliações 23°Ano SH 6\0 - Documentos Gerais\Documentos com unidade
[2026-07-27 14:17:49.952] [INFO] Pasta criada: Engenharia\Ecovias Araguaia\Projetos\Ampliações 23°Ano SH 6\0 - Documentos Gerais\Documentos com unidade (ProjectID=427766).
[2026-07-27 14:17:50.019] [INFO] Criando pasta sem ambiente: Engenharia\Ecovias Araguaia\Projetos\Ampliações 23°Ano SH 6\0 - Documentos Gerais\Documentos com unidade\GRD-COM-ECA-Ampliações 23°Ano SH 6-0000001
[2026-07-27 14:17:50.544] [INFO] Pasta criada: Engenharia\Ecovias Araguaia\Projetos\Ampliações 23°Ano SH 6\0 - Documentos Gerais\Documentos com unidade\GRD-COM-ECA-Ampliações 23°Ano SH 6-0000001 (ProjectID=427767).
[2026-07-27 14:17:50.778] [INFO] Importando Excel na pasta final: GRD-COM-ECA-Ampliações 23°Ano SH 6-0000001.xlsx
[2026-07-27 14:17:51.163] [INFO] Excel importado com sucesso: DocumentID=1; caminho=Engenharia\Ecovias Araguaia\Projetos\Ampliações 23°Ano SH 6\0 - Documentos Gerais\Documentos com unidade\GRD-COM-ECA-Ampliações 23°Ano SH 6-0000001\GRD-COM-ECA-Ampliações 23°Ano SH 6-0000001.xlsx
[2026-07-27 14:17:51.164] [INFO] Analisando grupo 'GRD-COM-ECA-Ampliações 3°Ano SH 1,5' (ANTT) com 229 documento(s).
[2026-07-27 14:17:51.456] [AVISO] Estrutura ausente para 'GRD-COM-ECA-Ampliações 3°Ano SH 1,5'. Precisam ser criadas: Engenharia\Ecovias Araguaia\Projetos\Ampliações 3°Ano SH 1,5\0 - Documentos Gerais\Documentos com unidade; Engenharia\Ecovias Araguaia\Projetos\Ampliações 3°Ano SH 1,5\0 - Documentos Gerais\Documentos com unidade\GRD-COM-ECA-Ampliações 3°Ano SH 1,5-0000001
[2026-07-27 14:17:51.458] [INFO] Grupo 'GRD-COM-ECA-Ampliações 3°Ano SH 1,5': GRD prevista 'GRD-COM-ECA-Ampliações 3°Ano SH 1,5-0000001'; destino 'Engenharia\Ecovias Araguaia\Projetos\Ampliações 3°Ano SH 1,5\0 - Documentos Gerais\Documentos com unidade\GRD-COM-ECA-Ampliações 3°Ano SH 1,5-0000001'. Nenhuma pasta receberá ambiente.
[2026-07-27 14:17:51.629] [INFO] Excel local gerado para 'GRD-COM-ECA-Ampliações 3°Ano SH 1,5': C:\Users\peter\OneDrive - Grupo Ecorodovias\Área de Trabalho\Scritps_novos\SaidaSimulacao\20260727_141659\ANTT\GRD-COM-ECA-Ampliações 3°Ano SH 1,5-0000001.xlsx
[2026-07-27 14:17:51.673] [INFO] Criando pasta sem ambiente: Engenharia\Ecovias Araguaia\Projetos\Ampliações 3°Ano SH 1,5\0 - Documentos Gerais\Documentos com unidade
[2026-07-27 14:17:52.118] [INFO] Pasta criada: Engenharia\Ecovias Araguaia\Projetos\Ampliações 3°Ano SH 1,5\0 - Documentos Gerais\Documentos com unidade (ProjectID=427768).
[2026-07-27 14:17:52.161] [INFO] Criando pasta sem ambiente: Engenharia\Ecovias Araguaia\Projetos\Ampliações 3°Ano SH 1,5\0 - Documentos Gerais\Documentos com unidade\GRD-COM-ECA-Ampliações 3°Ano SH 1,5-0000001
[2026-07-27 14:17:52.513] [INFO] Pasta criada: Engenharia\Ecovias Araguaia\Projetos\Ampliações 3°Ano SH 1,5\0 - Documentos Gerais\Documentos com unidade\GRD-COM-ECA-Ampliações 3°Ano SH 1,5-0000001 (ProjectID=427769).
[2026-07-27 14:17:52.847] [INFO] Importando Excel na pasta final: GRD-COM-ECA-Ampliações 3°Ano SH 1,5-0000001.xlsx
[2026-07-27 14:17:53.057] [INFO] Excel importado com sucesso: DocumentID=1; caminho=Engenharia\Ecovias Araguaia\Projetos\Ampliações 3°Ano SH 1,5\0 - Documentos Gerais\Documentos com unidade\GRD-COM-ECA-Ampliações 3°Ano SH 1,5-0000001\GRD-COM-ECA-Ampliações 3°Ano SH 1,5-0000001.xlsx
[2026-07-27 14:17:53.060] [INFO] Analisando grupo 'GRD-COM-ECA-Acesso 6°Ano 693+000' (ANTT) com 76 documento(s).
[2026-07-27 14:17:53.339] [AVISO] Estrutura ausente para 'GRD-COM-ECA-Acesso 6°Ano 693+000'. Precisam ser criadas: Engenharia\Ecovias Araguaia\Projetos\Acesso 6°Ano 693+000\0 - Documentos Gerais\Documentos com unidade; Engenharia\Ecovias Araguaia\Projetos\Acesso 6°Ano 693+000\0 - Documentos Gerais\Documentos com unidade\GRD-COM-ECA-Acesso 6°Ano 693+000-0000001
[2026-07-27 14:17:53.340] [INFO] Grupo 'GRD-COM-ECA-Acesso 6°Ano 693+000': GRD prevista 'GRD-COM-ECA-Acesso 6°Ano 693+000-0000001'; destino 'Engenharia\Ecovias Araguaia\Projetos\Acesso 6°Ano 693+000\0 - Documentos Gerais\Documentos com unidade\GRD-COM-ECA-Acesso 6°Ano 693+000-0000001'. Nenhuma pasta receberá ambiente.
[2026-07-27 14:17:53.500] [INFO] Excel local gerado para 'GRD-COM-ECA-Acesso 6°Ano 693+000': C:\Users\peter\OneDrive - Grupo Ecorodovias\Área de Trabalho\Scritps_novos\SaidaSimulacao\20260727_141659\ANTT\GRD-COM-ECA-Acesso 6°Ano 693+000-0000001.xlsx
[2026-07-27 14:17:53.563] [INFO] Criando pasta sem ambiente: Engenharia\Ecovias Araguaia\Projetos\Acesso 6°Ano 693+000\0 - Documentos Gerais\Documentos com unidade
[2026-07-27 14:17:54.027] [INFO] Pasta criada: Engenharia\Ecovias Araguaia\Projetos\Acesso 6°Ano 693+000\0 - Documentos Gerais\Documentos com unidade (ProjectID=427770).
[2026-07-27 14:17:54.125] [INFO] Criando pasta sem ambiente: Engenharia\Ecovias Araguaia\Projetos\Acesso 6°Ano 693+000\0 - Documentos Gerais\Documentos com unidade\GRD-COM-ECA-Acesso 6°Ano 693+000-0000001
[2026-07-27 14:17:54.704] [INFO] Pasta criada: Engenharia\Ecovias Araguaia\Projetos\Acesso 6°Ano 693+000\0 - Documentos Gerais\Documentos com unidade\GRD-COM-ECA-Acesso 6°Ano 693+000-0000001 (ProjectID=427771).
[2026-07-27 14:17:54.938] [INFO] Importando Excel na pasta final: GRD-COM-ECA-Acesso 6°Ano 693+000-0000001.xlsx
[2026-07-27 14:17:55.333] [INFO] Excel importado com sucesso: DocumentID=1; caminho=Engenharia\Ecovias Araguaia\Projetos\Acesso 6°Ano 693+000\0 - Documentos Gerais\Documentos com unidade\GRD-COM-ECA-Acesso 6°Ano 693+000-0000001\GRD-COM-ECA-Acesso 6°Ano 693+000-0000001.xlsx
[2026-07-27 14:17:55.334] [INFO] Analisando grupo 'GRD-COM-ECA-Ampliações 5°Ano SH 22' (ANTT) com 364 documento(s).
[2026-07-27 14:17:55.574] [AVISO] Estrutura ausente para 'GRD-COM-ECA-Ampliações 5°Ano SH 22'. Precisam ser criadas: Engenharia\Ecovias Araguaia\Projetos\Ampliações 5°Ano SH 22\0 - Documentos Gerais\Documentos com unidade; Engenharia\Ecovias Araguaia\Projetos\Ampliações 5°Ano SH 22\0 - Documentos Gerais\Documentos com unidade\GRD-COM-ECA-Ampliações 5°Ano SH 22-0000001
[2026-07-27 14:17:55.576] [INFO] Grupo 'GRD-COM-ECA-Ampliações 5°Ano SH 22': GRD prevista 'GRD-COM-ECA-Ampliações 5°Ano SH 22-0000001'; destino 'Engenharia\Ecovias Araguaia\Projetos\Ampliações 5°Ano SH 22\0 - Documentos Gerais\Documentos com unidade\GRD-COM-ECA-Ampliações 5°Ano SH 22-0000001'. Nenhuma pasta receberá ambiente.
[2026-07-27 14:17:55.802] [INFO] Excel local gerado para 'GRD-COM-ECA-Ampliações 5°Ano SH 22': C:\Users\peter\OneDrive - Grupo Ecorodovias\Área de Trabalho\Scritps_novos\SaidaSimulacao\20260727_141659\ANTT\GRD-COM-ECA-Ampliações 5°Ano SH 22-0000001.xlsx
[2026-07-27 14:17:55.837] [INFO] Criando pasta sem ambiente: Engenharia\Ecovias Araguaia\Projetos\Ampliações 5°Ano SH 22\0 - Documentos Gerais\Documentos com unidade
[2026-07-27 14:17:56.063] [INFO] Pasta criada: Engenharia\Ecovias Araguaia\Projetos\Ampliações 5°Ano SH 22\0 - Documentos Gerais\Documentos com unidade (ProjectID=427772).
[2026-07-27 14:17:56.100] [INFO] Criando pasta sem ambiente: Engenharia\Ecovias Araguaia\Projetos\Ampliações 5°Ano SH 22\0 - Documentos Gerais\Documentos com unidade\GRD-COM-ECA-Ampliações 5°Ano SH 22-0000001
[2026-07-27 14:17:56.401] [INFO] Pasta criada: Engenharia\Ecovias Araguaia\Projetos\Ampliações 5°Ano SH 22\0 - Documentos Gerais\Documentos com unidade\GRD-COM-ECA-Ampliações 5°Ano SH 22-0000001 (ProjectID=427773).
[2026-07-27 14:17:56.612] [INFO] Importando Excel na pasta final: GRD-COM-ECA-Ampliações 5°Ano SH 22-0000001.xlsx
[2026-07-27 14:17:56.846] [INFO] Excel importado com sucesso: DocumentID=1; caminho=Engenharia\Ecovias Araguaia\Projetos\Ampliações 5°Ano SH 22\0 - Documentos Gerais\Documentos com unidade\GRD-COM-ECA-Ampliações 5°Ano SH 22-0000001\GRD-COM-ECA-Ampliações 5°Ano SH 22-0000001.xlsx
[2026-07-27 14:17:56.847] [INFO] Analisando grupo 'GRD-COM-ECA-Ampliações 4°Ano SH 5* e 6*' (ANTT) com 82 documento(s).
[2026-07-27 14:17:57.044] [AVISO] Estrutura ausente para 'GRD-COM-ECA-Ampliações 4°Ano SH 5* e 6*'. Precisam ser criadas: Engenharia\Ecovias Araguaia\Projetos\Ampliações 4°Ano SH 5* e 6*\0 - Documentos Gerais\Documentos com unidade; Engenharia\Ecovias Araguaia\Projetos\Ampliações 4°Ano SH 5* e 6*\0 - Documentos Gerais\Documentos com unidade\GRD-COM-ECA-Ampliações 4°Ano SH 5* e 6*-0000001
[2026-07-27 14:17:57.045] [INFO] Grupo 'GRD-COM-ECA-Ampliações 4°Ano SH 5* e 6*': GRD prevista 'GRD-COM-ECA-Ampliações 4°Ano SH 5* e 6*-0000001'; destino 'Engenharia\Ecovias Araguaia\Projetos\Ampliações 4°Ano SH 5* e 6*\0 - Documentos Gerais\Documentos com unidade\GRD-COM-ECA-Ampliações 4°Ano SH 5* e 6*-0000001'. Nenhuma pasta receberá ambiente.
[2026-07-27 14:17:57.250] [INFO] Excel local gerado para 'GRD-COM-ECA-Ampliações 4°Ano SH 5* e 6*': C:\Users\peter\OneDrive - Grupo Ecorodovias\Área de Trabalho\Scritps_novos\SaidaSimulacao\20260727_141659\ANTT\GRD-COM-ECA-Ampliações 4°Ano SH 5_ e 6_-0000001.xlsx
[2026-07-27 14:17:57.283] [INFO] Criando pasta sem ambiente: Engenharia\Ecovias Araguaia\Projetos\Ampliações 4°Ano SH 5* e 6*\0 - Documentos Gerais\Documentos com unidade
[2026-07-27 14:17:57.759] [INFO] Pasta criada: Engenharia\Ecovias Araguaia\Projetos\Ampliações 4°Ano SH 5* e 6*\0 - Documentos Gerais\Documentos com unidade (ProjectID=427774).
[2026-07-27 14:17:57.795] [INFO] Criando pasta sem ambiente: Engenharia\Ecovias Araguaia\Projetos\Ampliações 4°Ano SH 5* e 6*\0 - Documentos Gerais\Documentos com unidade\GRD-COM-ECA-Ampliações 4°Ano SH 5* e 6*-0000001
[2026-07-27 14:17:58.274] [INFO] Pasta criada: Engenharia\Ecovias Araguaia\Projetos\Ampliações 4°Ano SH 5* e 6*\0 - Documentos Gerais\Documentos com unidade\GRD-COM-ECA-Ampliações 4°Ano SH 5* e 6*-0000001 (ProjectID=427775).
[2026-07-27 14:17:58.511] [INFO] Importando Excel na pasta final: GRD-COM-ECA-Ampliações 4°Ano SH 5_ e 6_-0000001.xlsx
[2026-07-27 14:17:58.831] [INFO] Excel importado com sucesso: DocumentID=1; caminho=Engenharia\Ecovias Araguaia\Projetos\Ampliações 4°Ano SH 5* e 6*\0 - Documentos Gerais\Documentos com unidade\GRD-COM-ECA-Ampliações 4°Ano SH 5* e 6*-0000001\GRD-COM-ECA-Ampliações 4°Ano SH 5_ e 6_-0000001.xlsx
[2026-07-27 14:17:58.832] [INFO] Analisando grupo 'GRD-COM-ECA-Ampliações 4°Ano SH 20 e 21' (ANTT) com 960 documento(s).
[2026-07-27 14:17:59.088] [AVISO] Estrutura ausente para 'GRD-COM-ECA-Ampliações 4°Ano SH 20 e 21'. Precisam ser criadas: Engenharia\Ecovias Araguaia\Projetos\Ampliações 4°Ano SH 20 e 21\0 - Documentos Gerais\Documentos com unidade; Engenharia\Ecovias Araguaia\Projetos\Ampliações 4°Ano SH 20 e 21\0 - Documentos Gerais\Documentos com unidade\GRD-COM-ECA-Ampliações 4°Ano SH 20 e 21-0000001
[2026-07-27 14:17:59.089] [INFO] Grupo 'GRD-COM-ECA-Ampliações 4°Ano SH 20 e 21': GRD prevista 'GRD-COM-ECA-Ampliações 4°Ano SH 20 e 21-0000001'; destino 'Engenharia\Ecovias Araguaia\Projetos\Ampliações 4°Ano SH 20 e 21\0 - Documentos Gerais\Documentos com unidade\GRD-COM-ECA-Ampliações 4°Ano SH 20 e 21-0000001'. Nenhuma pasta receberá ambiente.
[2026-07-27 14:17:59.306] [INFO] Excel local gerado para 'GRD-COM-ECA-Ampliações 4°Ano SH 20 e 21': C:\Users\peter\OneDrive - Grupo Ecorodovias\Área de Trabalho\Scritps_novos\SaidaSimulacao\20260727_141659\ANTT\GRD-COM-ECA-Ampliações 4°Ano SH 20 e 21-0000001.xlsx
[2026-07-27 14:17:59.373] [INFO] Criando pasta sem ambiente: Engenharia\Ecovias Araguaia\Projetos\Ampliações 4°Ano SH 20 e 21\0 - Documentos Gerais\Documentos com unidade
[2026-07-27 14:17:59.765] [INFO] Pasta criada: Engenharia\Ecovias Araguaia\Projetos\Ampliações 4°Ano SH 20 e 21\0 - Documentos Gerais\Documentos com unidade (ProjectID=427776).
[2026-07-27 14:17:59.810] [INFO] Criando pasta sem ambiente: Engenharia\Ecovias Araguaia\Projetos\Ampliações 4°Ano SH 20 e 21\0 - Documentos Gerais\Documentos com unidade\GRD-COM-ECA-Ampliações 4°Ano SH 20 e 21-0000001
[2026-07-27 14:18:00.234] [INFO] Pasta criada: Engenharia\Ecovias Araguaia\Projetos\Ampliações 4°Ano SH 20 e 21\0 - Documentos Gerais\Documentos com unidade\GRD-COM-ECA-Ampliações 4°Ano SH 20 e 21-0000001 (ProjectID=427777).
[2026-07-27 14:18:00.427] [INFO] Importando Excel na pasta final: GRD-COM-ECA-Ampliações 4°Ano SH 20 e 21-0000001.xlsx
[2026-07-27 14:18:00.680] [INFO] Excel importado com sucesso: DocumentID=1; caminho=Engenharia\Ecovias Araguaia\Projetos\Ampliações 4°Ano SH 20 e 21\0 - Documentos Gerais\Documentos com unidade\GRD-COM-ECA-Ampliações 4°Ano SH 20 e 21-0000001\GRD-COM-ECA-Ampliações 4°Ano SH 20 e 21-0000001.xlsx
[2026-07-27 14:18:00.680] [INFO] Analisando grupo 'GRD-COM-ECA-Ampliações 4°Ano SH 4' (ANTT) com 48 documento(s).
[2026-07-27 14:18:00.833] [AVISO] Estrutura ausente para 'GRD-COM-ECA-Ampliações 4°Ano SH 4'. Precisam ser criadas: Engenharia\Ecovias Araguaia\Projetos\Ampliações 4°Ano SH 4*\0 - Documentos Gerais\Documentos com unidade; Engenharia\Ecovias Araguaia\Projetos\Ampliações 4°Ano SH 4*\0 - Documentos Gerais\Documentos com unidade\GRD-COM-ECA-Ampliações 4°Ano SH 4-0000001
[2026-07-27 14:18:00.834] [INFO] Grupo 'GRD-COM-ECA-Ampliações 4°Ano SH 4': GRD prevista 'GRD-COM-ECA-Ampliações 4°Ano SH 4-0000001'; destino 'Engenharia\Ecovias Araguaia\Projetos\Ampliações 4°Ano SH 4*\0 - Documentos Gerais\Documentos com unidade\GRD-COM-ECA-Ampliações 4°Ano SH 4-0000001'. Nenhuma pasta receberá ambiente.
[2026-07-27 14:18:01.013] [INFO] Excel local gerado para 'GRD-COM-ECA-Ampliações 4°Ano SH 4': C:\Users\peter\OneDrive - Grupo Ecorodovias\Área de Trabalho\Scritps_novos\SaidaSimulacao\20260727_141659\ANTT\GRD-COM-ECA-Ampliações 4°Ano SH 4-0000001.xlsx
[2026-07-27 14:18:01.051] [INFO] Criando pasta sem ambiente: Engenharia\Ecovias Araguaia\Projetos\Ampliações 4°Ano SH 4*\0 - Documentos Gerais\Documentos com unidade
[2026-07-27 14:18:01.360] [INFO] Pasta criada: Engenharia\Ecovias Araguaia\Projetos\Ampliações 4°Ano SH 4*\0 - Documentos Gerais\Documentos com unidade (ProjectID=427778).
[2026-07-27 14:18:01.394] [INFO] Criando pasta sem ambiente: Engenharia\Ecovias Araguaia\Projetos\Ampliações 4°Ano SH 4*\0 - Documentos Gerais\Documentos com unidade\GRD-COM-ECA-Ampliações 4°Ano SH 4-0000001
[2026-07-27 14:18:01.629] [INFO] Pasta criada: Engenharia\Ecovias Araguaia\Projetos\Ampliações 4°Ano SH 4*\0 - Documentos Gerais\Documentos com unidade\GRD-COM-ECA-Ampliações 4°Ano SH 4-0000001 (ProjectID=427779).
[2026-07-27 14:18:01.836] [INFO] Importando Excel na pasta final: GRD-COM-ECA-Ampliações 4°Ano SH 4-0000001.xlsx
[2026-07-27 14:18:02.181] [INFO] Excel importado com sucesso: DocumentID=1; caminho=Engenharia\Ecovias Araguaia\Projetos\Ampliações 4°Ano SH 4*\0 - Documentos Gerais\Documentos com unidade\GRD-COM-ECA-Ampliações 4°Ano SH 4-0000001\GRD-COM-ECA-Ampliações 4°Ano SH 4-0000001.xlsx
[2026-07-27 14:18:02.183] [INFO] Analisando grupo 'GRD-COM-ECA-Ampliações 4°Ano SH 4*' (ANTT) com 280 documento(s).
[2026-07-27 14:18:02.428] [INFO] Grupo 'GRD-COM-ECA-Ampliações 4°Ano SH 4*': GRD prevista 'GRD-COM-ECA-Ampliações 4°Ano SH 4*-0000001'; destino 'Engenharia\Ecovias Araguaia\Projetos\Ampliações 4°Ano SH 4*\0 - Documentos Gerais\Documentos com unidade\GRD-COM-ECA-Ampliações 4°Ano SH 4*-0000001'. Nenhuma pasta receberá ambiente.
[2026-07-27 14:18:02.620] [INFO] Excel local gerado para 'GRD-COM-ECA-Ampliações 4°Ano SH 4*': C:\Users\peter\OneDrive - Grupo Ecorodovias\Área de Trabalho\Scritps_novos\SaidaSimulacao\20260727_141659\ANTT\GRD-COM-ECA-Ampliações 4°Ano SH 4_-0000001.xlsx
[2026-07-27 14:18:02.674] [INFO] Criando pasta sem ambiente: Engenharia\Ecovias Araguaia\Projetos\Ampliações 4°Ano SH 4*\0 - Documentos Gerais\Documentos com unidade\GRD-COM-ECA-Ampliações 4°Ano SH 4*-0000001
[2026-07-27 14:18:02.901] [INFO] Pasta criada: Engenharia\Ecovias Araguaia\Projetos\Ampliações 4°Ano SH 4*\0 - Documentos Gerais\Documentos com unidade\GRD-COM-ECA-Ampliações 4°Ano SH 4*-0000001 (ProjectID=427780).
[2026-07-27 14:18:03.097] [INFO] Importando Excel na pasta final: GRD-COM-ECA-Ampliações 4°Ano SH 4_-0000001.xlsx
[2026-07-27 14:18:03.346] [INFO] Excel importado com sucesso: DocumentID=1; caminho=Engenharia\Ecovias Araguaia\Projetos\Ampliações 4°Ano SH 4*\0 - Documentos Gerais\Documentos com unidade\GRD-COM-ECA-Ampliações 4°Ano SH 4*-0000001\GRD-COM-ECA-Ampliações 4°Ano SH 4_-0000001.xlsx
[2026-07-27 14:18:03.347] [INFO] Analisando grupo 'GRD-COM-ECA-Retornos em “U” 20' (ANTT) com 360 documento(s).
[2026-07-27 14:18:03.509] [AVISO] Estrutura ausente para 'GRD-COM-ECA-Retornos em “U” 20'. Precisam ser criadas: Engenharia\Ecovias Araguaia\Projetos\Retornos em “U” 20\0 - Documentos Gerais\Documentos com unidade; Engenharia\Ecovias Araguaia\Projetos\Retornos em “U” 20\0 - Documentos Gerais\Documentos com unidade\GRD-COM-ECA-Retornos em “U” 20-0000001
[2026-07-27 14:18:03.510] [INFO] Grupo 'GRD-COM-ECA-Retornos em “U” 20': GRD prevista 'GRD-COM-ECA-Retornos em “U” 20-0000001'; destino 'Engenharia\Ecovias Araguaia\Projetos\Retornos em “U” 20\0 - Documentos Gerais\Documentos com unidade\GRD-COM-ECA-Retornos em “U” 20-0000001'. Nenhuma pasta receberá ambiente.
[2026-07-27 14:18:03.703] [INFO] Excel local gerado para 'GRD-COM-ECA-Retornos em “U” 20': C:\Users\peter\OneDrive - Grupo Ecorodovias\Área de Trabalho\Scritps_novos\SaidaSimulacao\20260727_141659\ANTT\GRD-COM-ECA-Retornos em “U” 20-0000001.xlsx
[2026-07-27 14:18:03.750] [INFO] Criando pasta sem ambiente: Engenharia\Ecovias Araguaia\Projetos\Retornos em “U” 20\0 - Documentos Gerais\Documentos com unidade
[2026-07-27 14:18:04.121] [INFO] Pasta criada: Engenharia\Ecovias Araguaia\Projetos\Retornos em “U” 20\0 - Documentos Gerais\Documentos com unidade (ProjectID=427781).
[2026-07-27 14:18:04.163] [INFO] Criando pasta sem ambiente: Engenharia\Ecovias Araguaia\Projetos\Retornos em “U” 20\0 - Documentos Gerais\Documentos com unidade\GRD-COM-ECA-Retornos em “U” 20-0000001
[2026-07-27 14:18:04.564] [INFO] Pasta criada: Engenharia\Ecovias Araguaia\Projetos\Retornos em “U” 20\0 - Documentos Gerais\Documentos com unidade\GRD-COM-ECA-Retornos em “U” 20-0000001 (ProjectID=427782).
[2026-07-27 14:18:04.841] [INFO] Importando Excel na pasta final: GRD-COM-ECA-Retornos em “U” 20-0000001.xlsx
[2026-07-27 14:18:05.079] [INFO] Excel importado com sucesso: DocumentID=1; caminho=Engenharia\Ecovias Araguaia\Projetos\Retornos em “U” 20\0 - Documentos Gerais\Documentos com unidade\GRD-COM-ECA-Retornos em “U” 20-0000001\GRD-COM-ECA-Retornos em “U” 20-0000001.xlsx
[2026-07-27 14:18:05.080] [INFO] Analisando grupo 'GRD-COM-ENM-Retorno km 386' (ANTT) com 112 documento(s).
[2026-07-27 14:18:05.277] [AVISO] Estrutura ausente para 'GRD-COM-ENM-Retorno km 386'. Precisam ser criadas: Engenharia\Ecovias Norte Minas\Projetos\Retorno km 386\0 - Documentos Gerais\Documentos com unidade; Engenharia\Ecovias Norte Minas\Projetos\Retorno km 386\0 - Documentos Gerais\Documentos com unidade\GRD-COM-ENM-Retorno km 386-0000001
[2026-07-27 14:18:05.278] [INFO] Grupo 'GRD-COM-ENM-Retorno km 386': GRD prevista 'GRD-COM-ENM-Retorno km 386-0000001'; destino 'Engenharia\Ecovias Norte Minas\Projetos\Retorno km 386\0 - Documentos Gerais\Documentos com unidade\GRD-COM-ENM-Retorno km 386-0000001'. Nenhuma pasta receberá ambiente.
[2026-07-27 14:18:05.448] [INFO] Excel local gerado para 'GRD-COM-ENM-Retorno km 386': C:\Users\peter\OneDrive - Grupo Ecorodovias\Área de Trabalho\Scritps_novos\SaidaSimulacao\20260727_141659\ANTT\GRD-COM-ENM-Retorno km 386-0000001.xlsx
[2026-07-27 14:18:05.475] [INFO] Criando pasta sem ambiente: Engenharia\Ecovias Norte Minas\Projetos\Retorno km 386\0 - Documentos Gerais\Documentos com unidade
[2026-07-27 14:18:05.708] [INFO] Pasta criada: Engenharia\Ecovias Norte Minas\Projetos\Retorno km 386\0 - Documentos Gerais\Documentos com unidade (ProjectID=427783).
[2026-07-27 14:18:05.753] [INFO] Criando pasta sem ambiente: Engenharia\Ecovias Norte Minas\Projetos\Retorno km 386\0 - Documentos Gerais\Documentos com unidade\GRD-COM-ENM-Retorno km 386-0000001
[2026-07-27 14:18:06.060] [INFO] Pasta criada: Engenharia\Ecovias Norte Minas\Projetos\Retorno km 386\0 - Documentos Gerais\Documentos com unidade\GRD-COM-ENM-Retorno km 386-0000001 (ProjectID=427784).
[2026-07-27 14:18:06.283] [INFO] Importando Excel na pasta final: GRD-COM-ENM-Retorno km 386-0000001.xlsx
[2026-07-27 14:18:06.561] [INFO] Excel importado com sucesso: DocumentID=1; caminho=Engenharia\Ecovias Norte Minas\Projetos\Retorno km 386\0 - Documentos Gerais\Documentos com unidade\GRD-COM-ENM-Retorno km 386-0000001\GRD-COM-ENM-Retorno km 386-0000001.xlsx
[2026-07-27 14:18:06.562] [INFO] Analisando grupo 'GRD-COM-ECA-Ampliações 3° Ano SH 1' (ANTT) com 463 documento(s).
[2026-07-27 14:18:06.823] [AVISO] Estrutura ausente para 'GRD-COM-ECA-Ampliações 3° Ano SH 1'. Precisam ser criadas: Engenharia\Ecovias Araguaia\Projetos\Ampliações 3° Ano SH 1\0 - Documentos Gerais\Documentos com unidade; Engenharia\Ecovias Araguaia\Projetos\Ampliações 3° Ano SH 1\0 - Documentos Gerais\Documentos com unidade\GRD-COM-ECA-Ampliações 3° Ano SH 1-0000001
[2026-07-27 14:18:06.824] [INFO] Grupo 'GRD-COM-ECA-Ampliações 3° Ano SH 1': GRD prevista 'GRD-COM-ECA-Ampliações 3° Ano SH 1-0000001'; destino 'Engenharia\Ecovias Araguaia\Projetos\Ampliações 3° Ano SH 1\0 - Documentos Gerais\Documentos com unidade\GRD-COM-ECA-Ampliações 3° Ano SH 1-0000001'. Nenhuma pasta receberá ambiente.
[2026-07-27 14:18:07.050] [INFO] Excel local gerado para 'GRD-COM-ECA-Ampliações 3° Ano SH 1': C:\Users\peter\OneDrive - Grupo Ecorodovias\Área de Trabalho\Scritps_novos\SaidaSimulacao\20260727_141659\ANTT\GRD-COM-ECA-Ampliações 3° Ano SH 1-0000001.xlsx
[2026-07-27 14:18:07.091] [INFO] Criando pasta sem ambiente: Engenharia\Ecovias Araguaia\Projetos\Ampliações 3° Ano SH 1\0 - Documentos Gerais\Documentos com unidade
[2026-07-27 14:18:07.339] [INFO] Pasta criada: Engenharia\Ecovias Araguaia\Projetos\Ampliações 3° Ano SH 1\0 - Documentos Gerais\Documentos com unidade (ProjectID=427785).
[2026-07-27 14:18:07.396] [INFO] Criando pasta sem ambiente: Engenharia\Ecovias Araguaia\Projetos\Ampliações 3° Ano SH 1\0 - Documentos Gerais\Documentos com unidade\GRD-COM-ECA-Ampliações 3° Ano SH 1-0000001
[2026-07-27 14:18:07.723] [INFO] Pasta criada: Engenharia\Ecovias Araguaia\Projetos\Ampliações 3° Ano SH 1\0 - Documentos Gerais\Documentos com unidade\GRD-COM-ECA-Ampliações 3° Ano SH 1-0000001 (ProjectID=427786).
[2026-07-27 14:18:07.978] [INFO] Importando Excel na pasta final: GRD-COM-ECA-Ampliações 3° Ano SH 1-0000001.xlsx
[2026-07-27 14:18:08.475] [INFO] Excel importado com sucesso: DocumentID=1; caminho=Engenharia\Ecovias Araguaia\Projetos\Ampliações 3° Ano SH 1\0 - Documentos Gerais\Documentos com unidade\GRD-COM-ECA-Ampliações 3° Ano SH 1-0000001\GRD-COM-ECA-Ampliações 3° Ano SH 1-0000001.xlsx
[2026-07-27 14:18:08.476] [INFO] Analisando grupo 'GRD-COM-EC5-Retorno km 386' (ANTT) com 2 documento(s).
[2026-07-27 14:18:08.910] [INFO] Grupo 'GRD-COM-EC5-Retorno km 386': GRD prevista 'GRD-COM-EC5-Retorno km 386-0000001'; destino 'Engenharia\Ecovias Norte Minas\Projetos\Retorno km 386\0 - Documentos Gerais\Documentos com unidade\GRD-COM-EC5-Retorno km 386-0000001'. Nenhuma pasta receberá ambiente.
[2026-07-27 14:18:09.107] [INFO] Excel local gerado para 'GRD-COM-EC5-Retorno km 386': C:\Users\peter\OneDrive - Grupo Ecorodovias\Área de Trabalho\Scritps_novos\SaidaSimulacao\20260727_141659\ANTT\GRD-COM-EC5-Retorno km 386-0000001.xlsx
[2026-07-27 14:18:09.170] [INFO] Criando pasta sem ambiente: Engenharia\Ecovias Norte Minas\Projetos\Retorno km 386\0 - Documentos Gerais\Documentos com unidade\GRD-COM-EC5-Retorno km 386-0000001
[2026-07-27 14:18:09.421] [INFO] Pasta criada: Engenharia\Ecovias Norte Minas\Projetos\Retorno km 386\0 - Documentos Gerais\Documentos com unidade\GRD-COM-EC5-Retorno km 386-0000001 (ProjectID=427787).
[2026-07-27 14:18:09.735] [INFO] Importando Excel na pasta final: GRD-COM-EC5-Retorno km 386-0000001.xlsx
[2026-07-27 14:18:09.971] [INFO] Excel importado com sucesso: DocumentID=1; caminho=Engenharia\Ecovias Norte Minas\Projetos\Retorno km 386\0 - Documentos Gerais\Documentos com unidade\GRD-COM-EC5-Retorno km 386-0000001\GRD-COM-EC5-Retorno km 386-0000001.xlsx
[2026-07-27 14:18:09.973] [INFO] Analisando grupo 'GRD-COM-EC1-Contorno de Ibiraçu' (ANTT) com 858 documento(s).
[2026-07-27 14:18:10.190] [AVISO] Estrutura ausente para 'GRD-COM-EC1-Contorno de Ibiraçu'. Precisam ser criadas: Engenharia\Ecovias Capixaba\Projetos\Contorno de Ibiraçu\0 - Documentos Gerais\Documentos com unidade; Engenharia\Ecovias Capixaba\Projetos\Contorno de Ibiraçu\0 - Documentos Gerais\Documentos com unidade\GRD-COM-EC1-Contorno de Ibiraçu-0000001
[2026-07-27 14:18:10.191] [INFO] Grupo 'GRD-COM-EC1-Contorno de Ibiraçu': GRD prevista 'GRD-COM-EC1-Contorno de Ibiraçu-0000001'; destino 'Engenharia\Ecovias Capixaba\Projetos\Contorno de Ibiraçu\0 - Documentos Gerais\Documentos com unidade\GRD-COM-EC1-Contorno de Ibiraçu-0000001'. Nenhuma pasta receberá ambiente.
[2026-07-27 14:18:10.450] [INFO] Excel local gerado para 'GRD-COM-EC1-Contorno de Ibiraçu': C:\Users\peter\OneDrive - Grupo Ecorodovias\Área de Trabalho\Scritps_novos\SaidaSimulacao\20260727_141659\ANTT\GRD-COM-EC1-Contorno de Ibiraçu-0000001.xlsx
[2026-07-27 14:18:10.480] [INFO] Criando pasta sem ambiente: Engenharia\Ecovias Capixaba\Projetos\Contorno de Ibiraçu\0 - Documentos Gerais\Documentos com unidade
[2026-07-27 14:18:10.767] [INFO] Pasta criada: Engenharia\Ecovias Capixaba\Projetos\Contorno de Ibiraçu\0 - Documentos Gerais\Documentos com unidade (ProjectID=427788).
[2026-07-27 14:18:10.803] [INFO] Criando pasta sem ambiente: Engenharia\Ecovias Capixaba\Projetos\Contorno de Ibiraçu\0 - Documentos Gerais\Documentos com unidade\GRD-COM-EC1-Contorno de Ibiraçu-0000001
[2026-07-27 14:18:11.013] [INFO] Pasta criada: Engenharia\Ecovias Capixaba\Projetos\Contorno de Ibiraçu\0 - Documentos Gerais\Documentos com unidade\GRD-COM-EC1-Contorno de Ibiraçu-0000001 (ProjectID=427789).
[2026-07-27 14:18:11.222] [INFO] Importando Excel na pasta final: GRD-COM-EC1-Contorno de Ibiraçu-0000001.xlsx
[2026-07-27 14:18:11.453] [INFO] Excel importado com sucesso: DocumentID=1; caminho=Engenharia\Ecovias Capixaba\Projetos\Contorno de Ibiraçu\0 - Documentos Gerais\Documentos com unidade\GRD-COM-EC1-Contorno de Ibiraçu-0000001\GRD-COM-EC1-Contorno de Ibiraçu-0000001.xlsx
[2026-07-27 14:18:11.454] [INFO] Analisando grupo 'GRD-COM-ECA-Ampliações 4°Ano SH 3* e 4*' (ANTT) com 368 documento(s).
[2026-07-27 14:18:11.708] [AVISO] Estrutura ausente para 'GRD-COM-ECA-Ampliações 4°Ano SH 3* e 4*'. Precisam ser criadas: Engenharia\Ecovias Araguaia\Projetos\Ampliações 4°Ano SH 3* e 4*\0 - Documentos Gerais\Documentos com unidade; Engenharia\Ecovias Araguaia\Projetos\Ampliações 4°Ano SH 3* e 4*\0 - Documentos Gerais\Documentos com unidade\GRD-COM-ECA-Ampliações 4°Ano SH 3* e 4*-0000001
[2026-07-27 14:18:11.709] [INFO] Grupo 'GRD-COM-ECA-Ampliações 4°Ano SH 3* e 4*': GRD prevista 'GRD-COM-ECA-Ampliações 4°Ano SH 3* e 4*-0000001'; destino 'Engenharia\Ecovias Araguaia\Projetos\Ampliações 4°Ano SH 3* e 4*\0 - Documentos Gerais\Documentos com unidade\GRD-COM-ECA-Ampliações 4°Ano SH 3* e 4*-0000001'. Nenhuma pasta receberá ambiente.
[2026-07-27 14:18:11.952] [INFO] Excel local gerado para 'GRD-COM-ECA-Ampliações 4°Ano SH 3* e 4*': C:\Users\peter\OneDrive - Grupo Ecorodovias\Área de Trabalho\Scritps_novos\SaidaSimulacao\20260727_141659\ANTT\GRD-COM-ECA-Ampliações 4°Ano SH 3_ e 4_-0000001.xlsx
[2026-07-27 14:18:11.990] [INFO] Criando pasta sem ambiente: Engenharia\Ecovias Araguaia\Projetos\Ampliações 4°Ano SH 3* e 4*\0 - Documentos Gerais\Documentos com unidade
[2026-07-27 14:18:12.229] [INFO] Pasta criada: Engenharia\Ecovias Araguaia\Projetos\Ampliações 4°Ano SH 3* e 4*\0 - Documentos Gerais\Documentos com unidade (ProjectID=427790).
[2026-07-27 14:18:12.264] [INFO] Criando pasta sem ambiente: Engenharia\Ecovias Araguaia\Projetos\Ampliações 4°Ano SH 3* e 4*\0 - Documentos Gerais\Documentos com unidade\GRD-COM-ECA-Ampliações 4°Ano SH 3* e 4*-0000001
[2026-07-27 14:18:12.699] [INFO] Pasta criada: Engenharia\Ecovias Araguaia\Projetos\Ampliações 4°Ano SH 3* e 4*\0 - Documentos Gerais\Documentos com unidade\GRD-COM-ECA-Ampliações 4°Ano SH 3* e 4*-0000001 (ProjectID=427791).
[2026-07-27 14:18:12.938] [INFO] Importando Excel na pasta final: GRD-COM-ECA-Ampliações 4°Ano SH 3_ e 4_-0000001.xlsx
[2026-07-27 14:18:13.317] [INFO] Excel importado com sucesso: DocumentID=1; caminho=Engenharia\Ecovias Araguaia\Projetos\Ampliações 4°Ano SH 3* e 4*\0 - Documentos Gerais\Documentos com unidade\GRD-COM-ECA-Ampliações 4°Ano SH 3* e 4*-0000001\GRD-COM-ECA-Ampliações 4°Ano SH 3_ e 4_-0000001.xlsx
[2026-07-27 14:18:13.319] [INFO] Analisando grupo 'GRD-COM-E050-Escape km 56+100' (ANTT) com 186 documento(s).
[2026-07-27 14:18:13.497] [AVISO] Estrutura ausente para 'GRD-COM-E050-Escape km 56+100'. Precisam ser criadas: Engenharia\Ecovias Minas Goiás\Projetos\Escape km 56+100\0 - Documentos Gerais\Documentos com unidade; Engenharia\Ecovias Minas Goiás\Projetos\Escape km 56+100\0 - Documentos Gerais\Documentos com unidade\GRD-COM-E050-Escape km 56+100-0000001
[2026-07-27 14:18:13.499] [INFO] Grupo 'GRD-COM-E050-Escape km 56+100': GRD prevista 'GRD-COM-E050-Escape km 56+100-0000001'; destino 'Engenharia\Ecovias Minas Goiás\Projetos\Escape km 56+100\0 - Documentos Gerais\Documentos com unidade\GRD-COM-E050-Escape km 56+100-0000001'. Nenhuma pasta receberá ambiente.
[2026-07-27 14:18:13.703] [INFO] Excel local gerado para 'GRD-COM-E050-Escape km 56+100': C:\Users\peter\OneDrive - Grupo Ecorodovias\Área de Trabalho\Scritps_novos\SaidaSimulacao\20260727_141659\ANTT\GRD-COM-E050-Escape km 56+100-0000001.xlsx
[2026-07-27 14:18:13.728] [INFO] Criando pasta sem ambiente: Engenharia\Ecovias Minas Goiás\Projetos\Escape km 56+100\0 - Documentos Gerais\Documentos com unidade
[2026-07-27 14:18:13.906] [INFO] Pasta criada: Engenharia\Ecovias Minas Goiás\Projetos\Escape km 56+100\0 - Documentos Gerais\Documentos com unidade (ProjectID=427792).
[2026-07-27 14:18:14.150] [INFO] Criando pasta sem ambiente: Engenharia\Ecovias Minas Goiás\Projetos\Escape km 56+100\0 - Documentos Gerais\Documentos com unidade\GRD-COM-E050-Escape km 56+100-0000001
[2026-07-27 14:18:14.392] [INFO] Pasta criada: Engenharia\Ecovias Minas Goiás\Projetos\Escape km 56+100\0 - Documentos Gerais\Documentos com unidade\GRD-COM-E050-Escape km 56+100-0000001 (ProjectID=427793).
[2026-07-27 14:18:14.584] [INFO] Importando Excel na pasta final: GRD-COM-E050-Escape km 56+100-0000001.xlsx
[2026-07-27 14:18:15.117] [INFO] Excel importado com sucesso: DocumentID=1; caminho=Engenharia\Ecovias Minas Goiás\Projetos\Escape km 56+100\0 - Documentos Gerais\Documentos com unidade\GRD-COM-E050-Escape km 56+100-0000001\GRD-COM-E050-Escape km 56+100-0000001.xlsx
[2026-07-27 14:18:15.118] [INFO] Analisando grupo 'GRD-COM-EC1-Contorno de Fundão' (ANTT) com 1738 documento(s).
[2026-07-27 14:18:15.298] [AVISO] Estrutura ausente para 'GRD-COM-EC1-Contorno de Fundão'. Precisam ser criadas: Engenharia\Ecovias Capixaba\Projetos\Contorno de Fundão\0 - Documentos Gerais\Documentos com unidade; Engenharia\Ecovias Capixaba\Projetos\Contorno de Fundão\0 - Documentos Gerais\Documentos com unidade\GRD-COM-EC1-Contorno de Fundão-0000001
[2026-07-27 14:18:15.299] [INFO] Grupo 'GRD-COM-EC1-Contorno de Fundão': GRD prevista 'GRD-COM-EC1-Contorno de Fundão-0000001'; destino 'Engenharia\Ecovias Capixaba\Projetos\Contorno de Fundão\0 - Documentos Gerais\Documentos com unidade\GRD-COM-EC1-Contorno de Fundão-0000001'. Nenhuma pasta receberá ambiente.
[2026-07-27 14:18:15.590] [INFO] Excel local gerado para 'GRD-COM-EC1-Contorno de Fundão': C:\Users\peter\OneDrive - Grupo Ecorodovias\Área de Trabalho\Scritps_novos\SaidaSimulacao\20260727_141659\ANTT\GRD-COM-EC1-Contorno de Fundão-0000001.xlsx
[2026-07-27 14:18:15.625] [INFO] Criando pasta sem ambiente: Engenharia\Ecovias Capixaba\Projetos\Contorno de Fundão\0 - Documentos Gerais\Documentos com unidade
[2026-07-27 14:18:15.859] [INFO] Pasta criada: Engenharia\Ecovias Capixaba\Projetos\Contorno de Fundão\0 - Documentos Gerais\Documentos com unidade (ProjectID=427794).
[2026-07-27 14:18:15.897] [INFO] Criando pasta sem ambiente: Engenharia\Ecovias Capixaba\Projetos\Contorno de Fundão\0 - Documentos Gerais\Documentos com unidade\GRD-COM-EC1-Contorno de Fundão-0000001
[2026-07-27 14:18:16.116] [INFO] Pasta criada: Engenharia\Ecovias Capixaba\Projetos\Contorno de Fundão\0 - Documentos Gerais\Documentos com unidade\GRD-COM-EC1-Contorno de Fundão-0000001 (ProjectID=427795).
[2026-07-27 14:18:16.327] [INFO] Importando Excel na pasta final: GRD-COM-EC1-Contorno de Fundão-0000001.xlsx
[2026-07-27 14:18:16.663] [INFO] Excel importado com sucesso: DocumentID=1; caminho=Engenharia\Ecovias Capixaba\Projetos\Contorno de Fundão\0 - Documentos Gerais\Documentos com unidade\GRD-COM-EC1-Contorno de Fundão-0000001\GRD-COM-EC1-Contorno de Fundão-0000001.xlsx
[2026-07-27 14:18:16.664] [INFO] Analisando grupo 'GRD-COM-E050-Escape km 54+300' (ANTT) com 16 documento(s).
[2026-07-27 14:18:16.818] [AVISO] Estrutura ausente para 'GRD-COM-E050-Escape km 54+300'. Precisam ser criadas: Engenharia\Ecovias Minas Goiás\Projetos\Escape km 54+300\0 - Documentos Gerais\Documentos com unidade; Engenharia\Ecovias Minas Goiás\Projetos\Escape km 54+300\0 - Documentos Gerais\Documentos com unidade\GRD-COM-E050-Escape km 54+300-0000001
[2026-07-27 14:18:16.819] [INFO] Grupo 'GRD-COM-E050-Escape km 54+300': GRD prevista 'GRD-COM-E050-Escape km 54+300-0000001'; destino 'Engenharia\Ecovias Minas Goiás\Projetos\Escape km 54+300\0 - Documentos Gerais\Documentos com unidade\GRD-COM-E050-Escape km 54+300-0000001'. Nenhuma pasta receberá ambiente.
[2026-07-27 14:18:16.993] [INFO] Excel local gerado para 'GRD-COM-E050-Escape km 54+300': C:\Users\peter\OneDrive - Grupo Ecorodovias\Área de Trabalho\Scritps_novos\SaidaSimulacao\20260727_141659\ANTT\GRD-COM-E050-Escape km 54+300-0000001.xlsx
[2026-07-27 14:18:17.021] [INFO] Criando pasta sem ambiente: Engenharia\Ecovias Minas Goiás\Projetos\Escape km 54+300\0 - Documentos Gerais\Documentos com unidade
[2026-07-27 14:18:17.249] [INFO] Pasta criada: Engenharia\Ecovias Minas Goiás\Projetos\Escape km 54+300\0 - Documentos Gerais\Documentos com unidade (ProjectID=427796).
[2026-07-27 14:18:17.401] [INFO] Criando pasta sem ambiente: Engenharia\Ecovias Minas Goiás\Projetos\Escape km 54+300\0 - Documentos Gerais\Documentos com unidade\GRD-COM-E050-Escape km 54+300-0000001
[2026-07-27 14:18:17.644] [INFO] Pasta criada: Engenharia\Ecovias Minas Goiás\Projetos\Escape km 54+300\0 - Documentos Gerais\Documentos com unidade\GRD-COM-E050-Escape km 54+300-0000001 (ProjectID=427797).
[2026-07-27 14:18:17.837] [INFO] Importando Excel na pasta final: GRD-COM-E050-Escape km 54+300-0000001.xlsx
[2026-07-27 14:18:18.077] [INFO] Excel importado com sucesso: DocumentID=1; caminho=Engenharia\Ecovias Minas Goiás\Projetos\Escape km 54+300\0 - Documentos Gerais\Documentos com unidade\GRD-COM-E050-Escape km 54+300-0000001\GRD-COM-E050-Escape km 54+300-0000001.xlsx
[2026-07-27 14:18:18.078] [INFO] Analisando grupo 'GRD-COM-EC1-PPD Norte' (ANTT) com 612 documento(s).
[2026-07-27 14:18:18.263] [AVISO] Estrutura ausente para 'GRD-COM-EC1-PPD Norte'. Precisam ser criadas: Engenharia\Ecovias Capixaba\Projetos\PPD Norte\0 - Documentos Gerais\Documentos com unidade; Engenharia\Ecovias Capixaba\Projetos\PPD Norte\0 - Documentos Gerais\Documentos com unidade\GRD-COM-EC1-PPD Norte-0000001
[2026-07-27 14:18:18.264] [INFO] Grupo 'GRD-COM-EC1-PPD Norte': GRD prevista 'GRD-COM-EC1-PPD Norte-0000001'; destino 'Engenharia\Ecovias Capixaba\Projetos\PPD Norte\0 - Documentos Gerais\Documentos com unidade\GRD-COM-EC1-PPD Norte-0000001'. Nenhuma pasta receberá ambiente.
[2026-07-27 14:18:18.501] [INFO] Excel local gerado para 'GRD-COM-EC1-PPD Norte': C:\Users\peter\OneDrive - Grupo Ecorodovias\Área de Trabalho\Scritps_novos\SaidaSimulacao\20260727_141659\ANTT\GRD-COM-EC1-PPD Norte-0000001.xlsx
[2026-07-27 14:18:18.548] [INFO] Criando pasta sem ambiente: Engenharia\Ecovias Capixaba\Projetos\PPD Norte\0 - Documentos Gerais\Documentos com unidade
[2026-07-27 14:18:18.860] [INFO] Pasta criada: Engenharia\Ecovias Capixaba\Projetos\PPD Norte\0 - Documentos Gerais\Documentos com unidade (ProjectID=427798).
[2026-07-27 14:18:18.900] [INFO] Criando pasta sem ambiente: Engenharia\Ecovias Capixaba\Projetos\PPD Norte\0 - Documentos Gerais\Documentos com unidade\GRD-COM-EC1-PPD Norte-0000001
[2026-07-27 14:18:19.145] [INFO] Pasta criada: Engenharia\Ecovias Capixaba\Projetos\PPD Norte\0 - Documentos Gerais\Documentos com unidade\GRD-COM-EC1-PPD Norte-0000001 (ProjectID=427799).
[2026-07-27 14:18:19.360] [INFO] Importando Excel na pasta final: GRD-COM-EC1-PPD Norte-0000001.xlsx
[2026-07-27 14:18:19.621] [INFO] Excel importado com sucesso: DocumentID=1; caminho=Engenharia\Ecovias Capixaba\Projetos\PPD Norte\0 - Documentos Gerais\Documentos com unidade\GRD-COM-EC1-PPD Norte-0000001\GRD-COM-EC1-PPD Norte-0000001.xlsx
[2026-07-27 14:18:19.623] [INFO] Analisando grupo 'GRD-COM-EC1-PPD Sul' (ANTT) com 595 documento(s).
[2026-07-27 14:18:19.817] [AVISO] Estrutura ausente para 'GRD-COM-EC1-PPD Sul'. Precisam ser criadas: Engenharia\Ecovias Capixaba\Projetos\PPD Sul\0 - Documentos Gerais\Documentos com unidade; Engenharia\Ecovias Capixaba\Projetos\PPD Sul\0 - Documentos Gerais\Documentos com unidade\GRD-COM-EC1-PPD Sul-0000001
[2026-07-27 14:18:19.818] [INFO] Grupo 'GRD-COM-EC1-PPD Sul': GRD prevista 'GRD-COM-EC1-PPD Sul-0000001'; destino 'Engenharia\Ecovias Capixaba\Projetos\PPD Sul\0 - Documentos Gerais\Documentos com unidade\GRD-COM-EC1-PPD Sul-0000001'. Nenhuma pasta receberá ambiente.
[2026-07-27 14:18:20.079] [INFO] Excel local gerado para 'GRD-COM-EC1-PPD Sul': C:\Users\peter\OneDrive - Grupo Ecorodovias\Área de Trabalho\Scritps_novos\SaidaSimulacao\20260727_141659\ANTT\GRD-COM-EC1-PPD Sul-0000001.xlsx
[2026-07-27 14:18:20.106] [INFO] Criando pasta sem ambiente: Engenharia\Ecovias Capixaba\Projetos\PPD Sul\0 - Documentos Gerais\Documentos com unidade
[2026-07-27 14:18:20.316] [INFO] Pasta criada: Engenharia\Ecovias Capixaba\Projetos\PPD Sul\0 - Documentos Gerais\Documentos com unidade (ProjectID=427800).
[2026-07-27 14:18:20.354] [INFO] Criando pasta sem ambiente: Engenharia\Ecovias Capixaba\Projetos\PPD Sul\0 - Documentos Gerais\Documentos com unidade\GRD-COM-EC1-PPD Sul-0000001
[2026-07-27 14:18:20.639] [INFO] Pasta criada: Engenharia\Ecovias Capixaba\Projetos\PPD Sul\0 - Documentos Gerais\Documentos com unidade\GRD-COM-EC1-PPD Sul-0000001 (ProjectID=427801).
[2026-07-27 14:18:20.870] [INFO] Importando Excel na pasta final: GRD-COM-EC1-PPD Sul-0000001.xlsx
[2026-07-27 14:18:21.097] [INFO] Excel importado com sucesso: DocumentID=1; caminho=Engenharia\Ecovias Capixaba\Projetos\PPD Sul\0 - Documentos Gerais\Documentos com unidade\GRD-COM-EC1-PPD Sul-0000001\GRD-COM-EC1-PPD Sul-0000001.xlsx
[2026-07-27 14:18:21.098] [INFO] Analisando grupo 'GRD-COM-ECA-Passarela Uruaçu km 197' (ANTT) com 22 documento(s).
[2026-07-27 14:18:21.257] [AVISO] Estrutura ausente para 'GRD-COM-ECA-Passarela Uruaçu km 197'. Precisam ser criadas: Engenharia\Ecovias Araguaia\Projetos\Passarela Uruaçu km 197\0 - Documentos Gerais\Documentos com unidade; Engenharia\Ecovias Araguaia\Projetos\Passarela Uruaçu km 197\0 - Documentos Gerais\Documentos com unidade\GRD-COM-ECA-Passarela Uruaçu km 197-0000001
[2026-07-27 14:18:21.258] [INFO] Grupo 'GRD-COM-ECA-Passarela Uruaçu km 197': GRD prevista 'GRD-COM-ECA-Passarela Uruaçu km 197-0000001'; destino 'Engenharia\Ecovias Araguaia\Projetos\Passarela Uruaçu km 197\0 - Documentos Gerais\Documentos com unidade\GRD-COM-ECA-Passarela Uruaçu km 197-0000001'. Nenhuma pasta receberá ambiente.
[2026-07-27 14:18:21.469] [INFO] Excel local gerado para 'GRD-COM-ECA-Passarela Uruaçu km 197': C:\Users\peter\OneDrive - Grupo Ecorodovias\Área de Trabalho\Scritps_novos\SaidaSimulacao\20260727_141659\ANTT\GRD-COM-ECA-Passarela Uruaçu km 197-0000001.xlsx
[2026-07-27 14:18:21.528] [INFO] Criando pasta sem ambiente: Engenharia\Ecovias Araguaia\Projetos\Passarela Uruaçu km 197\0 - Documentos Gerais\Documentos com unidade
[2026-07-27 14:18:21.752] [INFO] Pasta criada: Engenharia\Ecovias Araguaia\Projetos\Passarela Uruaçu km 197\0 - Documentos Gerais\Documentos com unidade (ProjectID=427802).
[2026-07-27 14:18:21.795] [INFO] Criando pasta sem ambiente: Engenharia\Ecovias Araguaia\Projetos\Passarela Uruaçu km 197\0 - Documentos Gerais\Documentos com unidade\GRD-COM-ECA-Passarela Uruaçu km 197-0000001
[2026-07-27 14:18:22.058] [INFO] Pasta criada: Engenharia\Ecovias Araguaia\Projetos\Passarela Uruaçu km 197\0 - Documentos Gerais\Documentos com unidade\GRD-COM-ECA-Passarela Uruaçu km 197-0000001 (ProjectID=427803).
[2026-07-27 14:18:22.314] [INFO] Importando Excel na pasta final: GRD-COM-ECA-Passarela Uruaçu km 197-0000001.xlsx
[2026-07-27 14:18:22.606] [INFO] Excel importado com sucesso: DocumentID=1; caminho=Engenharia\Ecovias Araguaia\Projetos\Passarela Uruaçu km 197\0 - Documentos Gerais\Documentos com unidade\GRD-COM-ECA-Passarela Uruaçu km 197-0000001\GRD-COM-ECA-Passarela Uruaçu km 197-0000001.xlsx
[2026-07-27 14:18:22.608] [INFO] Analisando grupo 'GRD-COM-ECA-Passarela Uruaçu km 198' (ANTT) com 18 documento(s).
[2026-07-27 14:18:22.793] [AVISO] Estrutura ausente para 'GRD-COM-ECA-Passarela Uruaçu km 198'. Precisam ser criadas: Engenharia\Ecovias Araguaia\Projetos\Passarela Uruaçu km 198\0 - Documentos Gerais\Documentos com unidade; Engenharia\Ecovias Araguaia\Projetos\Passarela Uruaçu km 198\0 - Documentos Gerais\Documentos com unidade\GRD-COM-ECA-Passarela Uruaçu km 198-0000001
[2026-07-27 14:18:22.794] [INFO] Grupo 'GRD-COM-ECA-Passarela Uruaçu km 198': GRD prevista 'GRD-COM-ECA-Passarela Uruaçu km 198-0000001'; destino 'Engenharia\Ecovias Araguaia\Projetos\Passarela Uruaçu km 198\0 - Documentos Gerais\Documentos com unidade\GRD-COM-ECA-Passarela Uruaçu km 198-0000001'. Nenhuma pasta receberá ambiente.
[2026-07-27 14:18:22.976] [INFO] Excel local gerado para 'GRD-COM-ECA-Passarela Uruaçu km 198': C:\Users\peter\OneDrive - Grupo Ecorodovias\Área de Trabalho\Scritps_novos\SaidaSimulacao\20260727_141659\ANTT\GRD-COM-ECA-Passarela Uruaçu km 198-0000001.xlsx
[2026-07-27 14:18:23.010] [INFO] Criando pasta sem ambiente: Engenharia\Ecovias Araguaia\Projetos\Passarela Uruaçu km 198\0 - Documentos Gerais\Documentos com unidade
[2026-07-27 14:18:23.256] [INFO] Pasta criada: Engenharia\Ecovias Araguaia\Projetos\Passarela Uruaçu km 198\0 - Documentos Gerais\Documentos com unidade (ProjectID=427804).
[2026-07-27 14:18:23.307] [INFO] Criando pasta sem ambiente: Engenharia\Ecovias Araguaia\Projetos\Passarela Uruaçu km 198\0 - Documentos Gerais\Documentos com unidade\GRD-COM-ECA-Passarela Uruaçu km 198-0000001
[2026-07-27 14:18:23.640] [INFO] Pasta criada: Engenharia\Ecovias Araguaia\Projetos\Passarela Uruaçu km 198\0 - Documentos Gerais\Documentos com unidade\GRD-COM-ECA-Passarela Uruaçu km 198-0000001 (ProjectID=427805).
[2026-07-27 14:18:23.926] [INFO] Importando Excel na pasta final: GRD-COM-ECA-Passarela Uruaçu km 198-0000001.xlsx
[2026-07-27 14:18:24.231] [INFO] Excel importado com sucesso: DocumentID=1; caminho=Engenharia\Ecovias Araguaia\Projetos\Passarela Uruaçu km 198\0 - Documentos Gerais\Documentos com unidade\GRD-COM-ECA-Passarela Uruaçu km 198-0000001\GRD-COM-ECA-Passarela Uruaçu km 198-0000001.xlsx
[2026-07-27 14:18:24.232] [INFO] Analisando grupo 'GRD-COM-ECA-Passarela Alvorada Km 759' (ANTT) com 60 documento(s).
[2026-07-27 14:18:24.409] [AVISO] Estrutura ausente para 'GRD-COM-ECA-Passarela Alvorada Km 759'. Precisam ser criadas: Engenharia\Ecovias Araguaia\Projetos\Passarela Alvorada Km 759\0 - Documentos Gerais\Documentos com unidade; Engenharia\Ecovias Araguaia\Projetos\Passarela Alvorada Km 759\0 - Documentos Gerais\Documentos com unidade\GRD-COM-ECA-Passarela Alvorada Km 759-0000001
[2026-07-27 14:18:24.411] [INFO] Grupo 'GRD-COM-ECA-Passarela Alvorada Km 759': GRD prevista 'GRD-COM-ECA-Passarela Alvorada Km 759-0000001'; destino 'Engenharia\Ecovias Araguaia\Projetos\Passarela Alvorada Km 759\0 - Documentos Gerais\Documentos com unidade\GRD-COM-ECA-Passarela Alvorada Km 759-0000001'. Nenhuma pasta receberá ambiente.
[2026-07-27 14:18:24.593] [INFO] Excel local gerado para 'GRD-COM-ECA-Passarela Alvorada Km 759': C:\Users\peter\OneDrive - Grupo Ecorodovias\Área de Trabalho\Scritps_novos\SaidaSimulacao\20260727_141659\ANTT\GRD-COM-ECA-Passarela Alvorada Km 759-0000001.xlsx
[2026-07-27 14:18:24.639] [INFO] Criando pasta sem ambiente: Engenharia\Ecovias Araguaia\Projetos\Passarela Alvorada Km 759\0 - Documentos Gerais\Documentos com unidade
[2026-07-27 14:18:24.919] [INFO] Pasta criada: Engenharia\Ecovias Araguaia\Projetos\Passarela Alvorada Km 759\0 - Documentos Gerais\Documentos com unidade (ProjectID=427806).
[2026-07-27 14:18:24.955] [INFO] Criando pasta sem ambiente: Engenharia\Ecovias Araguaia\Projetos\Passarela Alvorada Km 759\0 - Documentos Gerais\Documentos com unidade\GRD-COM-ECA-Passarela Alvorada Km 759-0000001
[2026-07-27 14:18:25.196] [INFO] Pasta criada: Engenharia\Ecovias Araguaia\Projetos\Passarela Alvorada Km 759\0 - Documentos Gerais\Documentos com unidade\GRD-COM-ECA-Passarela Alvorada Km 759-0000001 (ProjectID=427807).
[2026-07-27 14:18:25.391] [INFO] Importando Excel na pasta final: GRD-COM-ECA-Passarela Alvorada Km 759-0000001.xlsx
[2026-07-27 14:18:25.624] [INFO] Excel importado com sucesso: DocumentID=1; caminho=Engenharia\Ecovias Araguaia\Projetos\Passarela Alvorada Km 759\0 - Documentos Gerais\Documentos com unidade\GRD-COM-ECA-Passarela Alvorada Km 759-0000001\GRD-COM-ECA-Passarela Alvorada Km 759-0000001.xlsx
[2026-07-27 14:18:25.626] [INFO] Analisando grupo 'GRD-COM-ECA-Ampliações 8°Ano SH 29 e 30' (ANTT) com 2 documento(s).
[2026-07-27 14:18:26.338] [AVISO] Estrutura ausente para 'GRD-COM-ECA-Ampliações 8°Ano SH 29 e 30'. Precisam ser criadas: Engenharia\Ecovias Araguaia\Projetos\Ampliações 8°Ano SH 29 e 30\0 - Documentos Gerais\Documentos com unidade; Engenharia\Ecovias Araguaia\Projetos\Ampliações 8°Ano SH 29 e 30\0 - Documentos Gerais\Documentos com unidade\GRD-COM-ECA-Ampliações 8°Ano SH 29 e 30-0000001
[2026-07-27 14:18:26.339] [INFO] Grupo 'GRD-COM-ECA-Ampliações 8°Ano SH 29 e 30': GRD prevista 'GRD-COM-ECA-Ampliações 8°Ano SH 29 e 30-0000001'; destino 'Engenharia\Ecovias Araguaia\Projetos\Ampliações 8°Ano SH 29 e 30\0 - Documentos Gerais\Documentos com unidade\GRD-COM-ECA-Ampliações 8°Ano SH 29 e 30-0000001'. Nenhuma pasta receberá ambiente.
[2026-07-27 14:18:26.542] [INFO] Excel local gerado para 'GRD-COM-ECA-Ampliações 8°Ano SH 29 e 30': C:\Users\peter\OneDrive - Grupo Ecorodovias\Área de Trabalho\Scritps_novos\SaidaSimulacao\20260727_141659\ANTT\GRD-COM-ECA-Ampliações 8°Ano SH 29 e 30-0000001.xlsx
[2026-07-27 14:18:26.585] [INFO] Criando pasta sem ambiente: Engenharia\Ecovias Araguaia\Projetos\Ampliações 8°Ano SH 29 e 30\0 - Documentos Gerais\Documentos com unidade
[2026-07-27 14:18:26.972] [INFO] Pasta criada: Engenharia\Ecovias Araguaia\Projetos\Ampliações 8°Ano SH 29 e 30\0 - Documentos Gerais\Documentos com unidade (ProjectID=427808).
[2026-07-27 14:18:27.022] [INFO] Criando pasta sem ambiente: Engenharia\Ecovias Araguaia\Projetos\Ampliações 8°Ano SH 29 e 30\0 - Documentos Gerais\Documentos com unidade\GRD-COM-ECA-Ampliações 8°Ano SH 29 e 30-0000001
[2026-07-27 14:18:27.380] [INFO] Pasta criada: Engenharia\Ecovias Araguaia\Projetos\Ampliações 8°Ano SH 29 e 30\0 - Documentos Gerais\Documentos com unidade\GRD-COM-ECA-Ampliações 8°Ano SH 29 e 30-0000001 (ProjectID=427809).
[2026-07-27 14:18:27.650] [INFO] Importando Excel na pasta final: GRD-COM-ECA-Ampliações 8°Ano SH 29 e 30-0000001.xlsx
[2026-07-27 14:18:27.896] [INFO] Excel importado com sucesso: DocumentID=1; caminho=Engenharia\Ecovias Araguaia\Projetos\Ampliações 8°Ano SH 29 e 30\0 - Documentos Gerais\Documentos com unidade\GRD-COM-ECA-Ampliações 8°Ano SH 29 e 30-0000001\GRD-COM-ECA-Ampliações 8°Ano SH 29 e 30-0000001.xlsx
[2026-07-27 14:18:27.898] [INFO] Analisando grupo 'GRD-COM-E050-Retorno em Nível' (ANTT) com 170 documento(s).
[2026-07-27 14:18:28.091] [AVISO] Estrutura ausente para 'GRD-COM-E050-Retorno em Nível'. Precisam ser criadas: Engenharia\Ecovias Minas Goiás\Projetos\Retorno em Nível\0 - Documentos Gerais\Documentos com unidade; Engenharia\Ecovias Minas Goiás\Projetos\Retorno em Nível\0 - Documentos Gerais\Documentos com unidade\GRD-COM-E050-Retorno em Nível-0000001
[2026-07-27 14:18:28.091] [INFO] Grupo 'GRD-COM-E050-Retorno em Nível': GRD prevista 'GRD-COM-E050-Retorno em Nível-0000001'; destino 'Engenharia\Ecovias Minas Goiás\Projetos\Retorno em Nível\0 - Documentos Gerais\Documentos com unidade\GRD-COM-E050-Retorno em Nível-0000001'. Nenhuma pasta receberá ambiente.
[2026-07-27 14:18:28.329] [INFO] Excel local gerado para 'GRD-COM-E050-Retorno em Nível': C:\Users\peter\OneDrive - Grupo Ecorodovias\Área de Trabalho\Scritps_novos\SaidaSimulacao\20260727_141659\ANTT\GRD-COM-E050-Retorno em Nível-0000001.xlsx
[2026-07-27 14:18:28.386] [INFO] Criando pasta sem ambiente: Engenharia\Ecovias Minas Goiás\Projetos\Retorno em Nível\0 - Documentos Gerais\Documentos com unidade
[2026-07-27 14:18:28.610] [INFO] Pasta criada: Engenharia\Ecovias Minas Goiás\Projetos\Retorno em Nível\0 - Documentos Gerais\Documentos com unidade (ProjectID=427810).
[2026-07-27 14:18:28.640] [INFO] Criando pasta sem ambiente: Engenharia\Ecovias Minas Goiás\Projetos\Retorno em Nível\0 - Documentos Gerais\Documentos com unidade\GRD-COM-E050-Retorno em Nível-0000001
[2026-07-27 14:18:28.873] [INFO] Pasta criada: Engenharia\Ecovias Minas Goiás\Projetos\Retorno em Nível\0 - Documentos Gerais\Documentos com unidade\GRD-COM-E050-Retorno em Nível-0000001 (ProjectID=427811).
[2026-07-27 14:18:29.106] [INFO] Importando Excel na pasta final: GRD-COM-E050-Retorno em Nível-0000001.xlsx
[2026-07-27 14:18:29.354] [INFO] Excel importado com sucesso: DocumentID=1; caminho=Engenharia\Ecovias Minas Goiás\Projetos\Retorno em Nível\0 - Documentos Gerais\Documentos com unidade\GRD-COM-E050-Retorno em Nível-0000001\GRD-COM-E050-Retorno em Nível-0000001.xlsx
[2026-07-27 14:18:29.354] [INFO] Analisando grupo 'GRD-COM-ECC-Acesso 5° Ano 167+140' (ANTT) com 46 documento(s).
[2026-07-27 14:18:29.608] [AVISO] Estrutura ausente para 'GRD-COM-ECC-Acesso 5° Ano 167+140'. Precisam ser criadas: Engenharia\Ecovias Cerrado\Projetos\Acesso 5° Ano 167+140\0 - Documentos Gerais\Documentos com unidade; Engenharia\Ecovias Cerrado\Projetos\Acesso 5° Ano 167+140\0 - Documentos Gerais\Documentos com unidade\GRD-COM-ECC-Acesso 5° Ano 167+140-0000001
[2026-07-27 14:18:29.609] [INFO] Grupo 'GRD-COM-ECC-Acesso 5° Ano 167+140': GRD prevista 'GRD-COM-ECC-Acesso 5° Ano 167+140-0000001'; destino 'Engenharia\Ecovias Cerrado\Projetos\Acesso 5° Ano 167+140\0 - Documentos Gerais\Documentos com unidade\GRD-COM-ECC-Acesso 5° Ano 167+140-0000001'. Nenhuma pasta receberá ambiente.
[2026-07-27 14:18:29.828] [INFO] Excel local gerado para 'GRD-COM-ECC-Acesso 5° Ano 167+140': C:\Users\peter\OneDrive - Grupo Ecorodovias\Área de Trabalho\Scritps_novos\SaidaSimulacao\20260727_141659\ANTT\GRD-COM-ECC-Acesso 5° Ano 167+140-0000001.xlsx
[2026-07-27 14:18:29.877] [INFO] Criando pasta sem ambiente: Engenharia\Ecovias Cerrado\Projetos\Acesso 5° Ano 167+140\0 - Documentos Gerais\Documentos com unidade
[2026-07-27 14:18:30.186] [INFO] Pasta criada: Engenharia\Ecovias Cerrado\Projetos\Acesso 5° Ano 167+140\0 - Documentos Gerais\Documentos com unidade (ProjectID=427812).
[2026-07-27 14:18:30.228] [INFO] Criando pasta sem ambiente: Engenharia\Ecovias Cerrado\Projetos\Acesso 5° Ano 167+140\0 - Documentos Gerais\Documentos com unidade\GRD-COM-ECC-Acesso 5° Ano 167+140-0000001
[2026-07-27 14:18:30.446] [INFO] Pasta criada: Engenharia\Ecovias Cerrado\Projetos\Acesso 5° Ano 167+140\0 - Documentos Gerais\Documentos com unidade\GRD-COM-ECC-Acesso 5° Ano 167+140-0000001 (ProjectID=427813).
[2026-07-27 14:18:30.663] [INFO] Importando Excel na pasta final: GRD-COM-ECC-Acesso 5° Ano 167+140-0000001.xlsx
[2026-07-27 14:18:30.899] [INFO] Excel importado com sucesso: DocumentID=1; caminho=Engenharia\Ecovias Cerrado\Projetos\Acesso 5° Ano 167+140\0 - Documentos Gerais\Documentos com unidade\GRD-COM-ECC-Acesso 5° Ano 167+140-0000001\GRD-COM-ECC-Acesso 5° Ano 167+140-0000001.xlsx
[2026-07-27 14:18:30.901] [INFO] Analisando grupo 'GRD-COM-ECC-Acesso 5° Ano 626+050' (ANTT) com 49 documento(s).
[2026-07-27 14:18:31.072] [AVISO] Estrutura ausente para 'GRD-COM-ECC-Acesso 5° Ano 626+050'. Precisam ser criadas: Engenharia\Ecovias Cerrado\Projetos\Acesso 5° Ano 626+050\0 - Documentos Gerais\Documentos com unidade; Engenharia\Ecovias Cerrado\Projetos\Acesso 5° Ano 626+050\0 - Documentos Gerais\Documentos com unidade\GRD-COM-ECC-Acesso 5° Ano 626+050-0000001
[2026-07-27 14:18:31.073] [INFO] Grupo 'GRD-COM-ECC-Acesso 5° Ano 626+050': GRD prevista 'GRD-COM-ECC-Acesso 5° Ano 626+050-0000001'; destino 'Engenharia\Ecovias Cerrado\Projetos\Acesso 5° Ano 626+050\0 - Documentos Gerais\Documentos com unidade\GRD-COM-ECC-Acesso 5° Ano 626+050-0000001'. Nenhuma pasta receberá ambiente.
[2026-07-27 14:18:31.269] [INFO] Excel local gerado para 'GRD-COM-ECC-Acesso 5° Ano 626+050': C:\Users\peter\OneDrive - Grupo Ecorodovias\Área de Trabalho\Scritps_novos\SaidaSimulacao\20260727_141659\ANTT\GRD-COM-ECC-Acesso 5° Ano 626+050-0000001.xlsx
[2026-07-27 14:18:31.301] [INFO] Criando pasta sem ambiente: Engenharia\Ecovias Cerrado\Projetos\Acesso 5° Ano 626+050\0 - Documentos Gerais\Documentos com unidade
[2026-07-27 14:18:32.455] [INFO] Pasta criada: Engenharia\Ecovias Cerrado\Projetos\Acesso 5° Ano 626+050\0 - Documentos Gerais\Documentos com unidade (ProjectID=427814).
[2026-07-27 14:18:32.492] [INFO] Criando pasta sem ambiente: Engenharia\Ecovias Cerrado\Projetos\Acesso 5° Ano 626+050\0 - Documentos Gerais\Documentos com unidade\GRD-COM-ECC-Acesso 5° Ano 626+050-0000001
[2026-07-27 14:18:32.738] [INFO] Pasta criada: Engenharia\Ecovias Cerrado\Projetos\Acesso 5° Ano 626+050\0 - Documentos Gerais\Documentos com unidade\GRD-COM-ECC-Acesso 5° Ano 626+050-0000001 (ProjectID=427815).
[2026-07-27 14:18:32.951] [INFO] Importando Excel na pasta final: GRD-COM-ECC-Acesso 5° Ano 626+050-0000001.xlsx
[2026-07-27 14:18:33.217] [INFO] Excel importado com sucesso: DocumentID=1; caminho=Engenharia\Ecovias Cerrado\Projetos\Acesso 5° Ano 626+050\0 - Documentos Gerais\Documentos com unidade\GRD-COM-ECC-Acesso 5° Ano 626+050-0000001\GRD-COM-ECC-Acesso 5° Ano 626+050-0000001.xlsx
[2026-07-27 14:18:33.218] [INFO] Analisando grupo 'GRD-COM-ECC-Acesso 5° Ano 630+312' (ANTT) com 45 documento(s).
[2026-07-27 14:18:33.367] [AVISO] Estrutura ausente para 'GRD-COM-ECC-Acesso 5° Ano 630+312'. Precisam ser criadas: Engenharia\Ecovias Cerrado\Projetos\Acesso 5° Ano 630+312\0 - Documentos Gerais\Documentos com unidade; Engenharia\Ecovias Cerrado\Projetos\Acesso 5° Ano 630+312\0 - Documentos Gerais\Documentos com unidade\GRD-COM-ECC-Acesso 5° Ano 630+312-0000001
[2026-07-27 14:18:33.368] [INFO] Grupo 'GRD-COM-ECC-Acesso 5° Ano 630+312': GRD prevista 'GRD-COM-ECC-Acesso 5° Ano 630+312-0000001'; destino 'Engenharia\Ecovias Cerrado\Projetos\Acesso 5° Ano 630+312\0 - Documentos Gerais\Documentos com unidade\GRD-COM-ECC-Acesso 5° Ano 630+312-0000001'. Nenhuma pasta receberá ambiente.
[2026-07-27 14:18:33.635] [INFO] Excel local gerado para 'GRD-COM-ECC-Acesso 5° Ano 630+312': C:\Users\peter\OneDrive - Grupo Ecorodovias\Área de Trabalho\Scritps_novos\SaidaSimulacao\20260727_141659\ANTT\GRD-COM-ECC-Acesso 5° Ano 630+312-0000001.xlsx
[2026-07-27 14:18:33.666] [INFO] Criando pasta sem ambiente: Engenharia\Ecovias Cerrado\Projetos\Acesso 5° Ano 630+312\0 - Documentos Gerais\Documentos com unidade
[2026-07-27 14:18:33.927] [INFO] Pasta criada: Engenharia\Ecovias Cerrado\Projetos\Acesso 5° Ano 630+312\0 - Documentos Gerais\Documentos com unidade (ProjectID=427816).
[2026-07-27 14:18:33.965] [INFO] Criando pasta sem ambiente: Engenharia\Ecovias Cerrado\Projetos\Acesso 5° Ano 630+312\0 - Documentos Gerais\Documentos com unidade\GRD-COM-ECC-Acesso 5° Ano 630+312-0000001
[2026-07-27 14:18:34.219] [INFO] Pasta criada: Engenharia\Ecovias Cerrado\Projetos\Acesso 5° Ano 630+312\0 - Documentos Gerais\Documentos com unidade\GRD-COM-ECC-Acesso 5° Ano 630+312-0000001 (ProjectID=427817).
[2026-07-27 14:18:34.414] [INFO] Importando Excel na pasta final: GRD-COM-ECC-Acesso 5° Ano 630+312-0000001.xlsx
[2026-07-27 14:18:34.641] [INFO] Excel importado com sucesso: DocumentID=1; caminho=Engenharia\Ecovias Cerrado\Projetos\Acesso 5° Ano 630+312\0 - Documentos Gerais\Documentos com unidade\GRD-COM-ECC-Acesso 5° Ano 630+312-0000001\GRD-COM-ECC-Acesso 5° Ano 630+312-0000001.xlsx
[2026-07-27 14:18:34.642] [INFO] Analisando grupo 'GRD-COM-ECC-Acesso 5° Ano 697+300' (ANTT) com 47 documento(s).
[2026-07-27 14:18:34.839] [AVISO] Estrutura ausente para 'GRD-COM-ECC-Acesso 5° Ano 697+300'. Precisam ser criadas: Engenharia\Ecovias Cerrado\Projetos\Acesso 5° Ano 697+300\0 - Documentos Gerais\Documentos com unidade; Engenharia\Ecovias Cerrado\Projetos\Acesso 5° Ano 697+300\0 - Documentos Gerais\Documentos com unidade\GRD-COM-ECC-Acesso 5° Ano 697+300-0000001
[2026-07-27 14:18:34.840] [INFO] Grupo 'GRD-COM-ECC-Acesso 5° Ano 697+300': GRD prevista 'GRD-COM-ECC-Acesso 5° Ano 697+300-0000001'; destino 'Engenharia\Ecovias Cerrado\Projetos\Acesso 5° Ano 697+300\0 - Documentos Gerais\Documentos com unidade\GRD-COM-ECC-Acesso 5° Ano 697+300-0000001'. Nenhuma pasta receberá ambiente.
[2026-07-27 14:18:35.038] [INFO] Excel local gerado para 'GRD-COM-ECC-Acesso 5° Ano 697+300': C:\Users\peter\OneDrive - Grupo Ecorodovias\Área de Trabalho\Scritps_novos\SaidaSimulacao\20260727_141659\ANTT\GRD-COM-ECC-Acesso 5° Ano 697+300-0000001.xlsx
[2026-07-27 14:18:35.064] [INFO] Criando pasta sem ambiente: Engenharia\Ecovias Cerrado\Projetos\Acesso 5° Ano 697+300\0 - Documentos Gerais\Documentos com unidade
[2026-07-27 14:18:35.272] [INFO] Pasta criada: Engenharia\Ecovias Cerrado\Projetos\Acesso 5° Ano 697+300\0 - Documentos Gerais\Documentos com unidade (ProjectID=427818).
[2026-07-27 14:18:35.301] [INFO] Criando pasta sem ambiente: Engenharia\Ecovias Cerrado\Projetos\Acesso 5° Ano 697+300\0 - Documentos Gerais\Documentos com unidade\GRD-COM-ECC-Acesso 5° Ano 697+300-0000001
[2026-07-27 14:18:35.632] [INFO] Pasta criada: Engenharia\Ecovias Cerrado\Projetos\Acesso 5° Ano 697+300\0 - Documentos Gerais\Documentos com unidade\GRD-COM-ECC-Acesso 5° Ano 697+300-0000001 (ProjectID=427819).
[2026-07-27 14:18:35.885] [INFO] Importando Excel na pasta final: GRD-COM-ECC-Acesso 5° Ano 697+300-0000001.xlsx
[2026-07-27 14:18:36.136] [INFO] Excel importado com sucesso: DocumentID=1; caminho=Engenharia\Ecovias Cerrado\Projetos\Acesso 5° Ano 697+300\0 - Documentos Gerais\Documentos com unidade\GRD-COM-ECC-Acesso 5° Ano 697+300-0000001\GRD-COM-ECC-Acesso 5° Ano 697+300-0000001.xlsx
[2026-07-27 14:18:36.137] [INFO] Analisando grupo 'GRD-COM-ECC-Acesso 5° Ano 637+000' (ANTT) com 45 documento(s).
[2026-07-27 14:18:36.321] [AVISO] Estrutura ausente para 'GRD-COM-ECC-Acesso 5° Ano 637+000'. Precisam ser criadas: Engenharia\Ecovias Cerrado\Projetos\Acesso 5° Ano 637+000\0 - Documentos Gerais\Documentos com unidade; Engenharia\Ecovias Cerrado\Projetos\Acesso 5° Ano 637+000\0 - Documentos Gerais\Documentos com unidade\GRD-COM-ECC-Acesso 5° Ano 637+000-0000001
[2026-07-27 14:18:36.322] [INFO] Grupo 'GRD-COM-ECC-Acesso 5° Ano 637+000': GRD prevista 'GRD-COM-ECC-Acesso 5° Ano 637+000-0000001'; destino 'Engenharia\Ecovias Cerrado\Projetos\Acesso 5° Ano 637+000\0 - Documentos Gerais\Documentos com unidade\GRD-COM-ECC-Acesso 5° Ano 637+000-0000001'. Nenhuma pasta receberá ambiente.
[2026-07-27 14:18:36.501] [INFO] Excel local gerado para 'GRD-COM-ECC-Acesso 5° Ano 637+000': C:\Users\peter\OneDrive - Grupo Ecorodovias\Área de Trabalho\Scritps_novos\SaidaSimulacao\20260727_141659\ANTT\GRD-COM-ECC-Acesso 5° Ano 637+000-0000001.xlsx
[2026-07-27 14:18:36.537] [INFO] Criando pasta sem ambiente: Engenharia\Ecovias Cerrado\Projetos\Acesso 5° Ano 637+000\0 - Documentos Gerais\Documentos com unidade
[2026-07-27 14:18:36.749] [INFO] Pasta criada: Engenharia\Ecovias Cerrado\Projetos\Acesso 5° Ano 637+000\0 - Documentos Gerais\Documentos com unidade (ProjectID=427820).
[2026-07-27 14:18:36.801] [INFO] Criando pasta sem ambiente: Engenharia\Ecovias Cerrado\Projetos\Acesso 5° Ano 637+000\0 - Documentos Gerais\Documentos com unidade\GRD-COM-ECC-Acesso 5° Ano 637+000-0000001
[2026-07-27 14:18:37.390] [INFO] Pasta criada: Engenharia\Ecovias Cerrado\Projetos\Acesso 5° Ano 637+000\0 - Documentos Gerais\Documentos com unidade\GRD-COM-ECC-Acesso 5° Ano 637+000-0000001 (ProjectID=427821).
[2026-07-27 14:18:37.691] [INFO] Importando Excel na pasta final: GRD-COM-ECC-Acesso 5° Ano 637+000-0000001.xlsx
[2026-07-27 14:18:37.994] [INFO] Excel importado com sucesso: DocumentID=1; caminho=Engenharia\Ecovias Cerrado\Projetos\Acesso 5° Ano 637+000\0 - Documentos Gerais\Documentos com unidade\GRD-COM-ECC-Acesso 5° Ano 637+000-0000001\GRD-COM-ECC-Acesso 5° Ano 637+000-0000001.xlsx
[2026-07-27 14:18:37.994] [INFO] Analisando grupo 'GRD-COM-ECC-Acesso 5° Ano 759+400' (ANTT) com 43 documento(s).
[2026-07-27 14:18:38.776] [AVISO] Estrutura ausente para 'GRD-COM-ECC-Acesso 5° Ano 759+400'. Precisam ser criadas: Engenharia\Ecovias Cerrado\Projetos\Acesso 5° Ano 759+400\0 - Documentos Gerais\Documentos com unidade; Engenharia\Ecovias Cerrado\Projetos\Acesso 5° Ano 759+400\0 - Documentos Gerais\Documentos com unidade\GRD-COM-ECC-Acesso 5° Ano 759+400-0000001
[2026-07-27 14:18:38.777] [INFO] Grupo 'GRD-COM-ECC-Acesso 5° Ano 759+400': GRD prevista 'GRD-COM-ECC-Acesso 5° Ano 759+400-0000001'; destino 'Engenharia\Ecovias Cerrado\Projetos\Acesso 5° Ano 759+400\0 - Documentos Gerais\Documentos com unidade\GRD-COM-ECC-Acesso 5° Ano 759+400-0000001'. Nenhuma pasta receberá ambiente.
[2026-07-27 14:18:38.941] [INFO] Excel local gerado para 'GRD-COM-ECC-Acesso 5° Ano 759+400': C:\Users\peter\OneDrive - Grupo Ecorodovias\Área de Trabalho\Scritps_novos\SaidaSimulacao\20260727_141659\ANTT\GRD-COM-ECC-Acesso 5° Ano 759+400-0000001.xlsx
[2026-07-27 14:18:38.966] [INFO] Criando pasta sem ambiente: Engenharia\Ecovias Cerrado\Projetos\Acesso 5° Ano 759+400\0 - Documentos Gerais\Documentos com unidade
[2026-07-27 14:18:39.211] [INFO] Pasta criada: Engenharia\Ecovias Cerrado\Projetos\Acesso 5° Ano 759+400\0 - Documentos Gerais\Documentos com unidade (ProjectID=427822).
[2026-07-27 14:18:39.246] [INFO] Criando pasta sem ambiente: Engenharia\Ecovias Cerrado\Projetos\Acesso 5° Ano 759+400\0 - Documentos Gerais\Documentos com unidade\GRD-COM-ECC-Acesso 5° Ano 759+400-0000001
[2026-07-27 14:18:39.495] [INFO] Pasta criada: Engenharia\Ecovias Cerrado\Projetos\Acesso 5° Ano 759+400\0 - Documentos Gerais\Documentos com unidade\GRD-COM-ECC-Acesso 5° Ano 759+400-0000001 (ProjectID=427823).
[2026-07-27 14:18:39.692] [INFO] Importando Excel na pasta final: GRD-COM-ECC-Acesso 5° Ano 759+400-0000001.xlsx
[2026-07-27 14:18:39.960] [INFO] Excel importado com sucesso: DocumentID=1; caminho=Engenharia\Ecovias Cerrado\Projetos\Acesso 5° Ano 759+400\0 - Documentos Gerais\Documentos com unidade\GRD-COM-ECC-Acesso 5° Ano 759+400-0000001\GRD-COM-ECC-Acesso 5° Ano 759+400-0000001.xlsx
[2026-07-27 14:18:39.961] [INFO] Analisando grupo 'GRD-COM-ECC-Acesso 5° Ano 772+640' (ANTT) com 37 documento(s).
[2026-07-27 14:18:40.202] [AVISO] Estrutura ausente para 'GRD-COM-ECC-Acesso 5° Ano 772+640'. Precisam ser criadas: Engenharia\Ecovias Cerrado\Projetos\Acesso 5° Ano 772+640\0 - Documentos Gerais\Documentos com unidade; Engenharia\Ecovias Cerrado\Projetos\Acesso 5° Ano 772+640\0 - Documentos Gerais\Documentos com unidade\GRD-COM-ECC-Acesso 5° Ano 772+640-0000001
[2026-07-27 14:18:40.203] [INFO] Grupo 'GRD-COM-ECC-Acesso 5° Ano 772+640': GRD prevista 'GRD-COM-ECC-Acesso 5° Ano 772+640-0000001'; destino 'Engenharia\Ecovias Cerrado\Projetos\Acesso 5° Ano 772+640\0 - Documentos Gerais\Documentos com unidade\GRD-COM-ECC-Acesso 5° Ano 772+640-0000001'. Nenhuma pasta receberá ambiente.
[2026-07-27 14:18:40.423] [INFO] Excel local gerado para 'GRD-COM-ECC-Acesso 5° Ano 772+640': C:\Users\peter\OneDrive - Grupo Ecorodovias\Área de Trabalho\Scritps_novos\SaidaSimulacao\20260727_141659\ANTT\GRD-COM-ECC-Acesso 5° Ano 772+640-0000001.xlsx
[2026-07-27 14:18:40.488] [INFO] Criando pasta sem ambiente: Engenharia\Ecovias Cerrado\Projetos\Acesso 5° Ano 772+640\0 - Documentos Gerais\Documentos com unidade
[2026-07-27 14:18:40.712] [INFO] Pasta criada: Engenharia\Ecovias Cerrado\Projetos\Acesso 5° Ano 772+640\0 - Documentos Gerais\Documentos com unidade (ProjectID=427824).
[2026-07-27 14:18:40.743] [INFO] Criando pasta sem ambiente: Engenharia\Ecovias Cerrado\Projetos\Acesso 5° Ano 772+640\0 - Documentos Gerais\Documentos com unidade\GRD-COM-ECC-Acesso 5° Ano 772+640-0000001
[2026-07-27 14:18:40.977] [INFO] Pasta criada: Engenharia\Ecovias Cerrado\Projetos\Acesso 5° Ano 772+640\0 - Documentos Gerais\Documentos com unidade\GRD-COM-ECC-Acesso 5° Ano 772+640-0000001 (ProjectID=427825).
[2026-07-27 14:18:41.196] [INFO] Importando Excel na pasta final: GRD-COM-ECC-Acesso 5° Ano 772+640-0000001.xlsx
[2026-07-27 14:18:41.456] [INFO] Excel importado com sucesso: DocumentID=1; caminho=Engenharia\Ecovias Cerrado\Projetos\Acesso 5° Ano 772+640\0 - Documentos Gerais\Documentos com unidade\GRD-COM-ECC-Acesso 5° Ano 772+640-0000001\GRD-COM-ECC-Acesso 5° Ano 772+640-0000001.xlsx
[2026-07-27 14:18:41.457] [INFO] Analisando grupo 'GRD-COM-ECC-Acesso 5° Ano 642+340' (ANTT) com 32 documento(s).
[2026-07-27 14:18:41.611] [AVISO] Estrutura ausente para 'GRD-COM-ECC-Acesso 5° Ano 642+340'. Precisam ser criadas: Engenharia\Ecovias Cerrado\Projetos\Acesso 5° Ano 642+340\0 - Documentos Gerais\Documentos com unidade; Engenharia\Ecovias Cerrado\Projetos\Acesso 5° Ano 642+340\0 - Documentos Gerais\Documentos com unidade\GRD-COM-ECC-Acesso 5° Ano 642+340-0000001
[2026-07-27 14:18:41.611] [INFO] Grupo 'GRD-COM-ECC-Acesso 5° Ano 642+340': GRD prevista 'GRD-COM-ECC-Acesso 5° Ano 642+340-0000001'; destino 'Engenharia\Ecovias Cerrado\Projetos\Acesso 5° Ano 642+340\0 - Documentos Gerais\Documentos com unidade\GRD-COM-ECC-Acesso 5° Ano 642+340-0000001'. Nenhuma pasta receberá ambiente.
[2026-07-27 14:18:41.814] [INFO] Excel local gerado para 'GRD-COM-ECC-Acesso 5° Ano 642+340': C:\Users\peter\OneDrive - Grupo Ecorodovias\Área de Trabalho\Scritps_novos\SaidaSimulacao\20260727_141659\ANTT\GRD-COM-ECC-Acesso 5° Ano 642+340-0000001.xlsx
[2026-07-27 14:18:41.854] [INFO] Criando pasta sem ambiente: Engenharia\Ecovias Cerrado\Projetos\Acesso 5° Ano 642+340\0 - Documentos Gerais\Documentos com unidade
[2026-07-27 14:18:42.036] [INFO] Pasta criada: Engenharia\Ecovias Cerrado\Projetos\Acesso 5° Ano 642+340\0 - Documentos Gerais\Documentos com unidade (ProjectID=427826).
[2026-07-27 14:18:42.065] [INFO] Criando pasta sem ambiente: Engenharia\Ecovias Cerrado\Projetos\Acesso 5° Ano 642+340\0 - Documentos Gerais\Documentos com unidade\GRD-COM-ECC-Acesso 5° Ano 642+340-0000001
[2026-07-27 14:18:42.314] [INFO] Pasta criada: Engenharia\Ecovias Cerrado\Projetos\Acesso 5° Ano 642+340\0 - Documentos Gerais\Documentos com unidade\GRD-COM-ECC-Acesso 5° Ano 642+340-0000001 (ProjectID=427827).
[2026-07-27 14:18:42.529] [INFO] Importando Excel na pasta final: GRD-COM-ECC-Acesso 5° Ano 642+340-0000001.xlsx
[2026-07-27 14:18:42.792] [INFO] Excel importado com sucesso: DocumentID=1; caminho=Engenharia\Ecovias Cerrado\Projetos\Acesso 5° Ano 642+340\0 - Documentos Gerais\Documentos com unidade\GRD-COM-ECC-Acesso 5° Ano 642+340-0000001\GRD-COM-ECC-Acesso 5° Ano 642+340-0000001.xlsx
[2026-07-27 14:18:42.793] [INFO] Analisando grupo 'GRD-COM-EC1-Ciclovia de Linhares' (ANTT) com 397 documento(s).
[2026-07-27 14:18:43.294] [AVISO] Estrutura ausente para 'GRD-COM-EC1-Ciclovia de Linhares'. Precisam ser criadas: Engenharia\Ecovias Capixaba\Projetos\Ciclovia de Linhares\0 - Documentos Gerais\Documentos com unidade; Engenharia\Ecovias Capixaba\Projetos\Ciclovia de Linhares\0 - Documentos Gerais\Documentos com unidade\GRD-COM-EC1-Ciclovia de Linhares-0000001
[2026-07-27 14:18:43.296] [INFO] Grupo 'GRD-COM-EC1-Ciclovia de Linhares': GRD prevista 'GRD-COM-EC1-Ciclovia de Linhares-0000001'; destino 'Engenharia\Ecovias Capixaba\Projetos\Ciclovia de Linhares\0 - Documentos Gerais\Documentos com unidade\GRD-COM-EC1-Ciclovia de Linhares-0000001'. Nenhuma pasta receberá ambiente.
[2026-07-27 14:18:43.547] [INFO] Excel local gerado para 'GRD-COM-EC1-Ciclovia de Linhares': C:\Users\peter\OneDrive - Grupo Ecorodovias\Área de Trabalho\Scritps_novos\SaidaSimulacao\20260727_141659\ANTT\GRD-COM-EC1-Ciclovia de Linhares-0000001.xlsx
[2026-07-27 14:18:43.572] [INFO] Criando pasta sem ambiente: Engenharia\Ecovias Capixaba\Projetos\Ciclovia de Linhares\0 - Documentos Gerais\Documentos com unidade
[2026-07-27 14:18:43.780] [INFO] Pasta criada: Engenharia\Ecovias Capixaba\Projetos\Ciclovia de Linhares\0 - Documentos Gerais\Documentos com unidade (ProjectID=427828).
[2026-07-27 14:18:43.813] [INFO] Criando pasta sem ambiente: Engenharia\Ecovias Capixaba\Projetos\Ciclovia de Linhares\0 - Documentos Gerais\Documentos com unidade\GRD-COM-EC1-Ciclovia de Linhares-0000001
[2026-07-27 14:18:44.027] [INFO] Pasta criada: Engenharia\Ecovias Capixaba\Projetos\Ciclovia de Linhares\0 - Documentos Gerais\Documentos com unidade\GRD-COM-EC1-Ciclovia de Linhares-0000001 (ProjectID=427829).
[2026-07-27 14:18:44.327] [INFO] Importando Excel na pasta final: GRD-COM-EC1-Ciclovia de Linhares-0000001.xlsx
[2026-07-27 14:18:44.610] [INFO] Excel importado com sucesso: DocumentID=1; caminho=Engenharia\Ecovias Capixaba\Projetos\Ciclovia de Linhares\0 - Documentos Gerais\Documentos com unidade\GRD-COM-EC1-Ciclovia de Linhares-0000001\GRD-COM-EC1-Ciclovia de Linhares-0000001.xlsx
[2026-07-27 14:18:44.611] [INFO] Analisando grupo 'GRD-COM-ECC-Acesso 5° Ano 648+345' (ANTT) com 47 documento(s).
[2026-07-27 14:18:44.784] [AVISO] Estrutura ausente para 'GRD-COM-ECC-Acesso 5° Ano 648+345'. Precisam ser criadas: Engenharia\Ecovias Cerrado\Projetos\Acesso 5° Ano 648+345\0 - Documentos Gerais\Documentos com unidade; Engenharia\Ecovias Cerrado\Projetos\Acesso 5° Ano 648+345\0 - Documentos Gerais\Documentos com unidade\GRD-COM-ECC-Acesso 5° Ano 648+345-0000001
[2026-07-27 14:18:44.785] [INFO] Grupo 'GRD-COM-ECC-Acesso 5° Ano 648+345': GRD prevista 'GRD-COM-ECC-Acesso 5° Ano 648+345-0000001'; destino 'Engenharia\Ecovias Cerrado\Projetos\Acesso 5° Ano 648+345\0 - Documentos Gerais\Documentos com unidade\GRD-COM-ECC-Acesso 5° Ano 648+345-0000001'. Nenhuma pasta receberá ambiente.
[2026-07-27 14:18:44.978] [INFO] Excel local gerado para 'GRD-COM-ECC-Acesso 5° Ano 648+345': C:\Users\peter\OneDrive - Grupo Ecorodovias\Área de Trabalho\Scritps_novos\SaidaSimulacao\20260727_141659\ANTT\GRD-COM-ECC-Acesso 5° Ano 648+345-0000001.xlsx
[2026-07-27 14:18:45.024] [INFO] Criando pasta sem ambiente: Engenharia\Ecovias Cerrado\Projetos\Acesso 5° Ano 648+345\0 - Documentos Gerais\Documentos com unidade
[2026-07-27 14:18:45.337] [INFO] Pasta criada: Engenharia\Ecovias Cerrado\Projetos\Acesso 5° Ano 648+345\0 - Documentos Gerais\Documentos com unidade (ProjectID=427830).
[2026-07-27 14:18:45.380] [INFO] Criando pasta sem ambiente: Engenharia\Ecovias Cerrado\Projetos\Acesso 5° Ano 648+345\0 - Documentos Gerais\Documentos com unidade\GRD-COM-ECC-Acesso 5° Ano 648+345-0000001
[2026-07-27 14:18:45.659] [INFO] Pasta criada: Engenharia\Ecovias Cerrado\Projetos\Acesso 5° Ano 648+345\0 - Documentos Gerais\Documentos com unidade\GRD-COM-ECC-Acesso 5° Ano 648+345-0000001 (ProjectID=427831).
[2026-07-27 14:18:45.888] [INFO] Importando Excel na pasta final: GRD-COM-ECC-Acesso 5° Ano 648+345-0000001.xlsx
[2026-07-27 14:18:46.165] [INFO] Excel importado com sucesso: DocumentID=1; caminho=Engenharia\Ecovias Cerrado\Projetos\Acesso 5° Ano 648+345\0 - Documentos Gerais\Documentos com unidade\GRD-COM-ECC-Acesso 5° Ano 648+345-0000001\GRD-COM-ECC-Acesso 5° Ano 648+345-0000001.xlsx
[2026-07-27 14:18:46.166] [INFO] Analisando grupo 'GRD-COM-ECC-Acesso 5° Ano 655+320' (ANTT) com 47 documento(s).
[2026-07-27 14:18:46.391] [AVISO] Estrutura ausente para 'GRD-COM-ECC-Acesso 5° Ano 655+320'. Precisam ser criadas: Engenharia\Ecovias Cerrado\Projetos\Acesso 5° Ano 655+320\0 - Documentos Gerais\Documentos com unidade; Engenharia\Ecovias Cerrado\Projetos\Acesso 5° Ano 655+320\0 - Documentos Gerais\Documentos com unidade\GRD-COM-ECC-Acesso 5° Ano 655+320-0000001
[2026-07-27 14:18:46.392] [INFO] Grupo 'GRD-COM-ECC-Acesso 5° Ano 655+320': GRD prevista 'GRD-COM-ECC-Acesso 5° Ano 655+320-0000001'; destino 'Engenharia\Ecovias Cerrado\Projetos\Acesso 5° Ano 655+320\0 - Documentos Gerais\Documentos com unidade\GRD-COM-ECC-Acesso 5° Ano 655+320-0000001'. Nenhuma pasta receberá ambiente.
[2026-07-27 14:18:46.596] [INFO] Excel local gerado para 'GRD-COM-ECC-Acesso 5° Ano 655+320': C:\Users\peter\OneDrive - Grupo Ecorodovias\Área de Trabalho\Scritps_novos\SaidaSimulacao\20260727_141659\ANTT\GRD-COM-ECC-Acesso 5° Ano 655+320-0000001.xlsx
[2026-07-27 14:18:46.642] [INFO] Criando pasta sem ambiente: Engenharia\Ecovias Cerrado\Projetos\Acesso 5° Ano 655+320\0 - Documentos Gerais\Documentos com unidade
[2026-07-27 14:18:46.975] [INFO] Pasta criada: Engenharia\Ecovias Cerrado\Projetos\Acesso 5° Ano 655+320\0 - Documentos Gerais\Documentos com unidade (ProjectID=427832).
[2026-07-27 14:18:47.008] [INFO] Criando pasta sem ambiente: Engenharia\Ecovias Cerrado\Projetos\Acesso 5° Ano 655+320\0 - Documentos Gerais\Documentos com unidade\GRD-COM-ECC-Acesso 5° Ano 655+320-0000001
[2026-07-27 14:18:47.302] [INFO] Pasta criada: Engenharia\Ecovias Cerrado\Projetos\Acesso 5° Ano 655+320\0 - Documentos Gerais\Documentos com unidade\GRD-COM-ECC-Acesso 5° Ano 655+320-0000001 (ProjectID=427833).
[2026-07-27 14:18:47.541] [INFO] Importando Excel na pasta final: GRD-COM-ECC-Acesso 5° Ano 655+320-0000001.xlsx
[2026-07-27 14:18:47.787] [INFO] Excel importado com sucesso: DocumentID=1; caminho=Engenharia\Ecovias Cerrado\Projetos\Acesso 5° Ano 655+320\0 - Documentos Gerais\Documentos com unidade\GRD-COM-ECC-Acesso 5° Ano 655+320-0000001\GRD-COM-ECC-Acesso 5° Ano 655+320-0000001.xlsx
[2026-07-27 14:18:47.788] [INFO] Analisando grupo 'GRD-COM-ECC-Acesso 5° Ano 668+288' (ANTT) com 47 documento(s).
[2026-07-27 14:18:47.944] [AVISO] Estrutura ausente para 'GRD-COM-ECC-Acesso 5° Ano 668+288'. Precisam ser criadas: Engenharia\Ecovias Cerrado\Projetos\Acesso 5° Ano 668+288\0 - Documentos Gerais\Documentos com unidade; Engenharia\Ecovias Cerrado\Projetos\Acesso 5° Ano 668+288\0 - Documentos Gerais\Documentos com unidade\GRD-COM-ECC-Acesso 5° Ano 668+288-0000001
[2026-07-27 14:18:47.946] [INFO] Grupo 'GRD-COM-ECC-Acesso 5° Ano 668+288': GRD prevista 'GRD-COM-ECC-Acesso 5° Ano 668+288-0000001'; destino 'Engenharia\Ecovias Cerrado\Projetos\Acesso 5° Ano 668+288\0 - Documentos Gerais\Documentos com unidade\GRD-COM-ECC-Acesso 5° Ano 668+288-0000001'. Nenhuma pasta receberá ambiente.
[2026-07-27 14:18:48.119] [INFO] Excel local gerado para 'GRD-COM-ECC-Acesso 5° Ano 668+288': C:\Users\peter\OneDrive - Grupo Ecorodovias\Área de Trabalho\Scritps_novos\SaidaSimulacao\20260727_141659\ANTT\GRD-COM-ECC-Acesso 5° Ano 668+288-0000001.xlsx
[2026-07-27 14:18:48.156] [INFO] Criando pasta sem ambiente: Engenharia\Ecovias Cerrado\Projetos\Acesso 5° Ano 668+288\0 - Documentos Gerais\Documentos com unidade
[2026-07-27 14:18:48.504] [INFO] Pasta criada: Engenharia\Ecovias Cerrado\Projetos\Acesso 5° Ano 668+288\0 - Documentos Gerais\Documentos com unidade (ProjectID=427834).
[2026-07-27 14:18:48.557] [INFO] Criando pasta sem ambiente: Engenharia\Ecovias Cerrado\Projetos\Acesso 5° Ano 668+288\0 - Documentos Gerais\Documentos com unidade\GRD-COM-ECC-Acesso 5° Ano 668+288-0000001
[2026-07-27 14:18:48.948] [INFO] Pasta criada: Engenharia\Ecovias Cerrado\Projetos\Acesso 5° Ano 668+288\0 - Documentos Gerais\Documentos com unidade\GRD-COM-ECC-Acesso 5° Ano 668+288-0000001 (ProjectID=427835).
[2026-07-27 14:18:49.147] [INFO] Importando Excel na pasta final: GRD-COM-ECC-Acesso 5° Ano 668+288-0000001.xlsx
[2026-07-27 14:18:49.520] [INFO] Excel importado com sucesso: DocumentID=1; caminho=Engenharia\Ecovias Cerrado\Projetos\Acesso 5° Ano 668+288\0 - Documentos Gerais\Documentos com unidade\GRD-COM-ECC-Acesso 5° Ano 668+288-0000001\GRD-COM-ECC-Acesso 5° Ano 668+288-0000001.xlsx
[2026-07-27 14:18:49.521] [INFO] Analisando grupo 'GRD-COM-ECC-Acesso 5° Ano 694+848' (ANTT) com 47 documento(s).
[2026-07-27 14:18:49.685] [AVISO] Estrutura ausente para 'GRD-COM-ECC-Acesso 5° Ano 694+848'. Precisam ser criadas: Engenharia\Ecovias Cerrado\Projetos\Acesso 5° Ano 694+848\0 - Documentos Gerais\Documentos com unidade; Engenharia\Ecovias Cerrado\Projetos\Acesso 5° Ano 694+848\0 - Documentos Gerais\Documentos com unidade\GRD-COM-ECC-Acesso 5° Ano 694+848-0000001
[2026-07-27 14:18:49.686] [INFO] Grupo 'GRD-COM-ECC-Acesso 5° Ano 694+848': GRD prevista 'GRD-COM-ECC-Acesso 5° Ano 694+848-0000001'; destino 'Engenharia\Ecovias Cerrado\Projetos\Acesso 5° Ano 694+848\0 - Documentos Gerais\Documentos com unidade\GRD-COM-ECC-Acesso 5° Ano 694+848-0000001'. Nenhuma pasta receberá ambiente.
[2026-07-27 14:18:49.892] [INFO] Excel local gerado para 'GRD-COM-ECC-Acesso 5° Ano 694+848': C:\Users\peter\OneDrive - Grupo Ecorodovias\Área de Trabalho\Scritps_novos\SaidaSimulacao\20260727_141659\ANTT\GRD-COM-ECC-Acesso 5° Ano 694+848-0000001.xlsx
[2026-07-27 14:18:50.493] [INFO] Criando pasta sem ambiente: Engenharia\Ecovias Cerrado\Projetos\Acesso 5° Ano 694+848\0 - Documentos Gerais\Documentos com unidade
[2026-07-27 14:18:50.699] [INFO] Pasta criada: Engenharia\Ecovias Cerrado\Projetos\Acesso 5° Ano 694+848\0 - Documentos Gerais\Documentos com unidade (ProjectID=427836).
[2026-07-27 14:18:50.743] [INFO] Criando pasta sem ambiente: Engenharia\Ecovias Cerrado\Projetos\Acesso 5° Ano 694+848\0 - Documentos Gerais\Documentos com unidade\GRD-COM-ECC-Acesso 5° Ano 694+848-0000001
[2026-07-27 14:18:51.053] [INFO] Pasta criada: Engenharia\Ecovias Cerrado\Projetos\Acesso 5° Ano 694+848\0 - Documentos Gerais\Documentos com unidade\GRD-COM-ECC-Acesso 5° Ano 694+848-0000001 (ProjectID=427837).
[2026-07-27 14:18:51.346] [INFO] Importando Excel na pasta final: GRD-COM-ECC-Acesso 5° Ano 694+848-0000001.xlsx
[2026-07-27 14:18:51.574] [INFO] Excel importado com sucesso: DocumentID=1; caminho=Engenharia\Ecovias Cerrado\Projetos\Acesso 5° Ano 694+848\0 - Documentos Gerais\Documentos com unidade\GRD-COM-ECC-Acesso 5° Ano 694+848-0000001\GRD-COM-ECC-Acesso 5° Ano 694+848-0000001.xlsx
[2026-07-27 14:18:51.575] [INFO] Analisando grupo 'GRD-COM-ECC-Acesso 5° Ano 642+726' (ANTT) com 49 documento(s).
[2026-07-27 14:18:51.773] [AVISO] Estrutura ausente para 'GRD-COM-ECC-Acesso 5° Ano 642+726'. Precisam ser criadas: Engenharia\Ecovias Cerrado\Projetos\Acesso 5° Ano 642+726\0 - Documentos Gerais\Documentos com unidade; Engenharia\Ecovias Cerrado\Projetos\Acesso 5° Ano 642+726\0 - Documentos Gerais\Documentos com unidade\GRD-COM-ECC-Acesso 5° Ano 642+726-0000001
[2026-07-27 14:18:51.774] [INFO] Grupo 'GRD-COM-ECC-Acesso 5° Ano 642+726': GRD prevista 'GRD-COM-ECC-Acesso 5° Ano 642+726-0000001'; destino 'Engenharia\Ecovias Cerrado\Projetos\Acesso 5° Ano 642+726\0 - Documentos Gerais\Documentos com unidade\GRD-COM-ECC-Acesso 5° Ano 642+726-0000001'. Nenhuma pasta receberá ambiente.
[2026-07-27 14:18:52.020] [INFO] Excel local gerado para 'GRD-COM-ECC-Acesso 5° Ano 642+726': C:\Users\peter\OneDrive - Grupo Ecorodovias\Área de Trabalho\Scritps_novos\SaidaSimulacao\20260727_141659\ANTT\GRD-COM-ECC-Acesso 5° Ano 642+726-0000001.xlsx
[2026-07-27 14:18:52.050] [INFO] Criando pasta sem ambiente: Engenharia\Ecovias Cerrado\Projetos\Acesso 5° Ano 642+726\0 - Documentos Gerais\Documentos com unidade
[2026-07-27 14:18:52.293] [INFO] Pasta criada: Engenharia\Ecovias Cerrado\Projetos\Acesso 5° Ano 642+726\0 - Documentos Gerais\Documentos com unidade (ProjectID=427838).
[2026-07-27 14:18:52.322] [INFO] Criando pasta sem ambiente: Engenharia\Ecovias Cerrado\Projetos\Acesso 5° Ano 642+726\0 - Documentos Gerais\Documentos com unidade\GRD-COM-ECC-Acesso 5° Ano 642+726-0000001
[2026-07-27 14:18:52.556] [INFO] Pasta criada: Engenharia\Ecovias Cerrado\Projetos\Acesso 5° Ano 642+726\0 - Documentos Gerais\Documentos com unidade\GRD-COM-ECC-Acesso 5° Ano 642+726-0000001 (ProjectID=427839).
[2026-07-27 14:18:52.782] [INFO] Importando Excel na pasta final: GRD-COM-ECC-Acesso 5° Ano 642+726-0000001.xlsx
[2026-07-27 14:18:53.041] [INFO] Excel importado com sucesso: DocumentID=1; caminho=Engenharia\Ecovias Cerrado\Projetos\Acesso 5° Ano 642+726\0 - Documentos Gerais\Documentos com unidade\GRD-COM-ECC-Acesso 5° Ano 642+726-0000001\GRD-COM-ECC-Acesso 5° Ano 642+726-0000001.xlsx
[2026-07-27 14:18:53.043] [INFO] Analisando grupo 'GRD-COM-E050-PPD km 6+500' (ANTT) com 27 documento(s).
[2026-07-27 14:18:53.269] [AVISO] Estrutura ausente para 'GRD-COM-E050-PPD km 6+500'. Precisam ser criadas: Engenharia\Ecovias Minas Goiás\Projetos\PPD km 6+500\0 - Documentos Gerais\Documentos com unidade; Engenharia\Ecovias Minas Goiás\Projetos\PPD km 6+500\0 - Documentos Gerais\Documentos com unidade\GRD-COM-E050-PPD km 6+500-0000001
[2026-07-27 14:18:53.270] [INFO] Grupo 'GRD-COM-E050-PPD km 6+500': GRD prevista 'GRD-COM-E050-PPD km 6+500-0000001'; destino 'Engenharia\Ecovias Minas Goiás\Projetos\PPD km 6+500\0 - Documentos Gerais\Documentos com unidade\GRD-COM-E050-PPD km 6+500-0000001'. Nenhuma pasta receberá ambiente.
[2026-07-27 14:18:53.444] [INFO] Excel local gerado para 'GRD-COM-E050-PPD km 6+500': C:\Users\peter\OneDrive - Grupo Ecorodovias\Área de Trabalho\Scritps_novos\SaidaSimulacao\20260727_141659\ANTT\GRD-COM-E050-PPD km 6+500-0000001.xlsx
[2026-07-27 14:18:53.480] [INFO] Criando pasta sem ambiente: Engenharia\Ecovias Minas Goiás\Projetos\PPD km 6+500\0 - Documentos Gerais\Documentos com unidade
[2026-07-27 14:18:53.740] [INFO] Pasta criada: Engenharia\Ecovias Minas Goiás\Projetos\PPD km 6+500\0 - Documentos Gerais\Documentos com unidade (ProjectID=427840).
[2026-07-27 14:18:53.774] [INFO] Criando pasta sem ambiente: Engenharia\Ecovias Minas Goiás\Projetos\PPD km 6+500\0 - Documentos Gerais\Documentos com unidade\GRD-COM-E050-PPD km 6+500-0000001
[2026-07-27 14:18:54.088] [INFO] Pasta criada: Engenharia\Ecovias Minas Goiás\Projetos\PPD km 6+500\0 - Documentos Gerais\Documentos com unidade\GRD-COM-E050-PPD km 6+500-0000001 (ProjectID=427841).
[2026-07-27 14:18:54.350] [INFO] Importando Excel na pasta final: GRD-COM-E050-PPD km 6+500-0000001.xlsx
[2026-07-27 14:18:54.621] [INFO] Excel importado com sucesso: DocumentID=1; caminho=Engenharia\Ecovias Minas Goiás\Projetos\PPD km 6+500\0 - Documentos Gerais\Documentos com unidade\GRD-COM-E050-PPD km 6+500-0000001\GRD-COM-E050-PPD km 6+500-0000001.xlsx
[2026-07-27 14:18:54.623] [INFO] Analisando grupo 'GRD-COM-MGO-PPD km 6+500' (ANTT) com 270 documento(s).
[2026-07-27 14:18:54.850] [INFO] Grupo 'GRD-COM-MGO-PPD km 6+500': GRD prevista 'GRD-COM-MGO-PPD km 6+500-0000001'; destino 'Engenharia\Ecovias Minas Goiás\Projetos\PPD km 6+500\0 - Documentos Gerais\Documentos com unidade\GRD-COM-MGO-PPD km 6+500-0000001'. Nenhuma pasta receberá ambiente.
[2026-07-27 14:18:55.139] [INFO] Excel local gerado para 'GRD-COM-MGO-PPD km 6+500': C:\Users\peter\OneDrive - Grupo Ecorodovias\Área de Trabalho\Scritps_novos\SaidaSimulacao\20260727_141659\ANTT\GRD-COM-MGO-PPD km 6+500-0000001.xlsx
[2026-07-27 14:18:55.177] [INFO] Criando pasta sem ambiente: Engenharia\Ecovias Minas Goiás\Projetos\PPD km 6+500\0 - Documentos Gerais\Documentos com unidade\GRD-COM-MGO-PPD km 6+500-0000001
[2026-07-27 14:18:55.513] [INFO] Pasta criada: Engenharia\Ecovias Minas Goiás\Projetos\PPD km 6+500\0 - Documentos Gerais\Documentos com unidade\GRD-COM-MGO-PPD km 6+500-0000001 (ProjectID=427842).
[2026-07-27 14:18:55.734] [INFO] Importando Excel na pasta final: GRD-COM-MGO-PPD km 6+500-0000001.xlsx
[2026-07-27 14:18:55.966] [INFO] Excel importado com sucesso: DocumentID=1; caminho=Engenharia\Ecovias Minas Goiás\Projetos\PPD km 6+500\0 - Documentos Gerais\Documentos com unidade\GRD-COM-MGO-PPD km 6+500-0000001\GRD-COM-MGO-PPD km 6+500-0000001.xlsx
[2026-07-27 14:18:55.967] [INFO] Analisando grupo 'GRD-COM-ECA-Passarela Tocantins km 623' (ANTT) com 22 documento(s).
[2026-07-27 14:18:56.124] [AVISO] Estrutura ausente para 'GRD-COM-ECA-Passarela Tocantins km 623'. Precisam ser criadas: Engenharia\Ecovias Araguaia\Projetos\Passarela Aliança km 623\0 - Documentos Gerais\Documentos com unidade; Engenharia\Ecovias Araguaia\Projetos\Passarela Aliança km 623\0 - Documentos Gerais\Documentos com unidade\GRD-COM-ECA-Passarela Tocantins km 623-0000001
[2026-07-27 14:18:56.125] [INFO] Grupo 'GRD-COM-ECA-Passarela Tocantins km 623': GRD prevista 'GRD-COM-ECA-Passarela Tocantins km 623-0000001'; destino 'Engenharia\Ecovias Araguaia\Projetos\Passarela Aliança km 623\0 - Documentos Gerais\Documentos com unidade\GRD-COM-ECA-Passarela Tocantins km 623-0000001'. Nenhuma pasta receberá ambiente.
[2026-07-27 14:18:56.320] [INFO] Excel local gerado para 'GRD-COM-ECA-Passarela Tocantins km 623': C:\Users\peter\OneDrive - Grupo Ecorodovias\Área de Trabalho\Scritps_novos\SaidaSimulacao\20260727_141659\ANTT\GRD-COM-ECA-Passarela Tocantins km 623-0000001.xlsx
[2026-07-27 14:18:56.350] [INFO] Criando pasta sem ambiente: Engenharia\Ecovias Araguaia\Projetos\Passarela Aliança km 623\0 - Documentos Gerais\Documentos com unidade
[2026-07-27 14:18:56.562] [INFO] Pasta criada: Engenharia\Ecovias Araguaia\Projetos\Passarela Aliança km 623\0 - Documentos Gerais\Documentos com unidade (ProjectID=427843).
[2026-07-27 14:18:56.600] [INFO] Criando pasta sem ambiente: Engenharia\Ecovias Araguaia\Projetos\Passarela Aliança km 623\0 - Documentos Gerais\Documentos com unidade\GRD-COM-ECA-Passarela Tocantins km 623-0000001
[2026-07-27 14:18:56.820] [INFO] Pasta criada: Engenharia\Ecovias Araguaia\Projetos\Passarela Aliança km 623\0 - Documentos Gerais\Documentos com unidade\GRD-COM-ECA-Passarela Tocantins km 623-0000001 (ProjectID=427844).
[2026-07-27 14:18:57.028] [INFO] Importando Excel na pasta final: GRD-COM-ECA-Passarela Tocantins km 623-0000001.xlsx
[2026-07-27 14:18:57.290] [INFO] Excel importado com sucesso: DocumentID=1; caminho=Engenharia\Ecovias Araguaia\Projetos\Passarela Aliança km 623\0 - Documentos Gerais\Documentos com unidade\GRD-COM-ECA-Passarela Tocantins km 623-0000001\GRD-COM-ECA-Passarela Tocantins km 623-0000001.xlsx
[2026-07-27 14:18:57.291] [INFO] Analisando grupo 'GRD-COM-EC1-Contorno de Vitória' (ANTT) com 328 documento(s).
[2026-07-27 14:18:57.435] [AVISO] Estrutura ausente para 'GRD-COM-EC1-Contorno de Vitória'. Precisam ser criadas: Engenharia\Ecovias Capixaba\Projetos\Contorno de Vitória\0 - Documentos Gerais\Documentos com unidade; Engenharia\Ecovias Capixaba\Projetos\Contorno de Vitória\0 - Documentos Gerais\Documentos com unidade\GRD-COM-EC1-Contorno de Vitória-0000001
[2026-07-27 14:18:57.435] [INFO] Grupo 'GRD-COM-EC1-Contorno de Vitória': GRD prevista 'GRD-COM-EC1-Contorno de Vitória-0000001'; destino 'Engenharia\Ecovias Capixaba\Projetos\Contorno de Vitória\0 - Documentos Gerais\Documentos com unidade\GRD-COM-EC1-Contorno de Vitória-0000001'. Nenhuma pasta receberá ambiente.
[2026-07-27 14:18:57.679] [INFO] Excel local gerado para 'GRD-COM-EC1-Contorno de Vitória': C:\Users\peter\OneDrive - Grupo Ecorodovias\Área de Trabalho\Scritps_novos\SaidaSimulacao\20260727_141659\ANTT\GRD-COM-EC1-Contorno de Vitória-0000001.xlsx
[2026-07-27 14:18:57.705] [INFO] Criando pasta sem ambiente: Engenharia\Ecovias Capixaba\Projetos\Contorno de Vitória\0 - Documentos Gerais\Documentos com unidade
[2026-07-27 14:18:57.924] [INFO] Pasta criada: Engenharia\Ecovias Capixaba\Projetos\Contorno de Vitória\0 - Documentos Gerais\Documentos com unidade (ProjectID=427845).
[2026-07-27 14:18:57.972] [INFO] Criando pasta sem ambiente: Engenharia\Ecovias Capixaba\Projetos\Contorno de Vitória\0 - Documentos Gerais\Documentos com unidade\GRD-COM-EC1-Contorno de Vitória-0000001
[2026-07-27 14:18:58.454] [INFO] Pasta criada: Engenharia\Ecovias Capixaba\Projetos\Contorno de Vitória\0 - Documentos Gerais\Documentos com unidade\GRD-COM-EC1-Contorno de Vitória-0000001 (ProjectID=427846).
[2026-07-27 14:18:58.683] [INFO] Importando Excel na pasta final: GRD-COM-EC1-Contorno de Vitória-0000001.xlsx
[2026-07-27 14:18:58.922] [INFO] Excel importado com sucesso: DocumentID=1; caminho=Engenharia\Ecovias Capixaba\Projetos\Contorno de Vitória\0 - Documentos Gerais\Documentos com unidade\GRD-COM-EC1-Contorno de Vitória-0000001\GRD-COM-EC1-Contorno de Vitória-0000001.xlsx
[2026-07-27 14:18:58.923] [INFO] Analisando grupo 'GRD-COM-ECC-Faixas Adicionais - TH 05' (ANTT) com 1088 documento(s).
[2026-07-27 14:18:59.058] [AVISO] Estrutura ausente para 'GRD-COM-ECC-Faixas Adicionais - TH 05'. Precisam ser criadas: Engenharia\Ecovias Cerrado\Projetos\Faixas Adicionais - TH 05\0 - Documentos Gerais\Documentos com unidade; Engenharia\Ecovias Cerrado\Projetos\Faixas Adicionais - TH 05\0 - Documentos Gerais\Documentos com unidade\GRD-COM-ECC-Faixas Adicionais - TH 05-0000001
[2026-07-27 14:18:59.059] [INFO] Grupo 'GRD-COM-ECC-Faixas Adicionais - TH 05': GRD prevista 'GRD-COM-ECC-Faixas Adicionais - TH 05-0000001'; destino 'Engenharia\Ecovias Cerrado\Projetos\Faixas Adicionais - TH 05\0 - Documentos Gerais\Documentos com unidade\GRD-COM-ECC-Faixas Adicionais - TH 05-0000001'. Nenhuma pasta receberá ambiente.
[2026-07-27 14:18:59.344] [INFO] Excel local gerado para 'GRD-COM-ECC-Faixas Adicionais - TH 05': C:\Users\peter\OneDrive - Grupo Ecorodovias\Área de Trabalho\Scritps_novos\SaidaSimulacao\20260727_141659\ANTT\GRD-COM-ECC-Faixas Adicionais - TH 05-0000001.xlsx
[2026-07-27 14:18:59.377] [INFO] Criando pasta sem ambiente: Engenharia\Ecovias Cerrado\Projetos\Faixas Adicionais - TH 05\0 - Documentos Gerais\Documentos com unidade
[2026-07-27 14:18:59.619] [INFO] Pasta criada: Engenharia\Ecovias Cerrado\Projetos\Faixas Adicionais - TH 05\0 - Documentos Gerais\Documentos com unidade (ProjectID=427847).
[2026-07-27 14:18:59.652] [INFO] Criando pasta sem ambiente: Engenharia\Ecovias Cerrado\Projetos\Faixas Adicionais - TH 05\0 - Documentos Gerais\Documentos com unidade\GRD-COM-ECC-Faixas Adicionais - TH 05-0000001
[2026-07-27 14:18:59.846] [INFO] Pasta criada: Engenharia\Ecovias Cerrado\Projetos\Faixas Adicionais - TH 05\0 - Documentos Gerais\Documentos com unidade\GRD-COM-ECC-Faixas Adicionais - TH 05-0000001 (ProjectID=427848).
[2026-07-27 14:19:00.054] [INFO] Importando Excel na pasta final: GRD-COM-ECC-Faixas Adicionais - TH 05-0000001.xlsx
[2026-07-27 14:19:00.280] [INFO] Excel importado com sucesso: DocumentID=1; caminho=Engenharia\Ecovias Cerrado\Projetos\Faixas Adicionais - TH 05\0 - Documentos Gerais\Documentos com unidade\GRD-COM-ECC-Faixas Adicionais - TH 05-0000001\GRD-COM-ECC-Faixas Adicionais - TH 05-0000001.xlsx
[2026-07-27 14:19:00.282] [INFO] Analisando grupo 'GRD-COM-ECA-HS-WIM km432+174' (ANTT) com 20 documento(s).
[2026-07-27 14:19:00.473] [AVISO] Estrutura ausente para 'GRD-COM-ECA-HS-WIM km432+174'. Precisam ser criadas: Engenharia\Ecovias Araguaia\Projetos\HS-WIM 2 km432+174\0 - Documentos Gerais\Documentos com unidade; Engenharia\Ecovias Araguaia\Projetos\HS-WIM 2 km432+174\0 - Documentos Gerais\Documentos com unidade\GRD-COM-ECA-HS-WIM km432+174-0000001
[2026-07-27 14:19:00.474] [INFO] Grupo 'GRD-COM-ECA-HS-WIM km432+174': GRD prevista 'GRD-COM-ECA-HS-WIM km432+174-0000001'; destino 'Engenharia\Ecovias Araguaia\Projetos\HS-WIM 2 km432+174\0 - Documentos Gerais\Documentos com unidade\GRD-COM-ECA-HS-WIM km432+174-0000001'. Nenhuma pasta receberá ambiente.
[2026-07-27 14:19:00.725] [INFO] Excel local gerado para 'GRD-COM-ECA-HS-WIM km432+174': C:\Users\peter\OneDrive - Grupo Ecorodovias\Área de Trabalho\Scritps_novos\SaidaSimulacao\20260727_141659\ANTT\GRD-COM-ECA-HS-WIM km432+174-0000001.xlsx
[2026-07-27 14:19:00.760] [INFO] Criando pasta sem ambiente: Engenharia\Ecovias Araguaia\Projetos\HS-WIM 2 km432+174\0 - Documentos Gerais\Documentos com unidade
[2026-07-27 14:19:00.966] [INFO] Pasta criada: Engenharia\Ecovias Araguaia\Projetos\HS-WIM 2 km432+174\0 - Documentos Gerais\Documentos com unidade (ProjectID=427849).
[2026-07-27 14:19:00.997] [INFO] Criando pasta sem ambiente: Engenharia\Ecovias Araguaia\Projetos\HS-WIM 2 km432+174\0 - Documentos Gerais\Documentos com unidade\GRD-COM-ECA-HS-WIM km432+174-0000001
[2026-07-27 14:19:01.214] [INFO] Pasta criada: Engenharia\Ecovias Araguaia\Projetos\HS-WIM 2 km432+174\0 - Documentos Gerais\Documentos com unidade\GRD-COM-ECA-HS-WIM km432+174-0000001 (ProjectID=427850).
[2026-07-27 14:19:01.427] [INFO] Importando Excel na pasta final: GRD-COM-ECA-HS-WIM km432+174-0000001.xlsx
[2026-07-27 14:19:01.659] [INFO] Excel importado com sucesso: DocumentID=1; caminho=Engenharia\Ecovias Araguaia\Projetos\HS-WIM 2 km432+174\0 - Documentos Gerais\Documentos com unidade\GRD-COM-ECA-HS-WIM km432+174-0000001\GRD-COM-ECA-HS-WIM km432+174-0000001.xlsx
[2026-07-27 14:19:01.660] [INFO] Analisando grupo 'GRD-COM-EC1-Duplicação C' (ANTT) com 563 documento(s).
[2026-07-27 14:19:01.822] [AVISO] Estrutura ausente para 'GRD-COM-EC1-Duplicação C'. Precisam ser criadas: Engenharia\Ecovias Capixaba\Projetos\Duplicação C\0 - Documentos Gerais\Documentos com unidade; Engenharia\Ecovias Capixaba\Projetos\Duplicação C\0 - Documentos Gerais\Documentos com unidade\GRD-COM-EC1-Duplicação C-0000001
[2026-07-27 14:19:01.823] [INFO] Grupo 'GRD-COM-EC1-Duplicação C': GRD prevista 'GRD-COM-EC1-Duplicação C-0000001'; destino 'Engenharia\Ecovias Capixaba\Projetos\Duplicação C\0 - Documentos Gerais\Documentos com unidade\GRD-COM-EC1-Duplicação C-0000001'. Nenhuma pasta receberá ambiente.
[2026-07-27 14:19:02.038] [INFO] Excel local gerado para 'GRD-COM-EC1-Duplicação C': C:\Users\peter\OneDrive - Grupo Ecorodovias\Área de Trabalho\Scritps_novos\SaidaSimulacao\20260727_141659\ANTT\GRD-COM-EC1-Duplicação C-0000001.xlsx
[2026-07-27 14:19:02.066] [INFO] Criando pasta sem ambiente: Engenharia\Ecovias Capixaba\Projetos\Duplicação C\0 - Documentos Gerais\Documentos com unidade
[2026-07-27 14:19:02.320] [INFO] Pasta criada: Engenharia\Ecovias Capixaba\Projetos\Duplicação C\0 - Documentos Gerais\Documentos com unidade (ProjectID=427851).
[2026-07-27 14:19:02.376] [INFO] Criando pasta sem ambiente: Engenharia\Ecovias Capixaba\Projetos\Duplicação C\0 - Documentos Gerais\Documentos com unidade\GRD-COM-EC1-Duplicação C-0000001
[2026-07-27 14:19:02.819] [INFO] Pasta criada: Engenharia\Ecovias Capixaba\Projetos\Duplicação C\0 - Documentos Gerais\Documentos com unidade\GRD-COM-EC1-Duplicação C-0000001 (ProjectID=427852).
[2026-07-27 14:19:03.039] [INFO] Importando Excel na pasta final: GRD-COM-EC1-Duplicação C-0000001.xlsx
[2026-07-27 14:19:03.409] [INFO] Excel importado com sucesso: DocumentID=1; caminho=Engenharia\Ecovias Capixaba\Projetos\Duplicação C\0 - Documentos Gerais\Documentos com unidade\GRD-COM-EC1-Duplicação C-0000001\GRD-COM-EC1-Duplicação C-0000001.xlsx
[2026-07-27 14:19:03.411] [INFO] Analisando grupo 'GRD-COM-EC1-Dupli. Contor. de Ibiraçu' (ANTT) com 190 documento(s).
[2026-07-27 14:19:03.597] [AVISO] Estrutura ausente para 'GRD-COM-EC1-Dupli. Contor. de Ibiraçu'. Precisam ser criadas: Engenharia\Ecovias Capixaba\Projetos\Dupli. Contor. de Ibiraçu\0 - Documentos Gerais; Engenharia\Ecovias Capixaba\Projetos\Dupli. Contor. de Ibiraçu\0 - Documentos Gerais\Documentos com unidade; Engenharia\Ecovias Capixaba\Projetos\Dupli. Contor. de Ibiraçu\0 - Documentos Gerais\Documentos com unidade\GRD-COM-EC1-Dupli. Contor. de Ibiraçu-0000001
[2026-07-27 14:19:03.598] [INFO] Grupo 'GRD-COM-EC1-Dupli. Contor. de Ibiraçu': GRD prevista 'GRD-COM-EC1-Dupli. Contor. de Ibiraçu-0000001'; destino 'Engenharia\Ecovias Capixaba\Projetos\Dupli. Contor. de Ibiraçu\0 - Documentos Gerais\Documentos com unidade\GRD-COM-EC1-Dupli. Contor. de Ibiraçu-0000001'. Nenhuma pasta receberá ambiente.
[2026-07-27 14:19:03.788] [INFO] Excel local gerado para 'GRD-COM-EC1-Dupli. Contor. de Ibiraçu': C:\Users\peter\OneDrive - Grupo Ecorodovias\Área de Trabalho\Scritps_novos\SaidaSimulacao\20260727_141659\ANTT\GRD-COM-EC1-Dupli. Contor. de Ibiraçu-0000001.xlsx
[2026-07-27 14:19:03.824] [INFO] Criando pasta sem ambiente: Engenharia\Ecovias Capixaba\Projetos\Dupli. Contor. de Ibiraçu\0 - Documentos Gerais
[2026-07-27 14:19:04.226] [INFO] Pasta criada: Engenharia\Ecovias Capixaba\Projetos\Dupli. Contor. de Ibiraçu\0 - Documentos Gerais (ProjectID=427853).
[2026-07-27 14:19:04.263] [INFO] Criando pasta sem ambiente: Engenharia\Ecovias Capixaba\Projetos\Dupli. Contor. de Ibiraçu\0 - Documentos Gerais\Documentos com unidade
[2026-07-27 14:19:04.505] [INFO] Pasta criada: Engenharia\Ecovias Capixaba\Projetos\Dupli. Contor. de Ibiraçu\0 - Documentos Gerais\Documentos com unidade (ProjectID=427854).
[2026-07-27 14:19:04.553] [INFO] Criando pasta sem ambiente: Engenharia\Ecovias Capixaba\Projetos\Dupli. Contor. de Ibiraçu\0 - Documentos Gerais\Documentos com unidade\GRD-COM-EC1-Dupli. Contor. de Ibiraçu-0000001
[2026-07-27 14:19:04.833] [INFO] Pasta criada: Engenharia\Ecovias Capixaba\Projetos\Dupli. Contor. de Ibiraçu\0 - Documentos Gerais\Documentos com unidade\GRD-COM-EC1-Dupli. Contor. de Ibiraçu-0000001 (ProjectID=427855).
[2026-07-27 14:19:05.088] [INFO] Importando Excel na pasta final: GRD-COM-EC1-Dupli. Contor. de Ibiraçu-0000001.xlsx
[2026-07-27 14:19:05.870] [INFO] Excel importado com sucesso: DocumentID=1; caminho=Engenharia\Ecovias Capixaba\Projetos\Dupli. Contor. de Ibiraçu\0 - Documentos Gerais\Documentos com unidade\GRD-COM-EC1-Dupli. Contor. de Ibiraçu-0000001\GRD-COM-EC1-Dupli. Contor. de Ibiraçu-0000001.xlsx
[2026-07-27 14:19:05.871] [INFO] Analisando grupo 'GRD-COM-EC1-Dupli. Contor. de Fundão' (ANTT) com 282 documento(s).
[2026-07-27 14:19:05.991] [AVISO] Estrutura ausente para 'GRD-COM-EC1-Dupli. Contor. de Fundão'. Precisam ser criadas: Engenharia\Ecovias Capixaba\Projetos\Dupli. Contor. de Fundão\0 - Documentos Gerais; Engenharia\Ecovias Capixaba\Projetos\Dupli. Contor. de Fundão\0 - Documentos Gerais\Documentos com unidade; Engenharia\Ecovias Capixaba\Projetos\Dupli. Contor. de Fundão\0 - Documentos Gerais\Documentos com unidade\GRD-COM-EC1-Dupli. Contor. de Fundão-0000001
[2026-07-27 14:19:05.992] [INFO] Grupo 'GRD-COM-EC1-Dupli. Contor. de Fundão': GRD prevista 'GRD-COM-EC1-Dupli. Contor. de Fundão-0000001'; destino 'Engenharia\Ecovias Capixaba\Projetos\Dupli. Contor. de Fundão\0 - Documentos Gerais\Documentos com unidade\GRD-COM-EC1-Dupli. Contor. de Fundão-0000001'. Nenhuma pasta receberá ambiente.
[2026-07-27 14:19:06.239] [INFO] Excel local gerado para 'GRD-COM-EC1-Dupli. Contor. de Fundão': C:\Users\peter\OneDrive - Grupo Ecorodovias\Área de Trabalho\Scritps_novos\SaidaSimulacao\20260727_141659\ANTT\GRD-COM-EC1-Dupli. Contor. de Fundão-0000001.xlsx
[2026-07-27 14:19:06.272] [INFO] Criando pasta sem ambiente: Engenharia\Ecovias Capixaba\Projetos\Dupli. Contor. de Fundão\0 - Documentos Gerais
[2026-07-27 14:19:06.437] [INFO] Pasta criada: Engenharia\Ecovias Capixaba\Projetos\Dupli. Contor. de Fundão\0 - Documentos Gerais (ProjectID=427856).
[2026-07-27 14:19:06.468] [INFO] Criando pasta sem ambiente: Engenharia\Ecovias Capixaba\Projetos\Dupli. Contor. de Fundão\0 - Documentos Gerais\Documentos com unidade
[2026-07-27 14:19:06.669] [INFO] Pasta criada: Engenharia\Ecovias Capixaba\Projetos\Dupli. Contor. de Fundão\0 - Documentos Gerais\Documentos com unidade (ProjectID=427857).
[2026-07-27 14:19:06.700] [INFO] Criando pasta sem ambiente: Engenharia\Ecovias Capixaba\Projetos\Dupli. Contor. de Fundão\0 - Documentos Gerais\Documentos com unidade\GRD-COM-EC1-Dupli. Contor. de Fundão-0000001
[2026-07-27 14:19:06.912] [INFO] Pasta criada: Engenharia\Ecovias Capixaba\Projetos\Dupli. Contor. de Fundão\0 - Documentos Gerais\Documentos com unidade\GRD-COM-EC1-Dupli. Contor. de Fundão-0000001 (ProjectID=427858).
[2026-07-27 14:19:07.179] [INFO] Importando Excel na pasta final: GRD-COM-EC1-Dupli. Contor. de Fundão-0000001.xlsx
[2026-07-27 14:19:07.420] [INFO] Excel importado com sucesso: DocumentID=1; caminho=Engenharia\Ecovias Capixaba\Projetos\Dupli. Contor. de Fundão\0 - Documentos Gerais\Documentos com unidade\GRD-COM-EC1-Dupli. Contor. de Fundão-0000001\GRD-COM-EC1-Dupli. Contor. de Fundão-0000001.xlsx
[2026-07-27 14:19:07.421] [INFO] Analisando grupo 'GRD-COM-EC1-Duplicação G2' (ANTT) com 776 documento(s).
[2026-07-27 14:19:07.588] [AVISO] Estrutura ausente para 'GRD-COM-EC1-Duplicação G2'. Precisam ser criadas: Engenharia\Ecovias Capixaba\Projetos\Duplicação G2\0 - Documentos Gerais\Documentos com unidade; Engenharia\Ecovias Capixaba\Projetos\Duplicação G2\0 - Documentos Gerais\Documentos com unidade\GRD-COM-EC1-Duplicação G2-0000001
[2026-07-27 14:19:07.589] [INFO] Grupo 'GRD-COM-EC1-Duplicação G2': GRD prevista 'GRD-COM-EC1-Duplicação G2-0000001'; destino 'Engenharia\Ecovias Capixaba\Projetos\Duplicação G2\0 - Documentos Gerais\Documentos com unidade\GRD-COM-EC1-Duplicação G2-0000001'. Nenhuma pasta receberá ambiente.
[2026-07-27 14:19:07.827] [INFO] Excel local gerado para 'GRD-COM-EC1-Duplicação G2': C:\Users\peter\OneDrive - Grupo Ecorodovias\Área de Trabalho\Scritps_novos\SaidaSimulacao\20260727_141659\ANTT\GRD-COM-EC1-Duplicação G2-0000001.xlsx
[2026-07-27 14:19:07.856] [INFO] Criando pasta sem ambiente: Engenharia\Ecovias Capixaba\Projetos\Duplicação G2\0 - Documentos Gerais\Documentos com unidade
[2026-07-27 14:19:08.127] [INFO] Pasta criada: Engenharia\Ecovias Capixaba\Projetos\Duplicação G2\0 - Documentos Gerais\Documentos com unidade (ProjectID=427859).
[2026-07-27 14:19:08.158] [INFO] Criando pasta sem ambiente: Engenharia\Ecovias Capixaba\Projetos\Duplicação G2\0 - Documentos Gerais\Documentos com unidade\GRD-COM-EC1-Duplicação G2-0000001
[2026-07-27 14:19:08.388] [INFO] Pasta criada: Engenharia\Ecovias Capixaba\Projetos\Duplicação G2\0 - Documentos Gerais\Documentos com unidade\GRD-COM-EC1-Duplicação G2-0000001 (ProjectID=427860).
[2026-07-27 14:19:08.631] [INFO] Importando Excel na pasta final: GRD-COM-EC1-Duplicação G2-0000001.xlsx
[2026-07-27 14:19:08.861] [INFO] Excel importado com sucesso: DocumentID=1; caminho=Engenharia\Ecovias Capixaba\Projetos\Duplicação G2\0 - Documentos Gerais\Documentos com unidade\GRD-COM-EC1-Duplicação G2-0000001\GRD-COM-EC1-Duplicação G2-0000001.xlsx
[2026-07-27 14:19:08.862] [INFO] Analisando grupo 'GRD-COM-EC1-Duplicação G1B' (ANTT) com 793 documento(s).
[2026-07-27 14:19:09.133] [AVISO] Estrutura ausente para 'GRD-COM-EC1-Duplicação G1B'. Precisam ser criadas: Engenharia\Ecovias Capixaba\Projetos\Duplicação G1B\0 - Documentos Gerais\Documentos com unidade; Engenharia\Ecovias Capixaba\Projetos\Duplicação G1B\0 - Documentos Gerais\Documentos com unidade\GRD-COM-EC1-Duplicação G1B-0000001
[2026-07-27 14:19:09.134] [INFO] Grupo 'GRD-COM-EC1-Duplicação G1B': GRD prevista 'GRD-COM-EC1-Duplicação G1B-0000001'; destino 'Engenharia\Ecovias Capixaba\Projetos\Duplicação G1B\0 - Documentos Gerais\Documentos com unidade\GRD-COM-EC1-Duplicação G1B-0000001'. Nenhuma pasta receberá ambiente.
[2026-07-27 14:19:09.389] [INFO] Excel local gerado para 'GRD-COM-EC1-Duplicação G1B': C:\Users\peter\OneDrive - Grupo Ecorodovias\Área de Trabalho\Scritps_novos\SaidaSimulacao\20260727_141659\ANTT\GRD-COM-EC1-Duplicação G1B-0000001.xlsx
[2026-07-27 14:19:09.421] [INFO] Criando pasta sem ambiente: Engenharia\Ecovias Capixaba\Projetos\Duplicação G1B\0 - Documentos Gerais\Documentos com unidade
[2026-07-27 14:19:09.620] [INFO] Pasta criada: Engenharia\Ecovias Capixaba\Projetos\Duplicação G1B\0 - Documentos Gerais\Documentos com unidade (ProjectID=427861).
[2026-07-27 14:19:09.657] [INFO] Criando pasta sem ambiente: Engenharia\Ecovias Capixaba\Projetos\Duplicação G1B\0 - Documentos Gerais\Documentos com unidade\GRD-COM-EC1-Duplicação G1B-0000001
[2026-07-27 14:19:09.901] [INFO] Pasta criada: Engenharia\Ecovias Capixaba\Projetos\Duplicação G1B\0 - Documentos Gerais\Documentos com unidade\GRD-COM-EC1-Duplicação G1B-0000001 (ProjectID=427862).
[2026-07-27 14:19:10.121] [INFO] Importando Excel na pasta final: GRD-COM-EC1-Duplicação G1B-0000001.xlsx
[2026-07-27 14:19:10.351] [INFO] Excel importado com sucesso: DocumentID=1; caminho=Engenharia\Ecovias Capixaba\Projetos\Duplicação G1B\0 - Documentos Gerais\Documentos com unidade\GRD-COM-EC1-Duplicação G1B-0000001\GRD-COM-EC1-Duplicação G1B-0000001.xlsx
[2026-07-27 14:19:10.353] [INFO] Analisando grupo 'GRD-COM-EC1-Duplicação G1A' (ANTT) com 856 documento(s).
[2026-07-27 14:19:10.518] [AVISO] Estrutura ausente para 'GRD-COM-EC1-Duplicação G1A'. Precisam ser criadas: Engenharia\Ecovias Capixaba\Projetos\Duplicação G1A\0 - Documentos Gerais\Documentos com unidade; Engenharia\Ecovias Capixaba\Projetos\Duplicação G1A\0 - Documentos Gerais\Documentos com unidade\GRD-COM-EC1-Duplicação G1A-0000001
[2026-07-27 14:19:10.519] [INFO] Grupo 'GRD-COM-EC1-Duplicação G1A': GRD prevista 'GRD-COM-EC1-Duplicação G1A-0000001'; destino 'Engenharia\Ecovias Capixaba\Projetos\Duplicação G1A\0 - Documentos Gerais\Documentos com unidade\GRD-COM-EC1-Duplicação G1A-0000001'. Nenhuma pasta receberá ambiente.
[2026-07-27 14:19:10.746] [INFO] Excel local gerado para 'GRD-COM-EC1-Duplicação G1A': C:\Users\peter\OneDrive - Grupo Ecorodovias\Área de Trabalho\Scritps_novos\SaidaSimulacao\20260727_141659\ANTT\GRD-COM-EC1-Duplicação G1A-0000001.xlsx
[2026-07-27 14:19:10.794] [INFO] Criando pasta sem ambiente: Engenharia\Ecovias Capixaba\Projetos\Duplicação G1A\0 - Documentos Gerais\Documentos com unidade
[2026-07-27 14:19:11.031] [INFO] Pasta criada: Engenharia\Ecovias Capixaba\Projetos\Duplicação G1A\0 - Documentos Gerais\Documentos com unidade (ProjectID=427863).
[2026-07-27 14:19:11.069] [INFO] Criando pasta sem ambiente: Engenharia\Ecovias Capixaba\Projetos\Duplicação G1A\0 - Documentos Gerais\Documentos com unidade\GRD-COM-EC1-Duplicação G1A-0000001
[2026-07-27 14:19:11.300] [INFO] Pasta criada: Engenharia\Ecovias Capixaba\Projetos\Duplicação G1A\0 - Documentos Gerais\Documentos com unidade\GRD-COM-EC1-Duplicação G1A-0000001 (ProjectID=427864).
[2026-07-27 14:19:11.549] [INFO] Importando Excel na pasta final: GRD-COM-EC1-Duplicação G1A-0000001.xlsx
[2026-07-27 14:19:11.819] [INFO] Excel importado com sucesso: DocumentID=1; caminho=Engenharia\Ecovias Capixaba\Projetos\Duplicação G1A\0 - Documentos Gerais\Documentos com unidade\GRD-COM-EC1-Duplicação G1A-0000001\GRD-COM-EC1-Duplicação G1A-0000001.xlsx
[2026-07-27 14:19:11.819] [INFO] Analisando grupo 'GRD-COM-EC1-Duplicação D2' (ANTT) com 442 documento(s).
[2026-07-27 14:19:11.981] [AVISO] Estrutura ausente para 'GRD-COM-EC1-Duplicação D2'. Precisam ser criadas: Engenharia\Ecovias Capixaba\Projetos\Duplicação D2\0 - Documentos Gerais\Documentos com unidade; Engenharia\Ecovias Capixaba\Projetos\Duplicação D2\0 - Documentos Gerais\Documentos com unidade\GRD-COM-EC1-Duplicação D2-0000001
[2026-07-27 14:19:11.982] [INFO] Grupo 'GRD-COM-EC1-Duplicação D2': GRD prevista 'GRD-COM-EC1-Duplicação D2-0000001'; destino 'Engenharia\Ecovias Capixaba\Projetos\Duplicação D2\0 - Documentos Gerais\Documentos com unidade\GRD-COM-EC1-Duplicação D2-0000001'. Nenhuma pasta receberá ambiente.
[2026-07-27 14:19:12.180] [INFO] Excel local gerado para 'GRD-COM-EC1-Duplicação D2': C:\Users\peter\OneDrive - Grupo Ecorodovias\Área de Trabalho\Scritps_novos\SaidaSimulacao\20260727_141659\ANTT\GRD-COM-EC1-Duplicação D2-0000001.xlsx
[2026-07-27 14:19:12.210] [INFO] Criando pasta sem ambiente: Engenharia\Ecovias Capixaba\Projetos\Duplicação D2\0 - Documentos Gerais\Documentos com unidade
[2026-07-27 14:19:12.489] [INFO] Pasta criada: Engenharia\Ecovias Capixaba\Projetos\Duplicação D2\0 - Documentos Gerais\Documentos com unidade (ProjectID=427865).
[2026-07-27 14:19:12.522] [INFO] Criando pasta sem ambiente: Engenharia\Ecovias Capixaba\Projetos\Duplicação D2\0 - Documentos Gerais\Documentos com unidade\GRD-COM-EC1-Duplicação D2-0000001
[2026-07-27 14:19:12.747] [INFO] Pasta criada: Engenharia\Ecovias Capixaba\Projetos\Duplicação D2\0 - Documentos Gerais\Documentos com unidade\GRD-COM-EC1-Duplicação D2-0000001 (ProjectID=427866).
[2026-07-27 14:19:12.978] [INFO] Importando Excel na pasta final: GRD-COM-EC1-Duplicação D2-0000001.xlsx
[2026-07-27 14:19:13.228] [INFO] Excel importado com sucesso: DocumentID=1; caminho=Engenharia\Ecovias Capixaba\Projetos\Duplicação D2\0 - Documentos Gerais\Documentos com unidade\GRD-COM-EC1-Duplicação D2-0000001\GRD-COM-EC1-Duplicação D2-0000001.xlsx
[2026-07-27 14:19:13.229] [INFO] Analisando grupo 'GRD-COM-ECA-HS-WIM km169+067' (ANTT) com 18 documento(s).
[2026-07-27 14:19:13.380] [AVISO] Estrutura ausente para 'GRD-COM-ECA-HS-WIM km169+067'. Precisam ser criadas: Engenharia\Ecovias Araguaia\Projetos\HS-WIM 1 km169+067\0 - Documentos Gerais\Documentos com unidade; Engenharia\Ecovias Araguaia\Projetos\HS-WIM 1 km169+067\0 - Documentos Gerais\Documentos com unidade\GRD-COM-ECA-HS-WIM km169+067-0000001
[2026-07-27 14:19:13.382] [INFO] Grupo 'GRD-COM-ECA-HS-WIM km169+067': GRD prevista 'GRD-COM-ECA-HS-WIM km169+067-0000001'; destino 'Engenharia\Ecovias Araguaia\Projetos\HS-WIM 1 km169+067\0 - Documentos Gerais\Documentos com unidade\GRD-COM-ECA-HS-WIM km169+067-0000001'. Nenhuma pasta receberá ambiente.
[2026-07-27 14:19:13.551] [INFO] Excel local gerado para 'GRD-COM-ECA-HS-WIM km169+067': C:\Users\peter\OneDrive - Grupo Ecorodovias\Área de Trabalho\Scritps_novos\SaidaSimulacao\20260727_141659\ANTT\GRD-COM-ECA-HS-WIM km169+067-0000001.xlsx
[2026-07-27 14:19:13.583] [INFO] Criando pasta sem ambiente: Engenharia\Ecovias Araguaia\Projetos\HS-WIM 1 km169+067\0 - Documentos Gerais\Documentos com unidade
[2026-07-27 14:19:13.781] [INFO] Pasta criada: Engenharia\Ecovias Araguaia\Projetos\HS-WIM 1 km169+067\0 - Documentos Gerais\Documentos com unidade (ProjectID=427867).
[2026-07-27 14:19:13.813] [INFO] Criando pasta sem ambiente: Engenharia\Ecovias Araguaia\Projetos\HS-WIM 1 km169+067\0 - Documentos Gerais\Documentos com unidade\GRD-COM-ECA-HS-WIM km169+067-0000001
[2026-07-27 14:19:14.022] [INFO] Pasta criada: Engenharia\Ecovias Araguaia\Projetos\HS-WIM 1 km169+067\0 - Documentos Gerais\Documentos com unidade\GRD-COM-ECA-HS-WIM km169+067-0000001 (ProjectID=427868).
[2026-07-27 14:19:14.223] [INFO] Importando Excel na pasta final: GRD-COM-ECA-HS-WIM km169+067-0000001.xlsx
[2026-07-27 14:19:14.451] [INFO] Excel importado com sucesso: DocumentID=1; caminho=Engenharia\Ecovias Araguaia\Projetos\HS-WIM 1 km169+067\0 - Documentos Gerais\Documentos com unidade\GRD-COM-ECA-HS-WIM km169+067-0000001\GRD-COM-ECA-HS-WIM km169+067-0000001.xlsx
[2026-07-27 14:19:14.451] [INFO] Analisando grupo 'GRD-COM-ECA-Retorno km 1+238' (ANTT) com 6 documento(s).
[2026-07-27 14:19:14.600] [AVISO] Estrutura ausente para 'GRD-COM-ECA-Retorno km 1+238'. Precisam ser criadas: Engenharia\Ecovias Araguaia\Projetos\Retorno km 1+238\0 - Documentos Gerais\Documentos com unidade; Engenharia\Ecovias Araguaia\Projetos\Retorno km 1+238\0 - Documentos Gerais\Documentos com unidade\GRD-COM-ECA-Retorno km 1+238-0000001
[2026-07-27 14:19:14.601] [INFO] Grupo 'GRD-COM-ECA-Retorno km 1+238': GRD prevista 'GRD-COM-ECA-Retorno km 1+238-0000001'; destino 'Engenharia\Ecovias Araguaia\Projetos\Retorno km 1+238\0 - Documentos Gerais\Documentos com unidade\GRD-COM-ECA-Retorno km 1+238-0000001'. Nenhuma pasta receberá ambiente.
[2026-07-27 14:19:14.764] [INFO] Excel local gerado para 'GRD-COM-ECA-Retorno km 1+238': C:\Users\peter\OneDrive - Grupo Ecorodovias\Área de Trabalho\Scritps_novos\SaidaSimulacao\20260727_141659\ANTT\GRD-COM-ECA-Retorno km 1+238-0000001.xlsx
[2026-07-27 14:19:14.794] [INFO] Criando pasta sem ambiente: Engenharia\Ecovias Araguaia\Projetos\Retorno km 1+238\0 - Documentos Gerais\Documentos com unidade
[2026-07-27 14:19:14.987] [INFO] Pasta criada: Engenharia\Ecovias Araguaia\Projetos\Retorno km 1+238\0 - Documentos Gerais\Documentos com unidade (ProjectID=427869).
[2026-07-27 14:19:15.024] [INFO] Criando pasta sem ambiente: Engenharia\Ecovias Araguaia\Projetos\Retorno km 1+238\0 - Documentos Gerais\Documentos com unidade\GRD-COM-ECA-Retorno km 1+238-0000001
[2026-07-27 14:19:15.236] [INFO] Pasta criada: Engenharia\Ecovias Araguaia\Projetos\Retorno km 1+238\0 - Documentos Gerais\Documentos com unidade\GRD-COM-ECA-Retorno km 1+238-0000001 (ProjectID=427870).
[2026-07-27 14:19:15.424] [INFO] Importando Excel na pasta final: GRD-COM-ECA-Retorno km 1+238-0000001.xlsx
[2026-07-27 14:19:15.723] [INFO] Excel importado com sucesso: DocumentID=1; caminho=Engenharia\Ecovias Araguaia\Projetos\Retorno km 1+238\0 - Documentos Gerais\Documentos com unidade\GRD-COM-ECA-Retorno km 1+238-0000001\GRD-COM-ECA-Retorno km 1+238-0000001.xlsx
[2026-07-27 14:19:15.723] [INFO] Analisando grupo 'GRD-COM-ECA-Acesso 6°Ano 158+630' (ANTT) com 58 documento(s).
[2026-07-27 14:19:15.874] [AVISO] Estrutura ausente para 'GRD-COM-ECA-Acesso 6°Ano 158+630'. Precisam ser criadas: Engenharia\Ecovias Araguaia\Projetos\Acesso 6°Ano 158+630\0 - Documentos Gerais\Documentos com unidade; Engenharia\Ecovias Araguaia\Projetos\Acesso 6°Ano 158+630\0 - Documentos Gerais\Documentos com unidade\GRD-COM-ECA-Acesso 6°Ano 158+630-0000001
[2026-07-27 14:19:15.877] [INFO] Grupo 'GRD-COM-ECA-Acesso 6°Ano 158+630': GRD prevista 'GRD-COM-ECA-Acesso 6°Ano 158+630-0000001'; destino 'Engenharia\Ecovias Araguaia\Projetos\Acesso 6°Ano 158+630\0 - Documentos Gerais\Documentos com unidade\GRD-COM-ECA-Acesso 6°Ano 158+630-0000001'. Nenhuma pasta receberá ambiente.
[2026-07-27 14:19:16.077] [INFO] Excel local gerado para 'GRD-COM-ECA-Acesso 6°Ano 158+630': C:\Users\peter\OneDrive - Grupo Ecorodovias\Área de Trabalho\Scritps_novos\SaidaSimulacao\20260727_141659\ANTT\GRD-COM-ECA-Acesso 6°Ano 158+630-0000001.xlsx
[2026-07-27 14:19:16.109] [INFO] Criando pasta sem ambiente: Engenharia\Ecovias Araguaia\Projetos\Acesso 6°Ano 158+630\0 - Documentos Gerais\Documentos com unidade
[2026-07-27 14:19:16.302] [INFO] Pasta criada: Engenharia\Ecovias Araguaia\Projetos\Acesso 6°Ano 158+630\0 - Documentos Gerais\Documentos com unidade (ProjectID=427871).
[2026-07-27 14:19:16.336] [INFO] Criando pasta sem ambiente: Engenharia\Ecovias Araguaia\Projetos\Acesso 6°Ano 158+630\0 - Documentos Gerais\Documentos com unidade\GRD-COM-ECA-Acesso 6°Ano 158+630-0000001
[2026-07-27 14:19:16.588] [INFO] Pasta criada: Engenharia\Ecovias Araguaia\Projetos\Acesso 6°Ano 158+630\0 - Documentos Gerais\Documentos com unidade\GRD-COM-ECA-Acesso 6°Ano 158+630-0000001 (ProjectID=427872).
[2026-07-27 14:19:16.825] [INFO] Importando Excel na pasta final: GRD-COM-ECA-Acesso 6°Ano 158+630-0000001.xlsx
[2026-07-27 14:19:17.051] [INFO] Excel importado com sucesso: DocumentID=1; caminho=Engenharia\Ecovias Araguaia\Projetos\Acesso 6°Ano 158+630\0 - Documentos Gerais\Documentos com unidade\GRD-COM-ECA-Acesso 6°Ano 158+630-0000001\GRD-COM-ECA-Acesso 6°Ano 158+630-0000001.xlsx
[2026-07-27 14:19:17.052] [INFO] Analisando grupo 'GRD-COM-EC1-HS-WIM' (ANTT) com 207 documento(s).
[2026-07-27 14:19:17.205] [AVISO] Estrutura ausente para 'GRD-COM-EC1-HS-WIM'. Precisam ser criadas: Engenharia\Ecovias Capixaba\Projetos\HS-WIM\0 - Documentos Gerais\Documentos com unidade; Engenharia\Ecovias Capixaba\Projetos\HS-WIM\0 - Documentos Gerais\Documentos com unidade\GRD-COM-EC1-HS-WIM-0000001
[2026-07-27 14:19:17.205] [INFO] Grupo 'GRD-COM-EC1-HS-WIM': GRD prevista 'GRD-COM-EC1-HS-WIM-0000001'; destino 'Engenharia\Ecovias Capixaba\Projetos\HS-WIM\0 - Documentos Gerais\Documentos com unidade\GRD-COM-EC1-HS-WIM-0000001'. Nenhuma pasta receberá ambiente.
[2026-07-27 14:19:17.386] [INFO] Excel local gerado para 'GRD-COM-EC1-HS-WIM': C:\Users\peter\OneDrive - Grupo Ecorodovias\Área de Trabalho\Scritps_novos\SaidaSimulacao\20260727_141659\ANTT\GRD-COM-EC1-HS-WIM-0000001.xlsx
[2026-07-27 14:19:17.411] [INFO] Criando pasta sem ambiente: Engenharia\Ecovias Capixaba\Projetos\HS-WIM\0 - Documentos Gerais\Documentos com unidade
[2026-07-27 14:19:17.616] [INFO] Pasta criada: Engenharia\Ecovias Capixaba\Projetos\HS-WIM\0 - Documentos Gerais\Documentos com unidade (ProjectID=427873).
[2026-07-27 14:19:17.646] [INFO] Criando pasta sem ambiente: Engenharia\Ecovias Capixaba\Projetos\HS-WIM\0 - Documentos Gerais\Documentos com unidade\GRD-COM-EC1-HS-WIM-0000001
[2026-07-27 14:19:17.885] [INFO] Pasta criada: Engenharia\Ecovias Capixaba\Projetos\HS-WIM\0 - Documentos Gerais\Documentos com unidade\GRD-COM-EC1-HS-WIM-0000001 (ProjectID=427874).
[2026-07-27 14:19:18.082] [INFO] Importando Excel na pasta final: GRD-COM-EC1-HS-WIM-0000001.xlsx
[2026-07-27 14:19:18.316] [INFO] Excel importado com sucesso: DocumentID=1; caminho=Engenharia\Ecovias Capixaba\Projetos\HS-WIM\0 - Documentos Gerais\Documentos com unidade\GRD-COM-EC1-HS-WIM-0000001\GRD-COM-EC1-HS-WIM-0000001.xlsx
[2026-07-27 14:19:18.317] [INFO] Analisando grupo 'GRD-COM-EC1-Contorno Dis.' (ANTT) com 289 documento(s).
[2026-07-27 14:19:18.468] [AVISO] Estrutura ausente para 'GRD-COM-EC1-Contorno Dis.'. Precisam ser criadas: Engenharia\Ecovias Capixaba\Projetos\Contorno Dis.\0 - Documentos Gerais\Documentos com unidade; Engenharia\Ecovias Capixaba\Projetos\Contorno Dis.\0 - Documentos Gerais\Documentos com unidade\GRD-COM-EC1-Contorno Dis.-0000001
[2026-07-27 14:19:18.469] [INFO] Grupo 'GRD-COM-EC1-Contorno Dis.': GRD prevista 'GRD-COM-EC1-Contorno Dis.-0000001'; destino 'Engenharia\Ecovias Capixaba\Projetos\Contorno Dis.\0 - Documentos Gerais\Documentos com unidade\GRD-COM-EC1-Contorno Dis.-0000001'. Nenhuma pasta receberá ambiente.
[2026-07-27 14:19:18.652] [INFO] Excel local gerado para 'GRD-COM-EC1-Contorno Dis.': C:\Users\peter\OneDrive - Grupo Ecorodovias\Área de Trabalho\Scritps_novos\SaidaSimulacao\20260727_141659\ANTT\GRD-COM-EC1-Contorno Dis.-0000001.xlsx
[2026-07-27 14:19:18.681] [INFO] Criando pasta sem ambiente: Engenharia\Ecovias Capixaba\Projetos\Contorno Dis.\0 - Documentos Gerais\Documentos com unidade
[2026-07-27 14:19:18.914] [INFO] Pasta criada: Engenharia\Ecovias Capixaba\Projetos\Contorno Dis.\0 - Documentos Gerais\Documentos com unidade (ProjectID=427875).
[2026-07-27 14:19:19.171] [INFO] Criando pasta sem ambiente: Engenharia\Ecovias Capixaba\Projetos\Contorno Dis.\0 - Documentos Gerais\Documentos com unidade\GRD-COM-EC1-Contorno Dis.-0000001
[2026-07-27 14:19:19.374] [INFO] Pasta criada: Engenharia\Ecovias Capixaba\Projetos\Contorno Dis.\0 - Documentos Gerais\Documentos com unidade\GRD-COM-EC1-Contorno Dis.-0000001 (ProjectID=427876).
[2026-07-27 14:19:19.552] [INFO] Importando Excel na pasta final: GRD-COM-EC1-Contorno Dis.-0000001.xlsx
[2026-07-27 14:19:19.791] [INFO] Excel importado com sucesso: DocumentID=1; caminho=Engenharia\Ecovias Capixaba\Projetos\Contorno Dis.\0 - Documentos Gerais\Documentos com unidade\GRD-COM-EC1-Contorno Dis.-0000001\GRD-COM-EC1-Contorno Dis.-0000001.xlsx
[2026-07-27 14:19:19.791] [INFO] Analisando grupo 'GRD-COM-ECA-Acesso 5°Ano 188+550' (ANTT) com 48 documento(s).
[2026-07-27 14:19:19.947] [AVISO] Estrutura ausente para 'GRD-COM-ECA-Acesso 5°Ano 188+550'. Precisam ser criadas: Engenharia\Ecovias Araguaia\Projetos\Acesso 5°Ano 188+550\0 - Documentos Gerais\Documentos com unidade; Engenharia\Ecovias Araguaia\Projetos\Acesso 5°Ano 188+550\0 - Documentos Gerais\Documentos com unidade\GRD-COM-ECA-Acesso 5°Ano 188+550-0000001
[2026-07-27 14:19:19.947] [INFO] Grupo 'GRD-COM-ECA-Acesso 5°Ano 188+550': GRD prevista 'GRD-COM-ECA-Acesso 5°Ano 188+550-0000001'; destino 'Engenharia\Ecovias Araguaia\Projetos\Acesso 5°Ano 188+550\0 - Documentos Gerais\Documentos com unidade\GRD-COM-ECA-Acesso 5°Ano 188+550-0000001'. Nenhuma pasta receberá ambiente.
[2026-07-27 14:19:20.124] [INFO] Excel local gerado para 'GRD-COM-ECA-Acesso 5°Ano 188+550': C:\Users\peter\OneDrive - Grupo Ecorodovias\Área de Trabalho\Scritps_novos\SaidaSimulacao\20260727_141659\ANTT\GRD-COM-ECA-Acesso 5°Ano 188+550-0000001.xlsx
[2026-07-27 14:19:20.153] [INFO] Criando pasta sem ambiente: Engenharia\Ecovias Araguaia\Projetos\Acesso 5°Ano 188+550\0 - Documentos Gerais\Documentos com unidade
[2026-07-27 14:19:20.365] [INFO] Pasta criada: Engenharia\Ecovias Araguaia\Projetos\Acesso 5°Ano 188+550\0 - Documentos Gerais\Documentos com unidade (ProjectID=427877).
[2026-07-27 14:19:20.410] [INFO] Criando pasta sem ambiente: Engenharia\Ecovias Araguaia\Projetos\Acesso 5°Ano 188+550\0 - Documentos Gerais\Documentos com unidade\GRD-COM-ECA-Acesso 5°Ano 188+550-0000001
[2026-07-27 14:19:20.619] [INFO] Pasta criada: Engenharia\Ecovias Araguaia\Projetos\Acesso 5°Ano 188+550\0 - Documentos Gerais\Documentos com unidade\GRD-COM-ECA-Acesso 5°Ano 188+550-0000001 (ProjectID=427878).
[2026-07-27 14:19:20.829] [INFO] Importando Excel na pasta final: GRD-COM-ECA-Acesso 5°Ano 188+550-0000001.xlsx
[2026-07-27 14:19:21.052] [INFO] Excel importado com sucesso: DocumentID=1; caminho=Engenharia\Ecovias Araguaia\Projetos\Acesso 5°Ano 188+550\0 - Documentos Gerais\Documentos com unidade\GRD-COM-ECA-Acesso 5°Ano 188+550-0000001\GRD-COM-ECA-Acesso 5°Ano 188+550-0000001.xlsx
[2026-07-27 14:19:21.054] [INFO] Analisando grupo 'GRD-COM-ECA-Acesso 5°Ano 188+210' (ANTT) com 41 documento(s).
[2026-07-27 14:19:21.279] [AVISO] Estrutura ausente para 'GRD-COM-ECA-Acesso 5°Ano 188+210'. Precisam ser criadas: Engenharia\Ecovias Araguaia\Projetos\Acesso 5°Ano 188+210\0 - Documentos Gerais\Documentos com unidade; Engenharia\Ecovias Araguaia\Projetos\Acesso 5°Ano 188+210\0 - Documentos Gerais\Documentos com unidade\GRD-COM-ECA-Acesso 5°Ano 188+210-0000001
[2026-07-27 14:19:21.279] [INFO] Grupo 'GRD-COM-ECA-Acesso 5°Ano 188+210': GRD prevista 'GRD-COM-ECA-Acesso 5°Ano 188+210-0000001'; destino 'Engenharia\Ecovias Araguaia\Projetos\Acesso 5°Ano 188+210\0 - Documentos Gerais\Documentos com unidade\GRD-COM-ECA-Acesso 5°Ano 188+210-0000001'. Nenhuma pasta receberá ambiente.
[2026-07-27 14:19:21.450] [INFO] Excel local gerado para 'GRD-COM-ECA-Acesso 5°Ano 188+210': C:\Users\peter\OneDrive - Grupo Ecorodovias\Área de Trabalho\Scritps_novos\SaidaSimulacao\20260727_141659\ANTT\GRD-COM-ECA-Acesso 5°Ano 188+210-0000001.xlsx
[2026-07-27 14:19:21.484] [INFO] Criando pasta sem ambiente: Engenharia\Ecovias Araguaia\Projetos\Acesso 5°Ano 188+210\0 - Documentos Gerais\Documentos com unidade
[2026-07-27 14:19:21.688] [INFO] Pasta criada: Engenharia\Ecovias Araguaia\Projetos\Acesso 5°Ano 188+210\0 - Documentos Gerais\Documentos com unidade (ProjectID=427879).
[2026-07-27 14:19:21.724] [INFO] Criando pasta sem ambiente: Engenharia\Ecovias Araguaia\Projetos\Acesso 5°Ano 188+210\0 - Documentos Gerais\Documentos com unidade\GRD-COM-ECA-Acesso 5°Ano 188+210-0000001
[2026-07-27 14:19:21.934] [INFO] Pasta criada: Engenharia\Ecovias Araguaia\Projetos\Acesso 5°Ano 188+210\0 - Documentos Gerais\Documentos com unidade\GRD-COM-ECA-Acesso 5°Ano 188+210-0000001 (ProjectID=427880).
[2026-07-27 14:19:22.154] [INFO] Importando Excel na pasta final: GRD-COM-ECA-Acesso 5°Ano 188+210-0000001.xlsx
[2026-07-27 14:19:22.382] [INFO] Excel importado com sucesso: DocumentID=1; caminho=Engenharia\Ecovias Araguaia\Projetos\Acesso 5°Ano 188+210\0 - Documentos Gerais\Documentos com unidade\GRD-COM-ECA-Acesso 5°Ano 188+210-0000001\GRD-COM-ECA-Acesso 5°Ano 188+210-0000001.xlsx
[2026-07-27 14:19:22.383] [INFO] Analisando grupo 'GRD-COM-ECA-Ampliações 3°Ano SH 2*' (ANTT) com 72 documento(s).
[2026-07-27 14:19:22.562] [AVISO] Estrutura ausente para 'GRD-COM-ECA-Ampliações 3°Ano SH 2*'. Precisam ser criadas: Engenharia\Ecovias Araguaia\Projetos\Ampliações 3°Ano SH 2*\0 - Documentos Gerais\Documentos com unidade; Engenharia\Ecovias Araguaia\Projetos\Ampliações 3°Ano SH 2*\0 - Documentos Gerais\Documentos com unidade\GRD-COM-ECA-Ampliações 3°Ano SH 2*-0000001
[2026-07-27 14:19:22.563] [INFO] Grupo 'GRD-COM-ECA-Ampliações 3°Ano SH 2*': GRD prevista 'GRD-COM-ECA-Ampliações 3°Ano SH 2*-0000001'; destino 'Engenharia\Ecovias Araguaia\Projetos\Ampliações 3°Ano SH 2*\0 - Documentos Gerais\Documentos com unidade\GRD-COM-ECA-Ampliações 3°Ano SH 2*-0000001'. Nenhuma pasta receberá ambiente.
[2026-07-27 14:19:22.731] [INFO] Excel local gerado para 'GRD-COM-ECA-Ampliações 3°Ano SH 2*': C:\Users\peter\OneDrive - Grupo Ecorodovias\Área de Trabalho\Scritps_novos\SaidaSimulacao\20260727_141659\ANTT\GRD-COM-ECA-Ampliações 3°Ano SH 2_-0000001.xlsx
[2026-07-27 14:19:22.764] [INFO] Criando pasta sem ambiente: Engenharia\Ecovias Araguaia\Projetos\Ampliações 3°Ano SH 2*\0 - Documentos Gerais\Documentos com unidade
[2026-07-27 14:19:23.014] [INFO] Pasta criada: Engenharia\Ecovias Araguaia\Projetos\Ampliações 3°Ano SH 2*\0 - Documentos Gerais\Documentos com unidade (ProjectID=427881).
[2026-07-27 14:19:23.054] [INFO] Criando pasta sem ambiente: Engenharia\Ecovias Araguaia\Projetos\Ampliações 3°Ano SH 2*\0 - Documentos Gerais\Documentos com unidade\GRD-COM-ECA-Ampliações 3°Ano SH 2*-0000001
[2026-07-27 14:19:23.286] [INFO] Pasta criada: Engenharia\Ecovias Araguaia\Projetos\Ampliações 3°Ano SH 2*\0 - Documentos Gerais\Documentos com unidade\GRD-COM-ECA-Ampliações 3°Ano SH 2*-0000001 (ProjectID=427882).
[2026-07-27 14:19:23.483] [INFO] Importando Excel na pasta final: GRD-COM-ECA-Ampliações 3°Ano SH 2_-0000001.xlsx
[2026-07-27 14:19:23.693] [INFO] Excel importado com sucesso: DocumentID=1; caminho=Engenharia\Ecovias Araguaia\Projetos\Ampliações 3°Ano SH 2*\0 - Documentos Gerais\Documentos com unidade\GRD-COM-ECA-Ampliações 3°Ano SH 2*-0000001\GRD-COM-ECA-Ampliações 3°Ano SH 2_-0000001.xlsx
[2026-07-27 14:19:23.695] [INFO] Analisando grupo 'GRD-COM-ECA-Retorno em U km 668' (ANTT) com 237 documento(s).
[2026-07-27 14:19:23.859] [AVISO] Estrutura ausente para 'GRD-COM-ECA-Retorno em U km 668'. Precisam ser criadas: Engenharia\Ecovias Araguaia\Projetos\Retorno em U km 668\0 - Documentos Gerais\Documentos com unidade; Engenharia\Ecovias Araguaia\Projetos\Retorno em U km 668\0 - Documentos Gerais\Documentos com unidade\GRD-COM-ECA-Retorno em U km 668-0000001
[2026-07-27 14:19:23.860] [INFO] Grupo 'GRD-COM-ECA-Retorno em U km 668': GRD prevista 'GRD-COM-ECA-Retorno em U km 668-0000001'; destino 'Engenharia\Ecovias Araguaia\Projetos\Retorno em U km 668\0 - Documentos Gerais\Documentos com unidade\GRD-COM-ECA-Retorno em U km 668-0000001'. Nenhuma pasta receberá ambiente.
[2026-07-27 14:19:24.041] [INFO] Excel local gerado para 'GRD-COM-ECA-Retorno em U km 668': C:\Users\peter\OneDrive - Grupo Ecorodovias\Área de Trabalho\Scritps_novos\SaidaSimulacao\20260727_141659\ANTT\GRD-COM-ECA-Retorno em U km 668-0000001.xlsx
[2026-07-27 14:19:24.077] [INFO] Criando pasta sem ambiente: Engenharia\Ecovias Araguaia\Projetos\Retorno em U km 668\0 - Documentos Gerais\Documentos com unidade
[2026-07-27 14:19:24.262] [INFO] Pasta criada: Engenharia\Ecovias Araguaia\Projetos\Retorno em U km 668\0 - Documentos Gerais\Documentos com unidade (ProjectID=427883).
[2026-07-27 14:19:24.300] [INFO] Criando pasta sem ambiente: Engenharia\Ecovias Araguaia\Projetos\Retorno em U km 668\0 - Documentos Gerais\Documentos com unidade\GRD-COM-ECA-Retorno em U km 668-0000001
[2026-07-27 14:19:24.495] [INFO] Pasta criada: Engenharia\Ecovias Araguaia\Projetos\Retorno em U km 668\0 - Documentos Gerais\Documentos com unidade\GRD-COM-ECA-Retorno em U km 668-0000001 (ProjectID=427884).
[2026-07-27 14:19:24.720] [INFO] Importando Excel na pasta final: GRD-COM-ECA-Retorno em U km 668-0000001.xlsx
[2026-07-27 14:19:25.002] [INFO] Excel importado com sucesso: DocumentID=1; caminho=Engenharia\Ecovias Araguaia\Projetos\Retorno em U km 668\0 - Documentos Gerais\Documentos com unidade\GRD-COM-ECA-Retorno em U km 668-0000001\GRD-COM-ECA-Retorno em U km 668-0000001.xlsx
[2026-07-27 14:19:25.003] [INFO] Analisando grupo 'GRD-COM-EC1-Vias Marginais' (ANTT) com 1457 documento(s).
[2026-07-27 14:19:25.156] [AVISO] Estrutura ausente para 'GRD-COM-EC1-Vias Marginais'. Precisam ser criadas: Engenharia\Ecovias Capixaba\Projetos\Vias Marginais\0 - Documentos Gerais\Documentos com unidade; Engenharia\Ecovias Capixaba\Projetos\Vias Marginais\0 - Documentos Gerais\Documentos com unidade\GRD-COM-EC1-Vias Marginais-0000001
[2026-07-27 14:19:25.158] [INFO] Grupo 'GRD-COM-EC1-Vias Marginais': GRD prevista 'GRD-COM-EC1-Vias Marginais-0000001'; destino 'Engenharia\Ecovias Capixaba\Projetos\Vias Marginais\0 - Documentos Gerais\Documentos com unidade\GRD-COM-EC1-Vias Marginais-0000001'. Nenhuma pasta receberá ambiente.
[2026-07-27 14:19:25.423] [INFO] Excel local gerado para 'GRD-COM-EC1-Vias Marginais': C:\Users\peter\OneDrive - Grupo Ecorodovias\Área de Trabalho\Scritps_novos\SaidaSimulacao\20260727_141659\ANTT\GRD-COM-EC1-Vias Marginais-0000001.xlsx
[2026-07-27 14:19:25.452] [INFO] Criando pasta sem ambiente: Engenharia\Ecovias Capixaba\Projetos\Vias Marginais\0 - Documentos Gerais\Documentos com unidade
[2026-07-27 14:19:25.645] [INFO] Pasta criada: Engenharia\Ecovias Capixaba\Projetos\Vias Marginais\0 - Documentos Gerais\Documentos com unidade (ProjectID=427885).
[2026-07-27 14:19:25.681] [INFO] Criando pasta sem ambiente: Engenharia\Ecovias Capixaba\Projetos\Vias Marginais\0 - Documentos Gerais\Documentos com unidade\GRD-COM-EC1-Vias Marginais-0000001
[2026-07-27 14:19:25.930] [INFO] Pasta criada: Engenharia\Ecovias Capixaba\Projetos\Vias Marginais\0 - Documentos Gerais\Documentos com unidade\GRD-COM-EC1-Vias Marginais-0000001 (ProjectID=427886).
[2026-07-27 14:19:26.109] [INFO] Importando Excel na pasta final: GRD-COM-EC1-Vias Marginais-0000001.xlsx
[2026-07-27 14:19:26.380] [INFO] Excel importado com sucesso: DocumentID=1; caminho=Engenharia\Ecovias Capixaba\Projetos\Vias Marginais\0 - Documentos Gerais\Documentos com unidade\GRD-COM-EC1-Vias Marginais-0000001\GRD-COM-EC1-Vias Marginais-0000001.xlsx
[2026-07-27 14:19:26.380] [INFO] Analisando grupo 'GRD-COM-ECP-Faixa Adicional km 321' (ANTT) com 60 documento(s).
[2026-07-27 14:19:26.565] [AVISO] Estrutura ausente para 'GRD-COM-ECP-Faixa Adicional km 321'. Precisam ser criadas: Engenharia\Ecovias Ponte\Projetos\Faixa Adicional km 321\0 - Documentos Gerais\Documentos com unidade; Engenharia\Ecovias Ponte\Projetos\Faixa Adicional km 321\0 - Documentos Gerais\Documentos com unidade\GRD-COM-ECP-Faixa Adicional km 321-0000001
[2026-07-27 14:19:26.566] [INFO] Grupo 'GRD-COM-ECP-Faixa Adicional km 321': GRD prevista 'GRD-COM-ECP-Faixa Adicional km 321-0000001'; destino 'Engenharia\Ecovias Ponte\Projetos\Faixa Adicional km 321\0 - Documentos Gerais\Documentos com unidade\GRD-COM-ECP-Faixa Adicional km 321-0000001'. Nenhuma pasta receberá ambiente.
[2026-07-27 14:19:26.748] [INFO] Excel local gerado para 'GRD-COM-ECP-Faixa Adicional km 321': C:\Users\peter\OneDrive - Grupo Ecorodovias\Área de Trabalho\Scritps_novos\SaidaSimulacao\20260727_141659\ANTT\GRD-COM-ECP-Faixa Adicional km 321-0000001.xlsx
[2026-07-27 14:19:26.797] [INFO] Criando pasta sem ambiente: Engenharia\Ecovias Ponte\Projetos\Faixa Adicional km 321\0 - Documentos Gerais\Documentos com unidade
[2026-07-27 14:19:27.211] [INFO] Pasta criada: Engenharia\Ecovias Ponte\Projetos\Faixa Adicional km 321\0 - Documentos Gerais\Documentos com unidade (ProjectID=427887).
[2026-07-27 14:19:27.248] [INFO] Criando pasta sem ambiente: Engenharia\Ecovias Ponte\Projetos\Faixa Adicional km 321\0 - Documentos Gerais\Documentos com unidade\GRD-COM-ECP-Faixa Adicional km 321-0000001
[2026-07-27 14:19:27.493] [INFO] Pasta criada: Engenharia\Ecovias Ponte\Projetos\Faixa Adicional km 321\0 - Documentos Gerais\Documentos com unidade\GRD-COM-ECP-Faixa Adicional km 321-0000001 (ProjectID=427888).
[2026-07-27 14:19:27.696] [INFO] Importando Excel na pasta final: GRD-COM-ECP-Faixa Adicional km 321-0000001.xlsx
[2026-07-27 14:19:27.935] [INFO] Excel importado com sucesso: DocumentID=1; caminho=Engenharia\Ecovias Ponte\Projetos\Faixa Adicional km 321\0 - Documentos Gerais\Documentos com unidade\GRD-COM-ECP-Faixa Adicional km 321-0000001\GRD-COM-ECP-Faixa Adicional km 321-0000001.xlsx
[2026-07-27 14:19:27.936] [INFO] Analisando grupo 'GRD-COM-ECS-Arroio Viúva Tereza' (ANTT) com 148 documento(s).
[2026-07-27 14:19:28.102] [AVISO] Estrutura ausente para 'GRD-COM-ECS-Arroio Viúva Tereza'. Precisam ser criadas: Engenharia\Ecovias Sul\Projetos\Arroio Viúva Tereza\0 - Documentos Gerais\Documentos com unidade; Engenharia\Ecovias Sul\Projetos\Arroio Viúva Tereza\0 - Documentos Gerais\Documentos com unidade\GRD-COM-ECS-Arroio Viúva Tereza-0000001
[2026-07-27 14:19:28.103] [INFO] Grupo 'GRD-COM-ECS-Arroio Viúva Tereza': GRD prevista 'GRD-COM-ECS-Arroio Viúva Tereza-0000001'; destino 'Engenharia\Ecovias Sul\Projetos\Arroio Viúva Tereza\0 - Documentos Gerais\Documentos com unidade\GRD-COM-ECS-Arroio Viúva Tereza-0000001'. Nenhuma pasta receberá ambiente.
[2026-07-27 14:19:28.306] [INFO] Excel local gerado para 'GRD-COM-ECS-Arroio Viúva Tereza': C:\Users\peter\OneDrive - Grupo Ecorodovias\Área de Trabalho\Scritps_novos\SaidaSimulacao\20260727_141659\ANTT\GRD-COM-ECS-Arroio Viúva Tereza-0000001.xlsx
[2026-07-27 14:19:28.334] [INFO] Criando pasta sem ambiente: Engenharia\Ecovias Sul\Projetos\Arroio Viúva Tereza\0 - Documentos Gerais\Documentos com unidade
[2026-07-27 14:19:28.551] [INFO] Pasta criada: Engenharia\Ecovias Sul\Projetos\Arroio Viúva Tereza\0 - Documentos Gerais\Documentos com unidade (ProjectID=427889).
[2026-07-27 14:19:28.586] [INFO] Criando pasta sem ambiente: Engenharia\Ecovias Sul\Projetos\Arroio Viúva Tereza\0 - Documentos Gerais\Documentos com unidade\GRD-COM-ECS-Arroio Viúva Tereza-0000001
[2026-07-27 14:19:28.794] [INFO] Pasta criada: Engenharia\Ecovias Sul\Projetos\Arroio Viúva Tereza\0 - Documentos Gerais\Documentos com unidade\GRD-COM-ECS-Arroio Viúva Tereza-0000001 (ProjectID=427890).
[2026-07-27 14:19:29.043] [INFO] Importando Excel na pasta final: GRD-COM-ECS-Arroio Viúva Tereza-0000001.xlsx
[2026-07-27 14:19:29.382] [INFO] Excel importado com sucesso: DocumentID=1; caminho=Engenharia\Ecovias Sul\Projetos\Arroio Viúva Tereza\0 - Documentos Gerais\Documentos com unidade\GRD-COM-ECS-Arroio Viúva Tereza-0000001\GRD-COM-ECS-Arroio Viúva Tereza-0000001.xlsx
[2026-07-27 14:19:29.383] [INFO] Analisando grupo 'GRD-COM-ECS-Arroio Corrientes' (ANTT) com 164 documento(s).
[2026-07-27 14:19:29.546] [AVISO] Estrutura ausente para 'GRD-COM-ECS-Arroio Corrientes'. Precisam ser criadas: Engenharia\Ecovias Sul\Projetos\Arroio Corrientes\0 - Documentos Gerais\Documentos com unidade; Engenharia\Ecovias Sul\Projetos\Arroio Corrientes\0 - Documentos Gerais\Documentos com unidade\GRD-COM-ECS-Arroio Corrientes-0000001
[2026-07-27 14:19:29.547] [INFO] Grupo 'GRD-COM-ECS-Arroio Corrientes': GRD prevista 'GRD-COM-ECS-Arroio Corrientes-0000001'; destino 'Engenharia\Ecovias Sul\Projetos\Arroio Corrientes\0 - Documentos Gerais\Documentos com unidade\GRD-COM-ECS-Arroio Corrientes-0000001'. Nenhuma pasta receberá ambiente.
[2026-07-27 14:19:29.720] [INFO] Excel local gerado para 'GRD-COM-ECS-Arroio Corrientes': C:\Users\peter\OneDrive - Grupo Ecorodovias\Área de Trabalho\Scritps_novos\SaidaSimulacao\20260727_141659\ANTT\GRD-COM-ECS-Arroio Corrientes-0000001.xlsx
[2026-07-27 14:19:29.755] [INFO] Criando pasta sem ambiente: Engenharia\Ecovias Sul\Projetos\Arroio Corrientes\0 - Documentos Gerais\Documentos com unidade
[2026-07-27 14:19:30.034] [INFO] Pasta criada: Engenharia\Ecovias Sul\Projetos\Arroio Corrientes\0 - Documentos Gerais\Documentos com unidade (ProjectID=427891).
[2026-07-27 14:19:30.062] [INFO] Criando pasta sem ambiente: Engenharia\Ecovias Sul\Projetos\Arroio Corrientes\0 - Documentos Gerais\Documentos com unidade\GRD-COM-ECS-Arroio Corrientes-0000001
[2026-07-27 14:19:30.265] [INFO] Pasta criada: Engenharia\Ecovias Sul\Projetos\Arroio Corrientes\0 - Documentos Gerais\Documentos com unidade\GRD-COM-ECS-Arroio Corrientes-0000001 (ProjectID=427892).
[2026-07-27 14:19:30.460] [INFO] Importando Excel na pasta final: GRD-COM-ECS-Arroio Corrientes-0000001.xlsx
[2026-07-27 14:19:30.710] [INFO] Excel importado com sucesso: DocumentID=1; caminho=Engenharia\Ecovias Sul\Projetos\Arroio Corrientes\0 - Documentos Gerais\Documentos com unidade\GRD-COM-ECS-Arroio Corrientes-0000001\GRD-COM-ECS-Arroio Corrientes-0000001.xlsx
[2026-07-27 14:19:30.711] [INFO] Analisando grupo 'GRD-COM-ECS-Arroio Contagem' (ANTT) com 5 documento(s).
[2026-07-27 14:19:30.856] [AVISO] Estrutura ausente para 'GRD-COM-ECS-Arroio Contagem'. Precisam ser criadas: Engenharia\Ecovias Sul\Projetos\Arroio Contagem\0 - Documentos Gerais\Documentos com unidade; Engenharia\Ecovias Sul\Projetos\Arroio Contagem\0 - Documentos Gerais\Documentos com unidade\GRD-COM-ECS-Arroio Contagem-0000001
[2026-07-27 14:19:30.858] [INFO] Grupo 'GRD-COM-ECS-Arroio Contagem': GRD prevista 'GRD-COM-ECS-Arroio Contagem-0000001'; destino 'Engenharia\Ecovias Sul\Projetos\Arroio Contagem\0 - Documentos Gerais\Documentos com unidade\GRD-COM-ECS-Arroio Contagem-0000001'. Nenhuma pasta receberá ambiente.
[2026-07-27 14:19:31.035] [INFO] Excel local gerado para 'GRD-COM-ECS-Arroio Contagem': C:\Users\peter\OneDrive - Grupo Ecorodovias\Área de Trabalho\Scritps_novos\SaidaSimulacao\20260727_141659\ANTT\GRD-COM-ECS-Arroio Contagem-0000001.xlsx
[2026-07-27 14:19:31.064] [INFO] Criando pasta sem ambiente: Engenharia\Ecovias Sul\Projetos\Arroio Contagem\0 - Documentos Gerais\Documentos com unidade
[2026-07-27 14:19:31.328] [INFO] Pasta criada: Engenharia\Ecovias Sul\Projetos\Arroio Contagem\0 - Documentos Gerais\Documentos com unidade (ProjectID=427893).
[2026-07-27 14:19:31.356] [INFO] Criando pasta sem ambiente: Engenharia\Ecovias Sul\Projetos\Arroio Contagem\0 - Documentos Gerais\Documentos com unidade\GRD-COM-ECS-Arroio Contagem-0000001
[2026-07-27 14:19:31.563] [INFO] Pasta criada: Engenharia\Ecovias Sul\Projetos\Arroio Contagem\0 - Documentos Gerais\Documentos com unidade\GRD-COM-ECS-Arroio Contagem-0000001 (ProjectID=427894).
[2026-07-27 14:19:31.739] [INFO] Importando Excel na pasta final: GRD-COM-ECS-Arroio Contagem-0000001.xlsx
[2026-07-27 14:19:31.958] [INFO] Excel importado com sucesso: DocumentID=1; caminho=Engenharia\Ecovias Sul\Projetos\Arroio Contagem\0 - Documentos Gerais\Documentos com unidade\GRD-COM-ECS-Arroio Contagem-0000001\GRD-COM-ECS-Arroio Contagem-0000001.xlsx
[2026-07-27 14:19:31.958] [INFO] Analisando grupo 'GRD-COM-ECA-Marginal sul km 671-677' (ANTT) com 102 documento(s).
[2026-07-27 14:19:32.145] [AVISO] Estrutura ausente para 'GRD-COM-ECA-Marginal sul km 671-677'. Precisam ser criadas: Engenharia\Ecovias Araguaia\Projetos\Marginal sul km 671-677\0 - Documentos Gerais\Documentos com unidade; Engenharia\Ecovias Araguaia\Projetos\Marginal sul km 671-677\0 - Documentos Gerais\Documentos com unidade\GRD-COM-ECA-Marginal sul km 671-677-0000001
[2026-07-27 14:19:32.146] [INFO] Grupo 'GRD-COM-ECA-Marginal sul km 671-677': GRD prevista 'GRD-COM-ECA-Marginal sul km 671-677-0000001'; destino 'Engenharia\Ecovias Araguaia\Projetos\Marginal sul km 671-677\0 - Documentos Gerais\Documentos com unidade\GRD-COM-ECA-Marginal sul km 671-677-0000001'. Nenhuma pasta receberá ambiente.
[2026-07-27 14:19:32.355] [INFO] Excel local gerado para 'GRD-COM-ECA-Marginal sul km 671-677': C:\Users\peter\OneDrive - Grupo Ecorodovias\Área de Trabalho\Scritps_novos\SaidaSimulacao\20260727_141659\ANTT\GRD-COM-ECA-Marginal sul km 671-677-0000001.xlsx
[2026-07-27 14:19:32.419] [INFO] Criando pasta sem ambiente: Engenharia\Ecovias Araguaia\Projetos\Marginal sul km 671-677\0 - Documentos Gerais\Documentos com unidade
[2026-07-27 14:19:32.733] [INFO] Pasta criada: Engenharia\Ecovias Araguaia\Projetos\Marginal sul km 671-677\0 - Documentos Gerais\Documentos com unidade (ProjectID=427895).
[2026-07-27 14:19:32.766] [INFO] Criando pasta sem ambiente: Engenharia\Ecovias Araguaia\Projetos\Marginal sul km 671-677\0 - Documentos Gerais\Documentos com unidade\GRD-COM-ECA-Marginal sul km 671-677-0000001
[2026-07-27 14:19:32.972] [INFO] Pasta criada: Engenharia\Ecovias Araguaia\Projetos\Marginal sul km 671-677\0 - Documentos Gerais\Documentos com unidade\GRD-COM-ECA-Marginal sul km 671-677-0000001 (ProjectID=427896).
[2026-07-27 14:19:33.157] [INFO] Importando Excel na pasta final: GRD-COM-ECA-Marginal sul km 671-677-0000001.xlsx
[2026-07-27 14:19:33.417] [INFO] Excel importado com sucesso: DocumentID=1; caminho=Engenharia\Ecovias Araguaia\Projetos\Marginal sul km 671-677\0 - Documentos Gerais\Documentos com unidade\GRD-COM-ECA-Marginal sul km 671-677-0000001\GRD-COM-ECA-Marginal sul km 671-677-0000001.xlsx
[2026-07-27 14:19:33.418] [INFO] Analisando grupo 'GRD-COM-EC1-Marginais de Viana' (ANTT) com 1092 documento(s).
[2026-07-27 14:19:33.618] [AVISO] Estrutura ausente para 'GRD-COM-EC1-Marginais de Viana'. Precisam ser criadas: Engenharia\Ecovias Capixaba\Projetos\Marginais de Viana\0 - Documentos Gerais\Documentos com unidade; Engenharia\Ecovias Capixaba\Projetos\Marginais de Viana\0 - Documentos Gerais\Documentos com unidade\GRD-COM-EC1-Marginais de Viana-0000001
[2026-07-27 14:19:33.620] [INFO] Grupo 'GRD-COM-EC1-Marginais de Viana': GRD prevista 'GRD-COM-EC1-Marginais de Viana-0000001'; destino 'Engenharia\Ecovias Capixaba\Projetos\Marginais de Viana\0 - Documentos Gerais\Documentos com unidade\GRD-COM-EC1-Marginais de Viana-0000001'. Nenhuma pasta receberá ambiente.
[2026-07-27 14:19:33.868] [INFO] Excel local gerado para 'GRD-COM-EC1-Marginais de Viana': C:\Users\peter\OneDrive - Grupo Ecorodovias\Área de Trabalho\Scritps_novos\SaidaSimulacao\20260727_141659\ANTT\GRD-COM-EC1-Marginais de Viana-0000001.xlsx
[2026-07-27 14:19:33.894] [INFO] Criando pasta sem ambiente: Engenharia\Ecovias Capixaba\Projetos\Marginais de Viana\0 - Documentos Gerais\Documentos com unidade
[2026-07-27 14:19:34.129] [INFO] Pasta criada: Engenharia\Ecovias Capixaba\Projetos\Marginais de Viana\0 - Documentos Gerais\Documentos com unidade (ProjectID=427897).
[2026-07-27 14:19:34.159] [INFO] Criando pasta sem ambiente: Engenharia\Ecovias Capixaba\Projetos\Marginais de Viana\0 - Documentos Gerais\Documentos com unidade\GRD-COM-EC1-Marginais de Viana-0000001
[2026-07-27 14:19:34.376] [INFO] Pasta criada: Engenharia\Ecovias Capixaba\Projetos\Marginais de Viana\0 - Documentos Gerais\Documentos com unidade\GRD-COM-EC1-Marginais de Viana-0000001 (ProjectID=427898).
[2026-07-27 14:19:34.558] [INFO] Importando Excel na pasta final: GRD-COM-EC1-Marginais de Viana-0000001.xlsx
[2026-07-27 14:19:34.794] [INFO] Excel importado com sucesso: DocumentID=1; caminho=Engenharia\Ecovias Capixaba\Projetos\Marginais de Viana\0 - Documentos Gerais\Documentos com unidade\GRD-COM-EC1-Marginais de Viana-0000001\GRD-COM-EC1-Marginais de Viana-0000001.xlsx
[2026-07-27 14:19:34.796] [INFO] Analisando grupo 'GRD-COM-ECA-Agulha 11' (ANTT) com 114 documento(s).
[2026-07-27 14:19:34.955] [AVISO] Estrutura ausente para 'GRD-COM-ECA-Agulha 11'. Precisam ser criadas: Engenharia\Ecovias Araguaia\Projetos\Agulha 11\0 - Documentos Gerais\Documentos com unidade; Engenharia\Ecovias Araguaia\Projetos\Agulha 11\0 - Documentos Gerais\Documentos com unidade\GRD-COM-ECA-Agulha 11-0000001
[2026-07-27 14:19:34.955] [INFO] Grupo 'GRD-COM-ECA-Agulha 11': GRD prevista 'GRD-COM-ECA-Agulha 11-0000001'; destino 'Engenharia\Ecovias Araguaia\Projetos\Agulha 11\0 - Documentos Gerais\Documentos com unidade\GRD-COM-ECA-Agulha 11-0000001'. Nenhuma pasta receberá ambiente.
[2026-07-27 14:19:35.139] [INFO] Excel local gerado para 'GRD-COM-ECA-Agulha 11': C:\Users\peter\OneDrive - Grupo Ecorodovias\Área de Trabalho\Scritps_novos\SaidaSimulacao\20260727_141659\ANTT\GRD-COM-ECA-Agulha 11-0000001.xlsx
[2026-07-27 14:19:35.174] [INFO] Criando pasta sem ambiente: Engenharia\Ecovias Araguaia\Projetos\Agulha 11\0 - Documentos Gerais\Documentos com unidade
[2026-07-27 14:19:35.378] [INFO] Pasta criada: Engenharia\Ecovias Araguaia\Projetos\Agulha 11\0 - Documentos Gerais\Documentos com unidade (ProjectID=427899).
[2026-07-27 14:19:35.419] [INFO] Criando pasta sem ambiente: Engenharia\Ecovias Araguaia\Projetos\Agulha 11\0 - Documentos Gerais\Documentos com unidade\GRD-COM-ECA-Agulha 11-0000001
[2026-07-27 14:19:35.647] [INFO] Pasta criada: Engenharia\Ecovias Araguaia\Projetos\Agulha 11\0 - Documentos Gerais\Documentos com unidade\GRD-COM-ECA-Agulha 11-0000001 (ProjectID=427900).
[2026-07-27 14:19:35.852] [INFO] Importando Excel na pasta final: GRD-COM-ECA-Agulha 11-0000001.xlsx
[2026-07-27 14:19:36.103] [INFO] Excel importado com sucesso: DocumentID=1; caminho=Engenharia\Ecovias Araguaia\Projetos\Agulha 11\0 - Documentos Gerais\Documentos com unidade\GRD-COM-ECA-Agulha 11-0000001\GRD-COM-ECA-Agulha 11-0000001.xlsx
[2026-07-27 14:19:36.104] [INFO] Analisando grupo 'GRD-COM-ECA-Pontos de ônibus' (ANTT) com 35 documento(s).
[2026-07-27 14:19:36.232] [AVISO] Estrutura ausente para 'GRD-COM-ECA-Pontos de ônibus'. Precisam ser criadas: Engenharia\Ecovias Araguaia\Projetos\Pontos de ônibus\0 - Documentos Gerais; Engenharia\Ecovias Araguaia\Projetos\Pontos de ônibus\0 - Documentos Gerais\Documentos com unidade; Engenharia\Ecovias Araguaia\Projetos\Pontos de ônibus\0 - Documentos Gerais\Documentos com unidade\GRD-COM-ECA-Pontos de ônibus-0000001
[2026-07-27 14:19:36.233] [INFO] Grupo 'GRD-COM-ECA-Pontos de ônibus': GRD prevista 'GRD-COM-ECA-Pontos de ônibus-0000001'; destino 'Engenharia\Ecovias Araguaia\Projetos\Pontos de ônibus\0 - Documentos Gerais\Documentos com unidade\GRD-COM-ECA-Pontos de ônibus-0000001'. Nenhuma pasta receberá ambiente.
[2026-07-27 14:19:36.425] [INFO] Excel local gerado para 'GRD-COM-ECA-Pontos de ônibus': C:\Users\peter\OneDrive - Grupo Ecorodovias\Área de Trabalho\Scritps_novos\SaidaSimulacao\20260727_141659\ANTT\GRD-COM-ECA-Pontos de ônibus-0000001.xlsx
[2026-07-27 14:19:36.477] [INFO] Criando pasta sem ambiente: Engenharia\Ecovias Araguaia\Projetos\Pontos de ônibus\0 - Documentos Gerais
[2026-07-27 14:19:36.881] [INFO] Pasta criada: Engenharia\Ecovias Araguaia\Projetos\Pontos de ônibus\0 - Documentos Gerais (ProjectID=427901).
[2026-07-27 14:19:36.929] [INFO] Criando pasta sem ambiente: Engenharia\Ecovias Araguaia\Projetos\Pontos de ônibus\0 - Documentos Gerais\Documentos com unidade
[2026-07-27 14:19:37.191] [INFO] Pasta criada: Engenharia\Ecovias Araguaia\Projetos\Pontos de ônibus\0 - Documentos Gerais\Documentos com unidade (ProjectID=427902).
[2026-07-27 14:19:37.224] [INFO] Criando pasta sem ambiente: Engenharia\Ecovias Araguaia\Projetos\Pontos de ônibus\0 - Documentos Gerais\Documentos com unidade\GRD-COM-ECA-Pontos de ônibus-0000001
[2026-07-27 14:19:37.467] [INFO] Pasta criada: Engenharia\Ecovias Araguaia\Projetos\Pontos de ônibus\0 - Documentos Gerais\Documentos com unidade\GRD-COM-ECA-Pontos de ônibus-0000001 (ProjectID=427903).
[2026-07-27 14:19:37.664] [INFO] Importando Excel na pasta final: GRD-COM-ECA-Pontos de ônibus-0000001.xlsx
[2026-07-27 14:19:37.890] [INFO] Excel importado com sucesso: DocumentID=1; caminho=Engenharia\Ecovias Araguaia\Projetos\Pontos de ônibus\0 - Documentos Gerais\Documentos com unidade\GRD-COM-ECA-Pontos de ônibus-0000001\GRD-COM-ECA-Pontos de ônibus-0000001.xlsx
[2026-07-27 14:19:37.892] [INFO] Analisando grupo 'GRD-COM-ERM-BSO 01' (ANTT) com 252 documento(s).
[2026-07-27 14:19:38.061] [AVISO] Estrutura ausente para 'GRD-COM-ERM-BSO 01'. Precisam ser criadas: Engenharia\Ecovias Rio Minas\Projetos\BSO 1 - Alpercata\0 - Documentos Gerais\Documentos com unidade; Engenharia\Ecovias Rio Minas\Projetos\BSO 1 - Alpercata\0 - Documentos Gerais\Documentos com unidade\GRD-COM-ERM-BSO 01-0000001
[2026-07-27 14:19:38.063] [INFO] Grupo 'GRD-COM-ERM-BSO 01': GRD prevista 'GRD-COM-ERM-BSO 01-0000001'; destino 'Engenharia\Ecovias Rio Minas\Projetos\BSO 1 - Alpercata\0 - Documentos Gerais\Documentos com unidade\GRD-COM-ERM-BSO 01-0000001'. Nenhuma pasta receberá ambiente.
[2026-07-27 14:19:38.275] [INFO] Excel local gerado para 'GRD-COM-ERM-BSO 01': C:\Users\peter\OneDrive - Grupo Ecorodovias\Área de Trabalho\Scritps_novos\SaidaSimulacao\20260727_141659\ANTT\GRD-COM-ERM-BSO 01-0000001.xlsx
[2026-07-27 14:19:38.313] [INFO] Criando pasta sem ambiente: Engenharia\Ecovias Rio Minas\Projetos\BSO 1 - Alpercata\0 - Documentos Gerais\Documentos com unidade
[2026-07-27 14:19:38.526] [INFO] Pasta criada: Engenharia\Ecovias Rio Minas\Projetos\BSO 1 - Alpercata\0 - Documentos Gerais\Documentos com unidade (ProjectID=427904).
[2026-07-27 14:19:38.565] [INFO] Criando pasta sem ambiente: Engenharia\Ecovias Rio Minas\Projetos\BSO 1 - Alpercata\0 - Documentos Gerais\Documentos com unidade\GRD-COM-ERM-BSO 01-0000001
[2026-07-27 14:19:38.872] [INFO] Pasta criada: Engenharia\Ecovias Rio Minas\Projetos\BSO 1 - Alpercata\0 - Documentos Gerais\Documentos com unidade\GRD-COM-ERM-BSO 01-0000001 (ProjectID=427905).
[2026-07-27 14:19:39.100] [INFO] Importando Excel na pasta final: GRD-COM-ERM-BSO 01-0000001.xlsx
[2026-07-27 14:19:39.412] [INFO] Excel importado com sucesso: DocumentID=1; caminho=Engenharia\Ecovias Rio Minas\Projetos\BSO 1 - Alpercata\0 - Documentos Gerais\Documentos com unidade\GRD-COM-ERM-BSO 01-0000001\GRD-COM-ERM-BSO 01-0000001.xlsx
[2026-07-27 14:19:39.413] [INFO] Analisando grupo 'GRD-COM-ERM-BSO 02' (ANTT) com 13 documento(s).
[2026-07-27 14:19:39.618] [AVISO] Estrutura ausente para 'GRD-COM-ERM-BSO 02'. Precisam ser criadas: Engenharia\Ecovias Rio Minas\Projetos\BSO 2 - Tarumirim\0 - Documentos Gerais\Documentos com unidade; Engenharia\Ecovias Rio Minas\Projetos\BSO 2 - Tarumirim\0 - Documentos Gerais\Documentos com unidade\GRD-COM-ERM-BSO 02-0000001
[2026-07-27 14:19:39.619] [INFO] Grupo 'GRD-COM-ERM-BSO 02': GRD prevista 'GRD-COM-ERM-BSO 02-0000001'; destino 'Engenharia\Ecovias Rio Minas\Projetos\BSO 2 - Tarumirim\0 - Documentos Gerais\Documentos com unidade\GRD-COM-ERM-BSO 02-0000001'. Nenhuma pasta receberá ambiente.
[2026-07-27 14:19:39.873] [INFO] Excel local gerado para 'GRD-COM-ERM-BSO 02': C:\Users\peter\OneDrive - Grupo Ecorodovias\Área de Trabalho\Scritps_novos\SaidaSimulacao\20260727_141659\ANTT\GRD-COM-ERM-BSO 02-0000001.xlsx
[2026-07-27 14:19:40.032] [INFO] Criando pasta sem ambiente: Engenharia\Ecovias Rio Minas\Projetos\BSO 2 - Tarumirim\0 - Documentos Gerais\Documentos com unidade
[2026-07-27 14:19:40.295] [INFO] Pasta criada: Engenharia\Ecovias Rio Minas\Projetos\BSO 2 - Tarumirim\0 - Documentos Gerais\Documentos com unidade (ProjectID=427906).
[2026-07-27 14:19:40.333] [INFO] Criando pasta sem ambiente: Engenharia\Ecovias Rio Minas\Projetos\BSO 2 - Tarumirim\0 - Documentos Gerais\Documentos com unidade\GRD-COM-ERM-BSO 02-0000001
[2026-07-27 14:19:40.548] [INFO] Pasta criada: Engenharia\Ecovias Rio Minas\Projetos\BSO 2 - Tarumirim\0 - Documentos Gerais\Documentos com unidade\GRD-COM-ERM-BSO 02-0000001 (ProjectID=427907).
[2026-07-27 14:19:40.769] [INFO] Importando Excel na pasta final: GRD-COM-ERM-BSO 02-0000001.xlsx
[2026-07-27 14:19:41.005] [INFO] Excel importado com sucesso: DocumentID=1; caminho=Engenharia\Ecovias Rio Minas\Projetos\BSO 2 - Tarumirim\0 - Documentos Gerais\Documentos com unidade\GRD-COM-ERM-BSO 02-0000001\GRD-COM-ERM-BSO 02-0000001.xlsx
[2026-07-27 14:19:41.006] [INFO] Analisando grupo 'GRD-COM-ERM-BSO 03' (ANTT) com 159 documento(s).
[2026-07-27 14:19:41.211] [AVISO] Estrutura ausente para 'GRD-COM-ERM-BSO 03'. Precisam ser criadas: Engenharia\Ecovias Rio Minas\Projetos\BSO 3 - Ubaporanga\0 - Documentos Gerais\Documentos com unidade; Engenharia\Ecovias Rio Minas\Projetos\BSO 3 - Ubaporanga\0 - Documentos Gerais\Documentos com unidade\GRD-COM-ERM-BSO 03-0000001
[2026-07-27 14:19:41.212] [INFO] Grupo 'GRD-COM-ERM-BSO 03': GRD prevista 'GRD-COM-ERM-BSO 03-0000001'; destino 'Engenharia\Ecovias Rio Minas\Projetos\BSO 3 - Ubaporanga\0 - Documentos Gerais\Documentos com unidade\GRD-COM-ERM-BSO 03-0000001'. Nenhuma pasta receberá ambiente.
[2026-07-27 14:19:41.452] [INFO] Excel local gerado para 'GRD-COM-ERM-BSO 03': C:\Users\peter\OneDrive - Grupo Ecorodovias\Área de Trabalho\Scritps_novos\SaidaSimulacao\20260727_141659\ANTT\GRD-COM-ERM-BSO 03-0000001.xlsx
[2026-07-27 14:19:41.482] [INFO] Criando pasta sem ambiente: Engenharia\Ecovias Rio Minas\Projetos\BSO 3 - Ubaporanga\0 - Documentos Gerais\Documentos com unidade
[2026-07-27 14:19:41.794] [INFO] Pasta criada: Engenharia\Ecovias Rio Minas\Projetos\BSO 3 - Ubaporanga\0 - Documentos Gerais\Documentos com unidade (ProjectID=427908).
[2026-07-27 14:19:41.861] [INFO] Criando pasta sem ambiente: Engenharia\Ecovias Rio Minas\Projetos\BSO 3 - Ubaporanga\0 - Documentos Gerais\Documentos com unidade\GRD-COM-ERM-BSO 03-0000001
[2026-07-27 14:19:42.303] [INFO] Pasta criada: Engenharia\Ecovias Rio Minas\Projetos\BSO 3 - Ubaporanga\0 - Documentos Gerais\Documentos com unidade\GRD-COM-ERM-BSO 03-0000001 (ProjectID=427909).
[2026-07-27 14:19:42.536] [INFO] Importando Excel na pasta final: GRD-COM-ERM-BSO 03-0000001.xlsx
[2026-07-27 14:19:42.867] [INFO] Excel importado com sucesso: DocumentID=1; caminho=Engenharia\Ecovias Rio Minas\Projetos\BSO 3 - Ubaporanga\0 - Documentos Gerais\Documentos com unidade\GRD-COM-ERM-BSO 03-0000001\GRD-COM-ERM-BSO 03-0000001.xlsx
[2026-07-27 14:19:42.870] [INFO] Analisando grupo 'GRD-COM-ERM-BSO 06' (ANTT) com 5 documento(s).
[2026-07-27 14:19:43.096] [AVISO] Estrutura ausente para 'GRD-COM-ERM-BSO 06'. Precisam ser criadas: Engenharia\Ecovias Rio Minas\Projetos\BSO 6 - Divino\0 - Documentos Gerais\Documentos com unidade; Engenharia\Ecovias Rio Minas\Projetos\BSO 6 - Divino\0 - Documentos Gerais\Documentos com unidade\GRD-COM-ERM-BSO 06-0000001
[2026-07-27 14:19:43.098] [INFO] Grupo 'GRD-COM-ERM-BSO 06': GRD prevista 'GRD-COM-ERM-BSO 06-0000001'; destino 'Engenharia\Ecovias Rio Minas\Projetos\BSO 6 - Divino\0 - Documentos Gerais\Documentos com unidade\GRD-COM-ERM-BSO 06-0000001'. Nenhuma pasta receberá ambiente.
[2026-07-27 14:19:43.316] [INFO] Excel local gerado para 'GRD-COM-ERM-BSO 06': C:\Users\peter\OneDrive - Grupo Ecorodovias\Área de Trabalho\Scritps_novos\SaidaSimulacao\20260727_141659\ANTT\GRD-COM-ERM-BSO 06-0000001.xlsx
[2026-07-27 14:19:43.360] [INFO] Criando pasta sem ambiente: Engenharia\Ecovias Rio Minas\Projetos\BSO 6 - Divino\0 - Documentos Gerais\Documentos com unidade
[2026-07-27 14:19:43.710] [INFO] Pasta criada: Engenharia\Ecovias Rio Minas\Projetos\BSO 6 - Divino\0 - Documentos Gerais\Documentos com unidade (ProjectID=427910).
[2026-07-27 14:19:43.747] [INFO] Criando pasta sem ambiente: Engenharia\Ecovias Rio Minas\Projetos\BSO 6 - Divino\0 - Documentos Gerais\Documentos com unidade\GRD-COM-ERM-BSO 06-0000001
[2026-07-27 14:19:44.018] [INFO] Pasta criada: Engenharia\Ecovias Rio Minas\Projetos\BSO 6 - Divino\0 - Documentos Gerais\Documentos com unidade\GRD-COM-ERM-BSO 06-0000001 (ProjectID=427911).
[2026-07-27 14:19:44.496] [INFO] Importando Excel na pasta final: GRD-COM-ERM-BSO 06-0000001.xlsx
[2026-07-27 14:19:44.740] [INFO] Excel importado com sucesso: DocumentID=1; caminho=Engenharia\Ecovias Rio Minas\Projetos\BSO 6 - Divino\0 - Documentos Gerais\Documentos com unidade\GRD-COM-ERM-BSO 06-0000001\GRD-COM-ERM-BSO 06-0000001.xlsx
[2026-07-27 14:19:44.742] [INFO] Analisando grupo 'GRD-COM-ERM-BSO 05' (ANTT) com 5 documento(s).
[2026-07-27 14:19:44.979] [AVISO] Estrutura ausente para 'GRD-COM-ERM-BSO 05'. Precisam ser criadas: Engenharia\Ecovias Rio Minas\Projetos\BSO 5 - Manhuaçu\0 - Documentos Gerais\Documentos com unidade; Engenharia\Ecovias Rio Minas\Projetos\BSO 5 - Manhuaçu\0 - Documentos Gerais\Documentos com unidade\GRD-COM-ERM-BSO 05-0000001
[2026-07-27 14:19:44.979] [INFO] Grupo 'GRD-COM-ERM-BSO 05': GRD prevista 'GRD-COM-ERM-BSO 05-0000001'; destino 'Engenharia\Ecovias Rio Minas\Projetos\BSO 5 - Manhuaçu\0 - Documentos Gerais\Documentos com unidade\GRD-COM-ERM-BSO 05-0000001'. Nenhuma pasta receberá ambiente.
[2026-07-27 14:19:45.178] [INFO] Excel local gerado para 'GRD-COM-ERM-BSO 05': C:\Users\peter\OneDrive - Grupo Ecorodovias\Área de Trabalho\Scritps_novos\SaidaSimulacao\20260727_141659\ANTT\GRD-COM-ERM-BSO 05-0000001.xlsx
[2026-07-27 14:19:45.218] [INFO] Criando pasta sem ambiente: Engenharia\Ecovias Rio Minas\Projetos\BSO 5 - Manhuaçu\0 - Documentos Gerais\Documentos com unidade
[2026-07-27 14:19:45.456] [INFO] Pasta criada: Engenharia\Ecovias Rio Minas\Projetos\BSO 5 - Manhuaçu\0 - Documentos Gerais\Documentos com unidade (ProjectID=427912).
[2026-07-27 14:19:45.493] [INFO] Criando pasta sem ambiente: Engenharia\Ecovias Rio Minas\Projetos\BSO 5 - Manhuaçu\0 - Documentos Gerais\Documentos com unidade\GRD-COM-ERM-BSO 05-0000001
[2026-07-27 14:19:45.790] [INFO] Pasta criada: Engenharia\Ecovias Rio Minas\Projetos\BSO 5 - Manhuaçu\0 - Documentos Gerais\Documentos com unidade\GRD-COM-ERM-BSO 05-0000001 (ProjectID=427913).
[2026-07-27 14:19:46.005] [INFO] Importando Excel na pasta final: GRD-COM-ERM-BSO 05-0000001.xlsx
[2026-07-27 14:19:46.231] [INFO] Excel importado com sucesso: DocumentID=1; caminho=Engenharia\Ecovias Rio Minas\Projetos\BSO 5 - Manhuaçu\0 - Documentos Gerais\Documentos com unidade\GRD-COM-ERM-BSO 05-0000001\GRD-COM-ERM-BSO 05-0000001.xlsx
[2026-07-27 14:19:46.232] [INFO] Analisando grupo 'GRD-COM-ERM-BSO 04' (ANTT) com 9 documento(s).
[2026-07-27 14:19:46.390] [AVISO] Estrutura ausente para 'GRD-COM-ERM-BSO 04'. Precisam ser criadas: Engenharia\Ecovias Rio Minas\Projetos\BSO 4 - Santa Bárbara do Leste\0 - Documentos Gerais\Documentos com unidade; Engenharia\Ecovias Rio Minas\Projetos\BSO 4 - Santa Bárbara do Leste\0 - Documentos Gerais\Documentos com unidade\GRD-COM-ERM-BSO 04-0000001
[2026-07-27 14:19:46.391] [INFO] Grupo 'GRD-COM-ERM-BSO 04': GRD prevista 'GRD-COM-ERM-BSO 04-0000001'; destino 'Engenharia\Ecovias Rio Minas\Projetos\BSO 4 - Santa Bárbara do Leste\0 - Documentos Gerais\Documentos com unidade\GRD-COM-ERM-BSO 04-0000001'. Nenhuma pasta receberá ambiente.
[2026-07-27 14:19:46.543] [INFO] Excel local gerado para 'GRD-COM-ERM-BSO 04': C:\Users\peter\OneDrive - Grupo Ecorodovias\Área de Trabalho\Scritps_novos\SaidaSimulacao\20260727_141659\ANTT\GRD-COM-ERM-BSO 04-0000001.xlsx
[2026-07-27 14:19:46.581] [INFO] Criando pasta sem ambiente: Engenharia\Ecovias Rio Minas\Projetos\BSO 4 - Santa Bárbara do Leste\0 - Documentos Gerais\Documentos com unidade
[2026-07-27 14:19:46.789] [INFO] Pasta criada: Engenharia\Ecovias Rio Minas\Projetos\BSO 4 - Santa Bárbara do Leste\0 - Documentos Gerais\Documentos com unidade (ProjectID=427914).
[2026-07-27 14:19:46.831] [INFO] Criando pasta sem ambiente: Engenharia\Ecovias Rio Minas\Projetos\BSO 4 - Santa Bárbara do Leste\0 - Documentos Gerais\Documentos com unidade\GRD-COM-ERM-BSO 04-0000001
[2026-07-27 14:19:47.098] [INFO] Pasta criada: Engenharia\Ecovias Rio Minas\Projetos\BSO 4 - Santa Bárbara do Leste\0 - Documentos Gerais\Documentos com unidade\GRD-COM-ERM-BSO 04-0000001 (ProjectID=427915).
[2026-07-27 14:19:47.542] [INFO] Importando Excel na pasta final: GRD-COM-ERM-BSO 04-0000001.xlsx
[2026-07-27 14:19:47.795] [INFO] Excel importado com sucesso: DocumentID=1; caminho=Engenharia\Ecovias Rio Minas\Projetos\BSO 4 - Santa Bárbara do Leste\0 - Documentos Gerais\Documentos com unidade\GRD-COM-ERM-BSO 04-0000001\GRD-COM-ERM-BSO 04-0000001.xlsx
[2026-07-27 14:19:47.797] [INFO] Analisando grupo 'GRD-COM-ERM-BSO 08' (ANTT) com 88 documento(s).
[2026-07-27 14:19:47.966] [AVISO] Estrutura ausente para 'GRD-COM-ERM-BSO 08'. Precisam ser criadas: Engenharia\Ecovias Rio Minas\Projetos\BSO 8 - Muriaé\0 - Documentos Gerais\Documentos com unidade; Engenharia\Ecovias Rio Minas\Projetos\BSO 8 - Muriaé\0 - Documentos Gerais\Documentos com unidade\GRD-COM-ERM-BSO 08-0000001
[2026-07-27 14:19:47.968] [INFO] Grupo 'GRD-COM-ERM-BSO 08': GRD prevista 'GRD-COM-ERM-BSO 08-0000001'; destino 'Engenharia\Ecovias Rio Minas\Projetos\BSO 8 - Muriaé\0 - Documentos Gerais\Documentos com unidade\GRD-COM-ERM-BSO 08-0000001'. Nenhuma pasta receberá ambiente.
[2026-07-27 14:19:48.147] [INFO] Excel local gerado para 'GRD-COM-ERM-BSO 08': C:\Users\peter\OneDrive - Grupo Ecorodovias\Área de Trabalho\Scritps_novos\SaidaSimulacao\20260727_141659\ANTT\GRD-COM-ERM-BSO 08-0000001.xlsx
[2026-07-27 14:19:48.185] [INFO] Criando pasta sem ambiente: Engenharia\Ecovias Rio Minas\Projetos\BSO 8 - Muriaé\0 - Documentos Gerais\Documentos com unidade
[2026-07-27 14:19:48.404] [INFO] Pasta criada: Engenharia\Ecovias Rio Minas\Projetos\BSO 8 - Muriaé\0 - Documentos Gerais\Documentos com unidade (ProjectID=427916).
[2026-07-27 14:19:48.438] [INFO] Criando pasta sem ambiente: Engenharia\Ecovias Rio Minas\Projetos\BSO 8 - Muriaé\0 - Documentos Gerais\Documentos com unidade\GRD-COM-ERM-BSO 08-0000001
[2026-07-27 14:19:48.686] [INFO] Pasta criada: Engenharia\Ecovias Rio Minas\Projetos\BSO 8 - Muriaé\0 - Documentos Gerais\Documentos com unidade\GRD-COM-ERM-BSO 08-0000001 (ProjectID=427917).
[2026-07-27 14:19:48.903] [INFO] Importando Excel na pasta final: GRD-COM-ERM-BSO 08-0000001.xlsx
[2026-07-27 14:19:49.156] [INFO] Excel importado com sucesso: DocumentID=1; caminho=Engenharia\Ecovias Rio Minas\Projetos\BSO 8 - Muriaé\0 - Documentos Gerais\Documentos com unidade\GRD-COM-ERM-BSO 08-0000001\GRD-COM-ERM-BSO 08-0000001.xlsx
[2026-07-27 14:19:49.158] [INFO] Analisando grupo 'GRD-COM-ERM-BSO 07' (ANTT) com 276 documento(s).
[2026-07-27 14:19:49.342] [AVISO] Estrutura ausente para 'GRD-COM-ERM-BSO 07'. Precisam ser criadas: Engenharia\Ecovias Rio Minas\Projetos\BSO 7 - Miradouro\0 - Documentos Gerais\Documentos com unidade; Engenharia\Ecovias Rio Minas\Projetos\BSO 7 - Miradouro\0 - Documentos Gerais\Documentos com unidade\GRD-COM-ERM-BSO 07-0000001
[2026-07-27 14:19:49.343] [INFO] Grupo 'GRD-COM-ERM-BSO 07': GRD prevista 'GRD-COM-ERM-BSO 07-0000001'; destino 'Engenharia\Ecovias Rio Minas\Projetos\BSO 7 - Miradouro\0 - Documentos Gerais\Documentos com unidade\GRD-COM-ERM-BSO 07-0000001'. Nenhuma pasta receberá ambiente.
[2026-07-27 14:19:49.543] [INFO] Excel local gerado para 'GRD-COM-ERM-BSO 07': C:\Users\peter\OneDrive - Grupo Ecorodovias\Área de Trabalho\Scritps_novos\SaidaSimulacao\20260727_141659\ANTT\GRD-COM-ERM-BSO 07-0000001.xlsx
[2026-07-27 14:19:49.584] [INFO] Criando pasta sem ambiente: Engenharia\Ecovias Rio Minas\Projetos\BSO 7 - Miradouro\0 - Documentos Gerais\Documentos com unidade
[2026-07-27 14:19:49.807] [INFO] Pasta criada: Engenharia\Ecovias Rio Minas\Projetos\BSO 7 - Miradouro\0 - Documentos Gerais\Documentos com unidade (ProjectID=427918).
[2026-07-27 14:19:49.853] [INFO] Criando pasta sem ambiente: Engenharia\Ecovias Rio Minas\Projetos\BSO 7 - Miradouro\0 - Documentos Gerais\Documentos com unidade\GRD-COM-ERM-BSO 07-0000001
[2026-07-27 14:19:50.161] [INFO] Pasta criada: Engenharia\Ecovias Rio Minas\Projetos\BSO 7 - Miradouro\0 - Documentos Gerais\Documentos com unidade\GRD-COM-ERM-BSO 07-0000001 (ProjectID=427919).
[2026-07-27 14:19:50.452] [INFO] Importando Excel na pasta final: GRD-COM-ERM-BSO 07-0000001.xlsx
[2026-07-27 14:19:50.669] [INFO] Excel importado com sucesso: DocumentID=1; caminho=Engenharia\Ecovias Rio Minas\Projetos\BSO 7 - Miradouro\0 - Documentos Gerais\Documentos com unidade\GRD-COM-ERM-BSO 07-0000001\GRD-COM-ERM-BSO 07-0000001.xlsx
[2026-07-27 14:19:50.670] [INFO] Analisando grupo 'GRD-COM-ERM-BSO 10' (ANTT) com 8 documento(s).
[2026-07-27 14:19:50.827] [AVISO] Estrutura ausente para 'GRD-COM-ERM-BSO 10'. Precisam ser criadas: Engenharia\Ecovias Rio Minas\Projetos\BSO 10 - Além Paraíba\0 - Documentos Gerais\Documentos com unidade; Engenharia\Ecovias Rio Minas\Projetos\BSO 10 - Além Paraíba\0 - Documentos Gerais\Documentos com unidade\GRD-COM-ERM-BSO 10-0000001
[2026-07-27 14:19:50.828] [INFO] Grupo 'GRD-COM-ERM-BSO 10': GRD prevista 'GRD-COM-ERM-BSO 10-0000001'; destino 'Engenharia\Ecovias Rio Minas\Projetos\BSO 10 - Além Paraíba\0 - Documentos Gerais\Documentos com unidade\GRD-COM-ERM-BSO 10-0000001'. Nenhuma pasta receberá ambiente.
[2026-07-27 14:19:51.058] [INFO] Excel local gerado para 'GRD-COM-ERM-BSO 10': C:\Users\peter\OneDrive - Grupo Ecorodovias\Área de Trabalho\Scritps_novos\SaidaSimulacao\20260727_141659\ANTT\GRD-COM-ERM-BSO 10-0000001.xlsx
[2026-07-27 14:19:51.114] [INFO] Criando pasta sem ambiente: Engenharia\Ecovias Rio Minas\Projetos\BSO 10 - Além Paraíba\0 - Documentos Gerais\Documentos com unidade
[2026-07-27 14:19:51.383] [INFO] Pasta criada: Engenharia\Ecovias Rio Minas\Projetos\BSO 10 - Além Paraíba\0 - Documentos Gerais\Documentos com unidade (ProjectID=427920).
[2026-07-27 14:19:51.429] [INFO] Criando pasta sem ambiente: Engenharia\Ecovias Rio Minas\Projetos\BSO 10 - Além Paraíba\0 - Documentos Gerais\Documentos com unidade\GRD-COM-ERM-BSO 10-0000001
[2026-07-27 14:19:51.741] [INFO] Pasta criada: Engenharia\Ecovias Rio Minas\Projetos\BSO 10 - Além Paraíba\0 - Documentos Gerais\Documentos com unidade\GRD-COM-ERM-BSO 10-0000001 (ProjectID=427921).
[2026-07-27 14:19:51.933] [INFO] Importando Excel na pasta final: GRD-COM-ERM-BSO 10-0000001.xlsx
[2026-07-27 14:19:52.181] [INFO] Excel importado com sucesso: DocumentID=1; caminho=Engenharia\Ecovias Rio Minas\Projetos\BSO 10 - Além Paraíba\0 - Documentos Gerais\Documentos com unidade\GRD-COM-ERM-BSO 10-0000001\GRD-COM-ERM-BSO 10-0000001.xlsx
[2026-07-27 14:19:52.182] [INFO] Analisando grupo 'GRD-COM-ERM-BSO 09' (ANTT) com 5 documento(s).
[2026-07-27 14:19:52.385] [AVISO] Estrutura ausente para 'GRD-COM-ERM-BSO 09'. Precisam ser criadas: Engenharia\Ecovias Rio Minas\Projetos\BSO 9 - Leopoldina\0 - Documentos Gerais\Documentos com unidade; Engenharia\Ecovias Rio Minas\Projetos\BSO 9 - Leopoldina\0 - Documentos Gerais\Documentos com unidade\GRD-COM-ERM-BSO 09-0000001
[2026-07-27 14:19:52.386] [INFO] Grupo 'GRD-COM-ERM-BSO 09': GRD prevista 'GRD-COM-ERM-BSO 09-0000001'; destino 'Engenharia\Ecovias Rio Minas\Projetos\BSO 9 - Leopoldina\0 - Documentos Gerais\Documentos com unidade\GRD-COM-ERM-BSO 09-0000001'. Nenhuma pasta receberá ambiente.
[2026-07-27 14:19:52.591] [INFO] Excel local gerado para 'GRD-COM-ERM-BSO 09': C:\Users\peter\OneDrive - Grupo Ecorodovias\Área de Trabalho\Scritps_novos\SaidaSimulacao\20260727_141659\ANTT\GRD-COM-ERM-BSO 09-0000001.xlsx
[2026-07-27 14:19:52.630] [INFO] Criando pasta sem ambiente: Engenharia\Ecovias Rio Minas\Projetos\BSO 9 - Leopoldina\0 - Documentos Gerais\Documentos com unidade
[2026-07-27 14:19:52.844] [INFO] Pasta criada: Engenharia\Ecovias Rio Minas\Projetos\BSO 9 - Leopoldina\0 - Documentos Gerais\Documentos com unidade (ProjectID=427922).
[2026-07-27 14:19:52.884] [INFO] Criando pasta sem ambiente: Engenharia\Ecovias Rio Minas\Projetos\BSO 9 - Leopoldina\0 - Documentos Gerais\Documentos com unidade\GRD-COM-ERM-BSO 09-0000001
[2026-07-27 14:19:53.169] [INFO] Pasta criada: Engenharia\Ecovias Rio Minas\Projetos\BSO 9 - Leopoldina\0 - Documentos Gerais\Documentos com unidade\GRD-COM-ERM-BSO 09-0000001 (ProjectID=427923).
[2026-07-27 14:19:53.393] [INFO] Importando Excel na pasta final: GRD-COM-ERM-BSO 09-0000001.xlsx
[2026-07-27 14:19:53.643] [INFO] Excel importado com sucesso: DocumentID=1; caminho=Engenharia\Ecovias Rio Minas\Projetos\BSO 9 - Leopoldina\0 - Documentos Gerais\Documentos com unidade\GRD-COM-ERM-BSO 09-0000001\GRD-COM-ERM-BSO 09-0000001.xlsx
[2026-07-27 14:19:53.643] [INFO] Analisando grupo 'GRD-COM-ERM-BSO 12' (ANTT) com 224 documento(s).
[2026-07-27 14:19:53.821] [AVISO] Estrutura ausente para 'GRD-COM-ERM-BSO 12'. Precisam ser criadas: Engenharia\Ecovias Rio Minas\Projetos\BSO 12 - Teresópolis\0 - Documentos Gerais\Documentos com unidade; Engenharia\Ecovias Rio Minas\Projetos\BSO 12 - Teresópolis\0 - Documentos Gerais\Documentos com unidade\GRD-COM-ERM-BSO 12-0000001
[2026-07-27 14:19:53.822] [INFO] Grupo 'GRD-COM-ERM-BSO 12': GRD prevista 'GRD-COM-ERM-BSO 12-0000001'; destino 'Engenharia\Ecovias Rio Minas\Projetos\BSO 12 - Teresópolis\0 - Documentos Gerais\Documentos com unidade\GRD-COM-ERM-BSO 12-0000001'. Nenhuma pasta receberá ambiente.
[2026-07-27 14:19:54.001] [INFO] Excel local gerado para 'GRD-COM-ERM-BSO 12': C:\Users\peter\OneDrive - Grupo Ecorodovias\Área de Trabalho\Scritps_novos\SaidaSimulacao\20260727_141659\ANTT\GRD-COM-ERM-BSO 12-0000001.xlsx
[2026-07-27 14:19:54.034] [INFO] Criando pasta sem ambiente: Engenharia\Ecovias Rio Minas\Projetos\BSO 12 - Teresópolis\0 - Documentos Gerais\Documentos com unidade
[2026-07-27 14:19:54.245] [INFO] Pasta criada: Engenharia\Ecovias Rio Minas\Projetos\BSO 12 - Teresópolis\0 - Documentos Gerais\Documentos com unidade (ProjectID=427924).
[2026-07-27 14:19:54.276] [INFO] Criando pasta sem ambiente: Engenharia\Ecovias Rio Minas\Projetos\BSO 12 - Teresópolis\0 - Documentos Gerais\Documentos com unidade\GRD-COM-ERM-BSO 12-0000001
[2026-07-27 14:19:54.512] [INFO] Pasta criada: Engenharia\Ecovias Rio Minas\Projetos\BSO 12 - Teresópolis\0 - Documentos Gerais\Documentos com unidade\GRD-COM-ERM-BSO 12-0000001 (ProjectID=427925).
[2026-07-27 14:19:54.745] [INFO] Importando Excel na pasta final: GRD-COM-ERM-BSO 12-0000001.xlsx
[2026-07-27 14:19:55.064] [INFO] Excel importado com sucesso: DocumentID=1; caminho=Engenharia\Ecovias Rio Minas\Projetos\BSO 12 - Teresópolis\0 - Documentos Gerais\Documentos com unidade\GRD-COM-ERM-BSO 12-0000001\GRD-COM-ERM-BSO 12-0000001.xlsx
[2026-07-27 14:19:55.065] [INFO] Analisando grupo 'GRD-COM-ERM-BSO 14' (ANTT) com 16 documento(s).
[2026-07-27 14:19:55.320] [AVISO] Estrutura ausente para 'GRD-COM-ERM-BSO 14'. Precisam ser criadas: Engenharia\Ecovias Rio Minas\Projetos\BSO 14 - Rio de Janeiro\0 - Documentos Gerais\Documentos com unidade; Engenharia\Ecovias Rio Minas\Projetos\BSO 14 - Rio de Janeiro\0 - Documentos Gerais\Documentos com unidade\GRD-COM-ERM-BSO 14-0000001
[2026-07-27 14:19:55.321] [INFO] Grupo 'GRD-COM-ERM-BSO 14': GRD prevista 'GRD-COM-ERM-BSO 14-0000001'; destino 'Engenharia\Ecovias Rio Minas\Projetos\BSO 14 - Rio de Janeiro\0 - Documentos Gerais\Documentos com unidade\GRD-COM-ERM-BSO 14-0000001'. Nenhuma pasta receberá ambiente.
[2026-07-27 14:19:55.501] [INFO] Excel local gerado para 'GRD-COM-ERM-BSO 14': C:\Users\peter\OneDrive - Grupo Ecorodovias\Área de Trabalho\Scritps_novos\SaidaSimulacao\20260727_141659\ANTT\GRD-COM-ERM-BSO 14-0000001.xlsx
[2026-07-27 14:19:55.552] [INFO] Criando pasta sem ambiente: Engenharia\Ecovias Rio Minas\Projetos\BSO 14 - Rio de Janeiro\0 - Documentos Gerais\Documentos com unidade
[2026-07-27 14:19:55.785] [INFO] Pasta criada: Engenharia\Ecovias Rio Minas\Projetos\BSO 14 - Rio de Janeiro\0 - Documentos Gerais\Documentos com unidade (ProjectID=427926).
[2026-07-27 14:19:55.821] [INFO] Criando pasta sem ambiente: Engenharia\Ecovias Rio Minas\Projetos\BSO 14 - Rio de Janeiro\0 - Documentos Gerais\Documentos com unidade\GRD-COM-ERM-BSO 14-0000001
[2026-07-27 14:19:56.039] [INFO] Pasta criada: Engenharia\Ecovias Rio Minas\Projetos\BSO 14 - Rio de Janeiro\0 - Documentos Gerais\Documentos com unidade\GRD-COM-ERM-BSO 14-0000001 (ProjectID=427927).
[2026-07-27 14:19:56.249] [INFO] Importando Excel na pasta final: GRD-COM-ERM-BSO 14-0000001.xlsx
[2026-07-27 14:19:56.552] [INFO] Excel importado com sucesso: DocumentID=1; caminho=Engenharia\Ecovias Rio Minas\Projetos\BSO 14 - Rio de Janeiro\0 - Documentos Gerais\Documentos com unidade\GRD-COM-ERM-BSO 14-0000001\GRD-COM-ERM-BSO 14-0000001.xlsx
[2026-07-27 14:19:56.554] [INFO] Analisando grupo 'GRD-COM-ERM-BSO 11' (ANTT) com 9 documento(s).
[2026-07-27 14:19:56.734] [AVISO] Estrutura ausente para 'GRD-COM-ERM-BSO 11'. Precisam ser criadas: Engenharia\Ecovias Rio Minas\Projetos\BSO 11 - Sapucaia\0 - Documentos Gerais\Documentos com unidade; Engenharia\Ecovias Rio Minas\Projetos\BSO 11 - Sapucaia\0 - Documentos Gerais\Documentos com unidade\GRD-COM-ERM-BSO 11-0000001
[2026-07-27 14:19:56.735] [INFO] Grupo 'GRD-COM-ERM-BSO 11': GRD prevista 'GRD-COM-ERM-BSO 11-0000001'; destino 'Engenharia\Ecovias Rio Minas\Projetos\BSO 11 - Sapucaia\0 - Documentos Gerais\Documentos com unidade\GRD-COM-ERM-BSO 11-0000001'. Nenhuma pasta receberá ambiente.
[2026-07-27 14:19:56.909] [INFO] Excel local gerado para 'GRD-COM-ERM-BSO 11': C:\Users\peter\OneDrive - Grupo Ecorodovias\Área de Trabalho\Scritps_novos\SaidaSimulacao\20260727_141659\ANTT\GRD-COM-ERM-BSO 11-0000001.xlsx
[2026-07-27 14:19:56.944] [INFO] Criando pasta sem ambiente: Engenharia\Ecovias Rio Minas\Projetos\BSO 11 - Sapucaia\0 - Documentos Gerais\Documentos com unidade
[2026-07-27 14:19:57.169] [INFO] Pasta criada: Engenharia\Ecovias Rio Minas\Projetos\BSO 11 - Sapucaia\0 - Documentos Gerais\Documentos com unidade (ProjectID=427928).
[2026-07-27 14:19:57.216] [INFO] Criando pasta sem ambiente: Engenharia\Ecovias Rio Minas\Projetos\BSO 11 - Sapucaia\0 - Documentos Gerais\Documentos com unidade\GRD-COM-ERM-BSO 11-0000001
[2026-07-27 14:19:57.473] [INFO] Pasta criada: Engenharia\Ecovias Rio Minas\Projetos\BSO 11 - Sapucaia\0 - Documentos Gerais\Documentos com unidade\GRD-COM-ERM-BSO 11-0000001 (ProjectID=427929).
[2026-07-27 14:19:57.668] [INFO] Importando Excel na pasta final: GRD-COM-ERM-BSO 11-0000001.xlsx
[2026-07-27 14:19:57.931] [INFO] Excel importado com sucesso: DocumentID=1; caminho=Engenharia\Ecovias Rio Minas\Projetos\BSO 11 - Sapucaia\0 - Documentos Gerais\Documentos com unidade\GRD-COM-ERM-BSO 11-0000001\GRD-COM-ERM-BSO 11-0000001.xlsx
[2026-07-27 14:19:57.932] [INFO] Analisando grupo 'GRD-COM-MGO-Dispositivo - Km 180' (ANTT) com 2 documento(s).
[2026-07-27 14:19:58.183] [AVISO] Estrutura ausente para 'GRD-COM-MGO-Dispositivo - Km 180'. Precisam ser criadas: Engenharia\Ecovias Minas Goiás\Projetos\Adequação do Dispositivo - Km 180\0 - Documentos Gerais\Documentos com unidade; Engenharia\Ecovias Minas Goiás\Projetos\Adequação do Dispositivo - Km 180\0 - Documentos Gerais\Documentos com unidade\GRD-COM-MGO-Dispositivo - Km 180-0000001
[2026-07-27 14:19:58.184] [INFO] Grupo 'GRD-COM-MGO-Dispositivo - Km 180': GRD prevista 'GRD-COM-MGO-Dispositivo - Km 180-0000001'; destino 'Engenharia\Ecovias Minas Goiás\Projetos\Adequação do Dispositivo - Km 180\0 - Documentos Gerais\Documentos com unidade\GRD-COM-MGO-Dispositivo - Km 180-0000001'. Nenhuma pasta receberá ambiente.
[2026-07-27 14:19:58.383] [INFO] Excel local gerado para 'GRD-COM-MGO-Dispositivo - Km 180': C:\Users\peter\OneDrive - Grupo Ecorodovias\Área de Trabalho\Scritps_novos\SaidaSimulacao\20260727_141659\ANTT\GRD-COM-MGO-Dispositivo - Km 180-0000001.xlsx
[2026-07-27 14:19:58.437] [INFO] Criando pasta sem ambiente: Engenharia\Ecovias Minas Goiás\Projetos\Adequação do Dispositivo - Km 180\0 - Documentos Gerais\Documentos com unidade
[2026-07-27 14:19:58.743] [INFO] Pasta criada: Engenharia\Ecovias Minas Goiás\Projetos\Adequação do Dispositivo - Km 180\0 - Documentos Gerais\Documentos com unidade (ProjectID=427930).
[2026-07-27 14:19:58.806] [INFO] Criando pasta sem ambiente: Engenharia\Ecovias Minas Goiás\Projetos\Adequação do Dispositivo - Km 180\0 - Documentos Gerais\Documentos com unidade\GRD-COM-MGO-Dispositivo - Km 180-0000001
[2026-07-27 14:19:59.057] [INFO] Pasta criada: Engenharia\Ecovias Minas Goiás\Projetos\Adequação do Dispositivo - Km 180\0 - Documentos Gerais\Documentos com unidade\GRD-COM-MGO-Dispositivo - Km 180-0000001 (ProjectID=427931).
[2026-07-27 14:19:59.263] [INFO] Importando Excel na pasta final: GRD-COM-MGO-Dispositivo - Km 180-0000001.xlsx
[2026-07-27 14:19:59.513] [INFO] Excel importado com sucesso: DocumentID=1; caminho=Engenharia\Ecovias Minas Goiás\Projetos\Adequação do Dispositivo - Km 180\0 - Documentos Gerais\Documentos com unidade\GRD-COM-MGO-Dispositivo - Km 180-0000001\GRD-COM-MGO-Dispositivo - Km 180-0000001.xlsx
[2026-07-27 14:19:59.515] [INFO] Analisando grupo 'GRD-COM-ERM-BSO 17' (ANTT) com 5 documento(s).
[2026-07-27 14:19:59.715] [AVISO] Estrutura ausente para 'GRD-COM-ERM-BSO 17'. Precisam ser criadas: Engenharia\Ecovias Rio Minas\Projetos\BSO 17 - Duque de Caxias\0 - Documentos Gerais\Documentos com unidade; Engenharia\Ecovias Rio Minas\Projetos\BSO 17 - Duque de Caxias\0 - Documentos Gerais\Documentos com unidade\GRD-COM-ERM-BSO 17-0000001
[2026-07-27 14:19:59.716] [INFO] Grupo 'GRD-COM-ERM-BSO 17': GRD prevista 'GRD-COM-ERM-BSO 17-0000001'; destino 'Engenharia\Ecovias Rio Minas\Projetos\BSO 17 - Duque de Caxias\0 - Documentos Gerais\Documentos com unidade\GRD-COM-ERM-BSO 17-0000001'. Nenhuma pasta receberá ambiente.
[2026-07-27 14:19:59.887] [INFO] Excel local gerado para 'GRD-COM-ERM-BSO 17': C:\Users\peter\OneDrive - Grupo Ecorodovias\Área de Trabalho\Scritps_novos\SaidaSimulacao\20260727_141659\ANTT\GRD-COM-ERM-BSO 17-0000001.xlsx
[2026-07-27 14:19:59.935] [INFO] Criando pasta sem ambiente: Engenharia\Ecovias Rio Minas\Projetos\BSO 17 - Duque de Caxias\0 - Documentos Gerais\Documentos com unidade
[2026-07-27 14:20:00.181] [INFO] Pasta criada: Engenharia\Ecovias Rio Minas\Projetos\BSO 17 - Duque de Caxias\0 - Documentos Gerais\Documentos com unidade (ProjectID=427932).
[2026-07-27 14:20:00.227] [INFO] Criando pasta sem ambiente: Engenharia\Ecovias Rio Minas\Projetos\BSO 17 - Duque de Caxias\0 - Documentos Gerais\Documentos com unidade\GRD-COM-ERM-BSO 17-0000001
[2026-07-27 14:20:00.512] [INFO] Pasta criada: Engenharia\Ecovias Rio Minas\Projetos\BSO 17 - Duque de Caxias\0 - Documentos Gerais\Documentos com unidade\GRD-COM-ERM-BSO 17-0000001 (ProjectID=427933).
[2026-07-27 14:20:00.776] [INFO] Importando Excel na pasta final: GRD-COM-ERM-BSO 17-0000001.xlsx
[2026-07-27 14:20:01.070] [INFO] Excel importado com sucesso: DocumentID=1; caminho=Engenharia\Ecovias Rio Minas\Projetos\BSO 17 - Duque de Caxias\0 - Documentos Gerais\Documentos com unidade\GRD-COM-ERM-BSO 17-0000001\GRD-COM-ERM-BSO 17-0000001.xlsx
[2026-07-27 14:20:01.071] [INFO] Analisando grupo 'GRD-COM-ERM-BSO 16' (ANTT) com 5 documento(s).
[2026-07-27 14:20:01.271] [AVISO] Estrutura ausente para 'GRD-COM-ERM-BSO 16'. Precisam ser criadas: Engenharia\Ecovias Rio Minas\Projetos\BSO 16 - Itaboraí\0 - Documentos Gerais\Documentos com unidade; Engenharia\Ecovias Rio Minas\Projetos\BSO 16 - Itaboraí\0 - Documentos Gerais\Documentos com unidade\GRD-COM-ERM-BSO 16-0000001
[2026-07-27 14:20:01.272] [INFO] Grupo 'GRD-COM-ERM-BSO 16': GRD prevista 'GRD-COM-ERM-BSO 16-0000001'; destino 'Engenharia\Ecovias Rio Minas\Projetos\BSO 16 - Itaboraí\0 - Documentos Gerais\Documentos com unidade\GRD-COM-ERM-BSO 16-0000001'. Nenhuma pasta receberá ambiente.
[2026-07-27 14:20:01.427] [INFO] Excel local gerado para 'GRD-COM-ERM-BSO 16': C:\Users\peter\OneDrive - Grupo Ecorodovias\Área de Trabalho\Scritps_novos\SaidaSimulacao\20260727_141659\ANTT\GRD-COM-ERM-BSO 16-0000001.xlsx
[2026-07-27 14:20:01.464] [INFO] Criando pasta sem ambiente: Engenharia\Ecovias Rio Minas\Projetos\BSO 16 - Itaboraí\0 - Documentos Gerais\Documentos com unidade
[2026-07-27 14:20:01.788] [INFO] Pasta criada: Engenharia\Ecovias Rio Minas\Projetos\BSO 16 - Itaboraí\0 - Documentos Gerais\Documentos com unidade (ProjectID=427934).
[2026-07-27 14:20:01.828] [INFO] Criando pasta sem ambiente: Engenharia\Ecovias Rio Minas\Projetos\BSO 16 - Itaboraí\0 - Documentos Gerais\Documentos com unidade\GRD-COM-ERM-BSO 16-0000001
[2026-07-27 14:20:02.157] [INFO] Pasta criada: Engenharia\Ecovias Rio Minas\Projetos\BSO 16 - Itaboraí\0 - Documentos Gerais\Documentos com unidade\GRD-COM-ERM-BSO 16-0000001 (ProjectID=427935).
[2026-07-27 14:20:02.361] [INFO] Importando Excel na pasta final: GRD-COM-ERM-BSO 16-0000001.xlsx
[2026-07-27 14:20:02.661] [INFO] Excel importado com sucesso: DocumentID=1; caminho=Engenharia\Ecovias Rio Minas\Projetos\BSO 16 - Itaboraí\0 - Documentos Gerais\Documentos com unidade\GRD-COM-ERM-BSO 16-0000001\GRD-COM-ERM-BSO 16-0000001.xlsx
[2026-07-27 14:20:02.662] [INFO] Analisando grupo 'GRD-COM-ERM-BSO 15' (ANTT) com 8 documento(s).
[2026-07-27 14:20:03.110] [AVISO] Estrutura ausente para 'GRD-COM-ERM-BSO 15'. Precisam ser criadas: Engenharia\Ecovias Rio Minas\Projetos\BSO 15 - Seropédica\0 - Documentos Gerais\Documentos com unidade; Engenharia\Ecovias Rio Minas\Projetos\BSO 15 - Seropédica\0 - Documentos Gerais\Documentos com unidade\GRD-COM-ERM-BSO 15-0000001
[2026-07-27 14:20:03.111] [INFO] Grupo 'GRD-COM-ERM-BSO 15': GRD prevista 'GRD-COM-ERM-BSO 15-0000001'; destino 'Engenharia\Ecovias Rio Minas\Projetos\BSO 15 - Seropédica\0 - Documentos Gerais\Documentos com unidade\GRD-COM-ERM-BSO 15-0000001'. Nenhuma pasta receberá ambiente.
[2026-07-27 14:20:03.347] [INFO] Excel local gerado para 'GRD-COM-ERM-BSO 15': C:\Users\peter\OneDrive - Grupo Ecorodovias\Área de Trabalho\Scritps_novos\SaidaSimulacao\20260727_141659\ANTT\GRD-COM-ERM-BSO 15-0000001.xlsx
[2026-07-27 14:20:03.416] [INFO] Criando pasta sem ambiente: Engenharia\Ecovias Rio Minas\Projetos\BSO 15 - Seropédica\0 - Documentos Gerais\Documentos com unidade
[2026-07-27 14:20:03.888] [INFO] Pasta criada: Engenharia\Ecovias Rio Minas\Projetos\BSO 15 - Seropédica\0 - Documentos Gerais\Documentos com unidade (ProjectID=427936).
[2026-07-27 14:20:03.947] [INFO] Criando pasta sem ambiente: Engenharia\Ecovias Rio Minas\Projetos\BSO 15 - Seropédica\0 - Documentos Gerais\Documentos com unidade\GRD-COM-ERM-BSO 15-0000001
[2026-07-27 14:20:04.333] [INFO] Pasta criada: Engenharia\Ecovias Rio Minas\Projetos\BSO 15 - Seropédica\0 - Documentos Gerais\Documentos com unidade\GRD-COM-ERM-BSO 15-0000001 (ProjectID=427937).
[2026-07-27 14:20:04.648] [INFO] Importando Excel na pasta final: GRD-COM-ERM-BSO 15-0000001.xlsx
[2026-07-27 14:20:05.086] [INFO] Excel importado com sucesso: DocumentID=1; caminho=Engenharia\Ecovias Rio Minas\Projetos\BSO 15 - Seropédica\0 - Documentos Gerais\Documentos com unidade\GRD-COM-ERM-BSO 15-0000001\GRD-COM-ERM-BSO 15-0000001.xlsx
[2026-07-27 14:20:05.086] [INFO] Analisando grupo 'GRD-COM-ERM-BSO 18' (ANTT) com 5 documento(s).
[2026-07-27 14:20:05.402] [AVISO] Estrutura ausente para 'GRD-COM-ERM-BSO 18'. Precisam ser criadas: Engenharia\Ecovias Rio Minas\Projetos\BSO 18 - Seropédica\0 - Documentos Gerais\Documentos com unidade; Engenharia\Ecovias Rio Minas\Projetos\BSO 18 - Seropédica\0 - Documentos Gerais\Documentos com unidade\GRD-COM-ERM-BSO 18-0000001
[2026-07-27 14:20:05.403] [INFO] Grupo 'GRD-COM-ERM-BSO 18': GRD prevista 'GRD-COM-ERM-BSO 18-0000001'; destino 'Engenharia\Ecovias Rio Minas\Projetos\BSO 18 - Seropédica\0 - Documentos Gerais\Documentos com unidade\GRD-COM-ERM-BSO 18-0000001'. Nenhuma pasta receberá ambiente.
[2026-07-27 14:20:05.583] [INFO] Excel local gerado para 'GRD-COM-ERM-BSO 18': C:\Users\peter\OneDrive - Grupo Ecorodovias\Área de Trabalho\Scritps_novos\SaidaSimulacao\20260727_141659\ANTT\GRD-COM-ERM-BSO 18-0000001.xlsx
[2026-07-27 14:20:05.622] [INFO] Criando pasta sem ambiente: Engenharia\Ecovias Rio Minas\Projetos\BSO 18 - Seropédica\0 - Documentos Gerais\Documentos com unidade
[2026-07-27 14:20:05.971] [INFO] Pasta criada: Engenharia\Ecovias Rio Minas\Projetos\BSO 18 - Seropédica\0 - Documentos Gerais\Documentos com unidade (ProjectID=427938).
[2026-07-27 14:20:06.047] [INFO] Criando pasta sem ambiente: Engenharia\Ecovias Rio Minas\Projetos\BSO 18 - Seropédica\0 - Documentos Gerais\Documentos com unidade\GRD-COM-ERM-BSO 18-0000001
[2026-07-27 14:20:07.008] [INFO] Pasta criada: Engenharia\Ecovias Rio Minas\Projetos\BSO 18 - Seropédica\0 - Documentos Gerais\Documentos com unidade\GRD-COM-ERM-BSO 18-0000001 (ProjectID=427939).
[2026-07-27 14:20:07.385] [INFO] Importando Excel na pasta final: GRD-COM-ERM-BSO 18-0000001.xlsx
[2026-07-27 14:20:07.935] [INFO] Excel importado com sucesso: DocumentID=1; caminho=Engenharia\Ecovias Rio Minas\Projetos\BSO 18 - Seropédica\0 - Documentos Gerais\Documentos com unidade\GRD-COM-ERM-BSO 18-0000001\GRD-COM-ERM-BSO 18-0000001.xlsx
[2026-07-27 14:20:07.936] [INFO] Analisando grupo 'GRD-COM-ERM-Nova Praça P8' (ANTT) com 10 documento(s).
[2026-07-27 14:20:08.595] [AVISO] Estrutura ausente para 'GRD-COM-ERM-Nova Praça P8'. Precisam ser criadas: Engenharia\Ecovias Rio Minas\Projetos\Nova Praça P8\0 - Documentos Gerais\Documentos com unidade; Engenharia\Ecovias Rio Minas\Projetos\Nova Praça P8\0 - Documentos Gerais\Documentos com unidade\GRD-COM-ERM-Nova Praça P8-0000001
[2026-07-27 14:20:08.597] [INFO] Grupo 'GRD-COM-ERM-Nova Praça P8': GRD prevista 'GRD-COM-ERM-Nova Praça P8-0000001'; destino 'Engenharia\Ecovias Rio Minas\Projetos\Nova Praça P8\0 - Documentos Gerais\Documentos com unidade\GRD-COM-ERM-Nova Praça P8-0000001'. Nenhuma pasta receberá ambiente.
[2026-07-27 14:20:08.772] [INFO] Excel local gerado para 'GRD-COM-ERM-Nova Praça P8': C:\Users\peter\OneDrive - Grupo Ecorodovias\Área de Trabalho\Scritps_novos\SaidaSimulacao\20260727_141659\ANTT\GRD-COM-ERM-Nova Praça P8-0000001.xlsx
[2026-07-27 14:20:08.850] [INFO] Criando pasta sem ambiente: Engenharia\Ecovias Rio Minas\Projetos\Nova Praça P8\0 - Documentos Gerais\Documentos com unidade
[2026-07-27 14:20:09.146] [INFO] Pasta criada: Engenharia\Ecovias Rio Minas\Projetos\Nova Praça P8\0 - Documentos Gerais\Documentos com unidade (ProjectID=427940).
[2026-07-27 14:20:09.209] [INFO] Criando pasta sem ambiente: Engenharia\Ecovias Rio Minas\Projetos\Nova Praça P8\0 - Documentos Gerais\Documentos com unidade\GRD-COM-ERM-Nova Praça P8-0000001
[2026-07-27 14:20:10.386] [INFO] Pasta criada: Engenharia\Ecovias Rio Minas\Projetos\Nova Praça P8\0 - Documentos Gerais\Documentos com unidade\GRD-COM-ERM-Nova Praça P8-0000001 (ProjectID=427941).
[2026-07-27 14:20:10.602] [INFO] Importando Excel na pasta final: GRD-COM-ERM-Nova Praça P8-0000001.xlsx
[2026-07-27 14:20:10.865] [INFO] Excel importado com sucesso: DocumentID=1; caminho=Engenharia\Ecovias Rio Minas\Projetos\Nova Praça P8\0 - Documentos Gerais\Documentos com unidade\GRD-COM-ERM-Nova Praça P8-0000001\GRD-COM-ERM-Nova Praça P8-0000001.xlsx
[2026-07-27 14:20:10.867] [INFO] Analisando grupo 'GRD-COM-ERM-BSO 13' (ANTT) com 5 documento(s).
[2026-07-27 14:20:11.101] [AVISO] Estrutura ausente para 'GRD-COM-ERM-BSO 13'. Precisam ser criadas: Engenharia\Ecovias Rio Minas\Projetos\BSO 13 - Guapimirim\0 - Documentos Gerais\Documentos com unidade; Engenharia\Ecovias Rio Minas\Projetos\BSO 13 - Guapimirim\0 - Documentos Gerais\Documentos com unidade\GRD-COM-ERM-BSO 13-0000001
[2026-07-27 14:20:11.102] [INFO] Grupo 'GRD-COM-ERM-BSO 13': GRD prevista 'GRD-COM-ERM-BSO 13-0000001'; destino 'Engenharia\Ecovias Rio Minas\Projetos\BSO 13 - Guapimirim\0 - Documentos Gerais\Documentos com unidade\GRD-COM-ERM-BSO 13-0000001'. Nenhuma pasta receberá ambiente.
[2026-07-27 14:20:11.262] [INFO] Excel local gerado para 'GRD-COM-ERM-BSO 13': C:\Users\peter\OneDrive - Grupo Ecorodovias\Área de Trabalho\Scritps_novos\SaidaSimulacao\20260727_141659\ANTT\GRD-COM-ERM-BSO 13-0000001.xlsx
[2026-07-27 14:20:11.296] [INFO] Criando pasta sem ambiente: Engenharia\Ecovias Rio Minas\Projetos\BSO 13 - Guapimirim\0 - Documentos Gerais\Documentos com unidade
[2026-07-27 14:20:11.614] [INFO] Pasta criada: Engenharia\Ecovias Rio Minas\Projetos\BSO 13 - Guapimirim\0 - Documentos Gerais\Documentos com unidade (ProjectID=427942).
[2026-07-27 14:20:11.651] [INFO] Criando pasta sem ambiente: Engenharia\Ecovias Rio Minas\Projetos\BSO 13 - Guapimirim\0 - Documentos Gerais\Documentos com unidade\GRD-COM-ERM-BSO 13-0000001
[2026-07-27 14:20:11.888] [INFO] Pasta criada: Engenharia\Ecovias Rio Minas\Projetos\BSO 13 - Guapimirim\0 - Documentos Gerais\Documentos com unidade\GRD-COM-ERM-BSO 13-0000001 (ProjectID=427943).
[2026-07-27 14:20:12.094] [INFO] Importando Excel na pasta final: GRD-COM-ERM-BSO 13-0000001.xlsx
[2026-07-27 14:20:12.399] [INFO] Excel importado com sucesso: DocumentID=1; caminho=Engenharia\Ecovias Rio Minas\Projetos\BSO 13 - Guapimirim\0 - Documentos Gerais\Documentos com unidade\GRD-COM-ERM-BSO 13-0000001\GRD-COM-ERM-BSO 13-0000001.xlsx
[2026-07-27 14:20:12.401] [INFO] Analisando grupo 'GRD-COM-ERM-Praça P15' (ANTT) com 32 documento(s).
[2026-07-27 14:20:12.656] [AVISO] Estrutura ausente para 'GRD-COM-ERM-Praça P15'. Precisam ser criadas: Engenharia\Ecovias Rio Minas\Projetos\Praça de Pedágio P15\0 - Documentos Gerais\Documentos com unidade; Engenharia\Ecovias Rio Minas\Projetos\Praça de Pedágio P15\0 - Documentos Gerais\Documentos com unidade\GRD-COM-ERM-Praça P15-0000001
[2026-07-27 14:20:12.657] [INFO] Grupo 'GRD-COM-ERM-Praça P15': GRD prevista 'GRD-COM-ERM-Praça P15-0000001'; destino 'Engenharia\Ecovias Rio Minas\Projetos\Praça de Pedágio P15\0 - Documentos Gerais\Documentos com unidade\GRD-COM-ERM-Praça P15-0000001'. Nenhuma pasta receberá ambiente.
[2026-07-27 14:20:12.830] [INFO] Excel local gerado para 'GRD-COM-ERM-Praça P15': C:\Users\peter\OneDrive - Grupo Ecorodovias\Área de Trabalho\Scritps_novos\SaidaSimulacao\20260727_141659\ANTT\GRD-COM-ERM-Praça P15-0000001.xlsx
[2026-07-27 14:20:12.865] [INFO] Criando pasta sem ambiente: Engenharia\Ecovias Rio Minas\Projetos\Praça de Pedágio P15\0 - Documentos Gerais\Documentos com unidade
[2026-07-27 14:20:13.165] [INFO] Pasta criada: Engenharia\Ecovias Rio Minas\Projetos\Praça de Pedágio P15\0 - Documentos Gerais\Documentos com unidade (ProjectID=427944).
[2026-07-27 14:20:13.228] [INFO] Criando pasta sem ambiente: Engenharia\Ecovias Rio Minas\Projetos\Praça de Pedágio P15\0 - Documentos Gerais\Documentos com unidade\GRD-COM-ERM-Praça P15-0000001
[2026-07-27 14:20:13.635] [INFO] Pasta criada: Engenharia\Ecovias Rio Minas\Projetos\Praça de Pedágio P15\0 - Documentos Gerais\Documentos com unidade\GRD-COM-ERM-Praça P15-0000001 (ProjectID=427945).
[2026-07-27 14:20:13.943] [INFO] Importando Excel na pasta final: GRD-COM-ERM-Praça P15-0000001.xlsx
[2026-07-27 14:20:14.248] [INFO] Excel importado com sucesso: DocumentID=1; caminho=Engenharia\Ecovias Rio Minas\Projetos\Praça de Pedágio P15\0 - Documentos Gerais\Documentos com unidade\GRD-COM-ERM-Praça P15-0000001\GRD-COM-ERM-Praça P15-0000001.xlsx
[2026-07-27 14:20:14.248] [INFO] Analisando grupo 'GRD-COM-ERM-PPD - km 215+600' (ANTT) com 16 documento(s).
[2026-07-27 14:20:14.517] [AVISO] Estrutura ausente para 'GRD-COM-ERM-PPD - km 215+600'. Precisam ser criadas: Engenharia\Ecovias Rio Minas\Projetos\PPD - Rio\0 - Documentos Gerais\Documentos com unidade; Engenharia\Ecovias Rio Minas\Projetos\PPD - Rio\0 - Documentos Gerais\Documentos com unidade\GRD-COM-ERM-PPD - km 215+600-0000001
[2026-07-27 14:20:14.517] [INFO] Grupo 'GRD-COM-ERM-PPD - km 215+600': GRD prevista 'GRD-COM-ERM-PPD - km 215+600-0000001'; destino 'Engenharia\Ecovias Rio Minas\Projetos\PPD - Rio\0 - Documentos Gerais\Documentos com unidade\GRD-COM-ERM-PPD - km 215+600-0000001'. Nenhuma pasta receberá ambiente.
[2026-07-27 14:20:14.682] [INFO] Excel local gerado para 'GRD-COM-ERM-PPD - km 215+600': C:\Users\peter\OneDrive - Grupo Ecorodovias\Área de Trabalho\Scritps_novos\SaidaSimulacao\20260727_141659\ANTT\GRD-COM-ERM-PPD - km 215+600-0000001.xlsx
[2026-07-27 14:20:14.716] [INFO] Criando pasta sem ambiente: Engenharia\Ecovias Rio Minas\Projetos\PPD - Rio\0 - Documentos Gerais\Documentos com unidade
[2026-07-27 14:20:15.172] [INFO] Pasta criada: Engenharia\Ecovias Rio Minas\Projetos\PPD - Rio\0 - Documentos Gerais\Documentos com unidade (ProjectID=427946).
[2026-07-27 14:20:15.243] [INFO] Criando pasta sem ambiente: Engenharia\Ecovias Rio Minas\Projetos\PPD - Rio\0 - Documentos Gerais\Documentos com unidade\GRD-COM-ERM-PPD - km 215+600-0000001
[2026-07-27 14:20:15.659] [INFO] Pasta criada: Engenharia\Ecovias Rio Minas\Projetos\PPD - Rio\0 - Documentos Gerais\Documentos com unidade\GRD-COM-ERM-PPD - km 215+600-0000001 (ProjectID=427947).
[2026-07-27 14:20:15.882] [INFO] Importando Excel na pasta final: GRD-COM-ERM-PPD - km 215+600-0000001.xlsx
[2026-07-27 14:20:16.274] [INFO] Excel importado com sucesso: DocumentID=1; caminho=Engenharia\Ecovias Rio Minas\Projetos\PPD - Rio\0 - Documentos Gerais\Documentos com unidade\GRD-COM-ERM-PPD - km 215+600-0000001\GRD-COM-ERM-PPD - km 215+600-0000001.xlsx
[2026-07-27 14:20:16.275] [INFO] Analisando grupo 'GRD-COM-ERM-Praça P14' (ANTT) com 40 documento(s).
[2026-07-27 14:20:16.488] [AVISO] Estrutura ausente para 'GRD-COM-ERM-Praça P14'. Precisam ser criadas: Engenharia\Ecovias Rio Minas\Projetos\Praça de Pedágio P14\0 - Documentos Gerais\Documentos com unidade; Engenharia\Ecovias Rio Minas\Projetos\Praça de Pedágio P14\0 - Documentos Gerais\Documentos com unidade\GRD-COM-ERM-Praça P14-0000001
[2026-07-27 14:20:16.489] [INFO] Grupo 'GRD-COM-ERM-Praça P14': GRD prevista 'GRD-COM-ERM-Praça P14-0000001'; destino 'Engenharia\Ecovias Rio Minas\Projetos\Praça de Pedágio P14\0 - Documentos Gerais\Documentos com unidade\GRD-COM-ERM-Praça P14-0000001'. Nenhuma pasta receberá ambiente.
[2026-07-27 14:20:16.656] [INFO] Excel local gerado para 'GRD-COM-ERM-Praça P14': C:\Users\peter\OneDrive - Grupo Ecorodovias\Área de Trabalho\Scritps_novos\SaidaSimulacao\20260727_141659\ANTT\GRD-COM-ERM-Praça P14-0000001.xlsx
[2026-07-27 14:20:16.693] [INFO] Criando pasta sem ambiente: Engenharia\Ecovias Rio Minas\Projetos\Praça de Pedágio P14\0 - Documentos Gerais\Documentos com unidade
[2026-07-27 14:20:16.926] [INFO] Pasta criada: Engenharia\Ecovias Rio Minas\Projetos\Praça de Pedágio P14\0 - Documentos Gerais\Documentos com unidade (ProjectID=427948).
[2026-07-27 14:20:17.005] [INFO] Criando pasta sem ambiente: Engenharia\Ecovias Rio Minas\Projetos\Praça de Pedágio P14\0 - Documentos Gerais\Documentos com unidade\GRD-COM-ERM-Praça P14-0000001
[2026-07-27 14:20:17.427] [INFO] Pasta criada: Engenharia\Ecovias Rio Minas\Projetos\Praça de Pedágio P14\0 - Documentos Gerais\Documentos com unidade\GRD-COM-ERM-Praça P14-0000001 (ProjectID=427949).
[2026-07-27 14:20:17.665] [INFO] Importando Excel na pasta final: GRD-COM-ERM-Praça P14-0000001.xlsx
[2026-07-27 14:20:17.937] [INFO] Excel importado com sucesso: DocumentID=1; caminho=Engenharia\Ecovias Rio Minas\Projetos\Praça de Pedágio P14\0 - Documentos Gerais\Documentos com unidade\GRD-COM-ERM-Praça P14-0000001\GRD-COM-ERM-Praça P14-0000001.xlsx
[2026-07-27 14:20:17.938] [INFO] Analisando grupo 'GRD-COM-ERM-Praça P7' (ANTT) com 46 documento(s).
[2026-07-27 14:20:18.132] [AVISO] Estrutura ausente para 'GRD-COM-ERM-Praça P7'. Precisam ser criadas: Engenharia\Ecovias Rio Minas\Projetos\Praça de Pedágio P7\0 - Documentos Gerais\Documentos com unidade; Engenharia\Ecovias Rio Minas\Projetos\Praça de Pedágio P7\0 - Documentos Gerais\Documentos com unidade\GRD-COM-ERM-Praça P7-0000001
[2026-07-27 14:20:18.133] [INFO] Grupo 'GRD-COM-ERM-Praça P7': GRD prevista 'GRD-COM-ERM-Praça P7-0000001'; destino 'Engenharia\Ecovias Rio Minas\Projetos\Praça de Pedágio P7\0 - Documentos Gerais\Documentos com unidade\GRD-COM-ERM-Praça P7-0000001'. Nenhuma pasta receberá ambiente.
[2026-07-27 14:20:18.345] [INFO] Excel local gerado para 'GRD-COM-ERM-Praça P7': C:\Users\peter\OneDrive - Grupo Ecorodovias\Área de Trabalho\Scritps_novos\SaidaSimulacao\20260727_141659\ANTT\GRD-COM-ERM-Praça P7-0000001.xlsx
[2026-07-27 14:20:18.406] [INFO] Criando pasta sem ambiente: Engenharia\Ecovias Rio Minas\Projetos\Praça de Pedágio P7\0 - Documentos Gerais\Documentos com unidade
[2026-07-27 14:20:18.645] [INFO] Pasta criada: Engenharia\Ecovias Rio Minas\Projetos\Praça de Pedágio P7\0 - Documentos Gerais\Documentos com unidade (ProjectID=427950).
[2026-07-27 14:20:18.689] [INFO] Criando pasta sem ambiente: Engenharia\Ecovias Rio Minas\Projetos\Praça de Pedágio P7\0 - Documentos Gerais\Documentos com unidade\GRD-COM-ERM-Praça P7-0000001
[2026-07-27 14:20:19.165] [INFO] Pasta criada: Engenharia\Ecovias Rio Minas\Projetos\Praça de Pedágio P7\0 - Documentos Gerais\Documentos com unidade\GRD-COM-ERM-Praça P7-0000001 (ProjectID=427951).
[2026-07-27 14:20:19.371] [INFO] Importando Excel na pasta final: GRD-COM-ERM-Praça P7-0000001.xlsx
[2026-07-27 14:20:19.656] [INFO] Excel importado com sucesso: DocumentID=1; caminho=Engenharia\Ecovias Rio Minas\Projetos\Praça de Pedágio P7\0 - Documentos Gerais\Documentos com unidade\GRD-COM-ERM-Praça P7-0000001\GRD-COM-ERM-Praça P7-0000001.xlsx
[2026-07-27 14:20:19.658] [INFO] Analisando grupo 'GRD-COM-ERM-PPD - km 513+600' (ANTT) com 8 documento(s).
[2026-07-27 14:20:19.823] [AVISO] Estrutura ausente para 'GRD-COM-ERM-PPD - km 513+600'. Precisam ser criadas: Engenharia\Ecovias Rio Minas\Projetos\PPD - Minas\0 - Documentos Gerais\Documentos com unidade; Engenharia\Ecovias Rio Minas\Projetos\PPD - Minas\0 - Documentos Gerais\Documentos com unidade\GRD-COM-ERM-PPD - km 513+600-0000001
[2026-07-27 14:20:19.825] [INFO] Grupo 'GRD-COM-ERM-PPD - km 513+600': GRD prevista 'GRD-COM-ERM-PPD - km 513+600-0000001'; destino 'Engenharia\Ecovias Rio Minas\Projetos\PPD - Minas\0 - Documentos Gerais\Documentos com unidade\GRD-COM-ERM-PPD - km 513+600-0000001'. Nenhuma pasta receberá ambiente.
[2026-07-27 14:20:20.000] [INFO] Excel local gerado para 'GRD-COM-ERM-PPD - km 513+600': C:\Users\peter\OneDrive - Grupo Ecorodovias\Área de Trabalho\Scritps_novos\SaidaSimulacao\20260727_141659\ANTT\GRD-COM-ERM-PPD - km 513+600-0000001.xlsx
[2026-07-27 14:20:20.040] [INFO] Criando pasta sem ambiente: Engenharia\Ecovias Rio Minas\Projetos\PPD - Minas\0 - Documentos Gerais\Documentos com unidade
[2026-07-27 14:20:20.358] [INFO] Pasta criada: Engenharia\Ecovias Rio Minas\Projetos\PPD - Minas\0 - Documentos Gerais\Documentos com unidade (ProjectID=427952).
[2026-07-27 14:20:20.484] [INFO] Criando pasta sem ambiente: Engenharia\Ecovias Rio Minas\Projetos\PPD - Minas\0 - Documentos Gerais\Documentos com unidade\GRD-COM-ERM-PPD - km 513+600-0000001
[2026-07-27 14:20:20.770] [INFO] Pasta criada: Engenharia\Ecovias Rio Minas\Projetos\PPD - Minas\0 - Documentos Gerais\Documentos com unidade\GRD-COM-ERM-PPD - km 513+600-0000001 (ProjectID=427953).
[2026-07-27 14:20:20.980] [INFO] Importando Excel na pasta final: GRD-COM-ERM-PPD - km 513+600-0000001.xlsx
[2026-07-27 14:20:21.192] [INFO] Excel importado com sucesso: DocumentID=1; caminho=Engenharia\Ecovias Rio Minas\Projetos\PPD - Minas\0 - Documentos Gerais\Documentos com unidade\GRD-COM-ERM-PPD - km 513+600-0000001\GRD-COM-ERM-PPD - km 513+600-0000001.xlsx
[2026-07-27 14:20:21.193] [INFO] Analisando grupo 'GRD-COM-ERM-Praça P11' (ANTT) com 38 documento(s).
[2026-07-27 14:20:21.375] [AVISO] Estrutura ausente para 'GRD-COM-ERM-Praça P11'. Precisam ser criadas: Engenharia\Ecovias Rio Minas\Projetos\Praça de Pedágio P11\0 - Documentos Gerais\Documentos com unidade; Engenharia\Ecovias Rio Minas\Projetos\Praça de Pedágio P11\0 - Documentos Gerais\Documentos com unidade\GRD-COM-ERM-Praça P11-0000001
[2026-07-27 14:20:21.375] [INFO] Grupo 'GRD-COM-ERM-Praça P11': GRD prevista 'GRD-COM-ERM-Praça P11-0000001'; destino 'Engenharia\Ecovias Rio Minas\Projetos\Praça de Pedágio P11\0 - Documentos Gerais\Documentos com unidade\GRD-COM-ERM-Praça P11-0000001'. Nenhuma pasta receberá ambiente.
[2026-07-27 14:20:21.536] [INFO] Excel local gerado para 'GRD-COM-ERM-Praça P11': C:\Users\peter\OneDrive - Grupo Ecorodovias\Área de Trabalho\Scritps_novos\SaidaSimulacao\20260727_141659\ANTT\GRD-COM-ERM-Praça P11-0000001.xlsx
[2026-07-27 14:20:21.634] [INFO] Criando pasta sem ambiente: Engenharia\Ecovias Rio Minas\Projetos\Praça de Pedágio P11\0 - Documentos Gerais\Documentos com unidade
[2026-07-27 14:20:21.926] [INFO] Pasta criada: Engenharia\Ecovias Rio Minas\Projetos\Praça de Pedágio P11\0 - Documentos Gerais\Documentos com unidade (ProjectID=427954).
[2026-07-27 14:20:21.964] [INFO] Criando pasta sem ambiente: Engenharia\Ecovias Rio Minas\Projetos\Praça de Pedágio P11\0 - Documentos Gerais\Documentos com unidade\GRD-COM-ERM-Praça P11-0000001
[2026-07-27 14:20:22.251] [INFO] Pasta criada: Engenharia\Ecovias Rio Minas\Projetos\Praça de Pedágio P11\0 - Documentos Gerais\Documentos com unidade\GRD-COM-ERM-Praça P11-0000001 (ProjectID=427955).
[2026-07-27 14:20:22.645] [INFO] Importando Excel na pasta final: GRD-COM-ERM-Praça P11-0000001.xlsx
[2026-07-27 14:20:22.909] [INFO] Excel importado com sucesso: DocumentID=1; caminho=Engenharia\Ecovias Rio Minas\Projetos\Praça de Pedágio P11\0 - Documentos Gerais\Documentos com unidade\GRD-COM-ERM-Praça P11-0000001\GRD-COM-ERM-Praça P11-0000001.xlsx
[2026-07-27 14:20:22.911] [INFO] Analisando grupo 'GRD-COM-ERM-Praça P8' (ANTT) com 40 documento(s).
[2026-07-27 14:20:23.180] [AVISO] Estrutura ausente para 'GRD-COM-ERM-Praça P8'. Precisam ser criadas: Engenharia\Ecovias Rio Minas\Projetos\Praça de Pedágio P8\0 - Documentos Gerais\Documentos com unidade; Engenharia\Ecovias Rio Minas\Projetos\Praça de Pedágio P8\0 - Documentos Gerais\Documentos com unidade\GRD-COM-ERM-Praça P8-0000001
[2026-07-27 14:20:23.182] [INFO] Grupo 'GRD-COM-ERM-Praça P8': GRD prevista 'GRD-COM-ERM-Praça P8-0000001'; destino 'Engenharia\Ecovias Rio Minas\Projetos\Praça de Pedágio P8\0 - Documentos Gerais\Documentos com unidade\GRD-COM-ERM-Praça P8-0000001'. Nenhuma pasta receberá ambiente.
[2026-07-27 14:20:23.354] [INFO] Excel local gerado para 'GRD-COM-ERM-Praça P8': C:\Users\peter\OneDrive - Grupo Ecorodovias\Área de Trabalho\Scritps_novos\SaidaSimulacao\20260727_141659\ANTT\GRD-COM-ERM-Praça P8-0000001.xlsx
[2026-07-27 14:20:23.393] [INFO] Criando pasta sem ambiente: Engenharia\Ecovias Rio Minas\Projetos\Praça de Pedágio P8\0 - Documentos Gerais\Documentos com unidade
[2026-07-27 14:20:23.680] [INFO] Pasta criada: Engenharia\Ecovias Rio Minas\Projetos\Praça de Pedágio P8\0 - Documentos Gerais\Documentos com unidade (ProjectID=427956).
[2026-07-27 14:20:23.733] [INFO] Criando pasta sem ambiente: Engenharia\Ecovias Rio Minas\Projetos\Praça de Pedágio P8\0 - Documentos Gerais\Documentos com unidade\GRD-COM-ERM-Praça P8-0000001
[2026-07-27 14:20:24.065] [INFO] Pasta criada: Engenharia\Ecovias Rio Minas\Projetos\Praça de Pedágio P8\0 - Documentos Gerais\Documentos com unidade\GRD-COM-ERM-Praça P8-0000001 (ProjectID=427957).
[2026-07-27 14:20:24.284] [INFO] Importando Excel na pasta final: GRD-COM-ERM-Praça P8-0000001.xlsx
[2026-07-27 14:20:24.559] [INFO] Excel importado com sucesso: DocumentID=1; caminho=Engenharia\Ecovias Rio Minas\Projetos\Praça de Pedágio P8\0 - Documentos Gerais\Documentos com unidade\GRD-COM-ERM-Praça P8-0000001\GRD-COM-ERM-Praça P8-0000001.xlsx
[2026-07-27 14:20:24.560] [INFO] Analisando grupo 'GRD-COM-ERM-Praça P9' (ANTT) com 48 documento(s).
[2026-07-27 14:20:24.961] [AVISO] Estrutura ausente para 'GRD-COM-ERM-Praça P9'. Precisam ser criadas: Engenharia\Ecovias Rio Minas\Projetos\Praça de Pedágio P9\0 - Documentos Gerais\Documentos com unidade; Engenharia\Ecovias Rio Minas\Projetos\Praça de Pedágio P9\0 - Documentos Gerais\Documentos com unidade\GRD-COM-ERM-Praça P9-0000001
[2026-07-27 14:20:24.962] [INFO] Grupo 'GRD-COM-ERM-Praça P9': GRD prevista 'GRD-COM-ERM-Praça P9-0000001'; destino 'Engenharia\Ecovias Rio Minas\Projetos\Praça de Pedágio P9\0 - Documentos Gerais\Documentos com unidade\GRD-COM-ERM-Praça P9-0000001'. Nenhuma pasta receberá ambiente.
[2026-07-27 14:20:25.203] [INFO] Excel local gerado para 'GRD-COM-ERM-Praça P9': C:\Users\peter\OneDrive - Grupo Ecorodovias\Área de Trabalho\Scritps_novos\SaidaSimulacao\20260727_141659\ANTT\GRD-COM-ERM-Praça P9-0000001.xlsx
[2026-07-27 14:20:25.248] [INFO] Criando pasta sem ambiente: Engenharia\Ecovias Rio Minas\Projetos\Praça de Pedágio P9\0 - Documentos Gerais\Documentos com unidade
[2026-07-27 14:20:25.497] [INFO] Pasta criada: Engenharia\Ecovias Rio Minas\Projetos\Praça de Pedágio P9\0 - Documentos Gerais\Documentos com unidade (ProjectID=427958).
[2026-07-27 14:20:25.572] [INFO] Criando pasta sem ambiente: Engenharia\Ecovias Rio Minas\Projetos\Praça de Pedágio P9\0 - Documentos Gerais\Documentos com unidade\GRD-COM-ERM-Praça P9-0000001
[2026-07-27 14:20:25.844] [INFO] Pasta criada: Engenharia\Ecovias Rio Minas\Projetos\Praça de Pedágio P9\0 - Documentos Gerais\Documentos com unidade\GRD-COM-ERM-Praça P9-0000001 (ProjectID=427959).
[2026-07-27 14:20:26.116] [INFO] Importando Excel na pasta final: GRD-COM-ERM-Praça P9-0000001.xlsx
[2026-07-27 14:20:26.447] [INFO] Excel importado com sucesso: DocumentID=1; caminho=Engenharia\Ecovias Rio Minas\Projetos\Praça de Pedágio P9\0 - Documentos Gerais\Documentos com unidade\GRD-COM-ERM-Praça P9-0000001\GRD-COM-ERM-Praça P9-0000001.xlsx
[2026-07-27 14:20:26.448] [INFO] Analisando grupo 'GRD-COM-ERM-Praça P12' (ANTT) com 48 documento(s).
[2026-07-27 14:20:26.637] [AVISO] Estrutura ausente para 'GRD-COM-ERM-Praça P12'. Precisam ser criadas: Engenharia\Ecovias Rio Minas\Projetos\Praça de Pedágio P12\0 - Documentos Gerais\Documentos com unidade; Engenharia\Ecovias Rio Minas\Projetos\Praça de Pedágio P12\0 - Documentos Gerais\Documentos com unidade\GRD-COM-ERM-Praça P12-0000001
[2026-07-27 14:20:26.638] [INFO] Grupo 'GRD-COM-ERM-Praça P12': GRD prevista 'GRD-COM-ERM-Praça P12-0000001'; destino 'Engenharia\Ecovias Rio Minas\Projetos\Praça de Pedágio P12\0 - Documentos Gerais\Documentos com unidade\GRD-COM-ERM-Praça P12-0000001'. Nenhuma pasta receberá ambiente.
[2026-07-27 14:20:26.825] [INFO] Excel local gerado para 'GRD-COM-ERM-Praça P12': C:\Users\peter\OneDrive - Grupo Ecorodovias\Área de Trabalho\Scritps_novos\SaidaSimulacao\20260727_141659\ANTT\GRD-COM-ERM-Praça P12-0000001.xlsx
[2026-07-27 14:20:26.864] [INFO] Criando pasta sem ambiente: Engenharia\Ecovias Rio Minas\Projetos\Praça de Pedágio P12\0 - Documentos Gerais\Documentos com unidade
[2026-07-27 14:20:27.226] [INFO] Pasta criada: Engenharia\Ecovias Rio Minas\Projetos\Praça de Pedágio P12\0 - Documentos Gerais\Documentos com unidade (ProjectID=427960).
[2026-07-27 14:20:27.263] [INFO] Criando pasta sem ambiente: Engenharia\Ecovias Rio Minas\Projetos\Praça de Pedágio P12\0 - Documentos Gerais\Documentos com unidade\GRD-COM-ERM-Praça P12-0000001
[2026-07-27 14:20:27.642] [INFO] Pasta criada: Engenharia\Ecovias Rio Minas\Projetos\Praça de Pedágio P12\0 - Documentos Gerais\Documentos com unidade\GRD-COM-ERM-Praça P12-0000001 (ProjectID=427961).
[2026-07-27 14:20:27.849] [INFO] Importando Excel na pasta final: GRD-COM-ERM-Praça P12-0000001.xlsx
[2026-07-27 14:20:28.061] [INFO] Excel importado com sucesso: DocumentID=1; caminho=Engenharia\Ecovias Rio Minas\Projetos\Praça de Pedágio P12\0 - Documentos Gerais\Documentos com unidade\GRD-COM-ERM-Praça P12-0000001\GRD-COM-ERM-Praça P12-0000001.xlsx
[2026-07-27 14:20:28.062] [INFO] Analisando grupo 'GRD-COM-ERM-Praça P10' (ANTT) com 22 documento(s).
[2026-07-27 14:20:28.239] [AVISO] Estrutura ausente para 'GRD-COM-ERM-Praça P10'. Precisam ser criadas: Engenharia\Ecovias Rio Minas\Projetos\Praça de Pedágio P10\0 - Documentos Gerais\Documentos com unidade; Engenharia\Ecovias Rio Minas\Projetos\Praça de Pedágio P10\0 - Documentos Gerais\Documentos com unidade\GRD-COM-ERM-Praça P10-0000001
[2026-07-27 14:20:28.240] [INFO] Grupo 'GRD-COM-ERM-Praça P10': GRD prevista 'GRD-COM-ERM-Praça P10-0000001'; destino 'Engenharia\Ecovias Rio Minas\Projetos\Praça de Pedágio P10\0 - Documentos Gerais\Documentos com unidade\GRD-COM-ERM-Praça P10-0000001'. Nenhuma pasta receberá ambiente.
[2026-07-27 14:20:28.479] [INFO] Excel local gerado para 'GRD-COM-ERM-Praça P10': C:\Users\peter\OneDrive - Grupo Ecorodovias\Área de Trabalho\Scritps_novos\SaidaSimulacao\20260727_141659\ANTT\GRD-COM-ERM-Praça P10-0000001.xlsx
[2026-07-27 14:20:28.511] [INFO] Criando pasta sem ambiente: Engenharia\Ecovias Rio Minas\Projetos\Praça de Pedágio P10\0 - Documentos Gerais\Documentos com unidade
[2026-07-27 14:20:28.728] [INFO] Pasta criada: Engenharia\Ecovias Rio Minas\Projetos\Praça de Pedágio P10\0 - Documentos Gerais\Documentos com unidade (ProjectID=427962).
[2026-07-27 14:20:28.765] [INFO] Criando pasta sem ambiente: Engenharia\Ecovias Rio Minas\Projetos\Praça de Pedágio P10\0 - Documentos Gerais\Documentos com unidade\GRD-COM-ERM-Praça P10-0000001
[2026-07-27 14:20:29.008] [INFO] Pasta criada: Engenharia\Ecovias Rio Minas\Projetos\Praça de Pedágio P10\0 - Documentos Gerais\Documentos com unidade\GRD-COM-ERM-Praça P10-0000001 (ProjectID=427963).
[2026-07-27 14:20:29.217] [INFO] Importando Excel na pasta final: GRD-COM-ERM-Praça P10-0000001.xlsx
[2026-07-27 14:20:29.510] [INFO] Excel importado com sucesso: DocumentID=1; caminho=Engenharia\Ecovias Rio Minas\Projetos\Praça de Pedágio P10\0 - Documentos Gerais\Documentos com unidade\GRD-COM-ERM-Praça P10-0000001\GRD-COM-ERM-Praça P10-0000001.xlsx
[2026-07-27 14:20:29.511] [INFO] Analisando grupo 'GRD-COM-ERM-Praça P13' (ANTT) com 42 documento(s).
[2026-07-27 14:20:29.770] [AVISO] Estrutura ausente para 'GRD-COM-ERM-Praça P13'. Precisam ser criadas: Engenharia\Ecovias Rio Minas\Projetos\Praça de Pedágio P13\0 - Documentos Gerais\Documentos com unidade; Engenharia\Ecovias Rio Minas\Projetos\Praça de Pedágio P13\0 - Documentos Gerais\Documentos com unidade\GRD-COM-ERM-Praça P13-0000001
[2026-07-27 14:20:29.771] [INFO] Grupo 'GRD-COM-ERM-Praça P13': GRD prevista 'GRD-COM-ERM-Praça P13-0000001'; destino 'Engenharia\Ecovias Rio Minas\Projetos\Praça de Pedágio P13\0 - Documentos Gerais\Documentos com unidade\GRD-COM-ERM-Praça P13-0000001'. Nenhuma pasta receberá ambiente.
[2026-07-27 14:20:29.930] [INFO] Excel local gerado para 'GRD-COM-ERM-Praça P13': C:\Users\peter\OneDrive - Grupo Ecorodovias\Área de Trabalho\Scritps_novos\SaidaSimulacao\20260727_141659\ANTT\GRD-COM-ERM-Praça P13-0000001.xlsx
[2026-07-27 14:20:29.970] [INFO] Criando pasta sem ambiente: Engenharia\Ecovias Rio Minas\Projetos\Praça de Pedágio P13\0 - Documentos Gerais\Documentos com unidade
[2026-07-27 14:20:30.212] [INFO] Pasta criada: Engenharia\Ecovias Rio Minas\Projetos\Praça de Pedágio P13\0 - Documentos Gerais\Documentos com unidade (ProjectID=427964).
[2026-07-27 14:20:30.254] [INFO] Criando pasta sem ambiente: Engenharia\Ecovias Rio Minas\Projetos\Praça de Pedágio P13\0 - Documentos Gerais\Documentos com unidade\GRD-COM-ERM-Praça P13-0000001
[2026-07-27 14:20:30.610] [INFO] Pasta criada: Engenharia\Ecovias Rio Minas\Projetos\Praça de Pedágio P13\0 - Documentos Gerais\Documentos com unidade\GRD-COM-ERM-Praça P13-0000001 (ProjectID=427965).
[2026-07-27 14:20:30.817] [INFO] Importando Excel na pasta final: GRD-COM-ERM-Praça P13-0000001.xlsx
[2026-07-27 14:20:31.057] [INFO] Excel importado com sucesso: DocumentID=1; caminho=Engenharia\Ecovias Rio Minas\Projetos\Praça de Pedágio P13\0 - Documentos Gerais\Documentos com unidade\GRD-COM-ERM-Praça P13-0000001\GRD-COM-ERM-Praça P13-0000001.xlsx
[2026-07-27 14:20:31.058] [INFO] Analisando grupo 'GRD-COM-ERM-Praça P6' (ANTT) com 725 documento(s).
[2026-07-27 14:20:31.289] [AVISO] Estrutura ausente para 'GRD-COM-ERM-Praça P6'. Precisam ser criadas: Engenharia\Ecovias Rio Minas\Projetos\Praça P6\0 - Documentos Gerais\Documentos com unidade; Engenharia\Ecovias Rio Minas\Projetos\Praça P6\0 - Documentos Gerais\Documentos com unidade\GRD-COM-ERM-Praça P6-0000001
[2026-07-27 14:20:31.289] [INFO] Grupo 'GRD-COM-ERM-Praça P6': GRD prevista 'GRD-COM-ERM-Praça P6-0000001'; destino 'Engenharia\Ecovias Rio Minas\Projetos\Praça P6\0 - Documentos Gerais\Documentos com unidade\GRD-COM-ERM-Praça P6-0000001'. Nenhuma pasta receberá ambiente.
[2026-07-27 14:20:31.541] [INFO] Excel local gerado para 'GRD-COM-ERM-Praça P6': C:\Users\peter\OneDrive - Grupo Ecorodovias\Área de Trabalho\Scritps_novos\SaidaSimulacao\20260727_141659\ANTT\GRD-COM-ERM-Praça P6-0000001.xlsx
[2026-07-27 14:20:31.591] [INFO] Criando pasta sem ambiente: Engenharia\Ecovias Rio Minas\Projetos\Praça P6\0 - Documentos Gerais\Documentos com unidade
[2026-07-27 14:20:31.840] [INFO] Pasta criada: Engenharia\Ecovias Rio Minas\Projetos\Praça P6\0 - Documentos Gerais\Documentos com unidade (ProjectID=427966).
[2026-07-27 14:20:31.894] [INFO] Criando pasta sem ambiente: Engenharia\Ecovias Rio Minas\Projetos\Praça P6\0 - Documentos Gerais\Documentos com unidade\GRD-COM-ERM-Praça P6-0000001
[2026-07-27 14:20:32.275] [INFO] Pasta criada: Engenharia\Ecovias Rio Minas\Projetos\Praça P6\0 - Documentos Gerais\Documentos com unidade\GRD-COM-ERM-Praça P6-0000001 (ProjectID=427967).
[2026-07-27 14:20:32.521] [INFO] Importando Excel na pasta final: GRD-COM-ERM-Praça P6-0000001.xlsx
[2026-07-27 14:20:32.808] [INFO] Excel importado com sucesso: DocumentID=1; caminho=Engenharia\Ecovias Rio Minas\Projetos\Praça P6\0 - Documentos Gerais\Documentos com unidade\GRD-COM-ERM-Praça P6-0000001\GRD-COM-ERM-Praça P6-0000001.xlsx
[2026-07-27 14:20:32.809] [INFO] Analisando grupo 'GRD-COM-ECA-Acesso km 35 - BR414/GO' (ANTT) com 12 documento(s).
[2026-07-27 14:20:32.964] [AVISO] Estrutura ausente para 'GRD-COM-ECA-Acesso km 35 - BR414/GO'. Precisam ser criadas: Engenharia\Ecovias Araguaia\Projetos\Acesso km 35 - BR414/GO\0 - Documentos Gerais; Engenharia\Ecovias Araguaia\Projetos\Acesso km 35 - BR414/GO\0 - Documentos Gerais\Documentos com unidade; Engenharia\Ecovias Araguaia\Projetos\Acesso km 35 - BR414/GO\0 - Documentos Gerais\Documentos com unidade\GRD-COM-ECA-Acesso km 35 - BR414/GO-0000001
[2026-07-27 14:20:32.966] [INFO] Grupo 'GRD-COM-ECA-Acesso km 35 - BR414/GO': GRD prevista 'GRD-COM-ECA-Acesso km 35 - BR414/GO-0000001'; destino 'Engenharia\Ecovias Araguaia\Projetos\Acesso km 35 - BR414/GO\0 - Documentos Gerais\Documentos com unidade\GRD-COM-ECA-Acesso km 35 - BR414/GO-0000001'. Nenhuma pasta receberá ambiente.
[2026-07-27 14:20:33.163] [INFO] Excel local gerado para 'GRD-COM-ECA-Acesso km 35 - BR414/GO': C:\Users\peter\OneDrive - Grupo Ecorodovias\Área de Trabalho\Scritps_novos\SaidaSimulacao\20260727_141659\ANTT\GRD-COM-ECA-Acesso km 35 - BR414_GO-0000001.xlsx
[2026-07-27 14:20:33.205] [INFO] Criando pasta sem ambiente: Engenharia\Ecovias Araguaia\Projetos\Acesso km 35 - BR414/GO\0 - Documentos Gerais
[2026-07-27 14:20:34.246] [INFO] Pasta criada: Engenharia\Ecovias Araguaia\Projetos\Acesso km 35 - BR414/GO\0 - Documentos Gerais (ProjectID=427968).
[2026-07-27 14:20:34.277] [INFO] Criando pasta sem ambiente: Engenharia\Ecovias Araguaia\Projetos\Acesso km 35 - BR414/GO\0 - Documentos Gerais\Documentos com unidade
[2026-07-27 14:20:34.695] [INFO] Pasta criada: Engenharia\Ecovias Araguaia\Projetos\Acesso km 35 - BR414/GO\0 - Documentos Gerais\Documentos com unidade (ProjectID=427969).
[2026-07-27 14:20:34.749] [INFO] Criando pasta sem ambiente: Engenharia\Ecovias Araguaia\Projetos\Acesso km 35 - BR414/GO\0 - Documentos Gerais\Documentos com unidade\GRD-COM-ECA-Acesso km 35 - BR414/GO-0000001
[2026-07-27 14:20:35.064] [INFO] Pasta criada: Engenharia\Ecovias Araguaia\Projetos\Acesso km 35 - BR414/GO\0 - Documentos Gerais\Documentos com unidade\GRD-COM-ECA-Acesso km 35 - BR414/GO-0000001 (ProjectID=427970).
[2026-07-27 14:20:35.305] [INFO] Importando Excel na pasta final: GRD-COM-ECA-Acesso km 35 - BR414_GO-0000001.xlsx
[2026-07-27 14:20:35.615] [INFO] Excel importado com sucesso: DocumentID=1; caminho=Engenharia\Ecovias Araguaia\Projetos\Acesso km 35 - BR414/GO\0 - Documentos Gerais\Documentos com unidade\GRD-COM-ECA-Acesso km 35 - BR414/GO-0000001\GRD-COM-ECA-Acesso km 35 - BR414_GO-0000001.xlsx
[2026-07-27 14:20:35.616] [INFO] Analisando grupo 'GRD-COM-EC1-Duplicação D1' (ANTT) com 6 documento(s).
[2026-07-27 14:20:35.841] [AVISO] Estrutura ausente para 'GRD-COM-EC1-Duplicação D1'. Precisam ser criadas: Engenharia\Ecovias Capixaba\Projetos\Duplicação D1\0 - Documentos Gerais\Documentos com unidade; Engenharia\Ecovias Capixaba\Projetos\Duplicação D1\0 - Documentos Gerais\Documentos com unidade\GRD-COM-EC1-Duplicação D1-0000001
[2026-07-27 14:20:35.842] [INFO] Grupo 'GRD-COM-EC1-Duplicação D1': GRD prevista 'GRD-COM-EC1-Duplicação D1-0000001'; destino 'Engenharia\Ecovias Capixaba\Projetos\Duplicação D1\0 - Documentos Gerais\Documentos com unidade\GRD-COM-EC1-Duplicação D1-0000001'. Nenhuma pasta receberá ambiente.
[2026-07-27 14:20:36.003] [INFO] Excel local gerado para 'GRD-COM-EC1-Duplicação D1': C:\Users\peter\OneDrive - Grupo Ecorodovias\Área de Trabalho\Scritps_novos\SaidaSimulacao\20260727_141659\ANTT\GRD-COM-EC1-Duplicação D1-0000001.xlsx
[2026-07-27 14:20:36.041] [INFO] Criando pasta sem ambiente: Engenharia\Ecovias Capixaba\Projetos\Duplicação D1\0 - Documentos Gerais\Documentos com unidade
[2026-07-27 14:20:36.313] [INFO] Pasta criada: Engenharia\Ecovias Capixaba\Projetos\Duplicação D1\0 - Documentos Gerais\Documentos com unidade (ProjectID=427971).
[2026-07-27 14:20:36.355] [INFO] Criando pasta sem ambiente: Engenharia\Ecovias Capixaba\Projetos\Duplicação D1\0 - Documentos Gerais\Documentos com unidade\GRD-COM-EC1-Duplicação D1-0000001
[2026-07-27 14:20:36.745] [INFO] Pasta criada: Engenharia\Ecovias Capixaba\Projetos\Duplicação D1\0 - Documentos Gerais\Documentos com unidade\GRD-COM-EC1-Duplicação D1-0000001 (ProjectID=427972).
[2026-07-27 14:20:37.028] [INFO] Importando Excel na pasta final: GRD-COM-EC1-Duplicação D1-0000001.xlsx
[2026-07-27 14:20:37.321] [INFO] Excel importado com sucesso: DocumentID=1; caminho=Engenharia\Ecovias Capixaba\Projetos\Duplicação D1\0 - Documentos Gerais\Documentos com unidade\GRD-COM-EC1-Duplicação D1-0000001\GRD-COM-EC1-Duplicação D1-0000001.xlsx
[2026-07-27 14:20:37.323] [INFO] Analisando grupo 'GRD-COM-EC5-Acostamentos do SH8' (ANTT) com 4 documento(s).
[2026-07-27 14:20:37.520] [AVISO] Estrutura ausente para 'GRD-COM-EC5-Acostamentos do SH8'. Precisam ser criadas: Engenharia\Ecovias Norte Minas\Projetos\Acostamentos do SH8\0 - Documentos Gerais\Documentos com unidade; Engenharia\Ecovias Norte Minas\Projetos\Acostamentos do SH8\0 - Documentos Gerais\Documentos com unidade\GRD-COM-EC5-Acostamentos do SH8-0000001
[2026-07-27 14:20:37.522] [INFO] Grupo 'GRD-COM-EC5-Acostamentos do SH8': GRD prevista 'GRD-COM-EC5-Acostamentos do SH8-0000001'; destino 'Engenharia\Ecovias Norte Minas\Projetos\Acostamentos do SH8\0 - Documentos Gerais\Documentos com unidade\GRD-COM-EC5-Acostamentos do SH8-0000001'. Nenhuma pasta receberá ambiente.
[2026-07-27 14:20:37.690] [INFO] Excel local gerado para 'GRD-COM-EC5-Acostamentos do SH8': C:\Users\peter\OneDrive - Grupo Ecorodovias\Área de Trabalho\Scritps_novos\SaidaSimulacao\20260727_141659\ANTT\GRD-COM-EC5-Acostamentos do SH8-0000001.xlsx
[2026-07-27 14:20:37.721] [INFO] Criando pasta sem ambiente: Engenharia\Ecovias Norte Minas\Projetos\Acostamentos do SH8\0 - Documentos Gerais\Documentos com unidade
[2026-07-27 14:20:37.986] [INFO] Pasta criada: Engenharia\Ecovias Norte Minas\Projetos\Acostamentos do SH8\0 - Documentos Gerais\Documentos com unidade (ProjectID=427973).
[2026-07-27 14:20:38.037] [INFO] Criando pasta sem ambiente: Engenharia\Ecovias Norte Minas\Projetos\Acostamentos do SH8\0 - Documentos Gerais\Documentos com unidade\GRD-COM-EC5-Acostamentos do SH8-0000001
[2026-07-27 14:20:38.505] [INFO] Pasta criada: Engenharia\Ecovias Norte Minas\Projetos\Acostamentos do SH8\0 - Documentos Gerais\Documentos com unidade\GRD-COM-EC5-Acostamentos do SH8-0000001 (ProjectID=427974).
[2026-07-27 14:20:38.716] [INFO] Importando Excel na pasta final: GRD-COM-EC5-Acostamentos do SH8-0000001.xlsx
[2026-07-27 14:20:39.009] [INFO] Excel importado com sucesso: DocumentID=1; caminho=Engenharia\Ecovias Norte Minas\Projetos\Acostamentos do SH8\0 - Documentos Gerais\Documentos com unidade\GRD-COM-EC5-Acostamentos do SH8-0000001\GRD-COM-EC5-Acostamentos do SH8-0000001.xlsx
[2026-07-27 14:20:39.009] [INFO] Analisando grupo 'GRD-COM-ECNO-01.03.02' (ARTESP) com 1583 documento(s).
[2026-07-27 14:20:39.264] [AVISO] Estrutura ausente para 'GRD-COM-ECNO-01.03.02'. Precisam ser criadas: Engenharia\Ecovias Noroeste Paulista\Projetos\01.03.02\0 - Documentos Gerais\Documentos com unidade; Engenharia\Ecovias Noroeste Paulista\Projetos\01.03.02\0 - Documentos Gerais\Documentos com unidade\GRD-COM-ECNO-01.03.02-0000001
[2026-07-27 14:20:39.265] [INFO] Grupo 'GRD-COM-ECNO-01.03.02': GRD prevista 'GRD-COM-ECNO-01.03.02-0000001'; destino 'Engenharia\Ecovias Noroeste Paulista\Projetos\01.03.02\0 - Documentos Gerais\Documentos com unidade\GRD-COM-ECNO-01.03.02-0000001'. Nenhuma pasta receberá ambiente.
[2026-07-27 14:20:39.576] [INFO] Excel local gerado para 'GRD-COM-ECNO-01.03.02': C:\Users\peter\OneDrive - Grupo Ecorodovias\Área de Trabalho\Scritps_novos\SaidaSimulacao\20260727_141659\ARTESP\GRD-COM-ECNO-01.03.02-0000001.xlsx
[2026-07-27 14:20:39.613] [INFO] Criando pasta sem ambiente: Engenharia\Ecovias Noroeste Paulista\Projetos\01.03.02\0 - Documentos Gerais\Documentos com unidade
[2026-07-27 14:20:40.008] [INFO] Pasta criada: Engenharia\Ecovias Noroeste Paulista\Projetos\01.03.02\0 - Documentos Gerais\Documentos com unidade (ProjectID=427975).
[2026-07-27 14:20:40.052] [INFO] Criando pasta sem ambiente: Engenharia\Ecovias Noroeste Paulista\Projetos\01.03.02\0 - Documentos Gerais\Documentos com unidade\GRD-COM-ECNO-01.03.02-0000001
[2026-07-27 14:20:40.497] [INFO] Pasta criada: Engenharia\Ecovias Noroeste Paulista\Projetos\01.03.02\0 - Documentos Gerais\Documentos com unidade\GRD-COM-ECNO-01.03.02-0000001 (ProjectID=427976).
[2026-07-27 14:20:40.691] [INFO] Importando Excel na pasta final: GRD-COM-ECNO-01.03.02-0000001.xlsx
[2026-07-27 14:20:41.036] [INFO] Excel importado com sucesso: DocumentID=1; caminho=Engenharia\Ecovias Noroeste Paulista\Projetos\01.03.02\0 - Documentos Gerais\Documentos com unidade\GRD-COM-ECNO-01.03.02-0000001\GRD-COM-ECNO-01.03.02-0000001.xlsx
[2026-07-27 14:20:41.037] [INFO] Analisando grupo 'GRD-COM-ECNO-02.10.01.01' (ARTESP) com 267 documento(s).
[2026-07-27 14:20:41.206] [AVISO] Estrutura ausente para 'GRD-COM-ECNO-02.10.01.01'. Precisam ser criadas: Engenharia\Ecovias Noroeste Paulista\Projetos\02.10.01.01\0 - Documentos Gerais\Documentos com unidade; Engenharia\Ecovias Noroeste Paulista\Projetos\02.10.01.01\0 - Documentos Gerais\Documentos com unidade\GRD-COM-ECNO-02.10.01.01-0000001
[2026-07-27 14:20:41.207] [INFO] Grupo 'GRD-COM-ECNO-02.10.01.01': GRD prevista 'GRD-COM-ECNO-02.10.01.01-0000001'; destino 'Engenharia\Ecovias Noroeste Paulista\Projetos\02.10.01.01\0 - Documentos Gerais\Documentos com unidade\GRD-COM-ECNO-02.10.01.01-0000001'. Nenhuma pasta receberá ambiente.
[2026-07-27 14:20:41.394] [INFO] Excel local gerado para 'GRD-COM-ECNO-02.10.01.01': C:\Users\peter\OneDrive - Grupo Ecorodovias\Área de Trabalho\Scritps_novos\SaidaSimulacao\20260727_141659\ARTESP\GRD-COM-ECNO-02.10.01.01-0000001.xlsx
[2026-07-27 14:20:41.435] [INFO] Criando pasta sem ambiente: Engenharia\Ecovias Noroeste Paulista\Projetos\02.10.01.01\0 - Documentos Gerais\Documentos com unidade
[2026-07-27 14:20:41.770] [INFO] Pasta criada: Engenharia\Ecovias Noroeste Paulista\Projetos\02.10.01.01\0 - Documentos Gerais\Documentos com unidade (ProjectID=427977).
[2026-07-27 14:20:41.835] [INFO] Criando pasta sem ambiente: Engenharia\Ecovias Noroeste Paulista\Projetos\02.10.01.01\0 - Documentos Gerais\Documentos com unidade\GRD-COM-ECNO-02.10.01.01-0000001
[2026-07-27 14:20:42.403] [INFO] Pasta criada: Engenharia\Ecovias Noroeste Paulista\Projetos\02.10.01.01\0 - Documentos Gerais\Documentos com unidade\GRD-COM-ECNO-02.10.01.01-0000001 (ProjectID=427978).
[2026-07-27 14:20:42.679] [INFO] Importando Excel na pasta final: GRD-COM-ECNO-02.10.01.01-0000001.xlsx
[2026-07-27 14:20:43.052] [INFO] Excel importado com sucesso: DocumentID=1; caminho=Engenharia\Ecovias Noroeste Paulista\Projetos\02.10.01.01\0 - Documentos Gerais\Documentos com unidade\GRD-COM-ECNO-02.10.01.01-0000001\GRD-COM-ECNO-02.10.01.01-0000001.xlsx
[2026-07-27 14:20:43.053] [INFO] Analisando grupo 'GRD-COM-ECNO-01.03.01' (ARTESP) com 4272 documento(s).
[2026-07-27 14:20:43.289] [AVISO] Estrutura ausente para 'GRD-COM-ECNO-01.03.01'. Precisam ser criadas: Engenharia\Ecovias Noroeste Paulista\Projetos\01.03.01\0 - Documentos Gerais\Documentos com unidade; Engenharia\Ecovias Noroeste Paulista\Projetos\01.03.01\0 - Documentos Gerais\Documentos com unidade\GRD-COM-ECNO-01.03.01-0000001
[2026-07-27 14:20:43.289] [INFO] Grupo 'GRD-COM-ECNO-01.03.01': GRD prevista 'GRD-COM-ECNO-01.03.01-0000001'; destino 'Engenharia\Ecovias Noroeste Paulista\Projetos\01.03.01\0 - Documentos Gerais\Documentos com unidade\GRD-COM-ECNO-01.03.01-0000001'. Nenhuma pasta receberá ambiente.
[2026-07-27 14:20:43.764] [INFO] Excel local gerado para 'GRD-COM-ECNO-01.03.01': C:\Users\peter\OneDrive - Grupo Ecorodovias\Área de Trabalho\Scritps_novos\SaidaSimulacao\20260727_141659\ARTESP\GRD-COM-ECNO-01.03.01-0000001.xlsx
[2026-07-27 14:20:43.803] [INFO] Criando pasta sem ambiente: Engenharia\Ecovias Noroeste Paulista\Projetos\01.03.01\0 - Documentos Gerais\Documentos com unidade
[2026-07-27 14:20:44.038] [INFO] Pasta criada: Engenharia\Ecovias Noroeste Paulista\Projetos\01.03.01\0 - Documentos Gerais\Documentos com unidade (ProjectID=427979).
[2026-07-27 14:20:44.088] [INFO] Criando pasta sem ambiente: Engenharia\Ecovias Noroeste Paulista\Projetos\01.03.01\0 - Documentos Gerais\Documentos com unidade\GRD-COM-ECNO-01.03.01-0000001
[2026-07-27 14:20:44.305] [INFO] Pasta criada: Engenharia\Ecovias Noroeste Paulista\Projetos\01.03.01\0 - Documentos Gerais\Documentos com unidade\GRD-COM-ECNO-01.03.01-0000001 (ProjectID=427980).
[2026-07-27 14:20:44.510] [INFO] Importando Excel na pasta final: GRD-COM-ECNO-01.03.01-0000001.xlsx
[2026-07-27 14:20:44.821] [INFO] Excel importado com sucesso: DocumentID=1; caminho=Engenharia\Ecovias Noroeste Paulista\Projetos\01.03.01\0 - Documentos Gerais\Documentos com unidade\GRD-COM-ECNO-01.03.01-0000001\GRD-COM-ECNO-01.03.01-0000001.xlsx
[2026-07-27 14:20:44.822] [INFO] Analisando grupo 'GRD-COM-ECNO-02.02.01.01.01' (ARTESP) com 226 documento(s).
[2026-07-27 14:20:45.110] [AVISO] Estrutura ausente para 'GRD-COM-ECNO-02.02.01.01.01'. Precisam ser criadas: Engenharia\Ecovias Noroeste Paulista\Projetos\02.02.01.01.01\0 - Documentos Gerais\Documentos com unidade; Engenharia\Ecovias Noroeste Paulista\Projetos\02.02.01.01.01\0 - Documentos Gerais\Documentos com unidade\GRD-COM-ECNO-02.02.01.01.01-0000001
[2026-07-27 14:20:45.111] [INFO] Grupo 'GRD-COM-ECNO-02.02.01.01.01': GRD prevista 'GRD-COM-ECNO-02.02.01.01.01-0000001'; destino 'Engenharia\Ecovias Noroeste Paulista\Projetos\02.02.01.01.01\0 - Documentos Gerais\Documentos com unidade\GRD-COM-ECNO-02.02.01.01.01-0000001'. Nenhuma pasta receberá ambiente.
[2026-07-27 14:20:45.349] [INFO] Excel local gerado para 'GRD-COM-ECNO-02.02.01.01.01': C:\Users\peter\OneDrive - Grupo Ecorodovias\Área de Trabalho\Scritps_novos\SaidaSimulacao\20260727_141659\ARTESP\GRD-COM-ECNO-02.02.01.01.01-0000001.xlsx
[2026-07-27 14:20:45.383] [INFO] Criando pasta sem ambiente: Engenharia\Ecovias Noroeste Paulista\Projetos\02.02.01.01.01\0 - Documentos Gerais\Documentos com unidade
[2026-07-27 14:20:45.625] [INFO] Pasta criada: Engenharia\Ecovias Noroeste Paulista\Projetos\02.02.01.01.01\0 - Documentos Gerais\Documentos com unidade (ProjectID=427981).
[2026-07-27 14:20:45.667] [INFO] Criando pasta sem ambiente: Engenharia\Ecovias Noroeste Paulista\Projetos\02.02.01.01.01\0 - Documentos Gerais\Documentos com unidade\GRD-COM-ECNO-02.02.01.01.01-0000001
[2026-07-27 14:20:45.887] [INFO] Pasta criada: Engenharia\Ecovias Noroeste Paulista\Projetos\02.02.01.01.01\0 - Documentos Gerais\Documentos com unidade\GRD-COM-ECNO-02.02.01.01.01-0000001 (ProjectID=427982).
[2026-07-27 14:20:46.107] [INFO] Importando Excel na pasta final: GRD-COM-ECNO-02.02.01.01.01-0000001.xlsx
[2026-07-27 14:20:46.380] [INFO] Excel importado com sucesso: DocumentID=1; caminho=Engenharia\Ecovias Noroeste Paulista\Projetos\02.02.01.01.01\0 - Documentos Gerais\Documentos com unidade\GRD-COM-ECNO-02.02.01.01.01-0000001\GRD-COM-ECNO-02.02.01.01.01-0000001.xlsx
[2026-07-27 14:20:46.381] [INFO] Analisando grupo 'GRD-COM-ECNO-02.06.02.06' (ARTESP) com 478 documento(s).
[2026-07-27 14:20:46.548] [AVISO] Estrutura ausente para 'GRD-COM-ECNO-02.06.02.06'. Precisam ser criadas: Engenharia\Ecovias Noroeste Paulista\Projetos\02.06.02.06\0 - Documentos Gerais\Documentos com unidade; Engenharia\Ecovias Noroeste Paulista\Projetos\02.06.02.06\0 - Documentos Gerais\Documentos com unidade\GRD-COM-ECNO-02.06.02.06-0000001
[2026-07-27 14:20:46.549] [INFO] Grupo 'GRD-COM-ECNO-02.06.02.06': GRD prevista 'GRD-COM-ECNO-02.06.02.06-0000001'; destino 'Engenharia\Ecovias Noroeste Paulista\Projetos\02.06.02.06\0 - Documentos Gerais\Documentos com unidade\GRD-COM-ECNO-02.06.02.06-0000001'. Nenhuma pasta receberá ambiente.
[2026-07-27 14:20:46.774] [INFO] Excel local gerado para 'GRD-COM-ECNO-02.06.02.06': C:\Users\peter\OneDrive - Grupo Ecorodovias\Área de Trabalho\Scritps_novos\SaidaSimulacao\20260727_141659\ARTESP\GRD-COM-ECNO-02.06.02.06-0000001.xlsx
[2026-07-27 14:20:46.809] [INFO] Criando pasta sem ambiente: Engenharia\Ecovias Noroeste Paulista\Projetos\02.06.02.06\0 - Documentos Gerais\Documentos com unidade
[2026-07-27 14:20:46.998] [INFO] Pasta criada: Engenharia\Ecovias Noroeste Paulista\Projetos\02.06.02.06\0 - Documentos Gerais\Documentos com unidade (ProjectID=427983).
[2026-07-27 14:20:47.035] [INFO] Criando pasta sem ambiente: Engenharia\Ecovias Noroeste Paulista\Projetos\02.06.02.06\0 - Documentos Gerais\Documentos com unidade\GRD-COM-ECNO-02.06.02.06-0000001
[2026-07-27 14:20:47.268] [INFO] Pasta criada: Engenharia\Ecovias Noroeste Paulista\Projetos\02.06.02.06\0 - Documentos Gerais\Documentos com unidade\GRD-COM-ECNO-02.06.02.06-0000001 (ProjectID=427984).
[2026-07-27 14:20:47.479] [INFO] Importando Excel na pasta final: GRD-COM-ECNO-02.06.02.06-0000001.xlsx
[2026-07-27 14:20:47.798] [INFO] Excel importado com sucesso: DocumentID=1; caminho=Engenharia\Ecovias Noroeste Paulista\Projetos\02.06.02.06\0 - Documentos Gerais\Documentos com unidade\GRD-COM-ECNO-02.06.02.06-0000001\GRD-COM-ECNO-02.06.02.06-0000001.xlsx
[2026-07-27 14:20:47.799] [INFO] Analisando grupo 'GRD-COM-ECNO-02.06.02.11' (ARTESP) com 263 documento(s).
[2026-07-27 14:20:47.954] [AVISO] Estrutura ausente para 'GRD-COM-ECNO-02.06.02.11'. Precisam ser criadas: Engenharia\Ecovias Noroeste Paulista\Projetos\02.06.02.11\0 - Documentos Gerais\Documentos com unidade; Engenharia\Ecovias Noroeste Paulista\Projetos\02.06.02.11\0 - Documentos Gerais\Documentos com unidade\GRD-COM-ECNO-02.06.02.11-0000001
[2026-07-27 14:20:47.955] [INFO] Grupo 'GRD-COM-ECNO-02.06.02.11': GRD prevista 'GRD-COM-ECNO-02.06.02.11-0000001'; destino 'Engenharia\Ecovias Noroeste Paulista\Projetos\02.06.02.11\0 - Documentos Gerais\Documentos com unidade\GRD-COM-ECNO-02.06.02.11-0000001'. Nenhuma pasta receberá ambiente.
[2026-07-27 14:20:48.152] [INFO] Excel local gerado para 'GRD-COM-ECNO-02.06.02.11': C:\Users\peter\OneDrive - Grupo Ecorodovias\Área de Trabalho\Scritps_novos\SaidaSimulacao\20260727_141659\ARTESP\GRD-COM-ECNO-02.06.02.11-0000001.xlsx
[2026-07-27 14:20:48.202] [INFO] Criando pasta sem ambiente: Engenharia\Ecovias Noroeste Paulista\Projetos\02.06.02.11\0 - Documentos Gerais\Documentos com unidade
[2026-07-27 14:20:48.409] [INFO] Pasta criada: Engenharia\Ecovias Noroeste Paulista\Projetos\02.06.02.11\0 - Documentos Gerais\Documentos com unidade (ProjectID=427985).
[2026-07-27 14:20:48.448] [INFO] Criando pasta sem ambiente: Engenharia\Ecovias Noroeste Paulista\Projetos\02.06.02.11\0 - Documentos Gerais\Documentos com unidade\GRD-COM-ECNO-02.06.02.11-0000001
[2026-07-27 14:20:48.701] [INFO] Pasta criada: Engenharia\Ecovias Noroeste Paulista\Projetos\02.06.02.11\0 - Documentos Gerais\Documentos com unidade\GRD-COM-ECNO-02.06.02.11-0000001 (ProjectID=427986).
[2026-07-27 14:20:48.990] [INFO] Importando Excel na pasta final: GRD-COM-ECNO-02.06.02.11-0000001.xlsx
[2026-07-27 14:20:49.516] [INFO] Excel importado com sucesso: DocumentID=1; caminho=Engenharia\Ecovias Noroeste Paulista\Projetos\02.06.02.11\0 - Documentos Gerais\Documentos com unidade\GRD-COM-ECNO-02.06.02.11-0000001\GRD-COM-ECNO-02.06.02.11-0000001.xlsx
[2026-07-27 14:20:49.516] [INFO] Analisando grupo 'GRD-COM-ECNO-01.03.03' (ARTESP) com 850 documento(s).
[2026-07-27 14:20:49.954] [AVISO] Estrutura ausente para 'GRD-COM-ECNO-01.03.03'. Precisam ser criadas: Engenharia\Ecovias Noroeste Paulista\Projetos\01.03.03\0 - Documentos Gerais\Documentos com unidade; Engenharia\Ecovias Noroeste Paulista\Projetos\01.03.03\0 - Documentos Gerais\Documentos com unidade\GRD-COM-ECNO-01.03.03-0000001
[2026-07-27 14:20:49.956] [INFO] Grupo 'GRD-COM-ECNO-01.03.03': GRD prevista 'GRD-COM-ECNO-01.03.03-0000001'; destino 'Engenharia\Ecovias Noroeste Paulista\Projetos\01.03.03\0 - Documentos Gerais\Documentos com unidade\GRD-COM-ECNO-01.03.03-0000001'. Nenhuma pasta receberá ambiente.
[2026-07-27 14:20:50.295] [INFO] Excel local gerado para 'GRD-COM-ECNO-01.03.03': C:\Users\peter\OneDrive - Grupo Ecorodovias\Área de Trabalho\Scritps_novos\SaidaSimulacao\20260727_141659\ARTESP\GRD-COM-ECNO-01.03.03-0000001.xlsx
[2026-07-27 14:20:50.345] [INFO] Criando pasta sem ambiente: Engenharia\Ecovias Noroeste Paulista\Projetos\01.03.03\0 - Documentos Gerais\Documentos com unidade
[2026-07-27 14:20:50.660] [INFO] Pasta criada: Engenharia\Ecovias Noroeste Paulista\Projetos\01.03.03\0 - Documentos Gerais\Documentos com unidade (ProjectID=427987).
[2026-07-27 14:20:50.698] [INFO] Criando pasta sem ambiente: Engenharia\Ecovias Noroeste Paulista\Projetos\01.03.03\0 - Documentos Gerais\Documentos com unidade\GRD-COM-ECNO-01.03.03-0000001
[2026-07-27 14:20:50.938] [INFO] Pasta criada: Engenharia\Ecovias Noroeste Paulista\Projetos\01.03.03\0 - Documentos Gerais\Documentos com unidade\GRD-COM-ECNO-01.03.03-0000001 (ProjectID=427988).
[2026-07-27 14:20:51.146] [INFO] Importando Excel na pasta final: GRD-COM-ECNO-01.03.03-0000001.xlsx
[2026-07-27 14:20:51.380] [INFO] Excel importado com sucesso: DocumentID=1; caminho=Engenharia\Ecovias Noroeste Paulista\Projetos\01.03.03\0 - Documentos Gerais\Documentos com unidade\GRD-COM-ECNO-01.03.03-0000001\GRD-COM-ECNO-01.03.03-0000001.xlsx
[2026-07-27 14:20:51.381] [INFO] Analisando grupo 'GRD-COM-ECNO-02.06.02.07' (ARTESP) com 262 documento(s).
[2026-07-27 14:20:51.569] [AVISO] Estrutura ausente para 'GRD-COM-ECNO-02.06.02.07'. Precisam ser criadas: Engenharia\Ecovias Noroeste Paulista\Projetos\02.06.02.07\0 - Documentos Gerais\Documentos com unidade; Engenharia\Ecovias Noroeste Paulista\Projetos\02.06.02.07\0 - Documentos Gerais\Documentos com unidade\GRD-COM-ECNO-02.06.02.07-0000001
[2026-07-27 14:20:51.569] [INFO] Grupo 'GRD-COM-ECNO-02.06.02.07': GRD prevista 'GRD-COM-ECNO-02.06.02.07-0000001'; destino 'Engenharia\Ecovias Noroeste Paulista\Projetos\02.06.02.07\0 - Documentos Gerais\Documentos com unidade\GRD-COM-ECNO-02.06.02.07-0000001'. Nenhuma pasta receberá ambiente.
[2026-07-27 14:20:51.764] [INFO] Excel local gerado para 'GRD-COM-ECNO-02.06.02.07': C:\Users\peter\OneDrive - Grupo Ecorodovias\Área de Trabalho\Scritps_novos\SaidaSimulacao\20260727_141659\ARTESP\GRD-COM-ECNO-02.06.02.07-0000001.xlsx
[2026-07-27 14:20:51.804] [INFO] Criando pasta sem ambiente: Engenharia\Ecovias Noroeste Paulista\Projetos\02.06.02.07\0 - Documentos Gerais\Documentos com unidade
[2026-07-27 14:20:52.187] [INFO] Pasta criada: Engenharia\Ecovias Noroeste Paulista\Projetos\02.06.02.07\0 - Documentos Gerais\Documentos com unidade (ProjectID=427989).
[2026-07-27 14:20:52.223] [INFO] Criando pasta sem ambiente: Engenharia\Ecovias Noroeste Paulista\Projetos\02.06.02.07\0 - Documentos Gerais\Documentos com unidade\GRD-COM-ECNO-02.06.02.07-0000001
[2026-07-27 14:20:52.459] [INFO] Pasta criada: Engenharia\Ecovias Noroeste Paulista\Projetos\02.06.02.07\0 - Documentos Gerais\Documentos com unidade\GRD-COM-ECNO-02.06.02.07-0000001 (ProjectID=427990).
[2026-07-27 14:20:52.696] [INFO] Importando Excel na pasta final: GRD-COM-ECNO-02.06.02.07-0000001.xlsx
[2026-07-27 14:20:52.920] [INFO] Excel importado com sucesso: DocumentID=1; caminho=Engenharia\Ecovias Noroeste Paulista\Projetos\02.06.02.07\0 - Documentos Gerais\Documentos com unidade\GRD-COM-ECNO-02.06.02.07-0000001\GRD-COM-ECNO-02.06.02.07-0000001.xlsx
[2026-07-27 14:20:52.921] [INFO] Analisando grupo 'GRD-COM-ECNO-02.06.02.16' (ARTESP) com 257 documento(s).
[2026-07-27 14:20:53.171] [AVISO] Estrutura ausente para 'GRD-COM-ECNO-02.06.02.16'. Precisam ser criadas: Engenharia\Ecovias Noroeste Paulista\Projetos\02.06.02.16\0 - Documentos Gerais\Documentos com unidade; Engenharia\Ecovias Noroeste Paulista\Projetos\02.06.02.16\0 - Documentos Gerais\Documentos com unidade\GRD-COM-ECNO-02.06.02.16-0000001
[2026-07-27 14:20:53.172] [INFO] Grupo 'GRD-COM-ECNO-02.06.02.16': GRD prevista 'GRD-COM-ECNO-02.06.02.16-0000001'; destino 'Engenharia\Ecovias Noroeste Paulista\Projetos\02.06.02.16\0 - Documentos Gerais\Documentos com unidade\GRD-COM-ECNO-02.06.02.16-0000001'. Nenhuma pasta receberá ambiente.
[2026-07-27 14:20:53.358] [INFO] Excel local gerado para 'GRD-COM-ECNO-02.06.02.16': C:\Users\peter\OneDrive - Grupo Ecorodovias\Área de Trabalho\Scritps_novos\SaidaSimulacao\20260727_141659\ARTESP\GRD-COM-ECNO-02.06.02.16-0000001.xlsx
[2026-07-27 14:20:53.406] [INFO] Criando pasta sem ambiente: Engenharia\Ecovias Noroeste Paulista\Projetos\02.06.02.16\0 - Documentos Gerais\Documentos com unidade
[2026-07-27 14:20:53.639] [INFO] Pasta criada: Engenharia\Ecovias Noroeste Paulista\Projetos\02.06.02.16\0 - Documentos Gerais\Documentos com unidade (ProjectID=427991).
[2026-07-27 14:20:53.680] [INFO] Criando pasta sem ambiente: Engenharia\Ecovias Noroeste Paulista\Projetos\02.06.02.16\0 - Documentos Gerais\Documentos com unidade\GRD-COM-ECNO-02.06.02.16-0000001
[2026-07-27 14:20:53.911] [INFO] Pasta criada: Engenharia\Ecovias Noroeste Paulista\Projetos\02.06.02.16\0 - Documentos Gerais\Documentos com unidade\GRD-COM-ECNO-02.06.02.16-0000001 (ProjectID=427992).
[2026-07-27 14:20:54.108] [INFO] Importando Excel na pasta final: GRD-COM-ECNO-02.06.02.16-0000001.xlsx
[2026-07-27 14:20:54.337] [INFO] Excel importado com sucesso: DocumentID=1; caminho=Engenharia\Ecovias Noroeste Paulista\Projetos\02.06.02.16\0 - Documentos Gerais\Documentos com unidade\GRD-COM-ECNO-02.06.02.16-0000001\GRD-COM-ECNO-02.06.02.16-0000001.xlsx
[2026-07-27 14:20:54.337] [INFO] Analisando grupo 'GRD-COM-ECNO-02.06.02.17' (ARTESP) com 42 documento(s).
[2026-07-27 14:20:54.532] [AVISO] Estrutura ausente para 'GRD-COM-ECNO-02.06.02.17'. Precisam ser criadas: Engenharia\Ecovias Noroeste Paulista\Projetos\02.06.02.17\0 - Documentos Gerais\Documentos com unidade; Engenharia\Ecovias Noroeste Paulista\Projetos\02.06.02.17\0 - Documentos Gerais\Documentos com unidade\GRD-COM-ECNO-02.06.02.17-0000001
[2026-07-27 14:20:54.534] [INFO] Grupo 'GRD-COM-ECNO-02.06.02.17': GRD prevista 'GRD-COM-ECNO-02.06.02.17-0000001'; destino 'Engenharia\Ecovias Noroeste Paulista\Projetos\02.06.02.17\0 - Documentos Gerais\Documentos com unidade\GRD-COM-ECNO-02.06.02.17-0000001'. Nenhuma pasta receberá ambiente.
[2026-07-27 14:20:54.713] [INFO] Excel local gerado para 'GRD-COM-ECNO-02.06.02.17': C:\Users\peter\OneDrive - Grupo Ecorodovias\Área de Trabalho\Scritps_novos\SaidaSimulacao\20260727_141659\ARTESP\GRD-COM-ECNO-02.06.02.17-0000001.xlsx
[2026-07-27 14:20:54.756] [INFO] Criando pasta sem ambiente: Engenharia\Ecovias Noroeste Paulista\Projetos\02.06.02.17\0 - Documentos Gerais\Documentos com unidade
[2026-07-27 14:20:54.999] [INFO] Pasta criada: Engenharia\Ecovias Noroeste Paulista\Projetos\02.06.02.17\0 - Documentos Gerais\Documentos com unidade (ProjectID=427993).
[2026-07-27 14:20:55.038] [INFO] Criando pasta sem ambiente: Engenharia\Ecovias Noroeste Paulista\Projetos\02.06.02.17\0 - Documentos Gerais\Documentos com unidade\GRD-COM-ECNO-02.06.02.17-0000001
[2026-07-27 14:20:55.378] [INFO] Pasta criada: Engenharia\Ecovias Noroeste Paulista\Projetos\02.06.02.17\0 - Documentos Gerais\Documentos com unidade\GRD-COM-ECNO-02.06.02.17-0000001 (ProjectID=427994).
[2026-07-27 14:20:55.580] [INFO] Importando Excel na pasta final: GRD-COM-ECNO-02.06.02.17-0000001.xlsx
[2026-07-27 14:20:55.861] [INFO] Excel importado com sucesso: DocumentID=1; caminho=Engenharia\Ecovias Noroeste Paulista\Projetos\02.06.02.17\0 - Documentos Gerais\Documentos com unidade\GRD-COM-ECNO-02.06.02.17-0000001\GRD-COM-ECNO-02.06.02.17-0000001.xlsx
[2026-07-27 14:20:55.862] [INFO] Analisando grupo 'GRD-COM-ECNO-02.02.02.03.01' (ARTESP) com 120 documento(s).
[2026-07-27 14:20:56.033] [AVISO] Estrutura ausente para 'GRD-COM-ECNO-02.02.02.03.01'. Precisam ser criadas: Engenharia\Ecovias Noroeste Paulista\Projetos\02.02.02.03.01\0 - Documentos Gerais\Documentos com unidade; Engenharia\Ecovias Noroeste Paulista\Projetos\02.02.02.03.01\0 - Documentos Gerais\Documentos com unidade\GRD-COM-ECNO-02.02.02.03.01-0000001
[2026-07-27 14:20:56.033] [INFO] Grupo 'GRD-COM-ECNO-02.02.02.03.01': GRD prevista 'GRD-COM-ECNO-02.02.02.03.01-0000001'; destino 'Engenharia\Ecovias Noroeste Paulista\Projetos\02.02.02.03.01\0 - Documentos Gerais\Documentos com unidade\GRD-COM-ECNO-02.02.02.03.01-0000001'. Nenhuma pasta receberá ambiente.
[2026-07-27 14:20:56.262] [INFO] Excel local gerado para 'GRD-COM-ECNO-02.02.02.03.01': C:\Users\peter\OneDrive - Grupo Ecorodovias\Área de Trabalho\Scritps_novos\SaidaSimulacao\20260727_141659\ARTESP\GRD-COM-ECNO-02.02.02.03.01-0000001.xlsx
[2026-07-27 14:20:56.298] [INFO] Criando pasta sem ambiente: Engenharia\Ecovias Noroeste Paulista\Projetos\02.02.02.03.01\0 - Documentos Gerais\Documentos com unidade
[2026-07-27 14:20:56.545] [INFO] Pasta criada: Engenharia\Ecovias Noroeste Paulista\Projetos\02.02.02.03.01\0 - Documentos Gerais\Documentos com unidade (ProjectID=427995).
[2026-07-27 14:20:56.582] [INFO] Criando pasta sem ambiente: Engenharia\Ecovias Noroeste Paulista\Projetos\02.02.02.03.01\0 - Documentos Gerais\Documentos com unidade\GRD-COM-ECNO-02.02.02.03.01-0000001
[2026-07-27 14:20:56.819] [INFO] Pasta criada: Engenharia\Ecovias Noroeste Paulista\Projetos\02.02.02.03.01\0 - Documentos Gerais\Documentos com unidade\GRD-COM-ECNO-02.02.02.03.01-0000001 (ProjectID=427996).
[2026-07-27 14:20:57.031] [INFO] Importando Excel na pasta final: GRD-COM-ECNO-02.02.02.03.01-0000001.xlsx
[2026-07-27 14:20:57.242] [INFO] Excel importado com sucesso: DocumentID=1; caminho=Engenharia\Ecovias Noroeste Paulista\Projetos\02.02.02.03.01\0 - Documentos Gerais\Documentos com unidade\GRD-COM-ECNO-02.02.02.03.01-0000001\GRD-COM-ECNO-02.02.02.03.01-0000001.xlsx
[2026-07-27 14:20:57.243] [INFO] Analisando grupo 'GRD-COM-ECNO-01.01.01.01' (ARTESP) com 149 documento(s).
[2026-07-27 14:20:57.420] [AVISO] Estrutura ausente para 'GRD-COM-ECNO-01.01.01.01'. Precisam ser criadas: Engenharia\Ecovias Noroeste Paulista\Projetos\01.01.01.01\0 - Documentos Gerais\Documentos com unidade; Engenharia\Ecovias Noroeste Paulista\Projetos\01.01.01.01\0 - Documentos Gerais\Documentos com unidade\GRD-COM-ECNO-01.01.01.01-0000001
[2026-07-27 14:20:57.421] [INFO] Grupo 'GRD-COM-ECNO-01.01.01.01': GRD prevista 'GRD-COM-ECNO-01.01.01.01-0000001'; destino 'Engenharia\Ecovias Noroeste Paulista\Projetos\01.01.01.01\0 - Documentos Gerais\Documentos com unidade\GRD-COM-ECNO-01.01.01.01-0000001'. Nenhuma pasta receberá ambiente.
[2026-07-27 14:20:57.597] [INFO] Excel local gerado para 'GRD-COM-ECNO-01.01.01.01': C:\Users\peter\OneDrive - Grupo Ecorodovias\Área de Trabalho\Scritps_novos\SaidaSimulacao\20260727_141659\ARTESP\GRD-COM-ECNO-01.01.01.01-0000001.xlsx
[2026-07-27 14:20:57.639] [INFO] Criando pasta sem ambiente: Engenharia\Ecovias Noroeste Paulista\Projetos\01.01.01.01\0 - Documentos Gerais\Documentos com unidade
[2026-07-27 14:20:58.125] [INFO] Pasta criada: Engenharia\Ecovias Noroeste Paulista\Projetos\01.01.01.01\0 - Documentos Gerais\Documentos com unidade (ProjectID=427997).
[2026-07-27 14:20:58.169] [INFO] Criando pasta sem ambiente: Engenharia\Ecovias Noroeste Paulista\Projetos\01.01.01.01\0 - Documentos Gerais\Documentos com unidade\GRD-COM-ECNO-01.01.01.01-0000001
[2026-07-27 14:20:58.529] [INFO] Pasta criada: Engenharia\Ecovias Noroeste Paulista\Projetos\01.01.01.01\0 - Documentos Gerais\Documentos com unidade\GRD-COM-ECNO-01.01.01.01-0000001 (ProjectID=427998).
[2026-07-27 14:20:58.789] [INFO] Importando Excel na pasta final: GRD-COM-ECNO-01.01.01.01-0000001.xlsx
[2026-07-27 14:20:59.029] [INFO] Excel importado com sucesso: DocumentID=1; caminho=Engenharia\Ecovias Noroeste Paulista\Projetos\01.01.01.01\0 - Documentos Gerais\Documentos com unidade\GRD-COM-ECNO-01.01.01.01-0000001\GRD-COM-ECNO-01.01.01.01-0000001.xlsx
[2026-07-27 14:20:59.029] [INFO] Analisando grupo 'GRD-COM-ECNO-02.04.03.01.02' (ARTESP) com 67 documento(s).
[2026-07-27 14:20:59.224] [AVISO] Estrutura ausente para 'GRD-COM-ECNO-02.04.03.01.02'. Precisam ser criadas: Engenharia\Ecovias Noroeste Paulista\Projetos\02.04.03.01.02\0 - Documentos Gerais\Documentos com unidade; Engenharia\Ecovias Noroeste Paulista\Projetos\02.04.03.01.02\0 - Documentos Gerais\Documentos com unidade\GRD-COM-ECNO-02.04.03.01.02-0000001
[2026-07-27 14:20:59.224] [INFO] Grupo 'GRD-COM-ECNO-02.04.03.01.02': GRD prevista 'GRD-COM-ECNO-02.04.03.01.02-0000001'; destino 'Engenharia\Ecovias Noroeste Paulista\Projetos\02.04.03.01.02\0 - Documentos Gerais\Documentos com unidade\GRD-COM-ECNO-02.04.03.01.02-0000001'. Nenhuma pasta receberá ambiente.
[2026-07-27 14:20:59.396] [INFO] Excel local gerado para 'GRD-COM-ECNO-02.04.03.01.02': C:\Users\peter\OneDrive - Grupo Ecorodovias\Área de Trabalho\Scritps_novos\SaidaSimulacao\20260727_141659\ARTESP\GRD-COM-ECNO-02.04.03.01.02-0000001.xlsx
[2026-07-27 14:20:59.465] [INFO] Criando pasta sem ambiente: Engenharia\Ecovias Noroeste Paulista\Projetos\02.04.03.01.02\0 - Documentos Gerais\Documentos com unidade
[2026-07-27 14:20:59.799] [INFO] Pasta criada: Engenharia\Ecovias Noroeste Paulista\Projetos\02.04.03.01.02\0 - Documentos Gerais\Documentos com unidade (ProjectID=427999).
[2026-07-27 14:20:59.859] [INFO] Criando pasta sem ambiente: Engenharia\Ecovias Noroeste Paulista\Projetos\02.04.03.01.02\0 - Documentos Gerais\Documentos com unidade\GRD-COM-ECNO-02.04.03.01.02-0000001
[2026-07-27 14:21:00.340] [INFO] Pasta criada: Engenharia\Ecovias Noroeste Paulista\Projetos\02.04.03.01.02\0 - Documentos Gerais\Documentos com unidade\GRD-COM-ECNO-02.04.03.01.02-0000001 (ProjectID=428000).
[2026-07-27 14:21:00.680] [INFO] Importando Excel na pasta final: GRD-COM-ECNO-02.04.03.01.02-0000001.xlsx
[2026-07-27 14:21:00.901] [INFO] Excel importado com sucesso: DocumentID=1; caminho=Engenharia\Ecovias Noroeste Paulista\Projetos\02.04.03.01.02\0 - Documentos Gerais\Documentos com unidade\GRD-COM-ECNO-02.04.03.01.02-0000001\GRD-COM-ECNO-02.04.03.01.02-0000001.xlsx
[2026-07-27 14:21:00.902] [INFO] Analisando grupo 'GRD-COM-ECNO-02.04.03.01.01' (ARTESP) com 72 documento(s).
[2026-07-27 14:21:01.160] [AVISO] Estrutura ausente para 'GRD-COM-ECNO-02.04.03.01.01'. Precisam ser criadas: Engenharia\Ecovias Noroeste Paulista\Projetos\02.04.03.01.01\0 - Documentos Gerais\Documentos com unidade; Engenharia\Ecovias Noroeste Paulista\Projetos\02.04.03.01.01\0 - Documentos Gerais\Documentos com unidade\GRD-COM-ECNO-02.04.03.01.01-0000001
[2026-07-27 14:21:01.162] [INFO] Grupo 'GRD-COM-ECNO-02.04.03.01.01': GRD prevista 'GRD-COM-ECNO-02.04.03.01.01-0000001'; destino 'Engenharia\Ecovias Noroeste Paulista\Projetos\02.04.03.01.01\0 - Documentos Gerais\Documentos com unidade\GRD-COM-ECNO-02.04.03.01.01-0000001'. Nenhuma pasta receberá ambiente.
[2026-07-27 14:21:01.336] [INFO] Excel local gerado para 'GRD-COM-ECNO-02.04.03.01.01': C:\Users\peter\OneDrive - Grupo Ecorodovias\Área de Trabalho\Scritps_novos\SaidaSimulacao\20260727_141659\ARTESP\GRD-COM-ECNO-02.04.03.01.01-0000001.xlsx
[2026-07-27 14:21:01.384] [INFO] Criando pasta sem ambiente: Engenharia\Ecovias Noroeste Paulista\Projetos\02.04.03.01.01\0 - Documentos Gerais\Documentos com unidade
[2026-07-27 14:21:01.807] [INFO] Pasta criada: Engenharia\Ecovias Noroeste Paulista\Projetos\02.04.03.01.01\0 - Documentos Gerais\Documentos com unidade (ProjectID=428001).
[2026-07-27 14:21:01.870] [INFO] Criando pasta sem ambiente: Engenharia\Ecovias Noroeste Paulista\Projetos\02.04.03.01.01\0 - Documentos Gerais\Documentos com unidade\GRD-COM-ECNO-02.04.03.01.01-0000001
[2026-07-27 14:21:02.300] [INFO] Pasta criada: Engenharia\Ecovias Noroeste Paulista\Projetos\02.04.03.01.01\0 - Documentos Gerais\Documentos com unidade\GRD-COM-ECNO-02.04.03.01.01-0000001 (ProjectID=428002).
[2026-07-27 14:21:02.618] [INFO] Importando Excel na pasta final: GRD-COM-ECNO-02.04.03.01.01-0000001.xlsx
[2026-07-27 14:21:02.854] [INFO] Excel importado com sucesso: DocumentID=1; caminho=Engenharia\Ecovias Noroeste Paulista\Projetos\02.04.03.01.01\0 - Documentos Gerais\Documentos com unidade\GRD-COM-ECNO-02.04.03.01.01-0000001\GRD-COM-ECNO-02.04.03.01.01-0000001.xlsx
[2026-07-27 14:21:02.855] [INFO] Analisando grupo 'GRD-COM-ECNO-02.06.02.12' (ARTESP) com 255 documento(s).
[2026-07-27 14:21:03.303] [AVISO] Estrutura ausente para 'GRD-COM-ECNO-02.06.02.12'. Precisam ser criadas: Engenharia\Ecovias Noroeste Paulista\Projetos\02.06.02.12\0 - Documentos Gerais\Documentos com unidade; Engenharia\Ecovias Noroeste Paulista\Projetos\02.06.02.12\0 - Documentos Gerais\Documentos com unidade\GRD-COM-ECNO-02.06.02.12-0000001
[2026-07-27 14:21:03.304] [INFO] Grupo 'GRD-COM-ECNO-02.06.02.12': GRD prevista 'GRD-COM-ECNO-02.06.02.12-0000001'; destino 'Engenharia\Ecovias Noroeste Paulista\Projetos\02.06.02.12\0 - Documentos Gerais\Documentos com unidade\GRD-COM-ECNO-02.06.02.12-0000001'. Nenhuma pasta receberá ambiente.
[2026-07-27 14:21:03.544] [INFO] Excel local gerado para 'GRD-COM-ECNO-02.06.02.12': C:\Users\peter\OneDrive - Grupo Ecorodovias\Área de Trabalho\Scritps_novos\SaidaSimulacao\20260727_141659\ARTESP\GRD-COM-ECNO-02.06.02.12-0000001.xlsx
[2026-07-27 14:21:03.597] [INFO] Criando pasta sem ambiente: Engenharia\Ecovias Noroeste Paulista\Projetos\02.06.02.12\0 - Documentos Gerais\Documentos com unidade
[2026-07-27 14:21:04.164] [INFO] Pasta criada: Engenharia\Ecovias Noroeste Paulista\Projetos\02.06.02.12\0 - Documentos Gerais\Documentos com unidade (ProjectID=428003).
[2026-07-27 14:21:04.208] [INFO] Criando pasta sem ambiente: Engenharia\Ecovias Noroeste Paulista\Projetos\02.06.02.12\0 - Documentos Gerais\Documentos com unidade\GRD-COM-ECNO-02.06.02.12-0000001
[2026-07-27 14:21:04.610] [INFO] Pasta criada: Engenharia\Ecovias Noroeste Paulista\Projetos\02.06.02.12\0 - Documentos Gerais\Documentos com unidade\GRD-COM-ECNO-02.06.02.12-0000001 (ProjectID=428004).
[2026-07-27 14:21:04.843] [INFO] Importando Excel na pasta final: GRD-COM-ECNO-02.06.02.12-0000001.xlsx
[2026-07-27 14:21:05.169] [INFO] Excel importado com sucesso: DocumentID=1; caminho=Engenharia\Ecovias Noroeste Paulista\Projetos\02.06.02.12\0 - Documentos Gerais\Documentos com unidade\GRD-COM-ECNO-02.06.02.12-0000001\GRD-COM-ECNO-02.06.02.12-0000001.xlsx
[2026-07-27 14:21:05.170] [INFO] Analisando grupo 'GRD-COM-ECNO-01.01.01.06' (ARTESP) com 40 documento(s).
[2026-07-27 14:21:05.355] [AVISO] Estrutura ausente para 'GRD-COM-ECNO-01.01.01.06'. Precisam ser criadas: Engenharia\Ecovias Noroeste Paulista\Projetos\01.01.01.06\0 - Documentos Gerais\Documentos com unidade; Engenharia\Ecovias Noroeste Paulista\Projetos\01.01.01.06\0 - Documentos Gerais\Documentos com unidade\GRD-COM-ECNO-01.01.01.06-0000001
[2026-07-27 14:21:05.355] [INFO] Grupo 'GRD-COM-ECNO-01.01.01.06': GRD prevista 'GRD-COM-ECNO-01.01.01.06-0000001'; destino 'Engenharia\Ecovias Noroeste Paulista\Projetos\01.01.01.06\0 - Documentos Gerais\Documentos com unidade\GRD-COM-ECNO-01.01.01.06-0000001'. Nenhuma pasta receberá ambiente.
[2026-07-27 14:21:05.562] [INFO] Excel local gerado para 'GRD-COM-ECNO-01.01.01.06': C:\Users\peter\OneDrive - Grupo Ecorodovias\Área de Trabalho\Scritps_novos\SaidaSimulacao\20260727_141659\ARTESP\GRD-COM-ECNO-01.01.01.06-0000001.xlsx
[2026-07-27 14:21:05.601] [INFO] Criando pasta sem ambiente: Engenharia\Ecovias Noroeste Paulista\Projetos\01.01.01.06\0 - Documentos Gerais\Documentos com unidade
[2026-07-27 14:21:05.906] [INFO] Pasta criada: Engenharia\Ecovias Noroeste Paulista\Projetos\01.01.01.06\0 - Documentos Gerais\Documentos com unidade (ProjectID=428005).
[2026-07-27 14:21:05.946] [INFO] Criando pasta sem ambiente: Engenharia\Ecovias Noroeste Paulista\Projetos\01.01.01.06\0 - Documentos Gerais\Documentos com unidade\GRD-COM-ECNO-01.01.01.06-0000001
[2026-07-27 14:21:06.483] [INFO] Pasta criada: Engenharia\Ecovias Noroeste Paulista\Projetos\01.01.01.06\0 - Documentos Gerais\Documentos com unidade\GRD-COM-ECNO-01.01.01.06-0000001 (ProjectID=428006).
[2026-07-27 14:21:06.793] [INFO] Importando Excel na pasta final: GRD-COM-ECNO-01.01.01.06-0000001.xlsx
[2026-07-27 14:21:07.078] [INFO] Excel importado com sucesso: DocumentID=1; caminho=Engenharia\Ecovias Noroeste Paulista\Projetos\01.01.01.06\0 - Documentos Gerais\Documentos com unidade\GRD-COM-ECNO-01.01.01.06-0000001\GRD-COM-ECNO-01.01.01.06-0000001.xlsx
[2026-07-27 14:21:07.079] [INFO] Analisando grupo 'GRD-COM-ECNO-01.01.02.01' (ARTESP) com 228 documento(s).
[2026-07-27 14:21:07.361] [AVISO] Estrutura ausente para 'GRD-COM-ECNO-01.01.02.01'. Precisam ser criadas: Engenharia\Ecovias Noroeste Paulista\Projetos\01.01.02.01\0 - Documentos Gerais\Documentos com unidade; Engenharia\Ecovias Noroeste Paulista\Projetos\01.01.02.01\0 - Documentos Gerais\Documentos com unidade\GRD-COM-ECNO-01.01.02.01-0000001
[2026-07-27 14:21:07.361] [INFO] Grupo 'GRD-COM-ECNO-01.01.02.01': GRD prevista 'GRD-COM-ECNO-01.01.02.01-0000001'; destino 'Engenharia\Ecovias Noroeste Paulista\Projetos\01.01.02.01\0 - Documentos Gerais\Documentos com unidade\GRD-COM-ECNO-01.01.02.01-0000001'. Nenhuma pasta receberá ambiente.
[2026-07-27 14:21:07.570] [INFO] Excel local gerado para 'GRD-COM-ECNO-01.01.02.01': C:\Users\peter\OneDrive - Grupo Ecorodovias\Área de Trabalho\Scritps_novos\SaidaSimulacao\20260727_141659\ARTESP\GRD-COM-ECNO-01.01.02.01-0000001.xlsx
[2026-07-27 14:21:07.617] [INFO] Criando pasta sem ambiente: Engenharia\Ecovias Noroeste Paulista\Projetos\01.01.02.01\0 - Documentos Gerais\Documentos com unidade
[2026-07-27 14:21:07.918] [INFO] Pasta criada: Engenharia\Ecovias Noroeste Paulista\Projetos\01.01.02.01\0 - Documentos Gerais\Documentos com unidade (ProjectID=428007).
[2026-07-27 14:21:07.981] [INFO] Criando pasta sem ambiente: Engenharia\Ecovias Noroeste Paulista\Projetos\01.01.02.01\0 - Documentos Gerais\Documentos com unidade\GRD-COM-ECNO-01.01.02.01-0000001
[2026-07-27 14:21:08.325] [INFO] Pasta criada: Engenharia\Ecovias Noroeste Paulista\Projetos\01.01.02.01\0 - Documentos Gerais\Documentos com unidade\GRD-COM-ECNO-01.01.02.01-0000001 (ProjectID=428008).
[2026-07-27 14:21:08.545] [INFO] Importando Excel na pasta final: GRD-COM-ECNO-01.01.02.01-0000001.xlsx
[2026-07-27 14:21:08.754] [INFO] Excel importado com sucesso: DocumentID=1; caminho=Engenharia\Ecovias Noroeste Paulista\Projetos\01.01.02.01\0 - Documentos Gerais\Documentos com unidade\GRD-COM-ECNO-01.01.02.01-0000001\GRD-COM-ECNO-01.01.02.01-0000001.xlsx
[2026-07-27 14:21:08.756] [INFO] Analisando grupo 'GRD-COM-ECNO-01.01.02.02' (ARTESP) com 503 documento(s).
[2026-07-27 14:21:09.048] [AVISO] Estrutura ausente para 'GRD-COM-ECNO-01.01.02.02'. Precisam ser criadas: Engenharia\Ecovias Noroeste Paulista\Projetos\01.01.02.02\0 - Documentos Gerais\Documentos com unidade; Engenharia\Ecovias Noroeste Paulista\Projetos\01.01.02.02\0 - Documentos Gerais\Documentos com unidade\GRD-COM-ECNO-01.01.02.02-0000001
[2026-07-27 14:21:09.049] [INFO] Grupo 'GRD-COM-ECNO-01.01.02.02': GRD prevista 'GRD-COM-ECNO-01.01.02.02-0000001'; destino 'Engenharia\Ecovias Noroeste Paulista\Projetos\01.01.02.02\0 - Documentos Gerais\Documentos com unidade\GRD-COM-ECNO-01.01.02.02-0000001'. Nenhuma pasta receberá ambiente.
[2026-07-27 14:21:09.263] [INFO] Excel local gerado para 'GRD-COM-ECNO-01.01.02.02': C:\Users\peter\OneDrive - Grupo Ecorodovias\Área de Trabalho\Scritps_novos\SaidaSimulacao\20260727_141659\ARTESP\GRD-COM-ECNO-01.01.02.02-0000001.xlsx
[2026-07-27 14:21:09.308] [INFO] Criando pasta sem ambiente: Engenharia\Ecovias Noroeste Paulista\Projetos\01.01.02.02\0 - Documentos Gerais\Documentos com unidade
[2026-07-27 14:21:09.609] [INFO] Pasta criada: Engenharia\Ecovias Noroeste Paulista\Projetos\01.01.02.02\0 - Documentos Gerais\Documentos com unidade (ProjectID=428009).
[2026-07-27 14:21:09.652] [INFO] Criando pasta sem ambiente: Engenharia\Ecovias Noroeste Paulista\Projetos\01.01.02.02\0 - Documentos Gerais\Documentos com unidade\GRD-COM-ECNO-01.01.02.02-0000001
[2026-07-27 14:21:09.899] [INFO] Pasta criada: Engenharia\Ecovias Noroeste Paulista\Projetos\01.01.02.02\0 - Documentos Gerais\Documentos com unidade\GRD-COM-ECNO-01.01.02.02-0000001 (ProjectID=428010).
[2026-07-27 14:21:10.195] [INFO] Importando Excel na pasta final: GRD-COM-ECNO-01.01.02.02-0000001.xlsx
[2026-07-27 14:21:10.477] [INFO] Excel importado com sucesso: DocumentID=1; caminho=Engenharia\Ecovias Noroeste Paulista\Projetos\01.01.02.02\0 - Documentos Gerais\Documentos com unidade\GRD-COM-ECNO-01.01.02.02-0000001\GRD-COM-ECNO-01.01.02.02-0000001.xlsx
[2026-07-27 14:21:10.480] [INFO] Analisando grupo 'GRD-COM-ECNO-01.03.04' (ARTESP) com 76 documento(s).
[2026-07-27 14:21:10.768] [AVISO] Estrutura ausente para 'GRD-COM-ECNO-01.03.04'. Precisam ser criadas: Engenharia\Ecovias Noroeste Paulista\Projetos\01.03.04\0 - Documentos Gerais\Documentos com unidade; Engenharia\Ecovias Noroeste Paulista\Projetos\01.03.04\0 - Documentos Gerais\Documentos com unidade\GRD-COM-ECNO-01.03.04-0000001
[2026-07-27 14:21:10.768] [INFO] Grupo 'GRD-COM-ECNO-01.03.04': GRD prevista 'GRD-COM-ECNO-01.03.04-0000001'; destino 'Engenharia\Ecovias Noroeste Paulista\Projetos\01.03.04\0 - Documentos Gerais\Documentos com unidade\GRD-COM-ECNO-01.03.04-0000001'. Nenhuma pasta receberá ambiente.
[2026-07-27 14:21:10.951] [INFO] Excel local gerado para 'GRD-COM-ECNO-01.03.04': C:\Users\peter\OneDrive - Grupo Ecorodovias\Área de Trabalho\Scritps_novos\SaidaSimulacao\20260727_141659\ARTESP\GRD-COM-ECNO-01.03.04-0000001.xlsx
[2026-07-27 14:21:10.994] [INFO] Criando pasta sem ambiente: Engenharia\Ecovias Noroeste Paulista\Projetos\01.03.04\0 - Documentos Gerais\Documentos com unidade
[2026-07-27 14:21:11.228] [INFO] Pasta criada: Engenharia\Ecovias Noroeste Paulista\Projetos\01.03.04\0 - Documentos Gerais\Documentos com unidade (ProjectID=428011).
[2026-07-27 14:21:11.271] [INFO] Criando pasta sem ambiente: Engenharia\Ecovias Noroeste Paulista\Projetos\01.03.04\0 - Documentos Gerais\Documentos com unidade\GRD-COM-ECNO-01.03.04-0000001
[2026-07-27 14:21:11.625] [INFO] Pasta criada: Engenharia\Ecovias Noroeste Paulista\Projetos\01.03.04\0 - Documentos Gerais\Documentos com unidade\GRD-COM-ECNO-01.03.04-0000001 (ProjectID=428012).
[2026-07-27 14:21:11.878] [INFO] Importando Excel na pasta final: GRD-COM-ECNO-01.03.04-0000001.xlsx
[2026-07-27 14:21:12.106] [INFO] Excel importado com sucesso: DocumentID=1; caminho=Engenharia\Ecovias Noroeste Paulista\Projetos\01.03.04\0 - Documentos Gerais\Documentos com unidade\GRD-COM-ECNO-01.03.04-0000001\GRD-COM-ECNO-01.03.04-0000001.xlsx
[2026-07-27 14:21:12.107] [INFO] Analisando grupo 'GRD-COM-ECNO-02.02.01.13.01' (ARTESP) com 19 documento(s).
[2026-07-27 14:21:12.286] [AVISO] Estrutura ausente para 'GRD-COM-ECNO-02.02.01.13.01'. Precisam ser criadas: Engenharia\Ecovias Noroeste Paulista\Projetos\02.02.01.13.01\0 - Documentos Gerais\Documentos com unidade; Engenharia\Ecovias Noroeste Paulista\Projetos\02.02.01.13.01\0 - Documentos Gerais\Documentos com unidade\GRD-COM-ECNO-02.02.01.13.01-0000001
[2026-07-27 14:21:12.288] [INFO] Grupo 'GRD-COM-ECNO-02.02.01.13.01': GRD prevista 'GRD-COM-ECNO-02.02.01.13.01-0000001'; destino 'Engenharia\Ecovias Noroeste Paulista\Projetos\02.02.01.13.01\0 - Documentos Gerais\Documentos com unidade\GRD-COM-ECNO-02.02.01.13.01-0000001'. Nenhuma pasta receberá ambiente.
[2026-07-27 14:21:12.553] [INFO] Excel local gerado para 'GRD-COM-ECNO-02.02.01.13.01': C:\Users\peter\OneDrive - Grupo Ecorodovias\Área de Trabalho\Scritps_novos\SaidaSimulacao\20260727_141659\ARTESP\GRD-COM-ECNO-02.02.01.13.01-0000001.xlsx
[2026-07-27 14:21:12.615] [INFO] Criando pasta sem ambiente: Engenharia\Ecovias Noroeste Paulista\Projetos\02.02.01.13.01\0 - Documentos Gerais\Documentos com unidade
[2026-07-27 14:21:12.980] [INFO] Pasta criada: Engenharia\Ecovias Noroeste Paulista\Projetos\02.02.01.13.01\0 - Documentos Gerais\Documentos com unidade (ProjectID=428013).
[2026-07-27 14:21:13.021] [INFO] Criando pasta sem ambiente: Engenharia\Ecovias Noroeste Paulista\Projetos\02.02.01.13.01\0 - Documentos Gerais\Documentos com unidade\GRD-COM-ECNO-02.02.01.13.01-0000001
[2026-07-27 14:21:13.462] [INFO] Pasta criada: Engenharia\Ecovias Noroeste Paulista\Projetos\02.02.01.13.01\0 - Documentos Gerais\Documentos com unidade\GRD-COM-ECNO-02.02.01.13.01-0000001 (ProjectID=428014).
[2026-07-27 14:21:13.722] [INFO] Importando Excel na pasta final: GRD-COM-ECNO-02.02.01.13.01-0000001.xlsx
[2026-07-27 14:21:13.941] [INFO] Excel importado com sucesso: DocumentID=1; caminho=Engenharia\Ecovias Noroeste Paulista\Projetos\02.02.01.13.01\0 - Documentos Gerais\Documentos com unidade\GRD-COM-ECNO-02.02.01.13.01-0000001\GRD-COM-ECNO-02.02.01.13.01-0000001.xlsx
[2026-07-27 14:21:13.942] [INFO] Analisando grupo 'GRD-COM-ECNO-02.02.02.11.01' (ARTESP) com 12 documento(s).
[2026-07-27 14:21:14.156] [AVISO] Estrutura ausente para 'GRD-COM-ECNO-02.02.02.11.01'. Precisam ser criadas: Engenharia\Ecovias Noroeste Paulista\Projetos\02.02.02.11.01\0 - Documentos Gerais\Documentos com unidade; Engenharia\Ecovias Noroeste Paulista\Projetos\02.02.02.11.01\0 - Documentos Gerais\Documentos com unidade\GRD-COM-ECNO-02.02.02.11.01-0000001
[2026-07-27 14:21:14.156] [INFO] Grupo 'GRD-COM-ECNO-02.02.02.11.01': GRD prevista 'GRD-COM-ECNO-02.02.02.11.01-0000001'; destino 'Engenharia\Ecovias Noroeste Paulista\Projetos\02.02.02.11.01\0 - Documentos Gerais\Documentos com unidade\GRD-COM-ECNO-02.02.02.11.01-0000001'. Nenhuma pasta receberá ambiente.
[2026-07-27 14:21:14.323] [INFO] Excel local gerado para 'GRD-COM-ECNO-02.02.02.11.01': C:\Users\peter\OneDrive - Grupo Ecorodovias\Área de Trabalho\Scritps_novos\SaidaSimulacao\20260727_141659\ARTESP\GRD-COM-ECNO-02.02.02.11.01-0000001.xlsx
[2026-07-27 14:21:14.406] [INFO] Criando pasta sem ambiente: Engenharia\Ecovias Noroeste Paulista\Projetos\02.02.02.11.01\0 - Documentos Gerais\Documentos com unidade
[2026-07-27 14:21:14.637] [INFO] Pasta criada: Engenharia\Ecovias Noroeste Paulista\Projetos\02.02.02.11.01\0 - Documentos Gerais\Documentos com unidade (ProjectID=428015).
[2026-07-27 14:21:14.682] [INFO] Criando pasta sem ambiente: Engenharia\Ecovias Noroeste Paulista\Projetos\02.02.02.11.01\0 - Documentos Gerais\Documentos com unidade\GRD-COM-ECNO-02.02.02.11.01-0000001
[2026-07-27 14:21:15.147] [INFO] Pasta criada: Engenharia\Ecovias Noroeste Paulista\Projetos\02.02.02.11.01\0 - Documentos Gerais\Documentos com unidade\GRD-COM-ECNO-02.02.02.11.01-0000001 (ProjectID=428016).
[2026-07-27 14:21:15.432] [INFO] Importando Excel na pasta final: GRD-COM-ECNO-02.02.02.11.01-0000001.xlsx
[2026-07-27 14:21:15.795] [INFO] Excel importado com sucesso: DocumentID=1; caminho=Engenharia\Ecovias Noroeste Paulista\Projetos\02.02.02.11.01\0 - Documentos Gerais\Documentos com unidade\GRD-COM-ECNO-02.02.02.11.01-0000001\GRD-COM-ECNO-02.02.02.11.01-0000001.xlsx
[2026-07-27 14:21:15.798] [INFO] Analisando grupo 'GRD-COM-ECNO-02.02.01.14.01' (ARTESP) com 21 documento(s).
[2026-07-27 14:21:16.115] [AVISO] Estrutura ausente para 'GRD-COM-ECNO-02.02.01.14.01'. Precisam ser criadas: Engenharia\Ecovias Noroeste Paulista\Projetos\02.02.01.14.01\0 - Documentos Gerais\Documentos com unidade; Engenharia\Ecovias Noroeste Paulista\Projetos\02.02.01.14.01\0 - Documentos Gerais\Documentos com unidade\GRD-COM-ECNO-02.02.01.14.01-0000001
[2026-07-27 14:21:16.116] [INFO] Grupo 'GRD-COM-ECNO-02.02.01.14.01': GRD prevista 'GRD-COM-ECNO-02.02.01.14.01-0000001'; destino 'Engenharia\Ecovias Noroeste Paulista\Projetos\02.02.01.14.01\0 - Documentos Gerais\Documentos com unidade\GRD-COM-ECNO-02.02.01.14.01-0000001'. Nenhuma pasta receberá ambiente.
[2026-07-27 14:21:16.324] [INFO] Excel local gerado para 'GRD-COM-ECNO-02.02.01.14.01': C:\Users\peter\OneDrive - Grupo Ecorodovias\Área de Trabalho\Scritps_novos\SaidaSimulacao\20260727_141659\ARTESP\GRD-COM-ECNO-02.02.01.14.01-0000001.xlsx
[2026-07-27 14:21:16.425] [INFO] Criando pasta sem ambiente: Engenharia\Ecovias Noroeste Paulista\Projetos\02.02.01.14.01\0 - Documentos Gerais\Documentos com unidade
[2026-07-27 14:21:16.832] [INFO] Pasta criada: Engenharia\Ecovias Noroeste Paulista\Projetos\02.02.01.14.01\0 - Documentos Gerais\Documentos com unidade (ProjectID=428017).
[2026-07-27 14:21:16.888] [INFO] Criando pasta sem ambiente: Engenharia\Ecovias Noroeste Paulista\Projetos\02.02.01.14.01\0 - Documentos Gerais\Documentos com unidade\GRD-COM-ECNO-02.02.01.14.01-0000001
[2026-07-27 14:21:17.453] [INFO] Pasta criada: Engenharia\Ecovias Noroeste Paulista\Projetos\02.02.01.14.01\0 - Documentos Gerais\Documentos com unidade\GRD-COM-ECNO-02.02.01.14.01-0000001 (ProjectID=428018).
[2026-07-27 14:21:17.722] [INFO] Importando Excel na pasta final: GRD-COM-ECNO-02.02.01.14.01-0000001.xlsx
[2026-07-27 14:21:18.025] [INFO] Excel importado com sucesso: DocumentID=1; caminho=Engenharia\Ecovias Noroeste Paulista\Projetos\02.02.01.14.01\0 - Documentos Gerais\Documentos com unidade\GRD-COM-ECNO-02.02.01.14.01-0000001\GRD-COM-ECNO-02.02.01.14.01-0000001.xlsx
[2026-07-27 14:21:18.026] [INFO] Analisando grupo 'GRD-COM-ECNO-01.01.01.02' (ARTESP) com 514 documento(s).
[2026-07-27 14:21:18.284] [AVISO] Estrutura ausente para 'GRD-COM-ECNO-01.01.01.02'. Precisam ser criadas: Engenharia\Ecovias Noroeste Paulista\Projetos\01.01.01.02\0 - Documentos Gerais\Documentos com unidade; Engenharia\Ecovias Noroeste Paulista\Projetos\01.01.01.02\0 - Documentos Gerais\Documentos com unidade\GRD-COM-ECNO-01.01.01.02-0000001
[2026-07-27 14:21:18.285] [INFO] Grupo 'GRD-COM-ECNO-01.01.01.02': GRD prevista 'GRD-COM-ECNO-01.01.01.02-0000001'; destino 'Engenharia\Ecovias Noroeste Paulista\Projetos\01.01.01.02\0 - Documentos Gerais\Documentos com unidade\GRD-COM-ECNO-01.01.01.02-0000001'. Nenhuma pasta receberá ambiente.
[2026-07-27 14:21:18.491] [INFO] Excel local gerado para 'GRD-COM-ECNO-01.01.01.02': C:\Users\peter\OneDrive - Grupo Ecorodovias\Área de Trabalho\Scritps_novos\SaidaSimulacao\20260727_141659\ARTESP\GRD-COM-ECNO-01.01.01.02-0000001.xlsx
[2026-07-27 14:21:18.557] [INFO] Criando pasta sem ambiente: Engenharia\Ecovias Noroeste Paulista\Projetos\01.01.01.02\0 - Documentos Gerais\Documentos com unidade
[2026-07-27 14:21:18.866] [INFO] Pasta criada: Engenharia\Ecovias Noroeste Paulista\Projetos\01.01.01.02\0 - Documentos Gerais\Documentos com unidade (ProjectID=428019).
[2026-07-27 14:21:18.921] [INFO] Criando pasta sem ambiente: Engenharia\Ecovias Noroeste Paulista\Projetos\01.01.01.02\0 - Documentos Gerais\Documentos com unidade\GRD-COM-ECNO-01.01.01.02-0000001
[2026-07-27 14:21:19.279] [INFO] Pasta criada: Engenharia\Ecovias Noroeste Paulista\Projetos\01.01.01.02\0 - Documentos Gerais\Documentos com unidade\GRD-COM-ECNO-01.01.01.02-0000001 (ProjectID=428020).
[2026-07-27 14:21:19.509] [INFO] Importando Excel na pasta final: GRD-COM-ECNO-01.01.01.02-0000001.xlsx
[2026-07-27 14:21:19.739] [INFO] Excel importado com sucesso: DocumentID=1; caminho=Engenharia\Ecovias Noroeste Paulista\Projetos\01.01.01.02\0 - Documentos Gerais\Documentos com unidade\GRD-COM-ECNO-01.01.01.02-0000001\GRD-COM-ECNO-01.01.01.02-0000001.xlsx
[2026-07-27 14:21:19.740] [INFO] Analisando grupo 'GRD-COM-ECNO-02.02.02.05.00' (ARTESP) com 86 documento(s).
[2026-07-27 14:21:20.003] [AVISO] Estrutura ausente para 'GRD-COM-ECNO-02.02.02.05.00'. Precisam ser criadas: Engenharia\Ecovias Noroeste Paulista\Projetos\02.02.02.05.00\0 - Documentos Gerais\Documentos com unidade; Engenharia\Ecovias Noroeste Paulista\Projetos\02.02.02.05.00\0 - Documentos Gerais\Documentos com unidade\GRD-COM-ECNO-02.02.02.05.00-0000001
[2026-07-27 14:21:20.003] [INFO] Grupo 'GRD-COM-ECNO-02.02.02.05.00': GRD prevista 'GRD-COM-ECNO-02.02.02.05.00-0000001'; destino 'Engenharia\Ecovias Noroeste Paulista\Projetos\02.02.02.05.00\0 - Documentos Gerais\Documentos com unidade\GRD-COM-ECNO-02.02.02.05.00-0000001'. Nenhuma pasta receberá ambiente.
[2026-07-27 14:21:20.172] [INFO] Excel local gerado para 'GRD-COM-ECNO-02.02.02.05.00': C:\Users\peter\OneDrive - Grupo Ecorodovias\Área de Trabalho\Scritps_novos\SaidaSimulacao\20260727_141659\ARTESP\GRD-COM-ECNO-02.02.02.05.00-0000001.xlsx
[2026-07-27 14:21:20.222] [INFO] Criando pasta sem ambiente: Engenharia\Ecovias Noroeste Paulista\Projetos\02.02.02.05.00\0 - Documentos Gerais\Documentos com unidade
[2026-07-27 14:21:20.617] [INFO] Pasta criada: Engenharia\Ecovias Noroeste Paulista\Projetos\02.02.02.05.00\0 - Documentos Gerais\Documentos com unidade (ProjectID=428021).
[2026-07-27 14:21:20.829] [INFO] Criando pasta sem ambiente: Engenharia\Ecovias Noroeste Paulista\Projetos\02.02.02.05.00\0 - Documentos Gerais\Documentos com unidade\GRD-COM-ECNO-02.02.02.05.00-0000001
[2026-07-27 14:21:21.378] [INFO] Pasta criada: Engenharia\Ecovias Noroeste Paulista\Projetos\02.02.02.05.00\0 - Documentos Gerais\Documentos com unidade\GRD-COM-ECNO-02.02.02.05.00-0000001 (ProjectID=428022).
[2026-07-27 14:21:21.591] [INFO] Importando Excel na pasta final: GRD-COM-ECNO-02.02.02.05.00-0000001.xlsx
[2026-07-27 14:21:21.830] [INFO] Excel importado com sucesso: DocumentID=1; caminho=Engenharia\Ecovias Noroeste Paulista\Projetos\02.02.02.05.00\0 - Documentos Gerais\Documentos com unidade\GRD-COM-ECNO-02.02.02.05.00-0000001\GRD-COM-ECNO-02.02.02.05.00-0000001.xlsx
[2026-07-27 14:21:21.831] [INFO] Analisando grupo 'GRD-COM-ECNO-01.01.01.05' (ARTESP) com 20 documento(s).
[2026-07-27 14:21:22.356] [AVISO] Estrutura ausente para 'GRD-COM-ECNO-01.01.01.05'. Precisam ser criadas: Engenharia\Ecovias Noroeste Paulista\Projetos\01.01.01.05\0 - Documentos Gerais\Documentos com unidade; Engenharia\Ecovias Noroeste Paulista\Projetos\01.01.01.05\0 - Documentos Gerais\Documentos com unidade\GRD-COM-ECNO-01.01.01.05-0000001
[2026-07-27 14:21:22.357] [INFO] Grupo 'GRD-COM-ECNO-01.01.01.05': GRD prevista 'GRD-COM-ECNO-01.01.01.05-0000001'; destino 'Engenharia\Ecovias Noroeste Paulista\Projetos\01.01.01.05\0 - Documentos Gerais\Documentos com unidade\GRD-COM-ECNO-01.01.01.05-0000001'. Nenhuma pasta receberá ambiente.
[2026-07-27 14:21:22.535] [INFO] Excel local gerado para 'GRD-COM-ECNO-01.01.01.05': C:\Users\peter\OneDrive - Grupo Ecorodovias\Área de Trabalho\Scritps_novos\SaidaSimulacao\20260727_141659\ARTESP\GRD-COM-ECNO-01.01.01.05-0000001.xlsx
[2026-07-27 14:21:22.638] [INFO] Criando pasta sem ambiente: Engenharia\Ecovias Noroeste Paulista\Projetos\01.01.01.05\0 - Documentos Gerais\Documentos com unidade
[2026-07-27 14:21:23.166] [INFO] Pasta criada: Engenharia\Ecovias Noroeste Paulista\Projetos\01.01.01.05\0 - Documentos Gerais\Documentos com unidade (ProjectID=428023).
[2026-07-27 14:21:23.207] [INFO] Criando pasta sem ambiente: Engenharia\Ecovias Noroeste Paulista\Projetos\01.01.01.05\0 - Documentos Gerais\Documentos com unidade\GRD-COM-ECNO-01.01.01.05-0000001
[2026-07-27 14:21:23.512] [INFO] Pasta criada: Engenharia\Ecovias Noroeste Paulista\Projetos\01.01.01.05\0 - Documentos Gerais\Documentos com unidade\GRD-COM-ECNO-01.01.01.05-0000001 (ProjectID=428024).
[2026-07-27 14:21:23.761] [INFO] Importando Excel na pasta final: GRD-COM-ECNO-01.01.01.05-0000001.xlsx
[2026-07-27 14:21:24.232] [INFO] Excel importado com sucesso: DocumentID=1; caminho=Engenharia\Ecovias Noroeste Paulista\Projetos\01.01.01.05\0 - Documentos Gerais\Documentos com unidade\GRD-COM-ECNO-01.01.01.05-0000001\GRD-COM-ECNO-01.01.01.05-0000001.xlsx
[2026-07-27 14:21:24.233] [INFO] Analisando grupo 'GRD-COM-ECNO-02.02.02.01.01' (ARTESP) com 19 documento(s).
[2026-07-27 14:21:24.667] [AVISO] Estrutura ausente para 'GRD-COM-ECNO-02.02.02.01.01'. Precisam ser criadas: Engenharia\Ecovias Noroeste Paulista\Projetos\02.02.02.01.01\0 - Documentos Gerais\Documentos com unidade; Engenharia\Ecovias Noroeste Paulista\Projetos\02.02.02.01.01\0 - Documentos Gerais\Documentos com unidade\GRD-COM-ECNO-02.02.02.01.01-0000001
[2026-07-27 14:21:24.668] [INFO] Grupo 'GRD-COM-ECNO-02.02.02.01.01': GRD prevista 'GRD-COM-ECNO-02.02.02.01.01-0000001'; destino 'Engenharia\Ecovias Noroeste Paulista\Projetos\02.02.02.01.01\0 - Documentos Gerais\Documentos com unidade\GRD-COM-ECNO-02.02.02.01.01-0000001'. Nenhuma pasta receberá ambiente.
[2026-07-27 14:21:24.833] [INFO] Excel local gerado para 'GRD-COM-ECNO-02.02.02.01.01': C:\Users\peter\OneDrive - Grupo Ecorodovias\Área de Trabalho\Scritps_novos\SaidaSimulacao\20260727_141659\ARTESP\GRD-COM-ECNO-02.02.02.01.01-0000001.xlsx
[2026-07-27 14:21:24.873] [INFO] Criando pasta sem ambiente: Engenharia\Ecovias Noroeste Paulista\Projetos\02.02.02.01.01\0 - Documentos Gerais\Documentos com unidade
[2026-07-27 14:21:25.132] [INFO] Pasta criada: Engenharia\Ecovias Noroeste Paulista\Projetos\02.02.02.01.01\0 - Documentos Gerais\Documentos com unidade (ProjectID=428025).
[2026-07-27 14:21:25.182] [INFO] Criando pasta sem ambiente: Engenharia\Ecovias Noroeste Paulista\Projetos\02.02.02.01.01\0 - Documentos Gerais\Documentos com unidade\GRD-COM-ECNO-02.02.02.01.01-0000001
[2026-07-27 14:21:25.423] [INFO] Pasta criada: Engenharia\Ecovias Noroeste Paulista\Projetos\02.02.02.01.01\0 - Documentos Gerais\Documentos com unidade\GRD-COM-ECNO-02.02.02.01.01-0000001 (ProjectID=428026).
[2026-07-27 14:21:25.673] [INFO] Importando Excel na pasta final: GRD-COM-ECNO-02.02.02.01.01-0000001.xlsx
[2026-07-27 14:21:26.031] [INFO] Excel importado com sucesso: DocumentID=1; caminho=Engenharia\Ecovias Noroeste Paulista\Projetos\02.02.02.01.01\0 - Documentos Gerais\Documentos com unidade\GRD-COM-ECNO-02.02.02.01.01-0000001\GRD-COM-ECNO-02.02.02.01.01-0000001.xlsx
[2026-07-27 14:21:26.032] [INFO] Analisando grupo 'GRD-COM-ECNO-01.01.01.09' (ARTESP) com 206 documento(s).
[2026-07-27 14:21:26.314] [AVISO] Estrutura ausente para 'GRD-COM-ECNO-01.01.01.09'. Precisam ser criadas: Engenharia\Ecovias Noroeste Paulista\Projetos\01.01.01.09\0 - Documentos Gerais\Documentos com unidade; Engenharia\Ecovias Noroeste Paulista\Projetos\01.01.01.09\0 - Documentos Gerais\Documentos com unidade\GRD-COM-ECNO-01.01.01.09-0000001
[2026-07-27 14:21:26.316] [INFO] Grupo 'GRD-COM-ECNO-01.01.01.09': GRD prevista 'GRD-COM-ECNO-01.01.01.09-0000001'; destino 'Engenharia\Ecovias Noroeste Paulista\Projetos\01.01.01.09\0 - Documentos Gerais\Documentos com unidade\GRD-COM-ECNO-01.01.01.09-0000001'. Nenhuma pasta receberá ambiente.
[2026-07-27 14:21:26.529] [INFO] Excel local gerado para 'GRD-COM-ECNO-01.01.01.09': C:\Users\peter\OneDrive - Grupo Ecorodovias\Área de Trabalho\Scritps_novos\SaidaSimulacao\20260727_141659\ARTESP\GRD-COM-ECNO-01.01.01.09-0000001.xlsx
[2026-07-27 14:21:26.570] [INFO] Criando pasta sem ambiente: Engenharia\Ecovias Noroeste Paulista\Projetos\01.01.01.09\0 - Documentos Gerais\Documentos com unidade
[2026-07-27 14:21:26.983] [INFO] Pasta criada: Engenharia\Ecovias Noroeste Paulista\Projetos\01.01.01.09\0 - Documentos Gerais\Documentos com unidade (ProjectID=428027).
[2026-07-27 14:21:27.030] [INFO] Criando pasta sem ambiente: Engenharia\Ecovias Noroeste Paulista\Projetos\01.01.01.09\0 - Documentos Gerais\Documentos com unidade\GRD-COM-ECNO-01.01.01.09-0000001
[2026-07-27 14:21:27.273] [INFO] Pasta criada: Engenharia\Ecovias Noroeste Paulista\Projetos\01.01.01.09\0 - Documentos Gerais\Documentos com unidade\GRD-COM-ECNO-01.01.01.09-0000001 (ProjectID=428028).
[2026-07-27 14:21:27.539] [INFO] Importando Excel na pasta final: GRD-COM-ECNO-01.01.01.09-0000001.xlsx
[2026-07-27 14:21:27.912] [INFO] Excel importado com sucesso: DocumentID=1; caminho=Engenharia\Ecovias Noroeste Paulista\Projetos\01.01.01.09\0 - Documentos Gerais\Documentos com unidade\GRD-COM-ECNO-01.01.01.09-0000001\GRD-COM-ECNO-01.01.01.09-0000001.xlsx
[2026-07-27 14:21:27.913] [INFO] Analisando grupo 'GRD-COM-ECNO-02.02.01.07.01' (ARTESP) com 9 documento(s).
[2026-07-27 14:21:28.188] [AVISO] Estrutura ausente para 'GRD-COM-ECNO-02.02.01.07.01'. Precisam ser criadas: Engenharia\Ecovias Noroeste Paulista\Projetos\02.02.01.07.01\0 - Documentos Gerais\Documentos com unidade; Engenharia\Ecovias Noroeste Paulista\Projetos\02.02.01.07.01\0 - Documentos Gerais\Documentos com unidade\GRD-COM-ECNO-02.02.01.07.01-0000001
[2026-07-27 14:21:28.189] [INFO] Grupo 'GRD-COM-ECNO-02.02.01.07.01': GRD prevista 'GRD-COM-ECNO-02.02.01.07.01-0000001'; destino 'Engenharia\Ecovias Noroeste Paulista\Projetos\02.02.01.07.01\0 - Documentos Gerais\Documentos com unidade\GRD-COM-ECNO-02.02.01.07.01-0000001'. Nenhuma pasta receberá ambiente.
[2026-07-27 14:21:28.364] [INFO] Excel local gerado para 'GRD-COM-ECNO-02.02.01.07.01': C:\Users\peter\OneDrive - Grupo Ecorodovias\Área de Trabalho\Scritps_novos\SaidaSimulacao\20260727_141659\ARTESP\GRD-COM-ECNO-02.02.01.07.01-0000001.xlsx
[2026-07-27 14:21:28.407] [INFO] Criando pasta sem ambiente: Engenharia\Ecovias Noroeste Paulista\Projetos\02.02.01.07.01\0 - Documentos Gerais\Documentos com unidade
[2026-07-27 14:21:28.661] [INFO] Pasta criada: Engenharia\Ecovias Noroeste Paulista\Projetos\02.02.01.07.01\0 - Documentos Gerais\Documentos com unidade (ProjectID=428029).
[2026-07-27 14:21:28.719] [INFO] Criando pasta sem ambiente: Engenharia\Ecovias Noroeste Paulista\Projetos\02.02.01.07.01\0 - Documentos Gerais\Documentos com unidade\GRD-COM-ECNO-02.02.01.07.01-0000001
[2026-07-27 14:21:29.005] [INFO] Pasta criada: Engenharia\Ecovias Noroeste Paulista\Projetos\02.02.01.07.01\0 - Documentos Gerais\Documentos com unidade\GRD-COM-ECNO-02.02.01.07.01-0000001 (ProjectID=428030).
[2026-07-27 14:21:29.275] [INFO] Importando Excel na pasta final: GRD-COM-ECNO-02.02.01.07.01-0000001.xlsx
[2026-07-27 14:21:30.048] [INFO] Excel importado com sucesso: DocumentID=1; caminho=Engenharia\Ecovias Noroeste Paulista\Projetos\02.02.01.07.01\0 - Documentos Gerais\Documentos com unidade\GRD-COM-ECNO-02.02.01.07.01-0000001\GRD-COM-ECNO-02.02.01.07.01-0000001.xlsx
[2026-07-27 14:21:30.049] [INFO] Analisando grupo 'GRD-COM-ECNO-02.02.02.01.02' (ARTESP) com 29 documento(s).
[2026-07-27 14:21:30.294] [AVISO] Estrutura ausente para 'GRD-COM-ECNO-02.02.02.01.02'. Precisam ser criadas: Engenharia\Ecovias Noroeste Paulista\Projetos\02.02.02.01.02\0 - Documentos Gerais\Documentos com unidade; Engenharia\Ecovias Noroeste Paulista\Projetos\02.02.02.01.02\0 - Documentos Gerais\Documentos com unidade\GRD-COM-ECNO-02.02.02.01.02-0000001
[2026-07-27 14:21:30.296] [INFO] Grupo 'GRD-COM-ECNO-02.02.02.01.02': GRD prevista 'GRD-COM-ECNO-02.02.02.01.02-0000001'; destino 'Engenharia\Ecovias Noroeste Paulista\Projetos\02.02.02.01.02\0 - Documentos Gerais\Documentos com unidade\GRD-COM-ECNO-02.02.02.01.02-0000001'. Nenhuma pasta receberá ambiente.
[2026-07-27 14:21:30.467] [INFO] Excel local gerado para 'GRD-COM-ECNO-02.02.02.01.02': C:\Users\peter\OneDrive - Grupo Ecorodovias\Área de Trabalho\Scritps_novos\SaidaSimulacao\20260727_141659\ARTESP\GRD-COM-ECNO-02.02.02.01.02-0000001.xlsx
[2026-07-27 14:21:30.519] [INFO] Criando pasta sem ambiente: Engenharia\Ecovias Noroeste Paulista\Projetos\02.02.02.01.02\0 - Documentos Gerais\Documentos com unidade
[2026-07-27 14:21:30.913] [INFO] Pasta criada: Engenharia\Ecovias Noroeste Paulista\Projetos\02.02.02.01.02\0 - Documentos Gerais\Documentos com unidade (ProjectID=428031).
[2026-07-27 14:21:30.957] [INFO] Criando pasta sem ambiente: Engenharia\Ecovias Noroeste Paulista\Projetos\02.02.02.01.02\0 - Documentos Gerais\Documentos com unidade\GRD-COM-ECNO-02.02.02.01.02-0000001
[2026-07-27 14:21:31.229] [INFO] Pasta criada: Engenharia\Ecovias Noroeste Paulista\Projetos\02.02.02.01.02\0 - Documentos Gerais\Documentos com unidade\GRD-COM-ECNO-02.02.02.01.02-0000001 (ProjectID=428032).
[2026-07-27 14:21:31.481] [INFO] Importando Excel na pasta final: GRD-COM-ECNO-02.02.02.01.02-0000001.xlsx
[2026-07-27 14:21:31.746] [INFO] Excel importado com sucesso: DocumentID=1; caminho=Engenharia\Ecovias Noroeste Paulista\Projetos\02.02.02.01.02\0 - Documentos Gerais\Documentos com unidade\GRD-COM-ECNO-02.02.02.01.02-0000001\GRD-COM-ECNO-02.02.02.01.02-0000001.xlsx
[2026-07-27 14:21:31.747] [INFO] Analisando grupo 'GRD-COM-ECNO-01.02.02.01' (ARTESP) com 2 documento(s).
[2026-07-27 14:21:31.951] [AVISO] Estrutura ausente para 'GRD-COM-ECNO-01.02.02.01'. Precisam ser criadas: Engenharia\Ecovias Noroeste Paulista\Projetos\01.02.02.01\0 - Documentos Gerais\Documentos com unidade; Engenharia\Ecovias Noroeste Paulista\Projetos\01.02.02.01\0 - Documentos Gerais\Documentos com unidade\GRD-COM-ECNO-01.02.02.01-0000001
[2026-07-27 14:21:31.952] [INFO] Grupo 'GRD-COM-ECNO-01.02.02.01': GRD prevista 'GRD-COM-ECNO-01.02.02.01-0000001'; destino 'Engenharia\Ecovias Noroeste Paulista\Projetos\01.02.02.01\0 - Documentos Gerais\Documentos com unidade\GRD-COM-ECNO-01.02.02.01-0000001'. Nenhuma pasta receberá ambiente.
[2026-07-27 14:21:32.146] [INFO] Excel local gerado para 'GRD-COM-ECNO-01.02.02.01': C:\Users\peter\OneDrive - Grupo Ecorodovias\Área de Trabalho\Scritps_novos\SaidaSimulacao\20260727_141659\ARTESP\GRD-COM-ECNO-01.02.02.01-0000001.xlsx
[2026-07-27 14:21:32.184] [INFO] Criando pasta sem ambiente: Engenharia\Ecovias Noroeste Paulista\Projetos\01.02.02.01\0 - Documentos Gerais\Documentos com unidade
[2026-07-27 14:21:32.483] [INFO] Pasta criada: Engenharia\Ecovias Noroeste Paulista\Projetos\01.02.02.01\0 - Documentos Gerais\Documentos com unidade (ProjectID=428033).
[2026-07-27 14:21:32.533] [INFO] Criando pasta sem ambiente: Engenharia\Ecovias Noroeste Paulista\Projetos\01.02.02.01\0 - Documentos Gerais\Documentos com unidade\GRD-COM-ECNO-01.02.02.01-0000001
[2026-07-27 14:21:32.800] [INFO] Pasta criada: Engenharia\Ecovias Noroeste Paulista\Projetos\01.02.02.01\0 - Documentos Gerais\Documentos com unidade\GRD-COM-ECNO-01.02.02.01-0000001 (ProjectID=428034).
[2026-07-27 14:21:33.004] [INFO] Importando Excel na pasta final: GRD-COM-ECNO-01.02.02.01-0000001.xlsx
[2026-07-27 14:21:33.376] [INFO] Excel importado com sucesso: DocumentID=1; caminho=Engenharia\Ecovias Noroeste Paulista\Projetos\01.02.02.01\0 - Documentos Gerais\Documentos com unidade\GRD-COM-ECNO-01.02.02.01-0000001\GRD-COM-ECNO-01.02.02.01-0000001.xlsx
[2026-07-27 14:21:33.378] [INFO] Analisando grupo 'GRD-COM-ECNO-02.02.01.12.01' (ARTESP) com 25 documento(s).
[2026-07-27 14:21:33.549] [AVISO] Estrutura ausente para 'GRD-COM-ECNO-02.02.01.12.01'. Precisam ser criadas: Engenharia\Ecovias Noroeste Paulista\Projetos\02.02.01.12.01\0 - Documentos Gerais\Documentos com unidade; Engenharia\Ecovias Noroeste Paulista\Projetos\02.02.01.12.01\0 - Documentos Gerais\Documentos com unidade\GRD-COM-ECNO-02.02.01.12.01-0000001
[2026-07-27 14:21:33.551] [INFO] Grupo 'GRD-COM-ECNO-02.02.01.12.01': GRD prevista 'GRD-COM-ECNO-02.02.01.12.01-0000001'; destino 'Engenharia\Ecovias Noroeste Paulista\Projetos\02.02.01.12.01\0 - Documentos Gerais\Documentos com unidade\GRD-COM-ECNO-02.02.01.12.01-0000001'. Nenhuma pasta receberá ambiente.
[2026-07-27 14:21:33.710] [INFO] Excel local gerado para 'GRD-COM-ECNO-02.02.01.12.01': C:\Users\peter\OneDrive - Grupo Ecorodovias\Área de Trabalho\Scritps_novos\SaidaSimulacao\20260727_141659\ARTESP\GRD-COM-ECNO-02.02.01.12.01-0000001.xlsx
[2026-07-27 14:21:33.848] [INFO] Criando pasta sem ambiente: Engenharia\Ecovias Noroeste Paulista\Projetos\02.02.01.12.01\0 - Documentos Gerais\Documentos com unidade
[2026-07-27 14:21:34.195] [INFO] Pasta criada: Engenharia\Ecovias Noroeste Paulista\Projetos\02.02.01.12.01\0 - Documentos Gerais\Documentos com unidade (ProjectID=428035).
[2026-07-27 14:21:34.237] [INFO] Criando pasta sem ambiente: Engenharia\Ecovias Noroeste Paulista\Projetos\02.02.01.12.01\0 - Documentos Gerais\Documentos com unidade\GRD-COM-ECNO-02.02.01.12.01-0000001
[2026-07-27 14:21:34.978] [INFO] Pasta criada: Engenharia\Ecovias Noroeste Paulista\Projetos\02.02.01.12.01\0 - Documentos Gerais\Documentos com unidade\GRD-COM-ECNO-02.02.01.12.01-0000001 (ProjectID=428036).
[2026-07-27 14:21:35.203] [INFO] Importando Excel na pasta final: GRD-COM-ECNO-02.02.01.12.01-0000001.xlsx
[2026-07-27 14:21:35.619] [INFO] Excel importado com sucesso: DocumentID=1; caminho=Engenharia\Ecovias Noroeste Paulista\Projetos\02.02.01.12.01\0 - Documentos Gerais\Documentos com unidade\GRD-COM-ECNO-02.02.01.12.01-0000001\GRD-COM-ECNO-02.02.01.12.01-0000001.xlsx
[2026-07-27 14:21:35.620] [INFO] Analisando grupo 'GRD-COM-ECNO-01.01.01.08' (ARTESP) com 45 documento(s).
[2026-07-27 14:21:36.065] [AVISO] Estrutura ausente para 'GRD-COM-ECNO-01.01.01.08'. Precisam ser criadas: Engenharia\Ecovias Noroeste Paulista\Projetos\01.01.01.08\0 - Documentos Gerais\Documentos com unidade; Engenharia\Ecovias Noroeste Paulista\Projetos\01.01.01.08\0 - Documentos Gerais\Documentos com unidade\GRD-COM-ECNO-01.01.01.08-0000001
[2026-07-27 14:21:36.066] [INFO] Grupo 'GRD-COM-ECNO-01.01.01.08': GRD prevista 'GRD-COM-ECNO-01.01.01.08-0000001'; destino 'Engenharia\Ecovias Noroeste Paulista\Projetos\01.01.01.08\0 - Documentos Gerais\Documentos com unidade\GRD-COM-ECNO-01.01.01.08-0000001'. Nenhuma pasta receberá ambiente.
[2026-07-27 14:21:36.238] [INFO] Excel local gerado para 'GRD-COM-ECNO-01.01.01.08': C:\Users\peter\OneDrive - Grupo Ecorodovias\Área de Trabalho\Scritps_novos\SaidaSimulacao\20260727_141659\ARTESP\GRD-COM-ECNO-01.01.01.08-0000001.xlsx
[2026-07-27 14:21:36.407] [INFO] Criando pasta sem ambiente: Engenharia\Ecovias Noroeste Paulista\Projetos\01.01.01.08\0 - Documentos Gerais\Documentos com unidade
[2026-07-27 14:21:36.905] [INFO] Pasta criada: Engenharia\Ecovias Noroeste Paulista\Projetos\01.01.01.08\0 - Documentos Gerais\Documentos com unidade (ProjectID=428037).
[2026-07-27 14:21:36.984] [INFO] Criando pasta sem ambiente: Engenharia\Ecovias Noroeste Paulista\Projetos\01.01.01.08\0 - Documentos Gerais\Documentos com unidade\GRD-COM-ECNO-01.01.01.08-0000001
[2026-07-27 14:21:37.461] [INFO] Pasta criada: Engenharia\Ecovias Noroeste Paulista\Projetos\01.01.01.08\0 - Documentos Gerais\Documentos com unidade\GRD-COM-ECNO-01.01.01.08-0000001 (ProjectID=428038).
[2026-07-27 14:21:37.811] [INFO] Importando Excel na pasta final: GRD-COM-ECNO-01.01.01.08-0000001.xlsx
[2026-07-27 14:21:38.147] [INFO] Excel importado com sucesso: DocumentID=1; caminho=Engenharia\Ecovias Noroeste Paulista\Projetos\01.01.01.08\0 - Documentos Gerais\Documentos com unidade\GRD-COM-ECNO-01.01.01.08-0000001\GRD-COM-ECNO-01.01.01.08-0000001.xlsx
[2026-07-27 14:21:38.149] [INFO] Analisando grupo 'GRD-COM-ECNO-02.11.01.01 km 291' (ARTESP) com 575 documento(s).
[2026-07-27 14:21:38.977] [AVISO] Estrutura ausente para 'GRD-COM-ECNO-02.11.01.01 km 291'. Precisam ser criadas: Engenharia\Ecovias Noroeste Paulista\Projetos\02.11.01.01 km 291\0 - Documentos Gerais\Documentos com unidade; Engenharia\Ecovias Noroeste Paulista\Projetos\02.11.01.01 km 291\0 - Documentos Gerais\Documentos com unidade\GRD-COM-ECNO-02.11.01.01 km 291-0000001
[2026-07-27 14:21:38.978] [INFO] Grupo 'GRD-COM-ECNO-02.11.01.01 km 291': GRD prevista 'GRD-COM-ECNO-02.11.01.01 km 291-0000001'; destino 'Engenharia\Ecovias Noroeste Paulista\Projetos\02.11.01.01 km 291\0 - Documentos Gerais\Documentos com unidade\GRD-COM-ECNO-02.11.01.01 km 291-0000001'. Nenhuma pasta receberá ambiente.
[2026-07-27 14:21:39.180] [INFO] Excel local gerado para 'GRD-COM-ECNO-02.11.01.01 km 291': C:\Users\peter\OneDrive - Grupo Ecorodovias\Área de Trabalho\Scritps_novos\SaidaSimulacao\20260727_141659\ARTESP\GRD-COM-ECNO-02.11.01.01 km 291-0000001.xlsx
[2026-07-27 14:21:39.220] [INFO] Criando pasta sem ambiente: Engenharia\Ecovias Noroeste Paulista\Projetos\02.11.01.01 km 291\0 - Documentos Gerais\Documentos com unidade
[2026-07-27 14:21:39.613] [INFO] Pasta criada: Engenharia\Ecovias Noroeste Paulista\Projetos\02.11.01.01 km 291\0 - Documentos Gerais\Documentos com unidade (ProjectID=428039).
[2026-07-27 14:21:39.658] [INFO] Criando pasta sem ambiente: Engenharia\Ecovias Noroeste Paulista\Projetos\02.11.01.01 km 291\0 - Documentos Gerais\Documentos com unidade\GRD-COM-ECNO-02.11.01.01 km 291-0000001
[2026-07-27 14:21:40.081] [INFO] Pasta criada: Engenharia\Ecovias Noroeste Paulista\Projetos\02.11.01.01 km 291\0 - Documentos Gerais\Documentos com unidade\GRD-COM-ECNO-02.11.01.01 km 291-0000001 (ProjectID=428040).
[2026-07-27 14:21:40.469] [INFO] Importando Excel na pasta final: GRD-COM-ECNO-02.11.01.01 km 291-0000001.xlsx
[2026-07-27 14:21:41.111] [INFO] Excel importado com sucesso: DocumentID=1; caminho=Engenharia\Ecovias Noroeste Paulista\Projetos\02.11.01.01 km 291\0 - Documentos Gerais\Documentos com unidade\GRD-COM-ECNO-02.11.01.01 km 291-0000001\GRD-COM-ECNO-02.11.01.01 km 291-0000001.xlsx
[2026-07-27 14:21:41.112] [INFO] Analisando grupo 'GRD-COM-ECNO-02.11.01.01 km 407' (ARTESP) com 475 documento(s).
[2026-07-27 14:21:41.423] [AVISO] Estrutura ausente para 'GRD-COM-ECNO-02.11.01.01 km 407'. Precisam ser criadas: Engenharia\Ecovias Noroeste Paulista\Projetos\02.11.01.01 km 407\0 - Documentos Gerais\Documentos com unidade; Engenharia\Ecovias Noroeste Paulista\Projetos\02.11.01.01 km 407\0 - Documentos Gerais\Documentos com unidade\GRD-COM-ECNO-02.11.01.01 km 407-0000001
[2026-07-27 14:21:41.424] [INFO] Grupo 'GRD-COM-ECNO-02.11.01.01 km 407': GRD prevista 'GRD-COM-ECNO-02.11.01.01 km 407-0000001'; destino 'Engenharia\Ecovias Noroeste Paulista\Projetos\02.11.01.01 km 407\0 - Documentos Gerais\Documentos com unidade\GRD-COM-ECNO-02.11.01.01 km 407-0000001'. Nenhuma pasta receberá ambiente.
[2026-07-27 14:21:41.653] [INFO] Excel local gerado para 'GRD-COM-ECNO-02.11.01.01 km 407': C:\Users\peter\OneDrive - Grupo Ecorodovias\Área de Trabalho\Scritps_novos\SaidaSimulacao\20260727_141659\ARTESP\GRD-COM-ECNO-02.11.01.01 km 407-0000001.xlsx
[2026-07-27 14:21:41.881] [INFO] Criando pasta sem ambiente: Engenharia\Ecovias Noroeste Paulista\Projetos\02.11.01.01 km 407\0 - Documentos Gerais\Documentos com unidade
[2026-07-27 14:21:42.313] [INFO] Pasta criada: Engenharia\Ecovias Noroeste Paulista\Projetos\02.11.01.01 km 407\0 - Documentos Gerais\Documentos com unidade (ProjectID=428041).
[2026-07-27 14:21:42.350] [INFO] Criando pasta sem ambiente: Engenharia\Ecovias Noroeste Paulista\Projetos\02.11.01.01 km 407\0 - Documentos Gerais\Documentos com unidade\GRD-COM-ECNO-02.11.01.01 km 407-0000001
[2026-07-27 14:21:43.001] [INFO] Pasta criada: Engenharia\Ecovias Noroeste Paulista\Projetos\02.11.01.01 km 407\0 - Documentos Gerais\Documentos com unidade\GRD-COM-ECNO-02.11.01.01 km 407-0000001 (ProjectID=428042).
[2026-07-27 14:21:43.424] [INFO] Importando Excel na pasta final: GRD-COM-ECNO-02.11.01.01 km 407-0000001.xlsx
[2026-07-27 14:21:43.961] [INFO] Excel importado com sucesso: DocumentID=1; caminho=Engenharia\Ecovias Noroeste Paulista\Projetos\02.11.01.01 km 407\0 - Documentos Gerais\Documentos com unidade\GRD-COM-ECNO-02.11.01.01 km 407-0000001\GRD-COM-ECNO-02.11.01.01 km 407-0000001.xlsx
[2026-07-27 14:21:43.962] [INFO] Analisando grupo 'GRD-COM-ECNO-02.11.01.01 km 252' (ARTESP) com 371 documento(s).
[2026-07-27 14:21:44.339] [AVISO] Estrutura ausente para 'GRD-COM-ECNO-02.11.01.01 km 252'. Precisam ser criadas: Engenharia\Ecovias Noroeste Paulista\Projetos\02.11.01.01 km 252\0 - Documentos Gerais\Documentos com unidade; Engenharia\Ecovias Noroeste Paulista\Projetos\02.11.01.01 km 252\0 - Documentos Gerais\Documentos com unidade\GRD-COM-ECNO-02.11.01.01 km 252-0000001
[2026-07-27 14:21:44.340] [INFO] Grupo 'GRD-COM-ECNO-02.11.01.01 km 252': GRD prevista 'GRD-COM-ECNO-02.11.01.01 km 252-0000001'; destino 'Engenharia\Ecovias Noroeste Paulista\Projetos\02.11.01.01 km 252\0 - Documentos Gerais\Documentos com unidade\GRD-COM-ECNO-02.11.01.01 km 252-0000001'. Nenhuma pasta receberá ambiente.
[2026-07-27 14:21:44.573] [INFO] Excel local gerado para 'GRD-COM-ECNO-02.11.01.01 km 252': C:\Users\peter\OneDrive - Grupo Ecorodovias\Área de Trabalho\Scritps_novos\SaidaSimulacao\20260727_141659\ARTESP\GRD-COM-ECNO-02.11.01.01 km 252-0000001.xlsx
[2026-07-27 14:21:44.623] [INFO] Criando pasta sem ambiente: Engenharia\Ecovias Noroeste Paulista\Projetos\02.11.01.01 km 252\0 - Documentos Gerais\Documentos com unidade
[2026-07-27 14:21:45.272] [INFO] Pasta criada: Engenharia\Ecovias Noroeste Paulista\Projetos\02.11.01.01 km 252\0 - Documentos Gerais\Documentos com unidade (ProjectID=428043).
[2026-07-27 14:21:45.324] [INFO] Criando pasta sem ambiente: Engenharia\Ecovias Noroeste Paulista\Projetos\02.11.01.01 km 252\0 - Documentos Gerais\Documentos com unidade\GRD-COM-ECNO-02.11.01.01 km 252-0000001
[2026-07-27 14:21:45.673] [INFO] Pasta criada: Engenharia\Ecovias Noroeste Paulista\Projetos\02.11.01.01 km 252\0 - Documentos Gerais\Documentos com unidade\GRD-COM-ECNO-02.11.01.01 km 252-0000001 (ProjectID=428044).
[2026-07-27 14:21:45.882] [INFO] Importando Excel na pasta final: GRD-COM-ECNO-02.11.01.01 km 252-0000001.xlsx
[2026-07-27 14:21:46.200] [INFO] Excel importado com sucesso: DocumentID=1; caminho=Engenharia\Ecovias Noroeste Paulista\Projetos\02.11.01.01 km 252\0 - Documentos Gerais\Documentos com unidade\GRD-COM-ECNO-02.11.01.01 km 252-0000001\GRD-COM-ECNO-02.11.01.01 km 252-0000001.xlsx
[2026-07-27 14:21:46.201] [INFO] Analisando grupo 'GRD-COM-ECNO-02.12.01.02' (ARTESP) com 435 documento(s).
[2026-07-27 14:21:46.446] [AVISO] Estrutura ausente para 'GRD-COM-ECNO-02.12.01.02'. Precisam ser criadas: Engenharia\Ecovias Noroeste Paulista\Projetos\02.12.01.02\0 - Documentos Gerais\Documentos com unidade; Engenharia\Ecovias Noroeste Paulista\Projetos\02.12.01.02\0 - Documentos Gerais\Documentos com unidade\GRD-COM-ECNO-02.12.01.02-0000001
[2026-07-27 14:21:46.447] [INFO] Grupo 'GRD-COM-ECNO-02.12.01.02': GRD prevista 'GRD-COM-ECNO-02.12.01.02-0000001'; destino 'Engenharia\Ecovias Noroeste Paulista\Projetos\02.12.01.02\0 - Documentos Gerais\Documentos com unidade\GRD-COM-ECNO-02.12.01.02-0000001'. Nenhuma pasta receberá ambiente.
[2026-07-27 14:21:46.645] [INFO] Excel local gerado para 'GRD-COM-ECNO-02.12.01.02': C:\Users\peter\OneDrive - Grupo Ecorodovias\Área de Trabalho\Scritps_novos\SaidaSimulacao\20260727_141659\ARTESP\GRD-COM-ECNO-02.12.01.02-0000001.xlsx
[2026-07-27 14:21:46.758] [INFO] Criando pasta sem ambiente: Engenharia\Ecovias Noroeste Paulista\Projetos\02.12.01.02\0 - Documentos Gerais\Documentos com unidade
[2026-07-27 14:21:47.339] [INFO] Pasta criada: Engenharia\Ecovias Noroeste Paulista\Projetos\02.12.01.02\0 - Documentos Gerais\Documentos com unidade (ProjectID=428045).
[2026-07-27 14:21:47.373] [INFO] Criando pasta sem ambiente: Engenharia\Ecovias Noroeste Paulista\Projetos\02.12.01.02\0 - Documentos Gerais\Documentos com unidade\GRD-COM-ECNO-02.12.01.02-0000001
[2026-07-27 14:21:47.874] [INFO] Pasta criada: Engenharia\Ecovias Noroeste Paulista\Projetos\02.12.01.02\0 - Documentos Gerais\Documentos com unidade\GRD-COM-ECNO-02.12.01.02-0000001 (ProjectID=428046).
[2026-07-27 14:21:48.588] [INFO] Importando Excel na pasta final: GRD-COM-ECNO-02.12.01.02-0000001.xlsx
[2026-07-27 14:21:49.250] [INFO] Excel importado com sucesso: DocumentID=1; caminho=Engenharia\Ecovias Noroeste Paulista\Projetos\02.12.01.02\0 - Documentos Gerais\Documentos com unidade\GRD-COM-ECNO-02.12.01.02-0000001\GRD-COM-ECNO-02.12.01.02-0000001.xlsx
[2026-07-27 14:21:49.251] [INFO] Analisando grupo 'GRD-COM-ECNO-02.02.01.08.02' (ARTESP) com 163 documento(s).
[2026-07-27 14:21:50.860] [AVISO] Estrutura ausente para 'GRD-COM-ECNO-02.02.01.08.02'. Precisam ser criadas: Engenharia\Ecovias Noroeste Paulista\Projetos\02.02.01.08.02\0 - Documentos Gerais\Documentos com unidade; Engenharia\Ecovias Noroeste Paulista\Projetos\02.02.01.08.02\0 - Documentos Gerais\Documentos com unidade\GRD-COM-ECNO-02.02.01.08.02-0000001
[2026-07-27 14:21:50.862] [INFO] Grupo 'GRD-COM-ECNO-02.02.01.08.02': GRD prevista 'GRD-COM-ECNO-02.02.01.08.02-0000001'; destino 'Engenharia\Ecovias Noroeste Paulista\Projetos\02.02.01.08.02\0 - Documentos Gerais\Documentos com unidade\GRD-COM-ECNO-02.02.01.08.02-0000001'. Nenhuma pasta receberá ambiente.
[2026-07-27 14:21:51.051] [INFO] Excel local gerado para 'GRD-COM-ECNO-02.02.01.08.02': C:\Users\peter\OneDrive - Grupo Ecorodovias\Área de Trabalho\Scritps_novos\SaidaSimulacao\20260727_141659\ARTESP\GRD-COM-ECNO-02.02.01.08.02-0000001.xlsx
[2026-07-27 14:21:51.111] [INFO] Criando pasta sem ambiente: Engenharia\Ecovias Noroeste Paulista\Projetos\02.02.01.08.02\0 - Documentos Gerais\Documentos com unidade
[2026-07-27 14:21:51.473] [INFO] Pasta criada: Engenharia\Ecovias Noroeste Paulista\Projetos\02.02.01.08.02\0 - Documentos Gerais\Documentos com unidade (ProjectID=428047).
[2026-07-27 14:21:51.601] [INFO] Criando pasta sem ambiente: Engenharia\Ecovias Noroeste Paulista\Projetos\02.02.01.08.02\0 - Documentos Gerais\Documentos com unidade\GRD-COM-ECNO-02.02.01.08.02-0000001
[2026-07-27 14:21:52.451] [INFO] Pasta criada: Engenharia\Ecovias Noroeste Paulista\Projetos\02.02.01.08.02\0 - Documentos Gerais\Documentos com unidade\GRD-COM-ECNO-02.02.01.08.02-0000001 (ProjectID=428048).
[2026-07-27 14:21:52.730] [INFO] Importando Excel na pasta final: GRD-COM-ECNO-02.02.01.08.02-0000001.xlsx
[2026-07-27 14:21:53.187] [INFO] Excel importado com sucesso: DocumentID=1; caminho=Engenharia\Ecovias Noroeste Paulista\Projetos\02.02.01.08.02\0 - Documentos Gerais\Documentos com unidade\GRD-COM-ECNO-02.02.01.08.02-0000001\GRD-COM-ECNO-02.02.01.08.02-0000001.xlsx
[2026-07-27 14:21:53.188] [INFO] Analisando grupo 'GRD-COM-ECVI-Ligação Planalto - Baixada' (ARTESP) com 5652 documento(s).
[2026-07-27 14:21:54.017] [AVISO] Estrutura ausente para 'GRD-COM-ECVI-Ligação Planalto - Baixada'. Precisam ser criadas: Engenharia\Ecovias Imigrantes\Projetos\Ligação Planalto - Baixada\0 - Documentos Gerais\Documentos com unidade; Engenharia\Ecovias Imigrantes\Projetos\Ligação Planalto - Baixada\0 - Documentos Gerais\Documentos com unidade\GRD-COM-ECVI-Ligação Planalto - Baixada-0000001
[2026-07-27 14:21:54.019] [INFO] Grupo 'GRD-COM-ECVI-Ligação Planalto - Baixada': GRD prevista 'GRD-COM-ECVI-Ligação Planalto - Baixada-0000001'; destino 'Engenharia\Ecovias Imigrantes\Projetos\Ligação Planalto - Baixada\0 - Documentos Gerais\Documentos com unidade\GRD-COM-ECVI-Ligação Planalto - Baixada-0000001'. Nenhuma pasta receberá ambiente.
[2026-07-27 14:21:54.571] [INFO] Excel local gerado para 'GRD-COM-ECVI-Ligação Planalto - Baixada': C:\Users\peter\OneDrive - Grupo Ecorodovias\Área de Trabalho\Scritps_novos\SaidaSimulacao\20260727_141659\ARTESP\GRD-COM-ECVI-Ligação Planalto - Baixada-0000001.xlsx
[2026-07-27 14:21:54.668] [INFO] Criando pasta sem ambiente: Engenharia\Ecovias Imigrantes\Projetos\Ligação Planalto - Baixada\0 - Documentos Gerais\Documentos com unidade
[2026-07-27 14:21:55.270] [INFO] Pasta criada: Engenharia\Ecovias Imigrantes\Projetos\Ligação Planalto - Baixada\0 - Documentos Gerais\Documentos com unidade (ProjectID=428049).
[2026-07-27 14:21:55.312] [INFO] Criando pasta sem ambiente: Engenharia\Ecovias Imigrantes\Projetos\Ligação Planalto - Baixada\0 - Documentos Gerais\Documentos com unidade\GRD-COM-ECVI-Ligação Planalto - Baixada-0000001
[2026-07-27 14:21:55.573] [INFO] Pasta criada: Engenharia\Ecovias Imigrantes\Projetos\Ligação Planalto - Baixada\0 - Documentos Gerais\Documentos com unidade\GRD-COM-ECVI-Ligação Planalto - Baixada-0000001 (ProjectID=428050).
[2026-07-27 14:21:55.843] [INFO] Importando Excel na pasta final: GRD-COM-ECVI-Ligação Planalto - Baixada-0000001.xlsx
[2026-07-27 14:21:56.148] [INFO] Excel importado com sucesso: DocumentID=1; caminho=Engenharia\Ecovias Imigrantes\Projetos\Ligação Planalto - Baixada\0 - Documentos Gerais\Documentos com unidade\GRD-COM-ECVI-Ligação Planalto - Baixada-0000001\GRD-COM-ECVI-Ligação Planalto - Baixada-0000001.xlsx
[2026-07-27 14:21:56.149] [INFO] Analisando grupo 'GRD-COM-ECNO-02.02.02.08.01' (ARTESP) com 17 documento(s).
[2026-07-27 14:21:56.393] [AVISO] Estrutura ausente para 'GRD-COM-ECNO-02.02.02.08.01'. Precisam ser criadas: Engenharia\Ecovias Noroeste Paulista\Projetos\02.02.02.08.01\0 - Documentos Gerais\Documentos com unidade; Engenharia\Ecovias Noroeste Paulista\Projetos\02.02.02.08.01\0 - Documentos Gerais\Documentos com unidade\GRD-COM-ECNO-02.02.02.08.01-0000001
[2026-07-27 14:21:56.394] [INFO] Grupo 'GRD-COM-ECNO-02.02.02.08.01': GRD prevista 'GRD-COM-ECNO-02.02.02.08.01-0000001'; destino 'Engenharia\Ecovias Noroeste Paulista\Projetos\02.02.02.08.01\0 - Documentos Gerais\Documentos com unidade\GRD-COM-ECNO-02.02.02.08.01-0000001'. Nenhuma pasta receberá ambiente.
[2026-07-27 14:21:56.584] [INFO] Excel local gerado para 'GRD-COM-ECNO-02.02.02.08.01': C:\Users\peter\OneDrive - Grupo Ecorodovias\Área de Trabalho\Scritps_novos\SaidaSimulacao\20260727_141659\ARTESP\GRD-COM-ECNO-02.02.02.08.01-0000001.xlsx
[2026-07-27 14:21:56.630] [INFO] Criando pasta sem ambiente: Engenharia\Ecovias Noroeste Paulista\Projetos\02.02.02.08.01\0 - Documentos Gerais\Documentos com unidade
[2026-07-27 14:21:56.938] [INFO] Pasta criada: Engenharia\Ecovias Noroeste Paulista\Projetos\02.02.02.08.01\0 - Documentos Gerais\Documentos com unidade (ProjectID=428051).
[2026-07-27 14:21:57.012] [INFO] Criando pasta sem ambiente: Engenharia\Ecovias Noroeste Paulista\Projetos\02.02.02.08.01\0 - Documentos Gerais\Documentos com unidade\GRD-COM-ECNO-02.02.02.08.01-0000001
[2026-07-27 14:21:57.340] [INFO] Pasta criada: Engenharia\Ecovias Noroeste Paulista\Projetos\02.02.02.08.01\0 - Documentos Gerais\Documentos com unidade\GRD-COM-ECNO-02.02.02.08.01-0000001 (ProjectID=428052).
[2026-07-27 14:21:57.600] [INFO] Importando Excel na pasta final: GRD-COM-ECNO-02.02.02.08.01-0000001.xlsx
[2026-07-27 14:21:58.417] [INFO] Excel importado com sucesso: DocumentID=1; caminho=Engenharia\Ecovias Noroeste Paulista\Projetos\02.02.02.08.01\0 - Documentos Gerais\Documentos com unidade\GRD-COM-ECNO-02.02.02.08.01-0000001\GRD-COM-ECNO-02.02.02.08.01-0000001.xlsx
[2026-07-27 14:21:58.418] [INFO] Analisando grupo 'GRD-COM-ECNO-02.02.01.17.02' (ARTESP) com 17 documento(s).
[2026-07-27 14:21:58.591] [AVISO] Estrutura ausente para 'GRD-COM-ECNO-02.02.01.17.02'. Precisam ser criadas: Engenharia\Ecovias Noroeste Paulista\Projetos\02.02.01.17.02\0 - Documentos Gerais\Documentos com unidade; Engenharia\Ecovias Noroeste Paulista\Projetos\02.02.01.17.02\0 - Documentos Gerais\Documentos com unidade\GRD-COM-ECNO-02.02.01.17.02-0000001
[2026-07-27 14:21:58.593] [INFO] Grupo 'GRD-COM-ECNO-02.02.01.17.02': GRD prevista 'GRD-COM-ECNO-02.02.01.17.02-0000001'; destino 'Engenharia\Ecovias Noroeste Paulista\Projetos\02.02.01.17.02\0 - Documentos Gerais\Documentos com unidade\GRD-COM-ECNO-02.02.01.17.02-0000001'. Nenhuma pasta receberá ambiente.
[2026-07-27 14:21:58.768] [INFO] Excel local gerado para 'GRD-COM-ECNO-02.02.01.17.02': C:\Users\peter\OneDrive - Grupo Ecorodovias\Área de Trabalho\Scritps_novos\SaidaSimulacao\20260727_141659\ARTESP\GRD-COM-ECNO-02.02.01.17.02-0000001.xlsx
[2026-07-27 14:21:58.814] [INFO] Criando pasta sem ambiente: Engenharia\Ecovias Noroeste Paulista\Projetos\02.02.01.17.02\0 - Documentos Gerais\Documentos com unidade
[2026-07-27 14:21:59.210] [INFO] Pasta criada: Engenharia\Ecovias Noroeste Paulista\Projetos\02.02.01.17.02\0 - Documentos Gerais\Documentos com unidade (ProjectID=428053).
[2026-07-27 14:21:59.254] [INFO] Criando pasta sem ambiente: Engenharia\Ecovias Noroeste Paulista\Projetos\02.02.01.17.02\0 - Documentos Gerais\Documentos com unidade\GRD-COM-ECNO-02.02.01.17.02-0000001
[2026-07-27 14:21:59.569] [INFO] Pasta criada: Engenharia\Ecovias Noroeste Paulista\Projetos\02.02.01.17.02\0 - Documentos Gerais\Documentos com unidade\GRD-COM-ECNO-02.02.01.17.02-0000001 (ProjectID=428054).
[2026-07-27 14:21:59.831] [INFO] Importando Excel na pasta final: GRD-COM-ECNO-02.02.01.17.02-0000001.xlsx
[2026-07-27 14:22:00.134] [INFO] Excel importado com sucesso: DocumentID=1; caminho=Engenharia\Ecovias Noroeste Paulista\Projetos\02.02.01.17.02\0 - Documentos Gerais\Documentos com unidade\GRD-COM-ECNO-02.02.01.17.02-0000001\GRD-COM-ECNO-02.02.01.17.02-0000001.xlsx
[2026-07-27 14:22:00.135] [INFO] Analisando grupo 'GRD-COM-ECNO-02.12.02.02 - PMRV' (ARTESP) com 270 documento(s).
[2026-07-27 14:22:00.436] [AVISO] Estrutura ausente para 'GRD-COM-ECNO-02.12.02.02 - PMRV'. Precisam ser criadas: Engenharia\Ecovias Noroeste Paulista\Projetos\02.12.02.02 - PMRV\0 - Documentos Gerais\Documentos com unidade; Engenharia\Ecovias Noroeste Paulista\Projetos\02.12.02.02 - PMRV\0 - Documentos Gerais\Documentos com unidade\GRD-COM-ECNO-02.12.02.02 - PMRV-0000001
[2026-07-27 14:22:00.437] [INFO] Grupo 'GRD-COM-ECNO-02.12.02.02 - PMRV': GRD prevista 'GRD-COM-ECNO-02.12.02.02 - PMRV-0000001'; destino 'Engenharia\Ecovias Noroeste Paulista\Projetos\02.12.02.02 - PMRV\0 - Documentos Gerais\Documentos com unidade\GRD-COM-ECNO-02.12.02.02 - PMRV-0000001'. Nenhuma pasta receberá ambiente.
[2026-07-27 14:22:00.657] [INFO] Excel local gerado para 'GRD-COM-ECNO-02.12.02.02 - PMRV': C:\Users\peter\OneDrive - Grupo Ecorodovias\Área de Trabalho\Scritps_novos\SaidaSimulacao\20260727_141659\ARTESP\GRD-COM-ECNO-02.12.02.02 - PMRV-0000001.xlsx
[2026-07-27 14:22:00.710] [INFO] Criando pasta sem ambiente: Engenharia\Ecovias Noroeste Paulista\Projetos\02.12.02.02 - PMRV\0 - Documentos Gerais\Documentos com unidade
[2026-07-27 14:22:01.154] [INFO] Pasta criada: Engenharia\Ecovias Noroeste Paulista\Projetos\02.12.02.02 - PMRV\0 - Documentos Gerais\Documentos com unidade (ProjectID=428055).
[2026-07-27 14:22:01.223] [INFO] Criando pasta sem ambiente: Engenharia\Ecovias Noroeste Paulista\Projetos\02.12.02.02 - PMRV\0 - Documentos Gerais\Documentos com unidade\GRD-COM-ECNO-02.12.02.02 - PMRV-0000001
[2026-07-27 14:22:01.529] [INFO] Pasta criada: Engenharia\Ecovias Noroeste Paulista\Projetos\02.12.02.02 - PMRV\0 - Documentos Gerais\Documentos com unidade\GRD-COM-ECNO-02.12.02.02 - PMRV-0000001 (ProjectID=428056).
[2026-07-27 14:22:01.812] [INFO] Importando Excel na pasta final: GRD-COM-ECNO-02.12.02.02 - PMRV-0000001.xlsx
[2026-07-27 14:22:02.118] [INFO] Excel importado com sucesso: DocumentID=1; caminho=Engenharia\Ecovias Noroeste Paulista\Projetos\02.12.02.02 - PMRV\0 - Documentos Gerais\Documentos com unidade\GRD-COM-ECNO-02.12.02.02 - PMRV-0000001\GRD-COM-ECNO-02.12.02.02 - PMRV-0000001.xlsx
[2026-07-27 14:22:02.119] [INFO] Analisando grupo 'GRD-COM-ECNO-02.02.01.02.01' (ARTESP) com 112 documento(s).
[2026-07-27 14:22:02.316] [AVISO] Estrutura ausente para 'GRD-COM-ECNO-02.02.01.02.01'. Precisam ser criadas: Engenharia\Ecovias Noroeste Paulista\Projetos\02.02.01.02.01\0 - Documentos Gerais\Documentos com unidade; Engenharia\Ecovias Noroeste Paulista\Projetos\02.02.01.02.01\0 - Documentos Gerais\Documentos com unidade\GRD-COM-ECNO-02.02.01.02.01-0000001
[2026-07-27 14:22:02.317] [INFO] Grupo 'GRD-COM-ECNO-02.02.01.02.01': GRD prevista 'GRD-COM-ECNO-02.02.01.02.01-0000001'; destino 'Engenharia\Ecovias Noroeste Paulista\Projetos\02.02.01.02.01\0 - Documentos Gerais\Documentos com unidade\GRD-COM-ECNO-02.02.01.02.01-0000001'. Nenhuma pasta receberá ambiente.
[2026-07-27 14:22:02.509] [INFO] Excel local gerado para 'GRD-COM-ECNO-02.02.01.02.01': C:\Users\peter\OneDrive - Grupo Ecorodovias\Área de Trabalho\Scritps_novos\SaidaSimulacao\20260727_141659\ARTESP\GRD-COM-ECNO-02.02.01.02.01-0000001.xlsx
[2026-07-27 14:22:02.564] [INFO] Criando pasta sem ambiente: Engenharia\Ecovias Noroeste Paulista\Projetos\02.02.01.02.01\0 - Documentos Gerais\Documentos com unidade
[2026-07-27 14:22:03.078] [INFO] Pasta criada: Engenharia\Ecovias Noroeste Paulista\Projetos\02.02.01.02.01\0 - Documentos Gerais\Documentos com unidade (ProjectID=428057).
[2026-07-27 14:22:03.154] [INFO] Criando pasta sem ambiente: Engenharia\Ecovias Noroeste Paulista\Projetos\02.02.01.02.01\0 - Documentos Gerais\Documentos com unidade\GRD-COM-ECNO-02.02.01.02.01-0000001
[2026-07-27 14:22:03.731] [INFO] Pasta criada: Engenharia\Ecovias Noroeste Paulista\Projetos\02.02.01.02.01\0 - Documentos Gerais\Documentos com unidade\GRD-COM-ECNO-02.02.01.02.01-0000001 (ProjectID=428058).
[2026-07-27 14:22:04.068] [INFO] Importando Excel na pasta final: GRD-COM-ECNO-02.02.01.02.01-0000001.xlsx
[2026-07-27 14:22:04.693] [INFO] Excel importado com sucesso: DocumentID=1; caminho=Engenharia\Ecovias Noroeste Paulista\Projetos\02.02.01.02.01\0 - Documentos Gerais\Documentos com unidade\GRD-COM-ECNO-02.02.01.02.01-0000001\GRD-COM-ECNO-02.02.01.02.01-0000001.xlsx
[2026-07-27 14:22:04.694] [INFO] Analisando grupo 'GRD-COM-ECNO-02.02.01.08.01' (ARTESP) com 27 documento(s).
[2026-07-27 14:22:05.142] [AVISO] Estrutura ausente para 'GRD-COM-ECNO-02.02.01.08.01'. Precisam ser criadas: Engenharia\Ecovias Noroeste Paulista\Projetos\02.02.01.08.01\0 - Documentos Gerais\Documentos com unidade; Engenharia\Ecovias Noroeste Paulista\Projetos\02.02.01.08.01\0 - Documentos Gerais\Documentos com unidade\GRD-COM-ECNO-02.02.01.08.01-0000001
[2026-07-27 14:22:05.143] [INFO] Grupo 'GRD-COM-ECNO-02.02.01.08.01': GRD prevista 'GRD-COM-ECNO-02.02.01.08.01-0000001'; destino 'Engenharia\Ecovias Noroeste Paulista\Projetos\02.02.01.08.01\0 - Documentos Gerais\Documentos com unidade\GRD-COM-ECNO-02.02.01.08.01-0000001'. Nenhuma pasta receberá ambiente.
[2026-07-27 14:22:05.321] [INFO] Excel local gerado para 'GRD-COM-ECNO-02.02.01.08.01': C:\Users\peter\OneDrive - Grupo Ecorodovias\Área de Trabalho\Scritps_novos\SaidaSimulacao\20260727_141659\ARTESP\GRD-COM-ECNO-02.02.01.08.01-0000001.xlsx
[2026-07-27 14:22:05.410] [INFO] Criando pasta sem ambiente: Engenharia\Ecovias Noroeste Paulista\Projetos\02.02.01.08.01\0 - Documentos Gerais\Documentos com unidade
[2026-07-27 14:22:05.892] [INFO] Pasta criada: Engenharia\Ecovias Noroeste Paulista\Projetos\02.02.01.08.01\0 - Documentos Gerais\Documentos com unidade (ProjectID=428059).
[2026-07-27 14:22:05.952] [INFO] Criando pasta sem ambiente: Engenharia\Ecovias Noroeste Paulista\Projetos\02.02.01.08.01\0 - Documentos Gerais\Documentos com unidade\GRD-COM-ECNO-02.02.01.08.01-0000001
[2026-07-27 14:22:06.474] [INFO] Pasta criada: Engenharia\Ecovias Noroeste Paulista\Projetos\02.02.01.08.01\0 - Documentos Gerais\Documentos com unidade\GRD-COM-ECNO-02.02.01.08.01-0000001 (ProjectID=428060).
[2026-07-27 14:22:06.804] [INFO] Importando Excel na pasta final: GRD-COM-ECNO-02.02.01.08.01-0000001.xlsx
[2026-07-27 14:22:07.236] [INFO] Excel importado com sucesso: DocumentID=1; caminho=Engenharia\Ecovias Noroeste Paulista\Projetos\02.02.01.08.01\0 - Documentos Gerais\Documentos com unidade\GRD-COM-ECNO-02.02.01.08.01-0000001\GRD-COM-ECNO-02.02.01.08.01-0000001.xlsx
[2026-07-27 14:22:07.238] [INFO] Analisando grupo 'GRD-COM-ECNO-03.03.03 - Dobrada' (ARTESP) com 14 documento(s).
[2026-07-27 14:22:07.716] [AVISO] Estrutura ausente para 'GRD-COM-ECNO-03.03.03 - Dobrada'. Precisam ser criadas: Engenharia\Ecovias Noroeste Paulista\Projetos\03.03.03 - Dobrada\0 - Documentos Gerais\Documentos com unidade; Engenharia\Ecovias Noroeste Paulista\Projetos\03.03.03 - Dobrada\0 - Documentos Gerais\Documentos com unidade\GRD-COM-ECNO-03.03.03 - Dobrada-0000001
[2026-07-27 14:22:07.716] [INFO] Grupo 'GRD-COM-ECNO-03.03.03 - Dobrada': GRD prevista 'GRD-COM-ECNO-03.03.03 - Dobrada-0000001'; destino 'Engenharia\Ecovias Noroeste Paulista\Projetos\03.03.03 - Dobrada\0 - Documentos Gerais\Documentos com unidade\GRD-COM-ECNO-03.03.03 - Dobrada-0000001'. Nenhuma pasta receberá ambiente.
[2026-07-27 14:22:07.883] [INFO] Excel local gerado para 'GRD-COM-ECNO-03.03.03 - Dobrada': C:\Users\peter\OneDrive - Grupo Ecorodovias\Área de Trabalho\Scritps_novos\SaidaSimulacao\20260727_141659\ARTESP\GRD-COM-ECNO-03.03.03 - Dobrada-0000001.xlsx
[2026-07-27 14:22:07.955] [INFO] Criando pasta sem ambiente: Engenharia\Ecovias Noroeste Paulista\Projetos\03.03.03 - Dobrada\0 - Documentos Gerais\Documentos com unidade
[2026-07-27 14:22:08.662] [INFO] Pasta criada: Engenharia\Ecovias Noroeste Paulista\Projetos\03.03.03 - Dobrada\0 - Documentos Gerais\Documentos com unidade (ProjectID=428061).
[2026-07-27 14:22:08.736] [INFO] Criando pasta sem ambiente: Engenharia\Ecovias Noroeste Paulista\Projetos\03.03.03 - Dobrada\0 - Documentos Gerais\Documentos com unidade\GRD-COM-ECNO-03.03.03 - Dobrada-0000001
[2026-07-27 14:22:09.593] [INFO] Pasta criada: Engenharia\Ecovias Noroeste Paulista\Projetos\03.03.03 - Dobrada\0 - Documentos Gerais\Documentos com unidade\GRD-COM-ECNO-03.03.03 - Dobrada-0000001 (ProjectID=428062).
[2026-07-27 14:22:10.006] [INFO] Importando Excel na pasta final: GRD-COM-ECNO-03.03.03 - Dobrada-0000001.xlsx
[2026-07-27 14:22:10.593] [INFO] Excel importado com sucesso: DocumentID=1; caminho=Engenharia\Ecovias Noroeste Paulista\Projetos\03.03.03 - Dobrada\0 - Documentos Gerais\Documentos com unidade\GRD-COM-ECNO-03.03.03 - Dobrada-0000001\GRD-COM-ECNO-03.03.03 - Dobrada-0000001.xlsx
[2026-07-27 14:22:10.594] [INFO] Analisando grupo 'GRD-COM-ECNO-03.03.03 - Taiúva' (ARTESP) com 34 documento(s).
[2026-07-27 14:22:10.970] [AVISO] Estrutura ausente para 'GRD-COM-ECNO-03.03.03 - Taiúva'. Precisam ser criadas: Engenharia\Ecovias Noroeste Paulista\Projetos\03.03.03 - Taiúva\0 - Documentos Gerais\Documentos com unidade; Engenharia\Ecovias Noroeste Paulista\Projetos\03.03.03 - Taiúva\0 - Documentos Gerais\Documentos com unidade\GRD-COM-ECNO-03.03.03 - Taiúva-0000001
[2026-07-27 14:22:10.971] [INFO] Grupo 'GRD-COM-ECNO-03.03.03 - Taiúva': GRD prevista 'GRD-COM-ECNO-03.03.03 - Taiúva-0000001'; destino 'Engenharia\Ecovias Noroeste Paulista\Projetos\03.03.03 - Taiúva\0 - Documentos Gerais\Documentos com unidade\GRD-COM-ECNO-03.03.03 - Taiúva-0000001'. Nenhuma pasta receberá ambiente.
[2026-07-27 14:22:11.160] [INFO] Excel local gerado para 'GRD-COM-ECNO-03.03.03 - Taiúva': C:\Users\peter\OneDrive - Grupo Ecorodovias\Área de Trabalho\Scritps_novos\SaidaSimulacao\20260727_141659\ARTESP\GRD-COM-ECNO-03.03.03 - Taiúva-0000001.xlsx
[2026-07-27 14:22:11.207] [INFO] Criando pasta sem ambiente: Engenharia\Ecovias Noroeste Paulista\Projetos\03.03.03 - Taiúva\0 - Documentos Gerais\Documentos com unidade
[2026-07-27 14:22:11.807] [INFO] Pasta criada: Engenharia\Ecovias Noroeste Paulista\Projetos\03.03.03 - Taiúva\0 - Documentos Gerais\Documentos com unidade (ProjectID=428063).
[2026-07-27 14:22:11.887] [INFO] Criando pasta sem ambiente: Engenharia\Ecovias Noroeste Paulista\Projetos\03.03.03 - Taiúva\0 - Documentos Gerais\Documentos com unidade\GRD-COM-ECNO-03.03.03 - Taiúva-0000001
[2026-07-27 14:22:12.481] [INFO] Pasta criada: Engenharia\Ecovias Noroeste Paulista\Projetos\03.03.03 - Taiúva\0 - Documentos Gerais\Documentos com unidade\GRD-COM-ECNO-03.03.03 - Taiúva-0000001 (ProjectID=428064).
[2026-07-27 14:22:13.022] [INFO] Importando Excel na pasta final: GRD-COM-ECNO-03.03.03 - Taiúva-0000001.xlsx
[2026-07-27 14:22:13.476] [INFO] Excel importado com sucesso: DocumentID=1; caminho=Engenharia\Ecovias Noroeste Paulista\Projetos\03.03.03 - Taiúva\0 - Documentos Gerais\Documentos com unidade\GRD-COM-ECNO-03.03.03 - Taiúva-0000001\GRD-COM-ECNO-03.03.03 - Taiúva-0000001.xlsx
[2026-07-27 14:22:13.476] [INFO] Analisando grupo 'GRD-COM-ECNO-02.04.03.02.03' (ARTESP) com 188 documento(s).
[2026-07-27 14:22:13.999] [AVISO] Estrutura ausente para 'GRD-COM-ECNO-02.04.03.02.03'. Precisam ser criadas: Engenharia\Ecovias Noroeste Paulista\Projetos\02.04.03.02.03\0 - Documentos Gerais\Documentos com unidade; Engenharia\Ecovias Noroeste Paulista\Projetos\02.04.03.02.03\0 - Documentos Gerais\Documentos com unidade\GRD-COM-ECNO-02.04.03.02.03-0000001
[2026-07-27 14:22:14.001] [INFO] Grupo 'GRD-COM-ECNO-02.04.03.02.03': GRD prevista 'GRD-COM-ECNO-02.04.03.02.03-0000001'; destino 'Engenharia\Ecovias Noroeste Paulista\Projetos\02.04.03.02.03\0 - Documentos Gerais\Documentos com unidade\GRD-COM-ECNO-02.04.03.02.03-0000001'. Nenhuma pasta receberá ambiente.
[2026-07-27 14:22:14.178] [INFO] Excel local gerado para 'GRD-COM-ECNO-02.04.03.02.03': C:\Users\peter\OneDrive - Grupo Ecorodovias\Área de Trabalho\Scritps_novos\SaidaSimulacao\20260727_141659\ARTESP\GRD-COM-ECNO-02.04.03.02.03-0000001.xlsx
[2026-07-27 14:22:14.257] [INFO] Criando pasta sem ambiente: Engenharia\Ecovias Noroeste Paulista\Projetos\02.04.03.02.03\0 - Documentos Gerais\Documentos com unidade
[2026-07-27 14:22:15.091] [INFO] Pasta criada: Engenharia\Ecovias Noroeste Paulista\Projetos\02.04.03.02.03\0 - Documentos Gerais\Documentos com unidade (ProjectID=428065).
[2026-07-27 14:22:15.159] [INFO] Criando pasta sem ambiente: Engenharia\Ecovias Noroeste Paulista\Projetos\02.04.03.02.03\0 - Documentos Gerais\Documentos com unidade\GRD-COM-ECNO-02.04.03.02.03-0000001
[2026-07-27 14:22:15.824] [INFO] Pasta criada: Engenharia\Ecovias Noroeste Paulista\Projetos\02.04.03.02.03\0 - Documentos Gerais\Documentos com unidade\GRD-COM-ECNO-02.04.03.02.03-0000001 (ProjectID=428066).
[2026-07-27 14:22:16.215] [INFO] Importando Excel na pasta final: GRD-COM-ECNO-02.04.03.02.03-0000001.xlsx
[2026-07-27 14:22:16.569] [INFO] Excel importado com sucesso: DocumentID=1; caminho=Engenharia\Ecovias Noroeste Paulista\Projetos\02.04.03.02.03\0 - Documentos Gerais\Documentos com unidade\GRD-COM-ECNO-02.04.03.02.03-0000001\GRD-COM-ECNO-02.04.03.02.03-0000001.xlsx
[2026-07-27 14:22:16.570] [INFO] Analisando grupo 'GRD-COM-ECNO-02.02.01.17.01' (ARTESP) com 19 documento(s).
[2026-07-27 14:22:17.297] [AVISO] Estrutura ausente para 'GRD-COM-ECNO-02.02.01.17.01'. Precisam ser criadas: Engenharia\Ecovias Noroeste Paulista\Projetos\02.02.01.17.01\0 - Documentos Gerais\Documentos com unidade; Engenharia\Ecovias Noroeste Paulista\Projetos\02.02.01.17.01\0 - Documentos Gerais\Documentos com unidade\GRD-COM-ECNO-02.02.01.17.01-0000001
[2026-07-27 14:22:17.298] [INFO] Grupo 'GRD-COM-ECNO-02.02.01.17.01': GRD prevista 'GRD-COM-ECNO-02.02.01.17.01-0000001'; destino 'Engenharia\Ecovias Noroeste Paulista\Projetos\02.02.01.17.01\0 - Documentos Gerais\Documentos com unidade\GRD-COM-ECNO-02.02.01.17.01-0000001'. Nenhuma pasta receberá ambiente.
[2026-07-27 14:22:17.477] [INFO] Excel local gerado para 'GRD-COM-ECNO-02.02.01.17.01': C:\Users\peter\OneDrive - Grupo Ecorodovias\Área de Trabalho\Scritps_novos\SaidaSimulacao\20260727_141659\ARTESP\GRD-COM-ECNO-02.02.01.17.01-0000001.xlsx
[2026-07-27 14:22:17.545] [INFO] Criando pasta sem ambiente: Engenharia\Ecovias Noroeste Paulista\Projetos\02.02.01.17.01\0 - Documentos Gerais\Documentos com unidade
[2026-07-27 14:22:18.255] [INFO] Pasta criada: Engenharia\Ecovias Noroeste Paulista\Projetos\02.02.01.17.01\0 - Documentos Gerais\Documentos com unidade (ProjectID=428067).
[2026-07-27 14:22:18.340] [INFO] Criando pasta sem ambiente: Engenharia\Ecovias Noroeste Paulista\Projetos\02.02.01.17.01\0 - Documentos Gerais\Documentos com unidade\GRD-COM-ECNO-02.02.01.17.01-0000001
[2026-07-27 14:22:19.112] [INFO] Pasta criada: Engenharia\Ecovias Noroeste Paulista\Projetos\02.02.01.17.01\0 - Documentos Gerais\Documentos com unidade\GRD-COM-ECNO-02.02.01.17.01-0000001 (ProjectID=428068).
[2026-07-27 14:22:19.442] [INFO] Importando Excel na pasta final: GRD-COM-ECNO-02.02.01.17.01-0000001.xlsx
[2026-07-27 14:22:19.898] [INFO] Excel importado com sucesso: DocumentID=1; caminho=Engenharia\Ecovias Noroeste Paulista\Projetos\02.02.01.17.01\0 - Documentos Gerais\Documentos com unidade\GRD-COM-ECNO-02.02.01.17.01-0000001\GRD-COM-ECNO-02.02.01.17.01-0000001.xlsx
[2026-07-27 14:22:19.900] [INFO] Analisando grupo 'GRD-COM--' (ARTESP) com 43 documento(s).
[2026-07-27 14:22:20.356] [AVISO] Grupo 'GRD-COM--' ignorado. Unidade ou Projeto não preenchido
[2026-07-27 14:22:20.357] [INFO] Analisando grupo 'GRD-COM-ECNO-01.01.01.07' (ARTESP) com 36 documento(s).
[2026-07-27 14:22:21.069] [AVISO] Estrutura ausente para 'GRD-COM-ECNO-01.01.01.07'. Precisam ser criadas: Engenharia\Ecovias Noroeste Paulista\Projetos\01.01.01.07\0 - Documentos Gerais\Documentos com unidade; Engenharia\Ecovias Noroeste Paulista\Projetos\01.01.01.07\0 - Documentos Gerais\Documentos com unidade\GRD-COM-ECNO-01.01.01.07-0000001
[2026-07-27 14:22:21.069] [INFO] Grupo 'GRD-COM-ECNO-01.01.01.07': GRD prevista 'GRD-COM-ECNO-01.01.01.07-0000001'; destino 'Engenharia\Ecovias Noroeste Paulista\Projetos\01.01.01.07\0 - Documentos Gerais\Documentos com unidade\GRD-COM-ECNO-01.01.01.07-0000001'. Nenhuma pasta receberá ambiente.
[2026-07-27 14:22:21.248] [INFO] Excel local gerado para 'GRD-COM-ECNO-01.01.01.07': C:\Users\peter\OneDrive - Grupo Ecorodovias\Área de Trabalho\Scritps_novos\SaidaSimulacao\20260727_141659\ARTESP\GRD-COM-ECNO-01.01.01.07-0000001.xlsx
[2026-07-27 14:22:21.328] [INFO] Criando pasta sem ambiente: Engenharia\Ecovias Noroeste Paulista\Projetos\01.01.01.07\0 - Documentos Gerais\Documentos com unidade
[2026-07-27 14:22:22.014] [INFO] Pasta criada: Engenharia\Ecovias Noroeste Paulista\Projetos\01.01.01.07\0 - Documentos Gerais\Documentos com unidade (ProjectID=428069).
[2026-07-27 14:22:22.081] [INFO] Criando pasta sem ambiente: Engenharia\Ecovias Noroeste Paulista\Projetos\01.01.01.07\0 - Documentos Gerais\Documentos com unidade\GRD-COM-ECNO-01.01.01.07-0000001
[2026-07-27 14:22:22.647] [INFO] Pasta criada: Engenharia\Ecovias Noroeste Paulista\Projetos\01.01.01.07\0 - Documentos Gerais\Documentos com unidade\GRD-COM-ECNO-01.01.01.07-0000001 (ProjectID=428070).
[2026-07-27 14:22:22.948] [INFO] Importando Excel na pasta final: GRD-COM-ECNO-01.01.01.07-0000001.xlsx
[2026-07-27 14:22:23.389] [INFO] Excel importado com sucesso: DocumentID=1; caminho=Engenharia\Ecovias Noroeste Paulista\Projetos\01.01.01.07\0 - Documentos Gerais\Documentos com unidade\GRD-COM-ECNO-01.01.01.07-0000001\GRD-COM-ECNO-01.01.01.07-0000001.xlsx
[2026-07-27 14:22:23.390] [INFO] Analisando grupo 'GRD-COM-ECNO-02.04.03.02.04' (ARTESP) com 180 documento(s).
[2026-07-27 14:22:23.715] [AVISO] Estrutura ausente para 'GRD-COM-ECNO-02.04.03.02.04'. Precisam ser criadas: Engenharia\Ecovias Noroeste Paulista\Projetos\02.04.03.02.04\0 - Documentos Gerais\Documentos com unidade; Engenharia\Ecovias Noroeste Paulista\Projetos\02.04.03.02.04\0 - Documentos Gerais\Documentos com unidade\GRD-COM-ECNO-02.04.03.02.04-0000001
[2026-07-27 14:22:23.717] [INFO] Grupo 'GRD-COM-ECNO-02.04.03.02.04': GRD prevista 'GRD-COM-ECNO-02.04.03.02.04-0000001'; destino 'Engenharia\Ecovias Noroeste Paulista\Projetos\02.04.03.02.04\0 - Documentos Gerais\Documentos com unidade\GRD-COM-ECNO-02.04.03.02.04-0000001'. Nenhuma pasta receberá ambiente.
[2026-07-27 14:22:23.895] [INFO] Excel local gerado para 'GRD-COM-ECNO-02.04.03.02.04': C:\Users\peter\OneDrive - Grupo Ecorodovias\Área de Trabalho\Scritps_novos\SaidaSimulacao\20260727_141659\ARTESP\GRD-COM-ECNO-02.04.03.02.04-0000001.xlsx
[2026-07-27 14:22:23.989] [INFO] Criando pasta sem ambiente: Engenharia\Ecovias Noroeste Paulista\Projetos\02.04.03.02.04\0 - Documentos Gerais\Documentos com unidade
[2026-07-27 14:22:24.657] [INFO] Pasta criada: Engenharia\Ecovias Noroeste Paulista\Projetos\02.04.03.02.04\0 - Documentos Gerais\Documentos com unidade (ProjectID=428071).
[2026-07-27 14:22:24.738] [INFO] Criando pasta sem ambiente: Engenharia\Ecovias Noroeste Paulista\Projetos\02.04.03.02.04\0 - Documentos Gerais\Documentos com unidade\GRD-COM-ECNO-02.04.03.02.04-0000001
[2026-07-27 14:22:25.389] [INFO] Pasta criada: Engenharia\Ecovias Noroeste Paulista\Projetos\02.04.03.02.04\0 - Documentos Gerais\Documentos com unidade\GRD-COM-ECNO-02.04.03.02.04-0000001 (ProjectID=428072).
[2026-07-27 14:22:25.726] [INFO] Importando Excel na pasta final: GRD-COM-ECNO-02.04.03.02.04-0000001.xlsx
[2026-07-27 14:22:26.168] [INFO] Excel importado com sucesso: DocumentID=1; caminho=Engenharia\Ecovias Noroeste Paulista\Projetos\02.04.03.02.04\0 - Documentos Gerais\Documentos com unidade\GRD-COM-ECNO-02.04.03.02.04-0000001\GRD-COM-ECNO-02.04.03.02.04-0000001.xlsx
[2026-07-27 14:22:26.170] [INFO] Analisando grupo 'GRD-COM-ECNO-02.04.03.02.05' (ARTESP) com 96 documento(s).
[2026-07-27 14:22:26.513] [AVISO] Estrutura ausente para 'GRD-COM-ECNO-02.04.03.02.05'. Precisam ser criadas: Engenharia\Ecovias Noroeste Paulista\Projetos\02.04.03.02.05\0 - Documentos Gerais\Documentos com unidade; Engenharia\Ecovias Noroeste Paulista\Projetos\02.04.03.02.05\0 - Documentos Gerais\Documentos com unidade\GRD-COM-ECNO-02.04.03.02.05-0000001
[2026-07-27 14:22:26.513] [INFO] Grupo 'GRD-COM-ECNO-02.04.03.02.05': GRD prevista 'GRD-COM-ECNO-02.04.03.02.05-0000001'; destino 'Engenharia\Ecovias Noroeste Paulista\Projetos\02.04.03.02.05\0 - Documentos Gerais\Documentos com unidade\GRD-COM-ECNO-02.04.03.02.05-0000001'. Nenhuma pasta receberá ambiente.
[2026-07-27 14:22:26.700] [INFO] Excel local gerado para 'GRD-COM-ECNO-02.04.03.02.05': C:\Users\peter\OneDrive - Grupo Ecorodovias\Área de Trabalho\Scritps_novos\SaidaSimulacao\20260727_141659\ARTESP\GRD-COM-ECNO-02.04.03.02.05-0000001.xlsx
[2026-07-27 14:22:26.797] [INFO] Criando pasta sem ambiente: Engenharia\Ecovias Noroeste Paulista\Projetos\02.04.03.02.05\0 - Documentos Gerais\Documentos com unidade
[2026-07-27 14:22:27.475] [INFO] Pasta criada: Engenharia\Ecovias Noroeste Paulista\Projetos\02.04.03.02.05\0 - Documentos Gerais\Documentos com unidade (ProjectID=428073).
[2026-07-27 14:22:27.533] [INFO] Criando pasta sem ambiente: Engenharia\Ecovias Noroeste Paulista\Projetos\02.04.03.02.05\0 - Documentos Gerais\Documentos com unidade\GRD-COM-ECNO-02.04.03.02.05-0000001
[2026-07-27 14:22:28.105] [INFO] Pasta criada: Engenharia\Ecovias Noroeste Paulista\Projetos\02.04.03.02.05\0 - Documentos Gerais\Documentos com unidade\GRD-COM-ECNO-02.04.03.02.05-0000001 (ProjectID=428074).
[2026-07-27 14:22:28.440] [INFO] Importando Excel na pasta final: GRD-COM-ECNO-02.04.03.02.05-0000001.xlsx
[2026-07-27 14:22:28.865] [INFO] Excel importado com sucesso: DocumentID=1; caminho=Engenharia\Ecovias Noroeste Paulista\Projetos\02.04.03.02.05\0 - Documentos Gerais\Documentos com unidade\GRD-COM-ECNO-02.04.03.02.05-0000001\GRD-COM-ECNO-02.04.03.02.05-0000001.xlsx
[2026-07-27 14:22:28.866] [INFO] Analisando grupo 'GRD-COM-ECNO-02.02.01.04.01' (ARTESP) com 71 documento(s).
[2026-07-27 14:22:29.081] [AVISO] Estrutura ausente para 'GRD-COM-ECNO-02.02.01.04.01'. Precisam ser criadas: Engenharia\Ecovias Noroeste Paulista\Projetos\02.02.01.04.01\0 - Documentos Gerais\Documentos com unidade; Engenharia\Ecovias Noroeste Paulista\Projetos\02.02.01.04.01\0 - Documentos Gerais\Documentos com unidade\GRD-COM-ECNO-02.02.01.04.01-0000001
[2026-07-27 14:22:29.082] [INFO] Grupo 'GRD-COM-ECNO-02.02.01.04.01': GRD prevista 'GRD-COM-ECNO-02.02.01.04.01-0000001'; destino 'Engenharia\Ecovias Noroeste Paulista\Projetos\02.02.01.04.01\0 - Documentos Gerais\Documentos com unidade\GRD-COM-ECNO-02.02.01.04.01-0000001'. Nenhuma pasta receberá ambiente.
[2026-07-27 14:22:29.257] [INFO] Excel local gerado para 'GRD-COM-ECNO-02.02.01.04.01': C:\Users\peter\OneDrive - Grupo Ecorodovias\Área de Trabalho\Scritps_novos\SaidaSimulacao\20260727_141659\ARTESP\GRD-COM-ECNO-02.02.01.04.01-0000001.xlsx
[2026-07-27 14:22:29.299] [INFO] Criando pasta sem ambiente: Engenharia\Ecovias Noroeste Paulista\Projetos\02.02.01.04.01\0 - Documentos Gerais\Documentos com unidade
[2026-07-27 14:22:29.761] [INFO] Pasta criada: Engenharia\Ecovias Noroeste Paulista\Projetos\02.02.01.04.01\0 - Documentos Gerais\Documentos com unidade (ProjectID=428075).
[2026-07-27 14:22:29.803] [INFO] Criando pasta sem ambiente: Engenharia\Ecovias Noroeste Paulista\Projetos\02.02.01.04.01\0 - Documentos Gerais\Documentos com unidade\GRD-COM-ECNO-02.02.01.04.01-0000001
[2026-07-27 14:22:30.281] [INFO] Pasta criada: Engenharia\Ecovias Noroeste Paulista\Projetos\02.02.01.04.01\0 - Documentos Gerais\Documentos com unidade\GRD-COM-ECNO-02.02.01.04.01-0000001 (ProjectID=428076).
[2026-07-27 14:22:30.588] [INFO] Importando Excel na pasta final: GRD-COM-ECNO-02.02.01.04.01-0000001.xlsx
[2026-07-27 14:22:31.884] [INFO] Excel importado com sucesso: DocumentID=1; caminho=Engenharia\Ecovias Noroeste Paulista\Projetos\02.02.01.04.01\0 - Documentos Gerais\Documentos com unidade\GRD-COM-ECNO-02.02.01.04.01-0000001\GRD-COM-ECNO-02.02.01.04.01-0000001.xlsx
[2026-07-27 14:22:31.886] [INFO] Analisando grupo 'GRD-COM-ECNO-02.02.01.02.02' (ARTESP) com 91 documento(s).
[2026-07-27 14:22:32.214] [AVISO] Estrutura ausente para 'GRD-COM-ECNO-02.02.01.02.02'. Precisam ser criadas: Engenharia\Ecovias Noroeste Paulista\Projetos\02.02.01.02.02\0 - Documentos Gerais\Documentos com unidade; Engenharia\Ecovias Noroeste Paulista\Projetos\02.02.01.02.02\0 - Documentos Gerais\Documentos com unidade\GRD-COM-ECNO-02.02.01.02.02-0000001
[2026-07-27 14:22:32.215] [INFO] Grupo 'GRD-COM-ECNO-02.02.01.02.02': GRD prevista 'GRD-COM-ECNO-02.02.01.02.02-0000001'; destino 'Engenharia\Ecovias Noroeste Paulista\Projetos\02.02.01.02.02\0 - Documentos Gerais\Documentos com unidade\GRD-COM-ECNO-02.02.01.02.02-0000001'. Nenhuma pasta receberá ambiente.
[2026-07-27 14:22:32.397] [INFO] Excel local gerado para 'GRD-COM-ECNO-02.02.01.02.02': C:\Users\peter\OneDrive - Grupo Ecorodovias\Área de Trabalho\Scritps_novos\SaidaSimulacao\20260727_141659\ARTESP\GRD-COM-ECNO-02.02.01.02.02-0000001.xlsx
[2026-07-27 14:22:32.451] [INFO] Criando pasta sem ambiente: Engenharia\Ecovias Noroeste Paulista\Projetos\02.02.01.02.02\0 - Documentos Gerais\Documentos com unidade
[2026-07-27 14:22:32.874] [INFO] Pasta criada: Engenharia\Ecovias Noroeste Paulista\Projetos\02.02.01.02.02\0 - Documentos Gerais\Documentos com unidade (ProjectID=428077).
[2026-07-27 14:22:32.934] [INFO] Criando pasta sem ambiente: Engenharia\Ecovias Noroeste Paulista\Projetos\02.02.01.02.02\0 - Documentos Gerais\Documentos com unidade\GRD-COM-ECNO-02.02.01.02.02-0000001
[2026-07-27 14:22:33.680] [INFO] Pasta criada: Engenharia\Ecovias Noroeste Paulista\Projetos\02.02.01.02.02\0 - Documentos Gerais\Documentos com unidade\GRD-COM-ECNO-02.02.01.02.02-0000001 (ProjectID=428078).
[2026-07-27 14:22:34.038] [INFO] Importando Excel na pasta final: GRD-COM-ECNO-02.02.01.02.02-0000001.xlsx
[2026-07-27 14:22:34.440] [INFO] Excel importado com sucesso: DocumentID=1; caminho=Engenharia\Ecovias Noroeste Paulista\Projetos\02.02.01.02.02\0 - Documentos Gerais\Documentos com unidade\GRD-COM-ECNO-02.02.01.02.02-0000001\GRD-COM-ECNO-02.02.01.02.02-0000001.xlsx
[2026-07-27 14:22:34.441] [INFO] Analisando grupo 'GRD-COM-ERC-02.02.02.02 BSO 2' (ARTESP) com 4 documento(s).
[2026-07-27 14:22:34.630] [AVISO] Estrutura ausente para 'GRD-COM-ERC-02.02.02.02 BSO 2'. Precisam ser criadas: Engenharia\Ecovias Raposo Castello\Projetos\02.02.02.02 BSO 2\0 - Documentos Gerais\Documentos com unidade; Engenharia\Ecovias Raposo Castello\Projetos\02.02.02.02 BSO 2\0 - Documentos Gerais\Documentos com unidade\GRD-COM-ERC-02.02.02.02 BSO 2-0000001
[2026-07-27 14:22:34.631] [INFO] Grupo 'GRD-COM-ERC-02.02.02.02 BSO 2': GRD prevista 'GRD-COM-ERC-02.02.02.02 BSO 2-0000001'; destino 'Engenharia\Ecovias Raposo Castello\Projetos\02.02.02.02 BSO 2\0 - Documentos Gerais\Documentos com unidade\GRD-COM-ERC-02.02.02.02 BSO 2-0000001'. Nenhuma pasta receberá ambiente.
[2026-07-27 14:22:34.806] [INFO] Excel local gerado para 'GRD-COM-ERC-02.02.02.02 BSO 2': C:\Users\peter\OneDrive - Grupo Ecorodovias\Área de Trabalho\Scritps_novos\SaidaSimulacao\20260727_141659\ARTESP\GRD-COM-ERC-02.02.02.02 BSO 2-0000001.xlsx
[2026-07-27 14:22:34.848] [INFO] Criando pasta sem ambiente: Engenharia\Ecovias Raposo Castello\Projetos\02.02.02.02 BSO 2\0 - Documentos Gerais\Documentos com unidade
[2026-07-27 14:22:35.196] [INFO] Pasta criada: Engenharia\Ecovias Raposo Castello\Projetos\02.02.02.02 BSO 2\0 - Documentos Gerais\Documentos com unidade (ProjectID=428079).
[2026-07-27 14:22:35.233] [INFO] Criando pasta sem ambiente: Engenharia\Ecovias Raposo Castello\Projetos\02.02.02.02 BSO 2\0 - Documentos Gerais\Documentos com unidade\GRD-COM-ERC-02.02.02.02 BSO 2-0000001
[2026-07-27 14:22:35.670] [INFO] Pasta criada: Engenharia\Ecovias Raposo Castello\Projetos\02.02.02.02 BSO 2\0 - Documentos Gerais\Documentos com unidade\GRD-COM-ERC-02.02.02.02 BSO 2-0000001 (ProjectID=428080).
[2026-07-27 14:22:35.989] [INFO] Importando Excel na pasta final: GRD-COM-ERC-02.02.02.02 BSO 2-0000001.xlsx
[2026-07-27 14:22:36.363] [INFO] Excel importado com sucesso: DocumentID=1; caminho=Engenharia\Ecovias Raposo Castello\Projetos\02.02.02.02 BSO 2\0 - Documentos Gerais\Documentos com unidade\GRD-COM-ERC-02.02.02.02 BSO 2-0000001\GRD-COM-ERC-02.02.02.02 BSO 2-0000001.xlsx
[2026-07-27 14:22:36.364] [INFO] Analisando grupo 'GRD-COM-ECNO-02.04.03.02.02' (ARTESP) com 68 documento(s).
[2026-07-27 14:22:36.595] [AVISO] Estrutura ausente para 'GRD-COM-ECNO-02.04.03.02.02'. Precisam ser criadas: Engenharia\Ecovias Noroeste Paulista\Projetos\02.04.03.02.02\0 - Documentos Gerais\Documentos com unidade; Engenharia\Ecovias Noroeste Paulista\Projetos\02.04.03.02.02\0 - Documentos Gerais\Documentos com unidade\GRD-COM-ECNO-02.04.03.02.02-0000001
[2026-07-27 14:22:36.595] [INFO] Grupo 'GRD-COM-ECNO-02.04.03.02.02': GRD prevista 'GRD-COM-ECNO-02.04.03.02.02-0000001'; destino 'Engenharia\Ecovias Noroeste Paulista\Projetos\02.04.03.02.02\0 - Documentos Gerais\Documentos com unidade\GRD-COM-ECNO-02.04.03.02.02-0000001'. Nenhuma pasta receberá ambiente.
[2026-07-27 14:22:36.769] [INFO] Excel local gerado para 'GRD-COM-ECNO-02.04.03.02.02': C:\Users\peter\OneDrive - Grupo Ecorodovias\Área de Trabalho\Scritps_novos\SaidaSimulacao\20260727_141659\ARTESP\GRD-COM-ECNO-02.04.03.02.02-0000001.xlsx
[2026-07-27 14:22:36.820] [INFO] Criando pasta sem ambiente: Engenharia\Ecovias Noroeste Paulista\Projetos\02.04.03.02.02\0 - Documentos Gerais\Documentos com unidade
[2026-07-27 14:22:37.307] [INFO] Pasta criada: Engenharia\Ecovias Noroeste Paulista\Projetos\02.04.03.02.02\0 - Documentos Gerais\Documentos com unidade (ProjectID=428081).
[2026-07-27 14:22:37.355] [INFO] Criando pasta sem ambiente: Engenharia\Ecovias Noroeste Paulista\Projetos\02.04.03.02.02\0 - Documentos Gerais\Documentos com unidade\GRD-COM-ECNO-02.04.03.02.02-0000001
[2026-07-27 14:22:37.897] [INFO] Pasta criada: Engenharia\Ecovias Noroeste Paulista\Projetos\02.04.03.02.02\0 - Documentos Gerais\Documentos com unidade\GRD-COM-ECNO-02.04.03.02.02-0000001 (ProjectID=428082).
[2026-07-27 14:22:38.215] [INFO] Importando Excel na pasta final: GRD-COM-ECNO-02.04.03.02.02-0000001.xlsx
[2026-07-27 14:22:38.657] [INFO] Excel importado com sucesso: DocumentID=1; caminho=Engenharia\Ecovias Noroeste Paulista\Projetos\02.04.03.02.02\0 - Documentos Gerais\Documentos com unidade\GRD-COM-ECNO-02.04.03.02.02-0000001\GRD-COM-ECNO-02.04.03.02.02-0000001.xlsx
[2026-07-27 14:22:38.658] [INFO] Analisando grupo 'GRD-COM-ECNO-02.02.02.04.01' (ARTESP) com 17 documento(s).
[2026-07-27 14:22:38.970] [AVISO] Estrutura ausente para 'GRD-COM-ECNO-02.02.02.04.01'. Precisam ser criadas: Engenharia\Ecovias Noroeste Paulista\Projetos\02.02.02.04.01\0 - Documentos Gerais\Documentos com unidade; Engenharia\Ecovias Noroeste Paulista\Projetos\02.02.02.04.01\0 - Documentos Gerais\Documentos com unidade\GRD-COM-ECNO-02.02.02.04.01-0000001
[2026-07-27 14:22:38.972] [INFO] Grupo 'GRD-COM-ECNO-02.02.02.04.01': GRD prevista 'GRD-COM-ECNO-02.02.02.04.01-0000001'; destino 'Engenharia\Ecovias Noroeste Paulista\Projetos\02.02.02.04.01\0 - Documentos Gerais\Documentos com unidade\GRD-COM-ECNO-02.02.02.04.01-0000001'. Nenhuma pasta receberá ambiente.
[2026-07-27 14:22:39.133] [INFO] Excel local gerado para 'GRD-COM-ECNO-02.02.02.04.01': C:\Users\peter\OneDrive - Grupo Ecorodovias\Área de Trabalho\Scritps_novos\SaidaSimulacao\20260727_141659\ARTESP\GRD-COM-ECNO-02.02.02.04.01-0000001.xlsx
[2026-07-27 14:22:39.207] [INFO] Criando pasta sem ambiente: Engenharia\Ecovias Noroeste Paulista\Projetos\02.02.02.04.01\0 - Documentos Gerais\Documentos com unidade
[2026-07-27 14:22:39.603] [INFO] Pasta criada: Engenharia\Ecovias Noroeste Paulista\Projetos\02.02.02.04.01\0 - Documentos Gerais\Documentos com unidade (ProjectID=428083).
[2026-07-27 14:22:39.672] [INFO] Criando pasta sem ambiente: Engenharia\Ecovias Noroeste Paulista\Projetos\02.02.02.04.01\0 - Documentos Gerais\Documentos com unidade\GRD-COM-ECNO-02.02.02.04.01-0000001
[2026-07-27 14:22:40.208] [INFO] Pasta criada: Engenharia\Ecovias Noroeste Paulista\Projetos\02.02.02.04.01\0 - Documentos Gerais\Documentos com unidade\GRD-COM-ECNO-02.02.02.04.01-0000001 (ProjectID=428084).
[2026-07-27 14:22:40.497] [INFO] Importando Excel na pasta final: GRD-COM-ECNO-02.02.02.04.01-0000001.xlsx
[2026-07-27 14:22:40.765] [INFO] Excel importado com sucesso: DocumentID=1; caminho=Engenharia\Ecovias Noroeste Paulista\Projetos\02.02.02.04.01\0 - Documentos Gerais\Documentos com unidade\GRD-COM-ECNO-02.02.02.04.01-0000001\GRD-COM-ECNO-02.02.02.04.01-0000001.xlsx
[2026-07-27 14:22:40.766] [INFO] Analisando grupo 'GRD-COM-ECNO-CCPP - São Carlos' (ARTESP) com 62 documento(s).
[2026-07-27 14:22:41.128] [AVISO] Estrutura ausente para 'GRD-COM-ECNO-CCPP - São Carlos'. Precisam ser criadas: Engenharia\Ecovias Noroeste Paulista\Projetos\CCPP - São Carlos\0 - Documentos Gerais\Documentos com unidade; Engenharia\Ecovias Noroeste Paulista\Projetos\CCPP - São Carlos\0 - Documentos Gerais\Documentos com unidade\GRD-COM-ECNO-CCPP - São Carlos-0000001
[2026-07-27 14:22:41.129] [INFO] Grupo 'GRD-COM-ECNO-CCPP - São Carlos': GRD prevista 'GRD-COM-ECNO-CCPP - São Carlos-0000001'; destino 'Engenharia\Ecovias Noroeste Paulista\Projetos\CCPP - São Carlos\0 - Documentos Gerais\Documentos com unidade\GRD-COM-ECNO-CCPP - São Carlos-0000001'. Nenhuma pasta receberá ambiente.
[2026-07-27 14:22:41.329] [INFO] Excel local gerado para 'GRD-COM-ECNO-CCPP - São Carlos': C:\Users\peter\OneDrive - Grupo Ecorodovias\Área de Trabalho\Scritps_novos\SaidaSimulacao\20260727_141659\ARTESP\GRD-COM-ECNO-CCPP - São Carlos-0000001.xlsx
[2026-07-27 14:22:41.374] [INFO] Criando pasta sem ambiente: Engenharia\Ecovias Noroeste Paulista\Projetos\CCPP - São Carlos\0 - Documentos Gerais\Documentos com unidade
[2026-07-27 14:22:41.780] [INFO] Pasta criada: Engenharia\Ecovias Noroeste Paulista\Projetos\CCPP - São Carlos\0 - Documentos Gerais\Documentos com unidade (ProjectID=428085).
[2026-07-27 14:22:41.839] [INFO] Criando pasta sem ambiente: Engenharia\Ecovias Noroeste Paulista\Projetos\CCPP - São Carlos\0 - Documentos Gerais\Documentos com unidade\GRD-COM-ECNO-CCPP - São Carlos-0000001
[2026-07-27 14:22:42.182] [INFO] Pasta criada: Engenharia\Ecovias Noroeste Paulista\Projetos\CCPP - São Carlos\0 - Documentos Gerais\Documentos com unidade\GRD-COM-ECNO-CCPP - São Carlos-0000001 (ProjectID=428086).
[2026-07-27 14:22:42.431] [INFO] Importando Excel na pasta final: GRD-COM-ECNO-CCPP - São Carlos-0000001.xlsx
[2026-07-27 14:22:42.716] [INFO] Excel importado com sucesso: DocumentID=1; caminho=Engenharia\Ecovias Noroeste Paulista\Projetos\CCPP - São Carlos\0 - Documentos Gerais\Documentos com unidade\GRD-COM-ECNO-CCPP - São Carlos-0000001\GRD-COM-ECNO-CCPP - São Carlos-0000001.xlsx
[2026-07-27 14:22:42.719] [INFO] Analisando grupo 'GRD-COM-ERC-02.02.02.03 BSO 3' (ARTESP) com 2 documento(s).
[2026-07-27 14:22:42.952] [AVISO] Estrutura ausente para 'GRD-COM-ERC-02.02.02.03 BSO 3'. Precisam ser criadas: Engenharia\Ecovias Raposo Castello\Projetos\02.02.02.03 BSO 3\0 - Documentos Gerais\Documentos com unidade; Engenharia\Ecovias Raposo Castello\Projetos\02.02.02.03 BSO 3\0 - Documentos Gerais\Documentos com unidade\GRD-COM-ERC-02.02.02.03 BSO 3-0000001
[2026-07-27 14:22:42.954] [INFO] Grupo 'GRD-COM-ERC-02.02.02.03 BSO 3': GRD prevista 'GRD-COM-ERC-02.02.02.03 BSO 3-0000001'; destino 'Engenharia\Ecovias Raposo Castello\Projetos\02.02.02.03 BSO 3\0 - Documentos Gerais\Documentos com unidade\GRD-COM-ERC-02.02.02.03 BSO 3-0000001'. Nenhuma pasta receberá ambiente.
[2026-07-27 14:22:43.110] [INFO] Excel local gerado para 'GRD-COM-ERC-02.02.02.03 BSO 3': C:\Users\peter\OneDrive - Grupo Ecorodovias\Área de Trabalho\Scritps_novos\SaidaSimulacao\20260727_141659\ARTESP\GRD-COM-ERC-02.02.02.03 BSO 3-0000001.xlsx
[2026-07-27 14:22:43.147] [INFO] Criando pasta sem ambiente: Engenharia\Ecovias Raposo Castello\Projetos\02.02.02.03 BSO 3\0 - Documentos Gerais\Documentos com unidade
[2026-07-27 14:22:43.512] [INFO] Pasta criada: Engenharia\Ecovias Raposo Castello\Projetos\02.02.02.03 BSO 3\0 - Documentos Gerais\Documentos com unidade (ProjectID=428087).
[2026-07-27 14:22:43.552] [INFO] Criando pasta sem ambiente: Engenharia\Ecovias Raposo Castello\Projetos\02.02.02.03 BSO 3\0 - Documentos Gerais\Documentos com unidade\GRD-COM-ERC-02.02.02.03 BSO 3-0000001
[2026-07-27 14:22:43.824] [INFO] Pasta criada: Engenharia\Ecovias Raposo Castello\Projetos\02.02.02.03 BSO 3\0 - Documentos Gerais\Documentos com unidade\GRD-COM-ERC-02.02.02.03 BSO 3-0000001 (ProjectID=428088).
[2026-07-27 14:22:44.041] [INFO] Importando Excel na pasta final: GRD-COM-ERC-02.02.02.03 BSO 3-0000001.xlsx
[2026-07-27 14:22:44.405] [INFO] Excel importado com sucesso: DocumentID=1; caminho=Engenharia\Ecovias Raposo Castello\Projetos\02.02.02.03 BSO 3\0 - Documentos Gerais\Documentos com unidade\GRD-COM-ERC-02.02.02.03 BSO 3-0000001\GRD-COM-ERC-02.02.02.03 BSO 3-0000001.xlsx
[2026-07-27 14:22:44.408] [INFO] Analisando grupo 'GRD-COM-ECNO-CCPP - Ibirá' (ARTESP) com 50 documento(s).
[2026-07-27 14:22:44.598] [AVISO] Estrutura ausente para 'GRD-COM-ECNO-CCPP - Ibirá'. Precisam ser criadas: Engenharia\Ecovias Noroeste Paulista\Projetos\CCPP - Uchôa\0 - Documentos Gerais\Documentos com unidade; Engenharia\Ecovias Noroeste Paulista\Projetos\CCPP - Uchôa\0 - Documentos Gerais\Documentos com unidade\GRD-COM-ECNO-CCPP - Ibirá-0000001
[2026-07-27 14:22:44.598] [INFO] Grupo 'GRD-COM-ECNO-CCPP - Ibirá': GRD prevista 'GRD-COM-ECNO-CCPP - Ibirá-0000001'; destino 'Engenharia\Ecovias Noroeste Paulista\Projetos\CCPP - Uchôa\0 - Documentos Gerais\Documentos com unidade\GRD-COM-ECNO-CCPP - Ibirá-0000001'. Nenhuma pasta receberá ambiente.
[2026-07-27 14:22:44.826] [INFO] Excel local gerado para 'GRD-COM-ECNO-CCPP - Ibirá': C:\Users\peter\OneDrive - Grupo Ecorodovias\Área de Trabalho\Scritps_novos\SaidaSimulacao\20260727_141659\ARTESP\GRD-COM-ECNO-CCPP - Ibirá-0000001.xlsx
[2026-07-27 14:22:44.865] [INFO] Criando pasta sem ambiente: Engenharia\Ecovias Noroeste Paulista\Projetos\CCPP - Uchôa\0 - Documentos Gerais\Documentos com unidade
[2026-07-27 14:22:45.228] [INFO] Pasta criada: Engenharia\Ecovias Noroeste Paulista\Projetos\CCPP - Uchôa\0 - Documentos Gerais\Documentos com unidade (ProjectID=428089).
[2026-07-27 14:22:45.479] [INFO] Criando pasta sem ambiente: Engenharia\Ecovias Noroeste Paulista\Projetos\CCPP - Uchôa\0 - Documentos Gerais\Documentos com unidade\GRD-COM-ECNO-CCPP - Ibirá-0000001
[2026-07-27 14:22:45.715] [INFO] Pasta criada: Engenharia\Ecovias Noroeste Paulista\Projetos\CCPP - Uchôa\0 - Documentos Gerais\Documentos com unidade\GRD-COM-ECNO-CCPP - Ibirá-0000001 (ProjectID=428090).
[2026-07-27 14:22:45.966] [INFO] Importando Excel na pasta final: GRD-COM-ECNO-CCPP - Ibirá-0000001.xlsx
[2026-07-27 14:22:46.206] [INFO] Excel importado com sucesso: DocumentID=1; caminho=Engenharia\Ecovias Noroeste Paulista\Projetos\CCPP - Uchôa\0 - Documentos Gerais\Documentos com unidade\GRD-COM-ECNO-CCPP - Ibirá-0000001\GRD-COM-ECNO-CCPP - Ibirá-0000001.xlsx
[2026-07-27 14:22:46.208] [INFO] Analisando grupo 'GRD-COM-ECNO-CCPP - Bebedouro' (ARTESP) com 54 documento(s).
[2026-07-27 14:22:46.439] [AVISO] Estrutura ausente para 'GRD-COM-ECNO-CCPP - Bebedouro'. Precisam ser criadas: Engenharia\Ecovias Noroeste Paulista\Projetos\CCPP - Bebedouro\0 - Documentos Gerais\Documentos com unidade; Engenharia\Ecovias Noroeste Paulista\Projetos\CCPP - Bebedouro\0 - Documentos Gerais\Documentos com unidade\GRD-COM-ECNO-CCPP - Bebedouro-0000001
[2026-07-27 14:22:46.440] [INFO] Grupo 'GRD-COM-ECNO-CCPP - Bebedouro': GRD prevista 'GRD-COM-ECNO-CCPP - Bebedouro-0000001'; destino 'Engenharia\Ecovias Noroeste Paulista\Projetos\CCPP - Bebedouro\0 - Documentos Gerais\Documentos com unidade\GRD-COM-ECNO-CCPP - Bebedouro-0000001'. Nenhuma pasta receberá ambiente.
[2026-07-27 14:22:46.634] [INFO] Excel local gerado para 'GRD-COM-ECNO-CCPP - Bebedouro': C:\Users\peter\OneDrive - Grupo Ecorodovias\Área de Trabalho\Scritps_novos\SaidaSimulacao\20260727_141659\ARTESP\GRD-COM-ECNO-CCPP - Bebedouro-0000001.xlsx
[2026-07-27 14:22:46.677] [INFO] Criando pasta sem ambiente: Engenharia\Ecovias Noroeste Paulista\Projetos\CCPP - Bebedouro\0 - Documentos Gerais\Documentos com unidade
[2026-07-27 14:22:46.934] [INFO] Pasta criada: Engenharia\Ecovias Noroeste Paulista\Projetos\CCPP - Bebedouro\0 - Documentos Gerais\Documentos com unidade (ProjectID=428091).
[2026-07-27 14:22:46.972] [INFO] Criando pasta sem ambiente: Engenharia\Ecovias Noroeste Paulista\Projetos\CCPP - Bebedouro\0 - Documentos Gerais\Documentos com unidade\GRD-COM-ECNO-CCPP - Bebedouro-0000001
[2026-07-27 14:22:47.309] [INFO] Pasta criada: Engenharia\Ecovias Noroeste Paulista\Projetos\CCPP - Bebedouro\0 - Documentos Gerais\Documentos com unidade\GRD-COM-ECNO-CCPP - Bebedouro-0000001 (ProjectID=428092).
[2026-07-27 14:22:47.514] [INFO] Importando Excel na pasta final: GRD-COM-ECNO-CCPP - Bebedouro-0000001.xlsx
[2026-07-27 14:22:47.911] [INFO] Excel importado com sucesso: DocumentID=1; caminho=Engenharia\Ecovias Noroeste Paulista\Projetos\CCPP - Bebedouro\0 - Documentos Gerais\Documentos com unidade\GRD-COM-ECNO-CCPP - Bebedouro-0000001\GRD-COM-ECNO-CCPP - Bebedouro-0000001.xlsx
[2026-07-27 14:22:47.912] [INFO] Analisando grupo 'GRD-COM-ECNO-CCPP - Itápolis' (ARTESP) com 46 documento(s).
[2026-07-27 14:22:48.154] [AVISO] Estrutura ausente para 'GRD-COM-ECNO-CCPP - Itápolis'. Precisam ser criadas: Engenharia\Ecovias Noroeste Paulista\Projetos\CCPP - Itápolis\0 - Documentos Gerais\Documentos com unidade; Engenharia\Ecovias Noroeste Paulista\Projetos\CCPP - Itápolis\0 - Documentos Gerais\Documentos com unidade\GRD-COM-ECNO-CCPP - Itápolis-0000001
[2026-07-27 14:22:48.156] [INFO] Grupo 'GRD-COM-ECNO-CCPP - Itápolis': GRD prevista 'GRD-COM-ECNO-CCPP - Itápolis-0000001'; destino 'Engenharia\Ecovias Noroeste Paulista\Projetos\CCPP - Itápolis\0 - Documentos Gerais\Documentos com unidade\GRD-COM-ECNO-CCPP - Itápolis-0000001'. Nenhuma pasta receberá ambiente.
[2026-07-27 14:22:48.319] [INFO] Excel local gerado para 'GRD-COM-ECNO-CCPP - Itápolis': C:\Users\peter\OneDrive - Grupo Ecorodovias\Área de Trabalho\Scritps_novos\SaidaSimulacao\20260727_141659\ARTESP\GRD-COM-ECNO-CCPP - Itápolis-0000001.xlsx
[2026-07-27 14:22:48.359] [INFO] Criando pasta sem ambiente: Engenharia\Ecovias Noroeste Paulista\Projetos\CCPP - Itápolis\0 - Documentos Gerais\Documentos com unidade
[2026-07-27 14:22:48.593] [INFO] Pasta criada: Engenharia\Ecovias Noroeste Paulista\Projetos\CCPP - Itápolis\0 - Documentos Gerais\Documentos com unidade (ProjectID=428093).
[2026-07-27 14:22:48.694] [INFO] Criando pasta sem ambiente: Engenharia\Ecovias Noroeste Paulista\Projetos\CCPP - Itápolis\0 - Documentos Gerais\Documentos com unidade\GRD-COM-ECNO-CCPP - Itápolis-0000001
[2026-07-27 14:22:49.167] [INFO] Pasta criada: Engenharia\Ecovias Noroeste Paulista\Projetos\CCPP - Itápolis\0 - Documentos Gerais\Documentos com unidade\GRD-COM-ECNO-CCPP - Itápolis-0000001 (ProjectID=428094).
[2026-07-27 14:22:49.413] [INFO] Importando Excel na pasta final: GRD-COM-ECNO-CCPP - Itápolis-0000001.xlsx
[2026-07-27 14:22:49.679] [INFO] Excel importado com sucesso: DocumentID=1; caminho=Engenharia\Ecovias Noroeste Paulista\Projetos\CCPP - Itápolis\0 - Documentos Gerais\Documentos com unidade\GRD-COM-ECNO-CCPP - Itápolis-0000001\GRD-COM-ECNO-CCPP - Itápolis-0000001.xlsx
[2026-07-27 14:22:49.681] [INFO] Analisando grupo 'GRD-COM-ECNO-CCPP - São José' (ARTESP) com 87 documento(s).
[2026-07-27 14:22:49.883] [AVISO] Estrutura ausente para 'GRD-COM-ECNO-CCPP - São José'. Precisam ser criadas: Engenharia\Ecovias Noroeste Paulista\Projetos\CCPP - São José\0 - Documentos Gerais\Documentos com unidade; Engenharia\Ecovias Noroeste Paulista\Projetos\CCPP - São José\0 - Documentos Gerais\Documentos com unidade\GRD-COM-ECNO-CCPP - São José-0000001
[2026-07-27 14:22:49.884] [INFO] Grupo 'GRD-COM-ECNO-CCPP - São José': GRD prevista 'GRD-COM-ECNO-CCPP - São José-0000001'; destino 'Engenharia\Ecovias Noroeste Paulista\Projetos\CCPP - São José\0 - Documentos Gerais\Documentos com unidade\GRD-COM-ECNO-CCPP - São José-0000001'. Nenhuma pasta receberá ambiente.
[2026-07-27 14:22:50.064] [INFO] Excel local gerado para 'GRD-COM-ECNO-CCPP - São José': C:\Users\peter\OneDrive - Grupo Ecorodovias\Área de Trabalho\Scritps_novos\SaidaSimulacao\20260727_141659\ARTESP\GRD-COM-ECNO-CCPP - São José-0000001.xlsx
[2026-07-27 14:22:50.112] [INFO] Criando pasta sem ambiente: Engenharia\Ecovias Noroeste Paulista\Projetos\CCPP - São José\0 - Documentos Gerais\Documentos com unidade
[2026-07-27 14:22:50.396] [INFO] Pasta criada: Engenharia\Ecovias Noroeste Paulista\Projetos\CCPP - São José\0 - Documentos Gerais\Documentos com unidade (ProjectID=428095).
[2026-07-27 14:22:50.450] [INFO] Criando pasta sem ambiente: Engenharia\Ecovias Noroeste Paulista\Projetos\CCPP - São José\0 - Documentos Gerais\Documentos com unidade\GRD-COM-ECNO-CCPP - São José-0000001
[2026-07-27 14:22:50.901] [INFO] Pasta criada: Engenharia\Ecovias Noroeste Paulista\Projetos\CCPP - São José\0 - Documentos Gerais\Documentos com unidade\GRD-COM-ECNO-CCPP - São José-0000001 (ProjectID=428096).
[2026-07-27 14:22:51.179] [INFO] Importando Excel na pasta final: GRD-COM-ECNO-CCPP - São José-0000001.xlsx
[2026-07-27 14:22:51.448] [INFO] Excel importado com sucesso: DocumentID=1; caminho=Engenharia\Ecovias Noroeste Paulista\Projetos\CCPP - São José\0 - Documentos Gerais\Documentos com unidade\GRD-COM-ECNO-CCPP - São José-0000001\GRD-COM-ECNO-CCPP - São José-0000001.xlsx
[2026-07-27 14:22:51.449] [INFO] Analisando grupo 'GRD-COM-ECNO-CCPP - Jaboticabal' (ARTESP) com 60 documento(s).
[2026-07-27 14:22:51.718] [AVISO] Estrutura ausente para 'GRD-COM-ECNO-CCPP - Jaboticabal'. Precisam ser criadas: Engenharia\Ecovias Noroeste Paulista\Projetos\CCPP - Jaboticabal\0 - Documentos Gerais\Documentos com unidade; Engenharia\Ecovias Noroeste Paulista\Projetos\CCPP - Jaboticabal\0 - Documentos Gerais\Documentos com unidade\GRD-COM-ECNO-CCPP - Jaboticabal-0000001
[2026-07-27 14:22:51.719] [INFO] Grupo 'GRD-COM-ECNO-CCPP - Jaboticabal': GRD prevista 'GRD-COM-ECNO-CCPP - Jaboticabal-0000001'; destino 'Engenharia\Ecovias Noroeste Paulista\Projetos\CCPP - Jaboticabal\0 - Documentos Gerais\Documentos com unidade\GRD-COM-ECNO-CCPP - Jaboticabal-0000001'. Nenhuma pasta receberá ambiente.
[2026-07-27 14:22:51.906] [INFO] Excel local gerado para 'GRD-COM-ECNO-CCPP - Jaboticabal': C:\Users\peter\OneDrive - Grupo Ecorodovias\Área de Trabalho\Scritps_novos\SaidaSimulacao\20260727_141659\ARTESP\GRD-COM-ECNO-CCPP - Jaboticabal-0000001.xlsx
[2026-07-27 14:22:51.961] [INFO] Criando pasta sem ambiente: Engenharia\Ecovias Noroeste Paulista\Projetos\CCPP - Jaboticabal\0 - Documentos Gerais\Documentos com unidade
[2026-07-27 14:22:52.415] [INFO] Pasta criada: Engenharia\Ecovias Noroeste Paulista\Projetos\CCPP - Jaboticabal\0 - Documentos Gerais\Documentos com unidade (ProjectID=428097).
[2026-07-27 14:22:52.472] [INFO] Criando pasta sem ambiente: Engenharia\Ecovias Noroeste Paulista\Projetos\CCPP - Jaboticabal\0 - Documentos Gerais\Documentos com unidade\GRD-COM-ECNO-CCPP - Jaboticabal-0000001
[2026-07-27 14:22:52.997] [INFO] Pasta criada: Engenharia\Ecovias Noroeste Paulista\Projetos\CCPP - Jaboticabal\0 - Documentos Gerais\Documentos com unidade\GRD-COM-ECNO-CCPP - Jaboticabal-0000001 (ProjectID=428098).
[2026-07-27 14:22:53.253] [INFO] Importando Excel na pasta final: GRD-COM-ECNO-CCPP - Jaboticabal-0000001.xlsx
[2026-07-27 14:22:53.618] [INFO] Excel importado com sucesso: DocumentID=1; caminho=Engenharia\Ecovias Noroeste Paulista\Projetos\CCPP - Jaboticabal\0 - Documentos Gerais\Documentos com unidade\GRD-COM-ECNO-CCPP - Jaboticabal-0000001\GRD-COM-ECNO-CCPP - Jaboticabal-0000001.xlsx
[2026-07-27 14:22:53.619] [INFO] Analisando grupo 'GRD-COM-EVNP-03.03.03 - Monte Alto' (ARTESP) com 30 documento(s).
[2026-07-27 14:22:53.947] [AVISO] Estrutura ausente para 'GRD-COM-EVNP-03.03.03 - Monte Alto'. Precisam ser criadas: Engenharia\Ecovias Noroeste Paulista\Projetos\03.03.03 - Monte Alto\0 - Documentos Gerais\Documentos com unidade; Engenharia\Ecovias Noroeste Paulista\Projetos\03.03.03 - Monte Alto\0 - Documentos Gerais\Documentos com unidade\GRD-COM-EVNP-03.03.03 - Monte Alto-0000001
[2026-07-27 14:22:53.948] [INFO] Grupo 'GRD-COM-EVNP-03.03.03 - Monte Alto': GRD prevista 'GRD-COM-EVNP-03.03.03 - Monte Alto-0000001'; destino 'Engenharia\Ecovias Noroeste Paulista\Projetos\03.03.03 - Monte Alto\0 - Documentos Gerais\Documentos com unidade\GRD-COM-EVNP-03.03.03 - Monte Alto-0000001'. Nenhuma pasta receberá ambiente.
[2026-07-27 14:22:54.115] [INFO] Excel local gerado para 'GRD-COM-EVNP-03.03.03 - Monte Alto': C:\Users\peter\OneDrive - Grupo Ecorodovias\Área de Trabalho\Scritps_novos\SaidaSimulacao\20260727_141659\ARTESP\GRD-COM-EVNP-03.03.03 - Monte Alto-0000001.xlsx
[2026-07-27 14:22:54.163] [INFO] Criando pasta sem ambiente: Engenharia\Ecovias Noroeste Paulista\Projetos\03.03.03 - Monte Alto\0 - Documentos Gerais\Documentos com unidade
[2026-07-27 14:22:54.626] [INFO] Pasta criada: Engenharia\Ecovias Noroeste Paulista\Projetos\03.03.03 - Monte Alto\0 - Documentos Gerais\Documentos com unidade (ProjectID=428099).
[2026-07-27 14:22:54.738] [INFO] Criando pasta sem ambiente: Engenharia\Ecovias Noroeste Paulista\Projetos\03.03.03 - Monte Alto\0 - Documentos Gerais\Documentos com unidade\GRD-COM-EVNP-03.03.03 - Monte Alto-0000001
[2026-07-27 14:22:55.259] [INFO] Pasta criada: Engenharia\Ecovias Noroeste Paulista\Projetos\03.03.03 - Monte Alto\0 - Documentos Gerais\Documentos com unidade\GRD-COM-EVNP-03.03.03 - Monte Alto-0000001 (ProjectID=428100).
[2026-07-27 14:22:55.543] [INFO] Importando Excel na pasta final: GRD-COM-EVNP-03.03.03 - Monte Alto-0000001.xlsx
[2026-07-27 14:22:55.908] [INFO] Excel importado com sucesso: DocumentID=1; caminho=Engenharia\Ecovias Noroeste Paulista\Projetos\03.03.03 - Monte Alto\0 - Documentos Gerais\Documentos com unidade\GRD-COM-EVNP-03.03.03 - Monte Alto-0000001\GRD-COM-EVNP-03.03.03 - Monte Alto-0000001.xlsx
[2026-07-27 14:22:55.910] [INFO] Analisando grupo 'GRD-COM-EVNP-03.03.03 - Piragi' (ARTESP) com 34 documento(s).
[2026-07-27 14:22:56.219] [AVISO] Estrutura ausente para 'GRD-COM-EVNP-03.03.03 - Piragi'. Precisam ser criadas: Engenharia\Ecovias Noroeste Paulista\Projetos\03.03.03 - Piragi\0 - Documentos Gerais\Documentos com unidade; Engenharia\Ecovias Noroeste Paulista\Projetos\03.03.03 - Piragi\0 - Documentos Gerais\Documentos com unidade\GRD-COM-EVNP-03.03.03 - Piragi-0000001
[2026-07-27 14:22:56.220] [INFO] Grupo 'GRD-COM-EVNP-03.03.03 - Piragi': GRD prevista 'GRD-COM-EVNP-03.03.03 - Piragi-0000001'; destino 'Engenharia\Ecovias Noroeste Paulista\Projetos\03.03.03 - Piragi\0 - Documentos Gerais\Documentos com unidade\GRD-COM-EVNP-03.03.03 - Piragi-0000001'. Nenhuma pasta receberá ambiente.
[2026-07-27 14:22:56.412] [INFO] Excel local gerado para 'GRD-COM-EVNP-03.03.03 - Piragi': C:\Users\peter\OneDrive - Grupo Ecorodovias\Área de Trabalho\Scritps_novos\SaidaSimulacao\20260727_141659\ARTESP\GRD-COM-EVNP-03.03.03 - Piragi-0000001.xlsx
[2026-07-27 14:22:56.460] [INFO] Criando pasta sem ambiente: Engenharia\Ecovias Noroeste Paulista\Projetos\03.03.03 - Piragi\0 - Documentos Gerais\Documentos com unidade
[2026-07-27 14:22:56.770] [INFO] Pasta criada: Engenharia\Ecovias Noroeste Paulista\Projetos\03.03.03 - Piragi\0 - Documentos Gerais\Documentos com unidade (ProjectID=428101).
[2026-07-27 14:22:56.834] [INFO] Criando pasta sem ambiente: Engenharia\Ecovias Noroeste Paulista\Projetos\03.03.03 - Piragi\0 - Documentos Gerais\Documentos com unidade\GRD-COM-EVNP-03.03.03 - Piragi-0000001
[2026-07-27 14:22:57.287] [INFO] Pasta criada: Engenharia\Ecovias Noroeste Paulista\Projetos\03.03.03 - Piragi\0 - Documentos Gerais\Documentos com unidade\GRD-COM-EVNP-03.03.03 - Piragi-0000001 (ProjectID=428102).
[2026-07-27 14:22:57.612] [INFO] Importando Excel na pasta final: GRD-COM-EVNP-03.03.03 - Piragi-0000001.xlsx
[2026-07-27 14:22:57.998] [INFO] Excel importado com sucesso: DocumentID=1; caminho=Engenharia\Ecovias Noroeste Paulista\Projetos\03.03.03 - Piragi\0 - Documentos Gerais\Documentos com unidade\GRD-COM-EVNP-03.03.03 - Piragi-0000001\GRD-COM-EVNP-03.03.03 - Piragi-0000001.xlsx
[2026-07-27 14:22:58.000] [INFO] Analisando grupo 'GRD-COM-EPIS-Prolon Carvalho Pinto' (ARTESP) com 92 documento(s).
[2026-07-27 14:22:58.269] [AVISO] Estrutura ausente para 'GRD-COM-EPIS-Prolon Carvalho Pinto'. Precisam ser criadas: Engenharia\Ecovias Leste Paulista\Projetos\Prolon Carvalho Pinto\0 - Documentos Gerais\Documentos com unidade; Engenharia\Ecovias Leste Paulista\Projetos\Prolon Carvalho Pinto\0 - Documentos Gerais\Documentos com unidade\GRD-COM-EPIS-Prolon Carvalho Pinto-0000001
[2026-07-27 14:22:58.270] [INFO] Grupo 'GRD-COM-EPIS-Prolon Carvalho Pinto': GRD prevista 'GRD-COM-EPIS-Prolon Carvalho Pinto-0000001'; destino 'Engenharia\Ecovias Leste Paulista\Projetos\Prolon Carvalho Pinto\0 - Documentos Gerais\Documentos com unidade\GRD-COM-EPIS-Prolon Carvalho Pinto-0000001'. Nenhuma pasta receberá ambiente.
[2026-07-27 14:22:58.454] [INFO] Excel local gerado para 'GRD-COM-EPIS-Prolon Carvalho Pinto': C:\Users\peter\OneDrive - Grupo Ecorodovias\Área de Trabalho\Scritps_novos\SaidaSimulacao\20260727_141659\ARTESP\GRD-COM-EPIS-Prolon Carvalho Pinto-0000001.xlsx
[2026-07-27 14:22:58.488] [INFO] Criando pasta sem ambiente: Engenharia\Ecovias Leste Paulista\Projetos\Prolon Carvalho Pinto\0 - Documentos Gerais\Documentos com unidade
[2026-07-27 14:22:58.933] [INFO] Pasta criada: Engenharia\Ecovias Leste Paulista\Projetos\Prolon Carvalho Pinto\0 - Documentos Gerais\Documentos com unidade (ProjectID=428103).
[2026-07-27 14:22:58.974] [INFO] Criando pasta sem ambiente: Engenharia\Ecovias Leste Paulista\Projetos\Prolon Carvalho Pinto\0 - Documentos Gerais\Documentos com unidade\GRD-COM-EPIS-Prolon Carvalho Pinto-0000001
[2026-07-27 14:22:59.413] [INFO] Pasta criada: Engenharia\Ecovias Leste Paulista\Projetos\Prolon Carvalho Pinto\0 - Documentos Gerais\Documentos com unidade\GRD-COM-EPIS-Prolon Carvalho Pinto-0000001 (ProjectID=428104).
[2026-07-27 14:22:59.663] [INFO] Importando Excel na pasta final: GRD-COM-EPIS-Prolon Carvalho Pinto-0000001.xlsx
[2026-07-27 14:22:59.884] [INFO] Excel importado com sucesso: DocumentID=1; caminho=Engenharia\Ecovias Leste Paulista\Projetos\Prolon Carvalho Pinto\0 - Documentos Gerais\Documentos com unidade\GRD-COM-EPIS-Prolon Carvalho Pinto-0000001\GRD-COM-EPIS-Prolon Carvalho Pinto-0000001.xlsx
[2026-07-27 14:22:59.885] [INFO] Analisando grupo 'GRD-COM-ECVI-Curva do S - Alças' (ARTESP) com 547 documento(s).
[2026-07-27 14:23:00.273] [AVISO] Estrutura ausente para 'GRD-COM-ECVI-Curva do S - Alças'. Precisam ser criadas: Engenharia\Ecovias Imigrantes\Projetos\132 - Curva do S - Adequação Viária Dispositivo\0 - Documentos Gerais\Documentos com unidade; Engenharia\Ecovias Imigrantes\Projetos\132 - Curva do S - Adequação Viária Dispositivo\0 - Documentos Gerais\Documentos com unidade\GRD-COM-ECVI-Curva do S - Alças-0000001
[2026-07-27 14:23:00.274] [INFO] Grupo 'GRD-COM-ECVI-Curva do S - Alças': GRD prevista 'GRD-COM-ECVI-Curva do S - Alças-0000001'; destino 'Engenharia\Ecovias Imigrantes\Projetos\132 - Curva do S - Adequação Viária Dispositivo\0 - Documentos Gerais\Documentos com unidade\GRD-COM-ECVI-Curva do S - Alças-0000001'. Nenhuma pasta receberá ambiente.
[2026-07-27 14:23:00.491] [INFO] Excel local gerado para 'GRD-COM-ECVI-Curva do S - Alças': C:\Users\peter\OneDrive - Grupo Ecorodovias\Área de Trabalho\Scritps_novos\SaidaSimulacao\20260727_141659\ARTESP\GRD-COM-ECVI-Curva do S - Alças-0000001.xlsx
[2026-07-27 14:23:00.536] [INFO] Criando pasta sem ambiente: Engenharia\Ecovias Imigrantes\Projetos\132 - Curva do S - Adequação Viária Dispositivo\0 - Documentos Gerais\Documentos com unidade
[2026-07-27 14:23:00.757] [INFO] Pasta criada: Engenharia\Ecovias Imigrantes\Projetos\132 - Curva do S - Adequação Viária Dispositivo\0 - Documentos Gerais\Documentos com unidade (ProjectID=428105).
[2026-07-27 14:23:00.791] [INFO] Criando pasta sem ambiente: Engenharia\Ecovias Imigrantes\Projetos\132 - Curva do S - Adequação Viária Dispositivo\0 - Documentos Gerais\Documentos com unidade\GRD-COM-ECVI-Curva do S - Alças-0000001
[2026-07-27 14:23:01.142] [INFO] Pasta criada: Engenharia\Ecovias Imigrantes\Projetos\132 - Curva do S - Adequação Viária Dispositivo\0 - Documentos Gerais\Documentos com unidade\GRD-COM-ECVI-Curva do S - Alças-0000001 (ProjectID=428106).
[2026-07-27 14:23:01.371] [INFO] Importando Excel na pasta final: GRD-COM-ECVI-Curva do S - Alças-0000001.xlsx
[2026-07-27 14:23:01.674] [INFO] Excel importado com sucesso: DocumentID=1; caminho=Engenharia\Ecovias Imigrantes\Projetos\132 - Curva do S - Adequação Viária Dispositivo\0 - Documentos Gerais\Documentos com unidade\GRD-COM-ECVI-Curva do S - Alças-0000001\GRD-COM-ECVI-Curva do S - Alças-0000001.xlsx
[2026-07-27 14:23:01.675] [INFO] Analisando grupo 'GRD-COM-ECVI-ANPC - Dispositivos' (ARTESP) com 64 documento(s).
[2026-07-27 14:23:01.991] [AVISO] Estrutura ausente para 'GRD-COM-ECVI-ANPC - Dispositivos'. Precisam ser criadas: Engenharia\Ecovias Imigrantes\Projetos\140  - ANPC - Dispositivos\0 - Documentos Gerais\Documentos com unidade; Engenharia\Ecovias Imigrantes\Projetos\140  - ANPC - Dispositivos\0 - Documentos Gerais\Documentos com unidade\GRD-COM-ECVI-ANPC - Dispositivos-0000001
[2026-07-27 14:23:01.992] [INFO] Grupo 'GRD-COM-ECVI-ANPC - Dispositivos': GRD prevista 'GRD-COM-ECVI-ANPC - Dispositivos-0000001'; destino 'Engenharia\Ecovias Imigrantes\Projetos\140  - ANPC - Dispositivos\0 - Documentos Gerais\Documentos com unidade\GRD-COM-ECVI-ANPC - Dispositivos-0000001'. Nenhuma pasta receberá ambiente.
[2026-07-27 14:23:02.162] [INFO] Excel local gerado para 'GRD-COM-ECVI-ANPC - Dispositivos': C:\Users\peter\OneDrive - Grupo Ecorodovias\Área de Trabalho\Scritps_novos\SaidaSimulacao\20260727_141659\ARTESP\GRD-COM-ECVI-ANPC - Dispositivos-0000001.xlsx
[2026-07-27 14:23:02.212] [INFO] Criando pasta sem ambiente: Engenharia\Ecovias Imigrantes\Projetos\140  - ANPC - Dispositivos\0 - Documentos Gerais\Documentos com unidade
[2026-07-27 14:23:02.783] [INFO] Pasta criada: Engenharia\Ecovias Imigrantes\Projetos\140  - ANPC - Dispositivos\0 - Documentos Gerais\Documentos com unidade (ProjectID=428107).
[2026-07-27 14:23:02.841] [INFO] Criando pasta sem ambiente: Engenharia\Ecovias Imigrantes\Projetos\140  - ANPC - Dispositivos\0 - Documentos Gerais\Documentos com unidade\GRD-COM-ECVI-ANPC - Dispositivos-0000001
[2026-07-27 14:23:03.336] [INFO] Pasta criada: Engenharia\Ecovias Imigrantes\Projetos\140  - ANPC - Dispositivos\0 - Documentos Gerais\Documentos com unidade\GRD-COM-ECVI-ANPC - Dispositivos-0000001 (ProjectID=428108).
[2026-07-27 14:23:03.603] [INFO] Importando Excel na pasta final: GRD-COM-ECVI-ANPC - Dispositivos-0000001.xlsx
[2026-07-27 14:23:04.027] [INFO] Excel importado com sucesso: DocumentID=1; caminho=Engenharia\Ecovias Imigrantes\Projetos\140  - ANPC - Dispositivos\0 - Documentos Gerais\Documentos com unidade\GRD-COM-ECVI-ANPC - Dispositivos-0000001\GRD-COM-ECVI-ANPC - Dispositivos-0000001.xlsx
[2026-07-27 14:23:04.027] [INFO] Analisando grupo 'GRD-COM-ERC-02.02.02.04 BSO 4' (ARTESP) com 106 documento(s).
[2026-07-27 14:23:04.344] [AVISO] Estrutura ausente para 'GRD-COM-ERC-02.02.02.04 BSO 4'. Precisam ser criadas: Engenharia\Ecovias Raposo Castello\Projetos\02.02.02.04 BSO 4\0 - Documentos Gerais\Documentos com unidade; Engenharia\Ecovias Raposo Castello\Projetos\02.02.02.04 BSO 4\0 - Documentos Gerais\Documentos com unidade\GRD-COM-ERC-02.02.02.04 BSO 4-0000001
[2026-07-27 14:23:04.345] [INFO] Grupo 'GRD-COM-ERC-02.02.02.04 BSO 4': GRD prevista 'GRD-COM-ERC-02.02.02.04 BSO 4-0000001'; destino 'Engenharia\Ecovias Raposo Castello\Projetos\02.02.02.04 BSO 4\0 - Documentos Gerais\Documentos com unidade\GRD-COM-ERC-02.02.02.04 BSO 4-0000001'. Nenhuma pasta receberá ambiente.
[2026-07-27 14:23:04.531] [INFO] Excel local gerado para 'GRD-COM-ERC-02.02.02.04 BSO 4': C:\Users\peter\OneDrive - Grupo Ecorodovias\Área de Trabalho\Scritps_novos\SaidaSimulacao\20260727_141659\ARTESP\GRD-COM-ERC-02.02.02.04 BSO 4-0000001.xlsx
[2026-07-27 14:23:04.582] [INFO] Criando pasta sem ambiente: Engenharia\Ecovias Raposo Castello\Projetos\02.02.02.04 BSO 4\0 - Documentos Gerais\Documentos com unidade
[2026-07-27 14:23:05.115] [INFO] Pasta criada: Engenharia\Ecovias Raposo Castello\Projetos\02.02.02.04 BSO 4\0 - Documentos Gerais\Documentos com unidade (ProjectID=428109).
[2026-07-27 14:23:05.186] [INFO] Criando pasta sem ambiente: Engenharia\Ecovias Raposo Castello\Projetos\02.02.02.04 BSO 4\0 - Documentos Gerais\Documentos com unidade\GRD-COM-ERC-02.02.02.04 BSO 4-0000001
[2026-07-27 14:23:05.717] [INFO] Pasta criada: Engenharia\Ecovias Raposo Castello\Projetos\02.02.02.04 BSO 4\0 - Documentos Gerais\Documentos com unidade\GRD-COM-ERC-02.02.02.04 BSO 4-0000001 (ProjectID=428110).
[2026-07-27 14:23:06.012] [INFO] Importando Excel na pasta final: GRD-COM-ERC-02.02.02.04 BSO 4-0000001.xlsx
[2026-07-27 14:23:06.429] [INFO] Excel importado com sucesso: DocumentID=1; caminho=Engenharia\Ecovias Raposo Castello\Projetos\02.02.02.04 BSO 4\0 - Documentos Gerais\Documentos com unidade\GRD-COM-ERC-02.02.02.04 BSO 4-0000001\GRD-COM-ERC-02.02.02.04 BSO 4-0000001.xlsx
[2026-07-27 14:23:06.430] [INFO] Analisando grupo 'GRD-COM-ERC-02.02.02.01 BSO 1' (ARTESP) com 54 documento(s).
[2026-07-27 14:23:07.011] [AVISO] Estrutura ausente para 'GRD-COM-ERC-02.02.02.01 BSO 1'. Precisam ser criadas: Engenharia\Ecovias Raposo Castello\Projetos\02.02.02.01 BSO 1\0 - Documentos Gerais\Documentos com unidade; Engenharia\Ecovias Raposo Castello\Projetos\02.02.02.01 BSO 1\0 - Documentos Gerais\Documentos com unidade\GRD-COM-ERC-02.02.02.01 BSO 1-0000001
[2026-07-27 14:23:07.012] [INFO] Grupo 'GRD-COM-ERC-02.02.02.01 BSO 1': GRD prevista 'GRD-COM-ERC-02.02.02.01 BSO 1-0000001'; destino 'Engenharia\Ecovias Raposo Castello\Projetos\02.02.02.01 BSO 1\0 - Documentos Gerais\Documentos com unidade\GRD-COM-ERC-02.02.02.01 BSO 1-0000001'. Nenhuma pasta receberá ambiente.
[2026-07-27 14:23:07.194] [INFO] Excel local gerado para 'GRD-COM-ERC-02.02.02.01 BSO 1': C:\Users\peter\OneDrive - Grupo Ecorodovias\Área de Trabalho\Scritps_novos\SaidaSimulacao\20260727_141659\ARTESP\GRD-COM-ERC-02.02.02.01 BSO 1-0000001.xlsx
[2026-07-27 14:23:07.244] [INFO] Criando pasta sem ambiente: Engenharia\Ecovias Raposo Castello\Projetos\02.02.02.01 BSO 1\0 - Documentos Gerais\Documentos com unidade
[2026-07-27 14:23:07.859] [INFO] Pasta criada: Engenharia\Ecovias Raposo Castello\Projetos\02.02.02.01 BSO 1\0 - Documentos Gerais\Documentos com unidade (ProjectID=428111).
[2026-07-27 14:23:07.908] [INFO] Criando pasta sem ambiente: Engenharia\Ecovias Raposo Castello\Projetos\02.02.02.01 BSO 1\0 - Documentos Gerais\Documentos com unidade\GRD-COM-ERC-02.02.02.01 BSO 1-0000001
[2026-07-27 14:23:08.552] [INFO] Pasta criada: Engenharia\Ecovias Raposo Castello\Projetos\02.02.02.01 BSO 1\0 - Documentos Gerais\Documentos com unidade\GRD-COM-ERC-02.02.02.01 BSO 1-0000001 (ProjectID=428112).
[2026-07-27 14:23:08.832] [INFO] Importando Excel na pasta final: GRD-COM-ERC-02.02.02.01 BSO 1-0000001.xlsx
[2026-07-27 14:23:09.273] [INFO] Excel importado com sucesso: DocumentID=1; caminho=Engenharia\Ecovias Raposo Castello\Projetos\02.02.02.01 BSO 1\0 - Documentos Gerais\Documentos com unidade\GRD-COM-ERC-02.02.02.01 BSO 1-0000001\GRD-COM-ERC-02.02.02.01 BSO 1-0000001.xlsx
[2026-07-27 14:23:09.274] [INFO] Analisando grupo 'GRD-COM-IMI-Estação Elevatória km 64' (ARTESP) com 358 documento(s).
[2026-07-27 14:23:09.536] [AVISO] Estrutura ausente para 'GRD-COM-IMI-Estação Elevatória km 64'. Precisam ser criadas: Engenharia\Ecovias Imigrantes\Projetos\105-Estação Elevatória km 64\0 - Documentos Gerais\Documentos com unidade; Engenharia\Ecovias Imigrantes\Projetos\105-Estação Elevatória km 64\0 - Documentos Gerais\Documentos com unidade\GRD-COM-IMI-Estação Elevatória km 64-0000001
[2026-07-27 14:23:09.537] [INFO] Grupo 'GRD-COM-IMI-Estação Elevatória km 64': GRD prevista 'GRD-COM-IMI-Estação Elevatória km 64-0000001'; destino 'Engenharia\Ecovias Imigrantes\Projetos\105-Estação Elevatória km 64\0 - Documentos Gerais\Documentos com unidade\GRD-COM-IMI-Estação Elevatória km 64-0000001'. Nenhuma pasta receberá ambiente.
[2026-07-27 14:23:09.746] [INFO] Excel local gerado para 'GRD-COM-IMI-Estação Elevatória km 64': C:\Users\peter\OneDrive - Grupo Ecorodovias\Área de Trabalho\Scritps_novos\SaidaSimulacao\20260727_141659\ARTESP\GRD-COM-IMI-Estação Elevatória km 64-0000001.xlsx
[2026-07-27 14:23:09.806] [INFO] Criando pasta sem ambiente: Engenharia\Ecovias Imigrantes\Projetos\105-Estação Elevatória km 64\0 - Documentos Gerais\Documentos com unidade
[2026-07-27 14:23:10.526] [INFO] Pasta criada: Engenharia\Ecovias Imigrantes\Projetos\105-Estação Elevatória km 64\0 - Documentos Gerais\Documentos com unidade (ProjectID=428113).
[2026-07-27 14:23:10.620] [INFO] Criando pasta sem ambiente: Engenharia\Ecovias Imigrantes\Projetos\105-Estação Elevatória km 64\0 - Documentos Gerais\Documentos com unidade\GRD-COM-IMI-Estação Elevatória km 64-0000001
[2026-07-27 14:23:11.334] [INFO] Pasta criada: Engenharia\Ecovias Imigrantes\Projetos\105-Estação Elevatória km 64\0 - Documentos Gerais\Documentos com unidade\GRD-COM-IMI-Estação Elevatória km 64-0000001 (ProjectID=428114).
[2026-07-27 14:23:11.644] [INFO] Importando Excel na pasta final: GRD-COM-IMI-Estação Elevatória km 64-0000001.xlsx
[2026-07-27 14:23:12.177] [INFO] Excel importado com sucesso: DocumentID=1; caminho=Engenharia\Ecovias Imigrantes\Projetos\105-Estação Elevatória km 64\0 - Documentos Gerais\Documentos com unidade\GRD-COM-IMI-Estação Elevatória km 64-0000001\GRD-COM-IMI-Estação Elevatória km 64-0000001.xlsx
[2026-07-27 14:23:12.178] [INFO] Analisando grupo 'GRD-COM-IMI-Alemoa Rotatória' (ARTESP) com 8 documento(s).
[2026-07-27 14:23:13.398] [AVISO] Estrutura ausente para 'GRD-COM-IMI-Alemoa Rotatória'. Precisam ser criadas: Engenharia\Ecovias Imigrantes\Projetos\Alemoa Rotatória\0 - Documentos Gerais\Documentos com unidade; Engenharia\Ecovias Imigrantes\Projetos\Alemoa Rotatória\0 - Documentos Gerais\Documentos com unidade\GRD-COM-IMI-Alemoa Rotatória-0000001
[2026-07-27 14:23:13.399] [INFO] Grupo 'GRD-COM-IMI-Alemoa Rotatória': GRD prevista 'GRD-COM-IMI-Alemoa Rotatória-0000001'; destino 'Engenharia\Ecovias Imigrantes\Projetos\Alemoa Rotatória\0 - Documentos Gerais\Documentos com unidade\GRD-COM-IMI-Alemoa Rotatória-0000001'. Nenhuma pasta receberá ambiente.
[2026-07-27 14:23:13.592] [INFO] Excel local gerado para 'GRD-COM-IMI-Alemoa Rotatória': C:\Users\peter\OneDrive - Grupo Ecorodovias\Área de Trabalho\Scritps_novos\SaidaSimulacao\20260727_141659\ARTESP\GRD-COM-IMI-Alemoa Rotatória-0000001.xlsx
[2026-07-27 14:23:13.926] [INFO] Criando pasta sem ambiente: Engenharia\Ecovias Imigrantes\Projetos\Alemoa Rotatória\0 - Documentos Gerais\Documentos com unidade
[2026-07-27 14:23:14.565] [INFO] Pasta criada: Engenharia\Ecovias Imigrantes\Projetos\Alemoa Rotatória\0 - Documentos Gerais\Documentos com unidade (ProjectID=428115).
[2026-07-27 14:23:14.630] [INFO] Criando pasta sem ambiente: Engenharia\Ecovias Imigrantes\Projetos\Alemoa Rotatória\0 - Documentos Gerais\Documentos com unidade\GRD-COM-IMI-Alemoa Rotatória-0000001
[2026-07-27 14:23:15.457] [INFO] Pasta criada: Engenharia\Ecovias Imigrantes\Projetos\Alemoa Rotatória\0 - Documentos Gerais\Documentos com unidade\GRD-COM-IMI-Alemoa Rotatória-0000001 (ProjectID=428116).
[2026-07-27 14:23:15.746] [INFO] Importando Excel na pasta final: GRD-COM-IMI-Alemoa Rotatória-0000001.xlsx
[2026-07-27 14:23:16.164] [INFO] Excel importado com sucesso: DocumentID=1; caminho=Engenharia\Ecovias Imigrantes\Projetos\Alemoa Rotatória\0 - Documentos Gerais\Documentos com unidade\GRD-COM-IMI-Alemoa Rotatória-0000001\GRD-COM-IMI-Alemoa Rotatória-0000001.xlsx
[2026-07-27 14:23:16.165] [INFO] Analisando grupo 'GRD-COM-ECNO-02.02.01.03.01' (ARTESP) com 31 documento(s).
[2026-07-27 14:23:16.382] [AVISO] Estrutura ausente para 'GRD-COM-ECNO-02.02.01.03.01'. Precisam ser criadas: Engenharia\Ecovias Noroeste Paulista\Projetos\02.02.01.03.01\0 - Documentos Gerais\Documentos com unidade; Engenharia\Ecovias Noroeste Paulista\Projetos\02.02.01.03.01\0 - Documentos Gerais\Documentos com unidade\GRD-COM-ECNO-02.02.01.03.01-0000001
[2026-07-27 14:23:16.383] [INFO] Grupo 'GRD-COM-ECNO-02.02.01.03.01': GRD prevista 'GRD-COM-ECNO-02.02.01.03.01-0000001'; destino 'Engenharia\Ecovias Noroeste Paulista\Projetos\02.02.01.03.01\0 - Documentos Gerais\Documentos com unidade\GRD-COM-ECNO-02.02.01.03.01-0000001'. Nenhuma pasta receberá ambiente.
[2026-07-27 14:23:16.611] [INFO] Excel local gerado para 'GRD-COM-ECNO-02.02.01.03.01': C:\Users\peter\OneDrive - Grupo Ecorodovias\Área de Trabalho\Scritps_novos\SaidaSimulacao\20260727_141659\ARTESP\GRD-COM-ECNO-02.02.01.03.01-0000001.xlsx
[2026-07-27 14:23:16.668] [INFO] Criando pasta sem ambiente: Engenharia\Ecovias Noroeste Paulista\Projetos\02.02.01.03.01\0 - Documentos Gerais\Documentos com unidade
[2026-07-27 14:23:17.370] [INFO] Pasta criada: Engenharia\Ecovias Noroeste Paulista\Projetos\02.02.01.03.01\0 - Documentos Gerais\Documentos com unidade (ProjectID=428117).
[2026-07-27 14:23:17.414] [INFO] Criando pasta sem ambiente: Engenharia\Ecovias Noroeste Paulista\Projetos\02.02.01.03.01\0 - Documentos Gerais\Documentos com unidade\GRD-COM-ECNO-02.02.01.03.01-0000001
[2026-07-27 14:23:17.734] [INFO] Pasta criada: Engenharia\Ecovias Noroeste Paulista\Projetos\02.02.01.03.01\0 - Documentos Gerais\Documentos com unidade\GRD-COM-ECNO-02.02.01.03.01-0000001 (ProjectID=428118).
[2026-07-27 14:23:18.003] [INFO] Importando Excel na pasta final: GRD-COM-ECNO-02.02.01.03.01-0000001.xlsx
[2026-07-27 14:23:18.291] [INFO] Excel importado com sucesso: DocumentID=1; caminho=Engenharia\Ecovias Noroeste Paulista\Projetos\02.02.01.03.01\0 - Documentos Gerais\Documentos com unidade\GRD-COM-ECNO-02.02.01.03.01-0000001\GRD-COM-ECNO-02.02.01.03.01-0000001.xlsx
[2026-07-27 14:23:18.292] [INFO] Analisando grupo 'GRD-COM-NP-NOP11 - Dispositivo RP' (ARTESP) com 34 documento(s).
[2026-07-27 14:23:18.785] [AVISO] Estrutura ausente para 'GRD-COM-NP-NOP11 - Dispositivo RP'. Precisam ser criadas: Engenharia\Ecovias Noroeste Paulista\Projetos\NOP11 - Dispositivo RP\0 - Documentos Gerais\Documentos com unidade; Engenharia\Ecovias Noroeste Paulista\Projetos\NOP11 - Dispositivo RP\0 - Documentos Gerais\Documentos com unidade\GRD-COM-NP-NOP11 - Dispositivo RP-0000001
[2026-07-27 14:23:18.787] [INFO] Grupo 'GRD-COM-NP-NOP11 - Dispositivo RP': GRD prevista 'GRD-COM-NP-NOP11 - Dispositivo RP-0000001'; destino 'Engenharia\Ecovias Noroeste Paulista\Projetos\NOP11 - Dispositivo RP\0 - Documentos Gerais\Documentos com unidade\GRD-COM-NP-NOP11 - Dispositivo RP-0000001'. Nenhuma pasta receberá ambiente.
[2026-07-27 14:23:19.003] [INFO] Excel local gerado para 'GRD-COM-NP-NOP11 - Dispositivo RP': C:\Users\peter\OneDrive - Grupo Ecorodovias\Área de Trabalho\Scritps_novos\SaidaSimulacao\20260727_141659\ARTESP\GRD-COM-NP-NOP11 - Dispositivo RP-0000001.xlsx
[2026-07-27 14:23:19.065] [INFO] Criando pasta sem ambiente: Engenharia\Ecovias Noroeste Paulista\Projetos\NOP11 - Dispositivo RP\0 - Documentos Gerais\Documentos com unidade
[2026-07-27 14:23:19.474] [INFO] Pasta criada: Engenharia\Ecovias Noroeste Paulista\Projetos\NOP11 - Dispositivo RP\0 - Documentos Gerais\Documentos com unidade (ProjectID=428119).
[2026-07-27 14:23:19.532] [INFO] Criando pasta sem ambiente: Engenharia\Ecovias Noroeste Paulista\Projetos\NOP11 - Dispositivo RP\0 - Documentos Gerais\Documentos com unidade\GRD-COM-NP-NOP11 - Dispositivo RP-0000001
[2026-07-27 14:23:20.011] [INFO] Pasta criada: Engenharia\Ecovias Noroeste Paulista\Projetos\NOP11 - Dispositivo RP\0 - Documentos Gerais\Documentos com unidade\GRD-COM-NP-NOP11 - Dispositivo RP-0000001 (ProjectID=428120).
[2026-07-27 14:23:20.287] [INFO] Importando Excel na pasta final: GRD-COM-NP-NOP11 - Dispositivo RP-0000001.xlsx
[2026-07-27 14:23:20.528] [INFO] Excel importado com sucesso: DocumentID=1; caminho=Engenharia\Ecovias Noroeste Paulista\Projetos\NOP11 - Dispositivo RP\0 - Documentos Gerais\Documentos com unidade\GRD-COM-NP-NOP11 - Dispositivo RP-0000001\GRD-COM-NP-NOP11 - Dispositivo RP-0000001.xlsx
[2026-07-27 14:23:20.530] [INFO] Analisando grupo 'GRD-COM-NP-NOP04 - Dispositivo SC' (ARTESP) com 38 documento(s).
[2026-07-27 14:23:20.784] [AVISO] Estrutura ausente para 'GRD-COM-NP-NOP04 - Dispositivo SC'. Precisam ser criadas: Engenharia\Ecovias Noroeste Paulista\Projetos\NOP04 - Dispositivo SC\0 - Documentos Gerais\Documentos com unidade; Engenharia\Ecovias Noroeste Paulista\Projetos\NOP04 - Dispositivo SC\0 - Documentos Gerais\Documentos com unidade\GRD-COM-NP-NOP04 - Dispositivo SC-0000001
[2026-07-27 14:23:20.785] [INFO] Grupo 'GRD-COM-NP-NOP04 - Dispositivo SC': GRD prevista 'GRD-COM-NP-NOP04 - Dispositivo SC-0000001'; destino 'Engenharia\Ecovias Noroeste Paulista\Projetos\NOP04 - Dispositivo SC\0 - Documentos Gerais\Documentos com unidade\GRD-COM-NP-NOP04 - Dispositivo SC-0000001'. Nenhuma pasta receberá ambiente.
[2026-07-27 14:23:20.955] [INFO] Excel local gerado para 'GRD-COM-NP-NOP04 - Dispositivo SC': C:\Users\peter\OneDrive - Grupo Ecorodovias\Área de Trabalho\Scritps_novos\SaidaSimulacao\20260727_141659\ARTESP\GRD-COM-NP-NOP04 - Dispositivo SC-0000001.xlsx
[2026-07-27 14:23:21.082] [INFO] Criando pasta sem ambiente: Engenharia\Ecovias Noroeste Paulista\Projetos\NOP04 - Dispositivo SC\0 - Documentos Gerais\Documentos com unidade
[2026-07-27 14:23:21.338] [INFO] Pasta criada: Engenharia\Ecovias Noroeste Paulista\Projetos\NOP04 - Dispositivo SC\0 - Documentos Gerais\Documentos com unidade (ProjectID=428121).
[2026-07-27 14:23:21.388] [INFO] Criando pasta sem ambiente: Engenharia\Ecovias Noroeste Paulista\Projetos\NOP04 - Dispositivo SC\0 - Documentos Gerais\Documentos com unidade\GRD-COM-NP-NOP04 - Dispositivo SC-0000001
[2026-07-27 14:23:21.720] [INFO] Pasta criada: Engenharia\Ecovias Noroeste Paulista\Projetos\NOP04 - Dispositivo SC\0 - Documentos Gerais\Documentos com unidade\GRD-COM-NP-NOP04 - Dispositivo SC-0000001 (ProjectID=428122).
[2026-07-27 14:23:22.004] [INFO] Importando Excel na pasta final: GRD-COM-NP-NOP04 - Dispositivo SC-0000001.xlsx
[2026-07-27 14:23:22.220] [INFO] Excel importado com sucesso: DocumentID=1; caminho=Engenharia\Ecovias Noroeste Paulista\Projetos\NOP04 - Dispositivo SC\0 - Documentos Gerais\Documentos com unidade\GRD-COM-NP-NOP04 - Dispositivo SC-0000001\GRD-COM-NP-NOP04 - Dispositivo SC-0000001.xlsx
[2026-07-27 14:23:22.222] [INFO] Analisando grupo 'GRD-COM-NP-NOP05 - Dispositivo SC' (ARTESP) com 2 documento(s).
[2026-07-27 14:23:22.487] [AVISO] Estrutura ausente para 'GRD-COM-NP-NOP05 - Dispositivo SC'. Precisam ser criadas: Engenharia\Ecovias Noroeste Paulista\Projetos\NOP05 - Dispositivo SC\0 - Documentos Gerais\Documentos com unidade; Engenharia\Ecovias Noroeste Paulista\Projetos\NOP05 - Dispositivo SC\0 - Documentos Gerais\Documentos com unidade\GRD-COM-NP-NOP05 - Dispositivo SC-0000001
[2026-07-27 14:23:22.487] [INFO] Grupo 'GRD-COM-NP-NOP05 - Dispositivo SC': GRD prevista 'GRD-COM-NP-NOP05 - Dispositivo SC-0000001'; destino 'Engenharia\Ecovias Noroeste Paulista\Projetos\NOP05 - Dispositivo SC\0 - Documentos Gerais\Documentos com unidade\GRD-COM-NP-NOP05 - Dispositivo SC-0000001'. Nenhuma pasta receberá ambiente.
[2026-07-27 14:23:22.653] [INFO] Excel local gerado para 'GRD-COM-NP-NOP05 - Dispositivo SC': C:\Users\peter\OneDrive - Grupo Ecorodovias\Área de Trabalho\Scritps_novos\SaidaSimulacao\20260727_141659\ARTESP\GRD-COM-NP-NOP05 - Dispositivo SC-0000001.xlsx
[2026-07-27 14:23:22.692] [INFO] Criando pasta sem ambiente: Engenharia\Ecovias Noroeste Paulista\Projetos\NOP05 - Dispositivo SC\0 - Documentos Gerais\Documentos com unidade
[2026-07-27 14:23:23.064] [INFO] Pasta criada: Engenharia\Ecovias Noroeste Paulista\Projetos\NOP05 - Dispositivo SC\0 - Documentos Gerais\Documentos com unidade (ProjectID=428123).
[2026-07-27 14:23:23.106] [INFO] Criando pasta sem ambiente: Engenharia\Ecovias Noroeste Paulista\Projetos\NOP05 - Dispositivo SC\0 - Documentos Gerais\Documentos com unidade\GRD-COM-NP-NOP05 - Dispositivo SC-0000001
[2026-07-27 14:23:23.459] [INFO] Pasta criada: Engenharia\Ecovias Noroeste Paulista\Projetos\NOP05 - Dispositivo SC\0 - Documentos Gerais\Documentos com unidade\GRD-COM-NP-NOP05 - Dispositivo SC-0000001 (ProjectID=428124).
[2026-07-27 14:23:23.704] [INFO] Importando Excel na pasta final: GRD-COM-NP-NOP05 - Dispositivo SC-0000001.xlsx
[2026-07-27 14:23:23.941] [INFO] Excel importado com sucesso: DocumentID=1; caminho=Engenharia\Ecovias Noroeste Paulista\Projetos\NOP05 - Dispositivo SC\0 - Documentos Gerais\Documentos com unidade\GRD-COM-NP-NOP05 - Dispositivo SC-0000001\GRD-COM-NP-NOP05 - Dispositivo SC-0000001.xlsx
[2026-07-27 14:23:23.942] [INFO] Analisando grupo 'GRD-COM-IMI-147-FIP-Novo Acesso Porto' (ARTESP) com 13 documento(s).
[2026-07-27 14:23:24.170] [AVISO] Estrutura ausente para 'GRD-COM-IMI-147-FIP-Novo Acesso Porto'. Precisam ser criadas: Engenharia\Ecovias Imigrantes\Projetos\147-FIP-Novo Acesso Porto\0 - Documentos Gerais\Documentos com unidade; Engenharia\Ecovias Imigrantes\Projetos\147-FIP-Novo Acesso Porto\0 - Documentos Gerais\Documentos com unidade\GRD-COM-IMI-147-FIP-Novo Acesso Porto-0000001
[2026-07-27 14:23:24.170] [INFO] Grupo 'GRD-COM-IMI-147-FIP-Novo Acesso Porto': GRD prevista 'GRD-COM-IMI-147-FIP-Novo Acesso Porto-0000001'; destino 'Engenharia\Ecovias Imigrantes\Projetos\147-FIP-Novo Acesso Porto\0 - Documentos Gerais\Documentos com unidade\GRD-COM-IMI-147-FIP-Novo Acesso Porto-0000001'. Nenhuma pasta receberá ambiente.
[2026-07-27 14:23:24.367] [INFO] Excel local gerado para 'GRD-COM-IMI-147-FIP-Novo Acesso Porto': C:\Users\peter\OneDrive - Grupo Ecorodovias\Área de Trabalho\Scritps_novos\SaidaSimulacao\20260727_141659\ARTESP\GRD-COM-IMI-147-FIP-Novo Acesso Porto-0000001.xlsx
[2026-07-27 14:23:24.416] [INFO] Criando pasta sem ambiente: Engenharia\Ecovias Imigrantes\Projetos\147-FIP-Novo Acesso Porto\0 - Documentos Gerais\Documentos com unidade
[2026-07-27 14:23:24.652] [INFO] Pasta criada: Engenharia\Ecovias Imigrantes\Projetos\147-FIP-Novo Acesso Porto\0 - Documentos Gerais\Documentos com unidade (ProjectID=428125).
[2026-07-27 14:23:24.693] [INFO] Criando pasta sem ambiente: Engenharia\Ecovias Imigrantes\Projetos\147-FIP-Novo Acesso Porto\0 - Documentos Gerais\Documentos com unidade\GRD-COM-IMI-147-FIP-Novo Acesso Porto-0000001
[2026-07-27 14:23:24.972] [INFO] Pasta criada: Engenharia\Ecovias Imigrantes\Projetos\147-FIP-Novo Acesso Porto\0 - Documentos Gerais\Documentos com unidade\GRD-COM-IMI-147-FIP-Novo Acesso Porto-0000001 (ProjectID=428126).
[2026-07-27 14:23:25.204] [INFO] Importando Excel na pasta final: GRD-COM-IMI-147-FIP-Novo Acesso Porto-0000001.xlsx
[2026-07-27 14:23:25.453] [INFO] Excel importado com sucesso: DocumentID=1; caminho=Engenharia\Ecovias Imigrantes\Projetos\147-FIP-Novo Acesso Porto\0 - Documentos Gerais\Documentos com unidade\GRD-COM-IMI-147-FIP-Novo Acesso Porto-0000001\GRD-COM-IMI-147-FIP-Novo Acesso Porto-0000001.xlsx
[2026-07-27 14:23:25.454] [INFO] Analisando grupo 'GRD-COM-RC-03.03 - Free Flow P11' (ARTESP) com 2 documento(s).
[2026-07-27 14:23:25.661] [AVISO] Estrutura ausente para 'GRD-COM-RC-03.03 - Free Flow P11'. Precisam ser criadas: Engenharia\Ecovias Raposo Castello\Projetos\03.03 - Free Flow P11\0 - Documentos Gerais\Documentos com unidade; Engenharia\Ecovias Raposo Castello\Projetos\03.03 - Free Flow P11\0 - Documentos Gerais\Documentos com unidade\GRD-COM-RC-03.03 - Free Flow P11-0000001
[2026-07-27 14:23:25.662] [INFO] Grupo 'GRD-COM-RC-03.03 - Free Flow P11': GRD prevista 'GRD-COM-RC-03.03 - Free Flow P11-0000001'; destino 'Engenharia\Ecovias Raposo Castello\Projetos\03.03 - Free Flow P11\0 - Documentos Gerais\Documentos com unidade\GRD-COM-RC-03.03 - Free Flow P11-0000001'. Nenhuma pasta receberá ambiente.
[2026-07-27 14:23:25.835] [INFO] Excel local gerado para 'GRD-COM-RC-03.03 - Free Flow P11': C:\Users\peter\OneDrive - Grupo Ecorodovias\Área de Trabalho\Scritps_novos\SaidaSimulacao\20260727_141659\ARTESP\GRD-COM-RC-03.03 - Free Flow P11-0000001.xlsx
[2026-07-27 14:23:25.877] [INFO] Criando pasta sem ambiente: Engenharia\Ecovias Raposo Castello\Projetos\03.03 - Free Flow P11\0 - Documentos Gerais\Documentos com unidade
[2026-07-27 14:23:26.306] [INFO] Pasta criada: Engenharia\Ecovias Raposo Castello\Projetos\03.03 - Free Flow P11\0 - Documentos Gerais\Documentos com unidade (ProjectID=428127).
[2026-07-27 14:23:26.362] [INFO] Criando pasta sem ambiente: Engenharia\Ecovias Raposo Castello\Projetos\03.03 - Free Flow P11\0 - Documentos Gerais\Documentos com unidade\GRD-COM-RC-03.03 - Free Flow P11-0000001
[2026-07-27 14:23:26.749] [INFO] Pasta criada: Engenharia\Ecovias Raposo Castello\Projetos\03.03 - Free Flow P11\0 - Documentos Gerais\Documentos com unidade\GRD-COM-RC-03.03 - Free Flow P11-0000001 (ProjectID=428128).
[2026-07-27 14:23:26.969] [INFO] Importando Excel na pasta final: GRD-COM-RC-03.03 - Free Flow P11-0000001.xlsx
[2026-07-27 14:23:27.207] [INFO] Excel importado com sucesso: DocumentID=1; caminho=Engenharia\Ecovias Raposo Castello\Projetos\03.03 - Free Flow P11\0 - Documentos Gerais\Documentos com unidade\GRD-COM-RC-03.03 - Free Flow P11-0000001\GRD-COM-RC-03.03 - Free Flow P11-0000001.xlsx
[2026-07-27 14:23:27.208] [INFO] Analisando grupo 'GRD-COM-RC-03.03 - Free Flow P12' (ARTESP) com 2 documento(s).
[2026-07-27 14:23:27.440] [AVISO] Estrutura ausente para 'GRD-COM-RC-03.03 - Free Flow P12'. Precisam ser criadas: Engenharia\Ecovias Raposo Castello\Projetos\03.03 - Free Flow P12\0 - Documentos Gerais\Documentos com unidade; Engenharia\Ecovias Raposo Castello\Projetos\03.03 - Free Flow P12\0 - Documentos Gerais\Documentos com unidade\GRD-COM-RC-03.03 - Free Flow P12-0000001
[2026-07-27 14:23:27.441] [INFO] Grupo 'GRD-COM-RC-03.03 - Free Flow P12': GRD prevista 'GRD-COM-RC-03.03 - Free Flow P12-0000001'; destino 'Engenharia\Ecovias Raposo Castello\Projetos\03.03 - Free Flow P12\0 - Documentos Gerais\Documentos com unidade\GRD-COM-RC-03.03 - Free Flow P12-0000001'. Nenhuma pasta receberá ambiente.
[2026-07-27 14:23:27.608] [INFO] Excel local gerado para 'GRD-COM-RC-03.03 - Free Flow P12': C:\Users\peter\OneDrive - Grupo Ecorodovias\Área de Trabalho\Scritps_novos\SaidaSimulacao\20260727_141659\ARTESP\GRD-COM-RC-03.03 - Free Flow P12-0000001.xlsx
[2026-07-27 14:23:27.640] [INFO] Criando pasta sem ambiente: Engenharia\Ecovias Raposo Castello\Projetos\03.03 - Free Flow P12\0 - Documentos Gerais\Documentos com unidade
[2026-07-27 14:23:28.402] [INFO] Pasta criada: Engenharia\Ecovias Raposo Castello\Projetos\03.03 - Free Flow P12\0 - Documentos Gerais\Documentos com unidade (ProjectID=428129).
[2026-07-27 14:23:28.466] [INFO] Criando pasta sem ambiente: Engenharia\Ecovias Raposo Castello\Projetos\03.03 - Free Flow P12\0 - Documentos Gerais\Documentos com unidade\GRD-COM-RC-03.03 - Free Flow P12-0000001
[2026-07-27 14:23:28.981] [INFO] Pasta criada: Engenharia\Ecovias Raposo Castello\Projetos\03.03 - Free Flow P12\0 - Documentos Gerais\Documentos com unidade\GRD-COM-RC-03.03 - Free Flow P12-0000001 (ProjectID=428130).
[2026-07-27 14:23:29.203] [INFO] Importando Excel na pasta final: GRD-COM-RC-03.03 - Free Flow P12-0000001.xlsx
[2026-07-27 14:23:29.947] [INFO] Excel importado com sucesso: DocumentID=1; caminho=Engenharia\Ecovias Raposo Castello\Projetos\03.03 - Free Flow P12\0 - Documentos Gerais\Documentos com unidade\GRD-COM-RC-03.03 - Free Flow P12-0000001\GRD-COM-RC-03.03 - Free Flow P12-0000001.xlsx
[2026-07-27 14:23:29.947] [INFO] Analisando grupo 'GRD-COM-ECVI-Estação de bombeamento' (ARTESP) com 99 documento(s).
[2026-07-27 14:23:30.283] [AVISO] Estrutura ausente para 'GRD-COM-ECVI-Estação de bombeamento'. Precisam ser criadas: Engenharia\Ecovias Imigrantes\Projetos\Estação de bombeamento\0 - Documentos Gerais\Documentos com unidade; Engenharia\Ecovias Imigrantes\Projetos\Estação de bombeamento\0 - Documentos Gerais\Documentos com unidade\GRD-COM-ECVI-Estação de bombeamento-0000001
[2026-07-27 14:23:30.284] [INFO] Grupo 'GRD-COM-ECVI-Estação de bombeamento': GRD prevista 'GRD-COM-ECVI-Estação de bombeamento-0000001'; destino 'Engenharia\Ecovias Imigrantes\Projetos\Estação de bombeamento\0 - Documentos Gerais\Documentos com unidade\GRD-COM-ECVI-Estação de bombeamento-0000001'. Nenhuma pasta receberá ambiente.
[2026-07-27 14:23:30.485] [INFO] Excel local gerado para 'GRD-COM-ECVI-Estação de bombeamento': C:\Users\peter\OneDrive - Grupo Ecorodovias\Área de Trabalho\Scritps_novos\SaidaSimulacao\20260727_141659\ARTESP\GRD-COM-ECVI-Estação de bombeamento-0000001.xlsx
[2026-07-27 14:23:30.523] [INFO] Criando pasta sem ambiente: Engenharia\Ecovias Imigrantes\Projetos\Estação de bombeamento\0 - Documentos Gerais\Documentos com unidade
[2026-07-27 14:23:31.008] [INFO] Pasta criada: Engenharia\Ecovias Imigrantes\Projetos\Estação de bombeamento\0 - Documentos Gerais\Documentos com unidade (ProjectID=428131).
[2026-07-27 14:23:31.045] [INFO] Criando pasta sem ambiente: Engenharia\Ecovias Imigrantes\Projetos\Estação de bombeamento\0 - Documentos Gerais\Documentos com unidade\GRD-COM-ECVI-Estação de bombeamento-0000001
[2026-07-27 14:23:31.293] [INFO] Pasta criada: Engenharia\Ecovias Imigrantes\Projetos\Estação de bombeamento\0 - Documentos Gerais\Documentos com unidade\GRD-COM-ECVI-Estação de bombeamento-0000001 (ProjectID=428132).
[2026-07-27 14:23:31.605] [INFO] Importando Excel na pasta final: GRD-COM-ECVI-Estação de bombeamento-0000001.xlsx
[2026-07-27 14:23:31.982] [INFO] Excel importado com sucesso: DocumentID=1; caminho=Engenharia\Ecovias Imigrantes\Projetos\Estação de bombeamento\0 - Documentos Gerais\Documentos com unidade\GRD-COM-ECVI-Estação de bombeamento-0000001\GRD-COM-ECVI-Estação de bombeamento-0000001.xlsx
[2026-07-27 14:23:31.983] [INFO] Analisando grupo 'GRD-COM-ECNO-02.02.01.05.01' (ARTESP) com 25 documento(s).
[2026-07-27 14:23:32.300] [AVISO] Estrutura ausente para 'GRD-COM-ECNO-02.02.01.05.01'. Precisam ser criadas: Engenharia\Ecovias Noroeste Paulista\Projetos\02.02.01.05.01\0 - Documentos Gerais\Documentos com unidade; Engenharia\Ecovias Noroeste Paulista\Projetos\02.02.01.05.01\0 - Documentos Gerais\Documentos com unidade\GRD-COM-ECNO-02.02.01.05.01-0000001
[2026-07-27 14:23:32.300] [INFO] Grupo 'GRD-COM-ECNO-02.02.01.05.01': GRD prevista 'GRD-COM-ECNO-02.02.01.05.01-0000001'; destino 'Engenharia\Ecovias Noroeste Paulista\Projetos\02.02.01.05.01\0 - Documentos Gerais\Documentos com unidade\GRD-COM-ECNO-02.02.01.05.01-0000001'. Nenhuma pasta receberá ambiente.
[2026-07-27 14:23:32.514] [INFO] Excel local gerado para 'GRD-COM-ECNO-02.02.01.05.01': C:\Users\peter\OneDrive - Grupo Ecorodovias\Área de Trabalho\Scritps_novos\SaidaSimulacao\20260727_141659\ARTESP\GRD-COM-ECNO-02.02.01.05.01-0000001.xlsx
[2026-07-27 14:23:32.570] [INFO] Criando pasta sem ambiente: Engenharia\Ecovias Noroeste Paulista\Projetos\02.02.01.05.01\0 - Documentos Gerais\Documentos com unidade
[2026-07-27 14:23:33.271] [INFO] Pasta criada: Engenharia\Ecovias Noroeste Paulista\Projetos\02.02.01.05.01\0 - Documentos Gerais\Documentos com unidade (ProjectID=428133).
[2026-07-27 14:23:33.362] [INFO] Criando pasta sem ambiente: Engenharia\Ecovias Noroeste Paulista\Projetos\02.02.01.05.01\0 - Documentos Gerais\Documentos com unidade\GRD-COM-ECNO-02.02.01.05.01-0000001
[2026-07-27 14:23:33.745] [INFO] Pasta criada: Engenharia\Ecovias Noroeste Paulista\Projetos\02.02.01.05.01\0 - Documentos Gerais\Documentos com unidade\GRD-COM-ECNO-02.02.01.05.01-0000001 (ProjectID=428134).
[2026-07-27 14:23:33.971] [INFO] Importando Excel na pasta final: GRD-COM-ECNO-02.02.01.05.01-0000001.xlsx
[2026-07-27 14:23:34.347] [INFO] Excel importado com sucesso: DocumentID=1; caminho=Engenharia\Ecovias Noroeste Paulista\Projetos\02.02.01.05.01\0 - Documentos Gerais\Documentos com unidade\GRD-COM-ECNO-02.02.01.05.01-0000001\GRD-COM-ECNO-02.02.01.05.01-0000001.xlsx
[2026-07-27 14:23:34.348] [INFO] Analisando grupo 'GRD-COM-NP-NOP07 - Dispositivo SC' (ARTESP) com 2 documento(s).
[2026-07-27 14:23:35.027] [AVISO] Estrutura ausente para 'GRD-COM-NP-NOP07 - Dispositivo SC'. Precisam ser criadas: Engenharia\Ecovias Noroeste Paulista\Projetos\NOP07 - Dispositivo SC\0 - Documentos Gerais\Documentos com unidade; Engenharia\Ecovias Noroeste Paulista\Projetos\NOP07 - Dispositivo SC\0 - Documentos Gerais\Documentos com unidade\GRD-COM-NP-NOP07 - Dispositivo SC-0000001
[2026-07-27 14:23:35.028] [INFO] Grupo 'GRD-COM-NP-NOP07 - Dispositivo SC': GRD prevista 'GRD-COM-NP-NOP07 - Dispositivo SC-0000001'; destino 'Engenharia\Ecovias Noroeste Paulista\Projetos\NOP07 - Dispositivo SC\0 - Documentos Gerais\Documentos com unidade\GRD-COM-NP-NOP07 - Dispositivo SC-0000001'. Nenhuma pasta receberá ambiente.
[2026-07-27 14:23:35.212] [INFO] Excel local gerado para 'GRD-COM-NP-NOP07 - Dispositivo SC': C:\Users\peter\OneDrive - Grupo Ecorodovias\Área de Trabalho\Scritps_novos\SaidaSimulacao\20260727_141659\ARTESP\GRD-COM-NP-NOP07 - Dispositivo SC-0000001.xlsx
[2026-07-27 14:23:35.258] [INFO] Criando pasta sem ambiente: Engenharia\Ecovias Noroeste Paulista\Projetos\NOP07 - Dispositivo SC\0 - Documentos Gerais\Documentos com unidade
[2026-07-27 14:23:35.588] [INFO] Pasta criada: Engenharia\Ecovias Noroeste Paulista\Projetos\NOP07 - Dispositivo SC\0 - Documentos Gerais\Documentos com unidade (ProjectID=428135).
[2026-07-27 14:23:35.635] [INFO] Criando pasta sem ambiente: Engenharia\Ecovias Noroeste Paulista\Projetos\NOP07 - Dispositivo SC\0 - Documentos Gerais\Documentos com unidade\GRD-COM-NP-NOP07 - Dispositivo SC-0000001
[2026-07-27 14:23:36.098] [INFO] Pasta criada: Engenharia\Ecovias Noroeste Paulista\Projetos\NOP07 - Dispositivo SC\0 - Documentos Gerais\Documentos com unidade\GRD-COM-NP-NOP07 - Dispositivo SC-0000001 (ProjectID=428136).
[2026-07-27 14:23:36.371] [INFO] Importando Excel na pasta final: GRD-COM-NP-NOP07 - Dispositivo SC-0000001.xlsx
[2026-07-27 14:23:36.691] [INFO] Excel importado com sucesso: DocumentID=1; caminho=Engenharia\Ecovias Noroeste Paulista\Projetos\NOP07 - Dispositivo SC\0 - Documentos Gerais\Documentos com unidade\GRD-COM-NP-NOP07 - Dispositivo SC-0000001\GRD-COM-NP-NOP07 - Dispositivo SC-0000001.xlsx
[2026-07-27 14:23:36.692] [INFO] Analisando grupo 'GRD-COM-ECVI-Ciclovia Norte' (ARTESP) com 117 documento(s).
[2026-07-27 14:23:36.886] [AVISO] Estrutura ausente para 'GRD-COM-ECVI-Ciclovia Norte'. Precisam ser criadas: Engenharia\Ecovias Imigrantes\Projetos\Ciclovia Norte\0 - Documentos Gerais; Engenharia\Ecovias Imigrantes\Projetos\Ciclovia Norte\0 - Documentos Gerais\Documentos com unidade; Engenharia\Ecovias Imigrantes\Projetos\Ciclovia Norte\0 - Documentos Gerais\Documentos com unidade\GRD-COM-ECVI-Ciclovia Norte-0000001
[2026-07-27 14:23:36.887] [INFO] Grupo 'GRD-COM-ECVI-Ciclovia Norte': GRD prevista 'GRD-COM-ECVI-Ciclovia Norte-0000001'; destino 'Engenharia\Ecovias Imigrantes\Projetos\Ciclovia Norte\0 - Documentos Gerais\Documentos com unidade\GRD-COM-ECVI-Ciclovia Norte-0000001'. Nenhuma pasta receberá ambiente.
[2026-07-27 14:23:37.075] [INFO] Excel local gerado para 'GRD-COM-ECVI-Ciclovia Norte': C:\Users\peter\OneDrive - Grupo Ecorodovias\Área de Trabalho\Scritps_novos\SaidaSimulacao\20260727_141659\ARTESP\GRD-COM-ECVI-Ciclovia Norte-0000001.xlsx
[2026-07-27 14:23:37.126] [INFO] Criando pasta sem ambiente: Engenharia\Ecovias Imigrantes\Projetos\Ciclovia Norte\0 - Documentos Gerais
[2026-07-27 14:23:37.762] [INFO] Pasta criada: Engenharia\Ecovias Imigrantes\Projetos\Ciclovia Norte\0 - Documentos Gerais (ProjectID=428137).
[2026-07-27 14:23:37.815] [INFO] Criando pasta sem ambiente: Engenharia\Ecovias Imigrantes\Projetos\Ciclovia Norte\0 - Documentos Gerais\Documentos com unidade
[2026-07-27 14:23:38.261] [INFO] Pasta criada: Engenharia\Ecovias Imigrantes\Projetos\Ciclovia Norte\0 - Documentos Gerais\Documentos com unidade (ProjectID=428138).
[2026-07-27 14:23:38.314] [INFO] Criando pasta sem ambiente: Engenharia\Ecovias Imigrantes\Projetos\Ciclovia Norte\0 - Documentos Gerais\Documentos com unidade\GRD-COM-ECVI-Ciclovia Norte-0000001
[2026-07-27 14:23:38.666] [INFO] Pasta criada: Engenharia\Ecovias Imigrantes\Projetos\Ciclovia Norte\0 - Documentos Gerais\Documentos com unidade\GRD-COM-ECVI-Ciclovia Norte-0000001 (ProjectID=428139).
[2026-07-27 14:23:38.970] [INFO] Importando Excel na pasta final: GRD-COM-ECVI-Ciclovia Norte-0000001.xlsx
[2026-07-27 14:23:39.235] [INFO] Excel importado com sucesso: DocumentID=1; caminho=Engenharia\Ecovias Imigrantes\Projetos\Ciclovia Norte\0 - Documentos Gerais\Documentos com unidade\GRD-COM-ECVI-Ciclovia Norte-0000001\GRD-COM-ECVI-Ciclovia Norte-0000001.xlsx
[2026-07-27 14:23:39.236] [INFO] Analisando grupo 'GRD-COM-RC-03.03 - Free Flow P6-13,680' (ARTESP) com 2 documento(s).
[2026-07-27 14:23:39.606] [AVISO] Estrutura ausente para 'GRD-COM-RC-03.03 - Free Flow P6-13,680'. Precisam ser criadas: Engenharia\Ecovias Raposo Castello\Projetos\03.03 - Free Flow P6-13,680\0 - Documentos Gerais\Documentos com unidade; Engenharia\Ecovias Raposo Castello\Projetos\03.03 - Free Flow P6-13,680\0 - Documentos Gerais\Documentos com unidade\GRD-COM-RC-03.03 - Free Flow P6-13,680-0000001
[2026-07-27 14:23:39.607] [INFO] Grupo 'GRD-COM-RC-03.03 - Free Flow P6-13,680': GRD prevista 'GRD-COM-RC-03.03 - Free Flow P6-13,680-0000001'; destino 'Engenharia\Ecovias Raposo Castello\Projetos\03.03 - Free Flow P6-13,680\0 - Documentos Gerais\Documentos com unidade\GRD-COM-RC-03.03 - Free Flow P6-13,680-0000001'. Nenhuma pasta receberá ambiente.
[2026-07-27 14:23:39.789] [INFO] Excel local gerado para 'GRD-COM-RC-03.03 - Free Flow P6-13,680': C:\Users\peter\OneDrive - Grupo Ecorodovias\Área de Trabalho\Scritps_novos\SaidaSimulacao\20260727_141659\ARTESP\GRD-COM-RC-03.03 - Free Flow P6-13,680-0000001.xlsx
[2026-07-27 14:23:39.848] [INFO] Criando pasta sem ambiente: Engenharia\Ecovias Raposo Castello\Projetos\03.03 - Free Flow P6-13,680\0 - Documentos Gerais\Documentos com unidade
[2026-07-27 14:23:40.426] [INFO] Pasta criada: Engenharia\Ecovias Raposo Castello\Projetos\03.03 - Free Flow P6-13,680\0 - Documentos Gerais\Documentos com unidade (ProjectID=428140).
[2026-07-27 14:23:40.482] [INFO] Criando pasta sem ambiente: Engenharia\Ecovias Raposo Castello\Projetos\03.03 - Free Flow P6-13,680\0 - Documentos Gerais\Documentos com unidade\GRD-COM-RC-03.03 - Free Flow P6-13,680-0000001
[2026-07-27 14:23:40.851] [INFO] Pasta criada: Engenharia\Ecovias Raposo Castello\Projetos\03.03 - Free Flow P6-13,680\0 - Documentos Gerais\Documentos com unidade\GRD-COM-RC-03.03 - Free Flow P6-13,680-0000001 (ProjectID=428141).
[2026-07-27 14:23:41.110] [INFO] Importando Excel na pasta final: GRD-COM-RC-03.03 - Free Flow P6-13,680-0000001.xlsx
[2026-07-27 14:23:41.384] [INFO] Excel importado com sucesso: DocumentID=1; caminho=Engenharia\Ecovias Raposo Castello\Projetos\03.03 - Free Flow P6-13,680\0 - Documentos Gerais\Documentos com unidade\GRD-COM-RC-03.03 - Free Flow P6-13,680-0000001\GRD-COM-RC-03.03 - Free Flow P6-13,680-0000001.xlsx
[2026-07-27 14:23:41.385] [INFO] Analisando grupo 'GRD-COM-ECNO-02.02.02.09.01' (ARTESP) com 21 documento(s).
[2026-07-27 14:23:41.689] [AVISO] Estrutura ausente para 'GRD-COM-ECNO-02.02.02.09.01'. Precisam ser criadas: Engenharia\Ecovias Noroeste Paulista\Projetos\02.02.02.09.01\0 - Documentos Gerais\Documentos com unidade; Engenharia\Ecovias Noroeste Paulista\Projetos\02.02.02.09.01\0 - Documentos Gerais\Documentos com unidade\GRD-COM-ECNO-02.02.02.09.01-0000001
[2026-07-27 14:23:41.691] [INFO] Grupo 'GRD-COM-ECNO-02.02.02.09.01': GRD prevista 'GRD-COM-ECNO-02.02.02.09.01-0000001'; destino 'Engenharia\Ecovias Noroeste Paulista\Projetos\02.02.02.09.01\0 - Documentos Gerais\Documentos com unidade\GRD-COM-ECNO-02.02.02.09.01-0000001'. Nenhuma pasta receberá ambiente.
[2026-07-27 14:23:41.879] [INFO] Excel local gerado para 'GRD-COM-ECNO-02.02.02.09.01': C:\Users\peter\OneDrive - Grupo Ecorodovias\Área de Trabalho\Scritps_novos\SaidaSimulacao\20260727_141659\ARTESP\GRD-COM-ECNO-02.02.02.09.01-0000001.xlsx
[2026-07-27 14:23:41.948] [INFO] Criando pasta sem ambiente: Engenharia\Ecovias Noroeste Paulista\Projetos\02.02.02.09.01\0 - Documentos Gerais\Documentos com unidade
[2026-07-27 14:23:42.278] [INFO] Pasta criada: Engenharia\Ecovias Noroeste Paulista\Projetos\02.02.02.09.01\0 - Documentos Gerais\Documentos com unidade (ProjectID=428142).
[2026-07-27 14:23:42.328] [INFO] Criando pasta sem ambiente: Engenharia\Ecovias Noroeste Paulista\Projetos\02.02.02.09.01\0 - Documentos Gerais\Documentos com unidade\GRD-COM-ECNO-02.02.02.09.01-0000001
[2026-07-27 14:23:42.831] [INFO] Pasta criada: Engenharia\Ecovias Noroeste Paulista\Projetos\02.02.02.09.01\0 - Documentos Gerais\Documentos com unidade\GRD-COM-ECNO-02.02.02.09.01-0000001 (ProjectID=428143).
[2026-07-27 14:23:43.130] [INFO] Importando Excel na pasta final: GRD-COM-ECNO-02.02.02.09.01-0000001.xlsx
[2026-07-27 14:23:43.533] [INFO] Excel importado com sucesso: DocumentID=1; caminho=Engenharia\Ecovias Noroeste Paulista\Projetos\02.02.02.09.01\0 - Documentos Gerais\Documentos com unidade\GRD-COM-ECNO-02.02.02.09.01-0000001\GRD-COM-ECNO-02.02.02.09.01-0000001.xlsx
[2026-07-27 14:23:43.534] [INFO] Analisando grupo 'GRD-COM-ECNO-02.02.01.15.02' (ARTESP) com 2 documento(s).
[2026-07-27 14:23:43.885] [AVISO] Estrutura ausente para 'GRD-COM-ECNO-02.02.01.15.02'. Precisam ser criadas: Engenharia\Ecovias Noroeste Paulista\Projetos\02.02.01.15.02\0 - Documentos Gerais\Documentos com unidade; Engenharia\Ecovias Noroeste Paulista\Projetos\02.02.01.15.02\0 - Documentos Gerais\Documentos com unidade\GRD-COM-ECNO-02.02.01.15.02-0000001
[2026-07-27 14:23:43.886] [INFO] Grupo 'GRD-COM-ECNO-02.02.01.15.02': GRD prevista 'GRD-COM-ECNO-02.02.01.15.02-0000001'; destino 'Engenharia\Ecovias Noroeste Paulista\Projetos\02.02.01.15.02\0 - Documentos Gerais\Documentos com unidade\GRD-COM-ECNO-02.02.01.15.02-0000001'. Nenhuma pasta receberá ambiente.
[2026-07-27 14:23:44.063] [INFO] Excel local gerado para 'GRD-COM-ECNO-02.02.01.15.02': C:\Users\peter\OneDrive - Grupo Ecorodovias\Área de Trabalho\Scritps_novos\SaidaSimulacao\20260727_141659\ARTESP\GRD-COM-ECNO-02.02.01.15.02-0000001.xlsx
[2026-07-27 14:23:44.132] [INFO] Criando pasta sem ambiente: Engenharia\Ecovias Noroeste Paulista\Projetos\02.02.01.15.02\0 - Documentos Gerais\Documentos com unidade
[2026-07-27 14:23:44.737] [INFO] Pasta criada: Engenharia\Ecovias Noroeste Paulista\Projetos\02.02.01.15.02\0 - Documentos Gerais\Documentos com unidade (ProjectID=428144).
[2026-07-27 14:23:44.824] [INFO] Criando pasta sem ambiente: Engenharia\Ecovias Noroeste Paulista\Projetos\02.02.01.15.02\0 - Documentos Gerais\Documentos com unidade\GRD-COM-ECNO-02.02.01.15.02-0000001
[2026-07-27 14:23:45.586] [INFO] Pasta criada: Engenharia\Ecovias Noroeste Paulista\Projetos\02.02.01.15.02\0 - Documentos Gerais\Documentos com unidade\GRD-COM-ECNO-02.02.01.15.02-0000001 (ProjectID=428145).
[2026-07-27 14:23:46.024] [INFO] Importando Excel na pasta final: GRD-COM-ECNO-02.02.01.15.02-0000001.xlsx
[2026-07-27 14:23:46.336] [INFO] Excel importado com sucesso: DocumentID=1; caminho=Engenharia\Ecovias Noroeste Paulista\Projetos\02.02.01.15.02\0 - Documentos Gerais\Documentos com unidade\GRD-COM-ECNO-02.02.01.15.02-0000001\GRD-COM-ECNO-02.02.01.15.02-0000001.xlsx
[2026-07-27 14:23:46.337] [INFO] Analisando grupo 'GRD-COM-ECNO-02.02.01.16.01' (ARTESP) com 23 documento(s).
[2026-07-27 14:23:46.601] [AVISO] Estrutura ausente para 'GRD-COM-ECNO-02.02.01.16.01'. Precisam ser criadas: Engenharia\Ecovias Noroeste Paulista\Projetos\02.02.01.16.01\0 - Documentos Gerais\Documentos com unidade; Engenharia\Ecovias Noroeste Paulista\Projetos\02.02.01.16.01\0 - Documentos Gerais\Documentos com unidade\GRD-COM-ECNO-02.02.01.16.01-0000001
[2026-07-27 14:23:46.602] [INFO] Grupo 'GRD-COM-ECNO-02.02.01.16.01': GRD prevista 'GRD-COM-ECNO-02.02.01.16.01-0000001'; destino 'Engenharia\Ecovias Noroeste Paulista\Projetos\02.02.01.16.01\0 - Documentos Gerais\Documentos com unidade\GRD-COM-ECNO-02.02.01.16.01-0000001'. Nenhuma pasta receberá ambiente.
[2026-07-27 14:23:46.796] [INFO] Excel local gerado para 'GRD-COM-ECNO-02.02.01.16.01': C:\Users\peter\OneDrive - Grupo Ecorodovias\Área de Trabalho\Scritps_novos\SaidaSimulacao\20260727_141659\ARTESP\GRD-COM-ECNO-02.02.01.16.01-0000001.xlsx
[2026-07-27 14:23:46.867] [INFO] Criando pasta sem ambiente: Engenharia\Ecovias Noroeste Paulista\Projetos\02.02.01.16.01\0 - Documentos Gerais\Documentos com unidade
[2026-07-27 14:23:47.477] [INFO] Pasta criada: Engenharia\Ecovias Noroeste Paulista\Projetos\02.02.01.16.01\0 - Documentos Gerais\Documentos com unidade (ProjectID=428146).
[2026-07-27 14:23:47.536] [INFO] Criando pasta sem ambiente: Engenharia\Ecovias Noroeste Paulista\Projetos\02.02.01.16.01\0 - Documentos Gerais\Documentos com unidade\GRD-COM-ECNO-02.02.01.16.01-0000001
[2026-07-27 14:23:47.951] [INFO] Pasta criada: Engenharia\Ecovias Noroeste Paulista\Projetos\02.02.01.16.01\0 - Documentos Gerais\Documentos com unidade\GRD-COM-ECNO-02.02.01.16.01-0000001 (ProjectID=428147).
[2026-07-27 14:23:48.350] [INFO] Importando Excel na pasta final: GRD-COM-ECNO-02.02.01.16.01-0000001.xlsx
[2026-07-27 14:23:48.639] [INFO] Excel importado com sucesso: DocumentID=1; caminho=Engenharia\Ecovias Noroeste Paulista\Projetos\02.02.01.16.01\0 - Documentos Gerais\Documentos com unidade\GRD-COM-ECNO-02.02.01.16.01-0000001\GRD-COM-ECNO-02.02.01.16.01-0000001.xlsx
[2026-07-27 14:23:48.641] [INFO] Analisando grupo 'GRD-COM-ECNO-02.02.02.10.01' (ARTESP) com 23 documento(s).
[2026-07-27 14:23:48.947] [AVISO] Estrutura ausente para 'GRD-COM-ECNO-02.02.02.10.01'. Precisam ser criadas: Engenharia\Ecovias Noroeste Paulista\Projetos\02.02.02.10.01\0 - Documentos Gerais\Documentos com unidade; Engenharia\Ecovias Noroeste Paulista\Projetos\02.02.02.10.01\0 - Documentos Gerais\Documentos com unidade\GRD-COM-ECNO-02.02.02.10.01-0000001
[2026-07-27 14:23:48.948] [INFO] Grupo 'GRD-COM-ECNO-02.02.02.10.01': GRD prevista 'GRD-COM-ECNO-02.02.02.10.01-0000001'; destino 'Engenharia\Ecovias Noroeste Paulista\Projetos\02.02.02.10.01\0 - Documentos Gerais\Documentos com unidade\GRD-COM-ECNO-02.02.02.10.01-0000001'. Nenhuma pasta receberá ambiente.
[2026-07-27 14:23:49.152] [INFO] Excel local gerado para 'GRD-COM-ECNO-02.02.02.10.01': C:\Users\peter\OneDrive - Grupo Ecorodovias\Área de Trabalho\Scritps_novos\SaidaSimulacao\20260727_141659\ARTESP\GRD-COM-ECNO-02.02.02.10.01-0000001.xlsx
[2026-07-27 14:23:49.201] [INFO] Criando pasta sem ambiente: Engenharia\Ecovias Noroeste Paulista\Projetos\02.02.02.10.01\0 - Documentos Gerais\Documentos com unidade
[2026-07-27 14:23:49.668] [INFO] Pasta criada: Engenharia\Ecovias Noroeste Paulista\Projetos\02.02.02.10.01\0 - Documentos Gerais\Documentos com unidade (ProjectID=428148).
[2026-07-27 14:23:49.724] [INFO] Criando pasta sem ambiente: Engenharia\Ecovias Noroeste Paulista\Projetos\02.02.02.10.01\0 - Documentos Gerais\Documentos com unidade\GRD-COM-ECNO-02.02.02.10.01-0000001
[2026-07-27 14:23:50.186] [INFO] Pasta criada: Engenharia\Ecovias Noroeste Paulista\Projetos\02.02.02.10.01\0 - Documentos Gerais\Documentos com unidade\GRD-COM-ECNO-02.02.02.10.01-0000001 (ProjectID=428149).
[2026-07-27 14:23:50.430] [INFO] Importando Excel na pasta final: GRD-COM-ECNO-02.02.02.10.01-0000001.xlsx
[2026-07-27 14:23:50.734] [INFO] Excel importado com sucesso: DocumentID=1; caminho=Engenharia\Ecovias Noroeste Paulista\Projetos\02.02.02.10.01\0 - Documentos Gerais\Documentos com unidade\GRD-COM-ECNO-02.02.02.10.01-0000001\GRD-COM-ECNO-02.02.02.10.01-0000001.xlsx
[2026-07-27 14:23:50.734] [INFO] Analisando grupo 'GRD-COM-ECNO-02.02.01.15.01' (ARTESP) com 2 documento(s).
[2026-07-27 14:23:50.905] [AVISO] Estrutura ausente para 'GRD-COM-ECNO-02.02.01.15.01'. Precisam ser criadas: Engenharia\Ecovias Noroeste Paulista\Projetos\02.02.01.15.01\0 - Documentos Gerais\Documentos com unidade; Engenharia\Ecovias Noroeste Paulista\Projetos\02.02.01.15.01\0 - Documentos Gerais\Documentos com unidade\GRD-COM-ECNO-02.02.01.15.01-0000001
[2026-07-27 14:23:50.906] [INFO] Grupo 'GRD-COM-ECNO-02.02.01.15.01': GRD prevista 'GRD-COM-ECNO-02.02.01.15.01-0000001'; destino 'Engenharia\Ecovias Noroeste Paulista\Projetos\02.02.01.15.01\0 - Documentos Gerais\Documentos com unidade\GRD-COM-ECNO-02.02.01.15.01-0000001'. Nenhuma pasta receberá ambiente.
[2026-07-27 14:23:51.082] [INFO] Excel local gerado para 'GRD-COM-ECNO-02.02.01.15.01': C:\Users\peter\OneDrive - Grupo Ecorodovias\Área de Trabalho\Scritps_novos\SaidaSimulacao\20260727_141659\ARTESP\GRD-COM-ECNO-02.02.01.15.01-0000001.xlsx
[2026-07-27 14:23:51.129] [INFO] Criando pasta sem ambiente: Engenharia\Ecovias Noroeste Paulista\Projetos\02.02.01.15.01\0 - Documentos Gerais\Documentos com unidade
[2026-07-27 14:23:51.418] [INFO] Pasta criada: Engenharia\Ecovias Noroeste Paulista\Projetos\02.02.01.15.01\0 - Documentos Gerais\Documentos com unidade (ProjectID=428150).
[2026-07-27 14:23:51.465] [INFO] Criando pasta sem ambiente: Engenharia\Ecovias Noroeste Paulista\Projetos\02.02.01.15.01\0 - Documentos Gerais\Documentos com unidade\GRD-COM-ECNO-02.02.01.15.01-0000001
[2026-07-27 14:23:51.816] [INFO] Pasta criada: Engenharia\Ecovias Noroeste Paulista\Projetos\02.02.01.15.01\0 - Documentos Gerais\Documentos com unidade\GRD-COM-ECNO-02.02.01.15.01-0000001 (ProjectID=428151).
[2026-07-27 14:23:52.007] [INFO] Importando Excel na pasta final: GRD-COM-ECNO-02.02.01.15.01-0000001.xlsx
[2026-07-27 14:23:52.227] [INFO] Excel importado com sucesso: DocumentID=1; caminho=Engenharia\Ecovias Noroeste Paulista\Projetos\02.02.01.15.01\0 - Documentos Gerais\Documentos com unidade\GRD-COM-ECNO-02.02.01.15.01-0000001\GRD-COM-ECNO-02.02.01.15.01-0000001.xlsx
[2026-07-27 14:23:52.228] [INFO] Analisando grupo 'GRD-COM-EVNP-03.03.03 - Colina' (ARTESP) com 32 documento(s).
[2026-07-27 14:23:52.409] [AVISO] Estrutura ausente para 'GRD-COM-EVNP-03.03.03 - Colina'. Precisam ser criadas: Engenharia\Ecovias Noroeste Paulista\Projetos\03.03.03 - Colina\0 - Documentos Gerais\Documentos com unidade; Engenharia\Ecovias Noroeste Paulista\Projetos\03.03.03 - Colina\0 - Documentos Gerais\Documentos com unidade\GRD-COM-EVNP-03.03.03 - Colina-0000001
[2026-07-27 14:23:52.411] [INFO] Grupo 'GRD-COM-EVNP-03.03.03 - Colina': GRD prevista 'GRD-COM-EVNP-03.03.03 - Colina-0000001'; destino 'Engenharia\Ecovias Noroeste Paulista\Projetos\03.03.03 - Colina\0 - Documentos Gerais\Documentos com unidade\GRD-COM-EVNP-03.03.03 - Colina-0000001'. Nenhuma pasta receberá ambiente.
[2026-07-27 14:23:52.610] [INFO] Excel local gerado para 'GRD-COM-EVNP-03.03.03 - Colina': C:\Users\peter\OneDrive - Grupo Ecorodovias\Área de Trabalho\Scritps_novos\SaidaSimulacao\20260727_141659\ARTESP\GRD-COM-EVNP-03.03.03 - Colina-0000001.xlsx
[2026-07-27 14:23:52.653] [INFO] Criando pasta sem ambiente: Engenharia\Ecovias Noroeste Paulista\Projetos\03.03.03 - Colina\0 - Documentos Gerais\Documentos com unidade
[2026-07-27 14:23:52.887] [INFO] Pasta criada: Engenharia\Ecovias Noroeste Paulista\Projetos\03.03.03 - Colina\0 - Documentos Gerais\Documentos com unidade (ProjectID=428152).
[2026-07-27 14:23:52.925] [INFO] Criando pasta sem ambiente: Engenharia\Ecovias Noroeste Paulista\Projetos\03.03.03 - Colina\0 - Documentos Gerais\Documentos com unidade\GRD-COM-EVNP-03.03.03 - Colina-0000001
[2026-07-27 14:23:53.182] [INFO] Pasta criada: Engenharia\Ecovias Noroeste Paulista\Projetos\03.03.03 - Colina\0 - Documentos Gerais\Documentos com unidade\GRD-COM-EVNP-03.03.03 - Colina-0000001 (ProjectID=428153).
[2026-07-27 14:23:53.412] [INFO] Importando Excel na pasta final: GRD-COM-EVNP-03.03.03 - Colina-0000001.xlsx
[2026-07-27 14:23:53.664] [INFO] Excel importado com sucesso: DocumentID=1; caminho=Engenharia\Ecovias Noroeste Paulista\Projetos\03.03.03 - Colina\0 - Documentos Gerais\Documentos com unidade\GRD-COM-EVNP-03.03.03 - Colina-0000001\GRD-COM-EVNP-03.03.03 - Colina-0000001.xlsx
[2026-07-27 14:23:53.665] [INFO] Analisando grupo 'GRD-COM-IMI-Alemoa Dispositivo' (ARTESP) com 14 documento(s).
[2026-07-27 14:23:53.898] [AVISO] Estrutura ausente para 'GRD-COM-IMI-Alemoa Dispositivo'. Precisam ser criadas: Engenharia\Ecovias Imigrantes\Projetos\Alemoa Dispositivo\0 - Documentos Gerais\Documentos com unidade; Engenharia\Ecovias Imigrantes\Projetos\Alemoa Dispositivo\0 - Documentos Gerais\Documentos com unidade\GRD-COM-IMI-Alemoa Dispositivo-0000001
[2026-07-27 14:23:53.899] [INFO] Grupo 'GRD-COM-IMI-Alemoa Dispositivo': GRD prevista 'GRD-COM-IMI-Alemoa Dispositivo-0000001'; destino 'Engenharia\Ecovias Imigrantes\Projetos\Alemoa Dispositivo\0 - Documentos Gerais\Documentos com unidade\GRD-COM-IMI-Alemoa Dispositivo-0000001'. Nenhuma pasta receberá ambiente.
[2026-07-27 14:23:54.118] [INFO] Excel local gerado para 'GRD-COM-IMI-Alemoa Dispositivo': C:\Users\peter\OneDrive - Grupo Ecorodovias\Área de Trabalho\Scritps_novos\SaidaSimulacao\20260727_141659\ARTESP\GRD-COM-IMI-Alemoa Dispositivo-0000001.xlsx
[2026-07-27 14:23:54.158] [INFO] Criando pasta sem ambiente: Engenharia\Ecovias Imigrantes\Projetos\Alemoa Dispositivo\0 - Documentos Gerais\Documentos com unidade
[2026-07-27 14:23:54.410] [INFO] Pasta criada: Engenharia\Ecovias Imigrantes\Projetos\Alemoa Dispositivo\0 - Documentos Gerais\Documentos com unidade (ProjectID=428154).
[2026-07-27 14:23:54.446] [INFO] Criando pasta sem ambiente: Engenharia\Ecovias Imigrantes\Projetos\Alemoa Dispositivo\0 - Documentos Gerais\Documentos com unidade\GRD-COM-IMI-Alemoa Dispositivo-0000001
[2026-07-27 14:23:54.761] [INFO] Pasta criada: Engenharia\Ecovias Imigrantes\Projetos\Alemoa Dispositivo\0 - Documentos Gerais\Documentos com unidade\GRD-COM-IMI-Alemoa Dispositivo-0000001 (ProjectID=428155).
[2026-07-27 14:23:55.021] [INFO] Importando Excel na pasta final: GRD-COM-IMI-Alemoa Dispositivo-0000001.xlsx
[2026-07-27 14:23:55.287] [INFO] Excel importado com sucesso: DocumentID=1; caminho=Engenharia\Ecovias Imigrantes\Projetos\Alemoa Dispositivo\0 - Documentos Gerais\Documentos com unidade\GRD-COM-IMI-Alemoa Dispositivo-0000001\GRD-COM-IMI-Alemoa Dispositivo-0000001.xlsx
[2026-07-27 14:23:55.288] [INFO] Analisando grupo 'GRD-COM-ECVI-TD-00 - AVCB' (ARTESP) com 20 documento(s).
[2026-07-27 14:23:55.581] [AVISO] Estrutura ausente para 'GRD-COM-ECVI-TD-00 - AVCB'. Precisam ser criadas: Engenharia\Ecovias Imigrantes\Projetos\TD-00 - AVCB Túneis\0 - Documentos Gerais\Documentos com unidade; Engenharia\Ecovias Imigrantes\Projetos\TD-00 - AVCB Túneis\0 - Documentos Gerais\Documentos com unidade\GRD-COM-ECVI-TD-00 - AVCB-0000001
[2026-07-27 14:23:55.582] [INFO] Grupo 'GRD-COM-ECVI-TD-00 - AVCB': GRD prevista 'GRD-COM-ECVI-TD-00 - AVCB-0000001'; destino 'Engenharia\Ecovias Imigrantes\Projetos\TD-00 - AVCB Túneis\0 - Documentos Gerais\Documentos com unidade\GRD-COM-ECVI-TD-00 - AVCB-0000001'. Nenhuma pasta receberá ambiente.
[2026-07-27 14:23:55.769] [INFO] Excel local gerado para 'GRD-COM-ECVI-TD-00 - AVCB': C:\Users\peter\OneDrive - Grupo Ecorodovias\Área de Trabalho\Scritps_novos\SaidaSimulacao\20260727_141659\ARTESP\GRD-COM-ECVI-TD-00 - AVCB-0000001.xlsx
[2026-07-27 14:23:55.807] [INFO] Criando pasta sem ambiente: Engenharia\Ecovias Imigrantes\Projetos\TD-00 - AVCB Túneis\0 - Documentos Gerais\Documentos com unidade
[2026-07-27 14:23:56.047] [INFO] Pasta criada: Engenharia\Ecovias Imigrantes\Projetos\TD-00 - AVCB Túneis\0 - Documentos Gerais\Documentos com unidade (ProjectID=428156).
[2026-07-27 14:23:56.090] [INFO] Criando pasta sem ambiente: Engenharia\Ecovias Imigrantes\Projetos\TD-00 - AVCB Túneis\0 - Documentos Gerais\Documentos com unidade\GRD-COM-ECVI-TD-00 - AVCB-0000001
[2026-07-27 14:23:56.371] [INFO] Pasta criada: Engenharia\Ecovias Imigrantes\Projetos\TD-00 - AVCB Túneis\0 - Documentos Gerais\Documentos com unidade\GRD-COM-ECVI-TD-00 - AVCB-0000001 (ProjectID=428157).
[2026-07-27 14:23:56.625] [INFO] Importando Excel na pasta final: GRD-COM-ECVI-TD-00 - AVCB-0000001.xlsx
[2026-07-27 14:23:56.873] [INFO] Excel importado com sucesso: DocumentID=1; caminho=Engenharia\Ecovias Imigrantes\Projetos\TD-00 - AVCB Túneis\0 - Documentos Gerais\Documentos com unidade\GRD-COM-ECVI-TD-00 - AVCB-0000001\GRD-COM-ECVI-TD-00 - AVCB-0000001.xlsx
[2026-07-27 14:23:56.874] [INFO] Analisando grupo 'GRD-COM-ECVI-Túnel Quilombo' (ARTESP) com 100 documento(s).
[2026-07-27 14:23:57.075] [AVISO] Estrutura ausente para 'GRD-COM-ECVI-Túnel Quilombo'. Precisam ser criadas: Engenharia\Ecovias Imigrantes\Projetos\Túnel Quilombo\0 - Documentos Gerais\Documentos com unidade; Engenharia\Ecovias Imigrantes\Projetos\Túnel Quilombo\0 - Documentos Gerais\Documentos com unidade\GRD-COM-ECVI-Túnel Quilombo-0000001
[2026-07-27 14:23:57.076] [INFO] Grupo 'GRD-COM-ECVI-Túnel Quilombo': GRD prevista 'GRD-COM-ECVI-Túnel Quilombo-0000001'; destino 'Engenharia\Ecovias Imigrantes\Projetos\Túnel Quilombo\0 - Documentos Gerais\Documentos com unidade\GRD-COM-ECVI-Túnel Quilombo-0000001'. Nenhuma pasta receberá ambiente.
[2026-07-27 14:23:57.254] [INFO] Excel local gerado para 'GRD-COM-ECVI-Túnel Quilombo': C:\Users\peter\OneDrive - Grupo Ecorodovias\Área de Trabalho\Scritps_novos\SaidaSimulacao\20260727_141659\ARTESP\GRD-COM-ECVI-Túnel Quilombo-0000001.xlsx
[2026-07-27 14:23:57.295] [INFO] Criando pasta sem ambiente: Engenharia\Ecovias Imigrantes\Projetos\Túnel Quilombo\0 - Documentos Gerais\Documentos com unidade
[2026-07-27 14:23:57.669] [INFO] Pasta criada: Engenharia\Ecovias Imigrantes\Projetos\Túnel Quilombo\0 - Documentos Gerais\Documentos com unidade (ProjectID=428158).
[2026-07-27 14:23:57.705] [INFO] Criando pasta sem ambiente: Engenharia\Ecovias Imigrantes\Projetos\Túnel Quilombo\0 - Documentos Gerais\Documentos com unidade\GRD-COM-ECVI-Túnel Quilombo-0000001
[2026-07-27 14:23:58.080] [INFO] Pasta criada: Engenharia\Ecovias Imigrantes\Projetos\Túnel Quilombo\0 - Documentos Gerais\Documentos com unidade\GRD-COM-ECVI-Túnel Quilombo-0000001 (ProjectID=428159).
[2026-07-27 14:23:58.318] [INFO] Importando Excel na pasta final: GRD-COM-ECVI-Túnel Quilombo-0000001.xlsx
[2026-07-27 14:23:58.705] [INFO] Excel importado com sucesso: DocumentID=1; caminho=Engenharia\Ecovias Imigrantes\Projetos\Túnel Quilombo\0 - Documentos Gerais\Documentos com unidade\GRD-COM-ECVI-Túnel Quilombo-0000001\GRD-COM-ECVI-Túnel Quilombo-0000001.xlsx
[2026-07-27 14:23:58.706] [INFO] Analisando grupo 'GRD-COM-ECVI-TA-12 - AVCB Túneis' (ARTESP) com 42 documento(s).
[2026-07-27 14:23:58.884] [AVISO] Estrutura ausente para 'GRD-COM-ECVI-TA-12 - AVCB Túneis'. Precisam ser criadas: Engenharia\Ecovias Imigrantes\Projetos\TA-12 - AVCB Túneis\0 - Documentos Gerais\Documentos com unidade; Engenharia\Ecovias Imigrantes\Projetos\TA-12 - AVCB Túneis\0 - Documentos Gerais\Documentos com unidade\GRD-COM-ECVI-TA-12 - AVCB Túneis-0000001
[2026-07-27 14:23:58.885] [INFO] Grupo 'GRD-COM-ECVI-TA-12 - AVCB Túneis': GRD prevista 'GRD-COM-ECVI-TA-12 - AVCB Túneis-0000001'; destino 'Engenharia\Ecovias Imigrantes\Projetos\TA-12 - AVCB Túneis\0 - Documentos Gerais\Documentos com unidade\GRD-COM-ECVI-TA-12 - AVCB Túneis-0000001'. Nenhuma pasta receberá ambiente.
[2026-07-27 14:23:59.083] [INFO] Excel local gerado para 'GRD-COM-ECVI-TA-12 - AVCB Túneis': C:\Users\peter\OneDrive - Grupo Ecorodovias\Área de Trabalho\Scritps_novos\SaidaSimulacao\20260727_141659\ARTESP\GRD-COM-ECVI-TA-12 - AVCB Túneis-0000001.xlsx
[2026-07-27 14:23:59.123] [INFO] Criando pasta sem ambiente: Engenharia\Ecovias Imigrantes\Projetos\TA-12 - AVCB Túneis\0 - Documentos Gerais\Documentos com unidade
[2026-07-27 14:23:59.470] [INFO] Pasta criada: Engenharia\Ecovias Imigrantes\Projetos\TA-12 - AVCB Túneis\0 - Documentos Gerais\Documentos com unidade (ProjectID=428160).
[2026-07-27 14:23:59.512] [INFO] Criando pasta sem ambiente: Engenharia\Ecovias Imigrantes\Projetos\TA-12 - AVCB Túneis\0 - Documentos Gerais\Documentos com unidade\GRD-COM-ECVI-TA-12 - AVCB Túneis-0000001
[2026-07-27 14:23:59.752] [INFO] Pasta criada: Engenharia\Ecovias Imigrantes\Projetos\TA-12 - AVCB Túneis\0 - Documentos Gerais\Documentos com unidade\GRD-COM-ECVI-TA-12 - AVCB Túneis-0000001 (ProjectID=428161).
[2026-07-27 14:23:59.964] [INFO] Importando Excel na pasta final: GRD-COM-ECVI-TA-12 - AVCB Túneis-0000001.xlsx
[2026-07-27 14:24:00.229] [INFO] Excel importado com sucesso: DocumentID=1; caminho=Engenharia\Ecovias Imigrantes\Projetos\TA-12 - AVCB Túneis\0 - Documentos Gerais\Documentos com unidade\GRD-COM-ECVI-TA-12 - AVCB Túneis-0000001\GRD-COM-ECVI-TA-12 - AVCB Túneis-0000001.xlsx
[2026-07-27 14:24:00.230] [INFO] Analisando grupo 'GRD-COM-ECVI-TA-09 - AVCB Túneis' (ARTESP) com 42 documento(s).
[2026-07-27 14:24:00.448] [AVISO] Estrutura ausente para 'GRD-COM-ECVI-TA-09 - AVCB Túneis'. Precisam ser criadas: Engenharia\Ecovias Imigrantes\Projetos\TA-09 - AVCB Túneis\0 - Documentos Gerais\Documentos com unidade; Engenharia\Ecovias Imigrantes\Projetos\TA-09 - AVCB Túneis\0 - Documentos Gerais\Documentos com unidade\GRD-COM-ECVI-TA-09 - AVCB Túneis-0000001
[2026-07-27 14:24:00.449] [INFO] Grupo 'GRD-COM-ECVI-TA-09 - AVCB Túneis': GRD prevista 'GRD-COM-ECVI-TA-09 - AVCB Túneis-0000001'; destino 'Engenharia\Ecovias Imigrantes\Projetos\TA-09 - AVCB Túneis\0 - Documentos Gerais\Documentos com unidade\GRD-COM-ECVI-TA-09 - AVCB Túneis-0000001'. Nenhuma pasta receberá ambiente.
[2026-07-27 14:24:00.625] [INFO] Excel local gerado para 'GRD-COM-ECVI-TA-09 - AVCB Túneis': C:\Users\peter\OneDrive - Grupo Ecorodovias\Área de Trabalho\Scritps_novos\SaidaSimulacao\20260727_141659\ARTESP\GRD-COM-ECVI-TA-09 - AVCB Túneis-0000001.xlsx
[2026-07-27 14:24:00.658] [INFO] Criando pasta sem ambiente: Engenharia\Ecovias Imigrantes\Projetos\TA-09 - AVCB Túneis\0 - Documentos Gerais\Documentos com unidade
[2026-07-27 14:24:01.003] [INFO] Pasta criada: Engenharia\Ecovias Imigrantes\Projetos\TA-09 - AVCB Túneis\0 - Documentos Gerais\Documentos com unidade (ProjectID=428162).
[2026-07-27 14:24:01.038] [INFO] Criando pasta sem ambiente: Engenharia\Ecovias Imigrantes\Projetos\TA-09 - AVCB Túneis\0 - Documentos Gerais\Documentos com unidade\GRD-COM-ECVI-TA-09 - AVCB Túneis-0000001
[2026-07-27 14:24:01.314] [INFO] Pasta criada: Engenharia\Ecovias Imigrantes\Projetos\TA-09 - AVCB Túneis\0 - Documentos Gerais\Documentos com unidade\GRD-COM-ECVI-TA-09 - AVCB Túneis-0000001 (ProjectID=428163).
[2026-07-27 14:24:01.542] [INFO] Importando Excel na pasta final: GRD-COM-ECVI-TA-09 - AVCB Túneis-0000001.xlsx
[2026-07-27 14:24:01.850] [INFO] Excel importado com sucesso: DocumentID=1; caminho=Engenharia\Ecovias Imigrantes\Projetos\TA-09 - AVCB Túneis\0 - Documentos Gerais\Documentos com unidade\GRD-COM-ECVI-TA-09 - AVCB Túneis-0000001\GRD-COM-ECVI-TA-09 - AVCB Túneis-0000001.xlsx
[2026-07-27 14:24:01.851] [INFO] Analisando grupo 'GRD-COM-ECVI-TA-13 - AVCB Túneis' (ARTESP) com 42 documento(s).
[2026-07-27 14:24:02.049] [AVISO] Estrutura ausente para 'GRD-COM-ECVI-TA-13 - AVCB Túneis'. Precisam ser criadas: Engenharia\Ecovias Imigrantes\Projetos\TA-13 - AVCB Túneis\0 - Documentos Gerais\Documentos com unidade; Engenharia\Ecovias Imigrantes\Projetos\TA-13 - AVCB Túneis\0 - Documentos Gerais\Documentos com unidade\GRD-COM-ECVI-TA-13 - AVCB Túneis-0000001
[2026-07-27 14:24:02.050] [INFO] Grupo 'GRD-COM-ECVI-TA-13 - AVCB Túneis': GRD prevista 'GRD-COM-ECVI-TA-13 - AVCB Túneis-0000001'; destino 'Engenharia\Ecovias Imigrantes\Projetos\TA-13 - AVCB Túneis\0 - Documentos Gerais\Documentos com unidade\GRD-COM-ECVI-TA-13 - AVCB Túneis-0000001'. Nenhuma pasta receberá ambiente.
[2026-07-27 14:24:02.238] [INFO] Excel local gerado para 'GRD-COM-ECVI-TA-13 - AVCB Túneis': C:\Users\peter\OneDrive - Grupo Ecorodovias\Área de Trabalho\Scritps_novos\SaidaSimulacao\20260727_141659\ARTESP\GRD-COM-ECVI-TA-13 - AVCB Túneis-0000001.xlsx
[2026-07-27 14:24:02.279] [INFO] Criando pasta sem ambiente: Engenharia\Ecovias Imigrantes\Projetos\TA-13 - AVCB Túneis\0 - Documentos Gerais\Documentos com unidade
[2026-07-27 14:24:02.533] [INFO] Pasta criada: Engenharia\Ecovias Imigrantes\Projetos\TA-13 - AVCB Túneis\0 - Documentos Gerais\Documentos com unidade (ProjectID=428164).
[2026-07-27 14:24:02.568] [INFO] Criando pasta sem ambiente: Engenharia\Ecovias Imigrantes\Projetos\TA-13 - AVCB Túneis\0 - Documentos Gerais\Documentos com unidade\GRD-COM-ECVI-TA-13 - AVCB Túneis-0000001
[2026-07-27 14:24:02.940] [INFO] Pasta criada: Engenharia\Ecovias Imigrantes\Projetos\TA-13 - AVCB Túneis\0 - Documentos Gerais\Documentos com unidade\GRD-COM-ECVI-TA-13 - AVCB Túneis-0000001 (ProjectID=428165).
[2026-07-27 14:24:03.190] [INFO] Importando Excel na pasta final: GRD-COM-ECVI-TA-13 - AVCB Túneis-0000001.xlsx
[2026-07-27 14:24:03.635] [INFO] Excel importado com sucesso: DocumentID=1; caminho=Engenharia\Ecovias Imigrantes\Projetos\TA-13 - AVCB Túneis\0 - Documentos Gerais\Documentos com unidade\GRD-COM-ECVI-TA-13 - AVCB Túneis-0000001\GRD-COM-ECVI-TA-13 - AVCB Túneis-0000001.xlsx
[2026-07-27 14:24:03.637] [INFO] Analisando grupo 'GRD-COM-ECVI-TD-01 - AVCB' (ARTESP) com 76 documento(s).
[2026-07-27 14:24:04.027] [AVISO] Estrutura ausente para 'GRD-COM-ECVI-TD-01 - AVCB'. Precisam ser criadas: Engenharia\Ecovias Imigrantes\Projetos\TD-01 - AVCB\0 - Documentos Gerais\Documentos com unidade; Engenharia\Ecovias Imigrantes\Projetos\TD-01 - AVCB\0 - Documentos Gerais\Documentos com unidade\GRD-COM-ECVI-TD-01 - AVCB-0000001
[2026-07-27 14:24:04.028] [INFO] Grupo 'GRD-COM-ECVI-TD-01 - AVCB': GRD prevista 'GRD-COM-ECVI-TD-01 - AVCB-0000001'; destino 'Engenharia\Ecovias Imigrantes\Projetos\TD-01 - AVCB\0 - Documentos Gerais\Documentos com unidade\GRD-COM-ECVI-TD-01 - AVCB-0000001'. Nenhuma pasta receberá ambiente.
[2026-07-27 14:24:04.215] [INFO] Excel local gerado para 'GRD-COM-ECVI-TD-01 - AVCB': C:\Users\peter\OneDrive - Grupo Ecorodovias\Área de Trabalho\Scritps_novos\SaidaSimulacao\20260727_141659\ARTESP\GRD-COM-ECVI-TD-01 - AVCB-0000001.xlsx
[2026-07-27 14:24:04.257] [INFO] Criando pasta sem ambiente: Engenharia\Ecovias Imigrantes\Projetos\TD-01 - AVCB\0 - Documentos Gerais\Documentos com unidade
[2026-07-27 14:24:04.583] [INFO] Pasta criada: Engenharia\Ecovias Imigrantes\Projetos\TD-01 - AVCB\0 - Documentos Gerais\Documentos com unidade (ProjectID=428166).
[2026-07-27 14:24:04.619] [INFO] Criando pasta sem ambiente: Engenharia\Ecovias Imigrantes\Projetos\TD-01 - AVCB\0 - Documentos Gerais\Documentos com unidade\GRD-COM-ECVI-TD-01 - AVCB-0000001
[2026-07-27 14:24:04.993] [INFO] Pasta criada: Engenharia\Ecovias Imigrantes\Projetos\TD-01 - AVCB\0 - Documentos Gerais\Documentos com unidade\GRD-COM-ECVI-TD-01 - AVCB-0000001 (ProjectID=428167).
[2026-07-27 14:24:05.232] [INFO] Importando Excel na pasta final: GRD-COM-ECVI-TD-01 - AVCB-0000001.xlsx
[2026-07-27 14:24:05.685] [INFO] Excel importado com sucesso: DocumentID=1; caminho=Engenharia\Ecovias Imigrantes\Projetos\TD-01 - AVCB\0 - Documentos Gerais\Documentos com unidade\GRD-COM-ECVI-TD-01 - AVCB-0000001\GRD-COM-ECVI-TD-01 - AVCB-0000001.xlsx
[2026-07-27 14:24:05.685] [INFO] Analisando grupo 'GRD-COM-ECVI-TA-04 - AVCB Túneis' (ARTESP) com 36 documento(s).
[2026-07-27 14:24:06.009] [AVISO] Estrutura ausente para 'GRD-COM-ECVI-TA-04 - AVCB Túneis'. Precisam ser criadas: Engenharia\Ecovias Imigrantes\Projetos\TA-04 - AVCB Túneis\0 - Documentos Gerais\Documentos com unidade; Engenharia\Ecovias Imigrantes\Projetos\TA-04 - AVCB Túneis\0 - Documentos Gerais\Documentos com unidade\GRD-COM-ECVI-TA-04 - AVCB Túneis-0000001
[2026-07-27 14:24:06.010] [INFO] Grupo 'GRD-COM-ECVI-TA-04 - AVCB Túneis': GRD prevista 'GRD-COM-ECVI-TA-04 - AVCB Túneis-0000001'; destino 'Engenharia\Ecovias Imigrantes\Projetos\TA-04 - AVCB Túneis\0 - Documentos Gerais\Documentos com unidade\GRD-COM-ECVI-TA-04 - AVCB Túneis-0000001'. Nenhuma pasta receberá ambiente.
[2026-07-27 14:24:06.222] [INFO] Excel local gerado para 'GRD-COM-ECVI-TA-04 - AVCB Túneis': C:\Users\peter\OneDrive - Grupo Ecorodovias\Área de Trabalho\Scritps_novos\SaidaSimulacao\20260727_141659\ARTESP\GRD-COM-ECVI-TA-04 - AVCB Túneis-0000001.xlsx
[2026-07-27 14:24:06.286] [INFO] Criando pasta sem ambiente: Engenharia\Ecovias Imigrantes\Projetos\TA-04 - AVCB Túneis\0 - Documentos Gerais\Documentos com unidade
[2026-07-27 14:24:06.797] [INFO] Pasta criada: Engenharia\Ecovias Imigrantes\Projetos\TA-04 - AVCB Túneis\0 - Documentos Gerais\Documentos com unidade (ProjectID=428168).
[2026-07-27 14:24:06.846] [INFO] Criando pasta sem ambiente: Engenharia\Ecovias Imigrantes\Projetos\TA-04 - AVCB Túneis\0 - Documentos Gerais\Documentos com unidade\GRD-COM-ECVI-TA-04 - AVCB Túneis-0000001
[2026-07-27 14:24:07.352] [INFO] Pasta criada: Engenharia\Ecovias Imigrantes\Projetos\TA-04 - AVCB Túneis\0 - Documentos Gerais\Documentos com unidade\GRD-COM-ECVI-TA-04 - AVCB Túneis-0000001 (ProjectID=428169).
[2026-07-27 14:24:07.626] [INFO] Importando Excel na pasta final: GRD-COM-ECVI-TA-04 - AVCB Túneis-0000001.xlsx
[2026-07-27 14:24:08.044] [INFO] Excel importado com sucesso: DocumentID=1; caminho=Engenharia\Ecovias Imigrantes\Projetos\TA-04 - AVCB Túneis\0 - Documentos Gerais\Documentos com unidade\GRD-COM-ECVI-TA-04 - AVCB Túneis-0000001\GRD-COM-ECVI-TA-04 - AVCB Túneis-0000001.xlsx
[2026-07-27 14:24:08.045] [INFO] Analisando grupo 'GRD-COM-ECVI-TA-002 - AVCB Túneis' (ARTESP) com 32 documento(s).
[2026-07-27 14:24:08.385] [AVISO] Estrutura ausente para 'GRD-COM-ECVI-TA-002 - AVCB Túneis'. Precisam ser criadas: Engenharia\Ecovias Imigrantes\Projetos\TA-002 - AVCB Túneis\0 - Documentos Gerais\Documentos com unidade; Engenharia\Ecovias Imigrantes\Projetos\TA-002 - AVCB Túneis\0 - Documentos Gerais\Documentos com unidade\GRD-COM-ECVI-TA-002 - AVCB Túneis-0000001
[2026-07-27 14:24:08.387] [INFO] Grupo 'GRD-COM-ECVI-TA-002 - AVCB Túneis': GRD prevista 'GRD-COM-ECVI-TA-002 - AVCB Túneis-0000001'; destino 'Engenharia\Ecovias Imigrantes\Projetos\TA-002 - AVCB Túneis\0 - Documentos Gerais\Documentos com unidade\GRD-COM-ECVI-TA-002 - AVCB Túneis-0000001'. Nenhuma pasta receberá ambiente.
[2026-07-27 14:24:08.626] [INFO] Excel local gerado para 'GRD-COM-ECVI-TA-002 - AVCB Túneis': C:\Users\peter\OneDrive - Grupo Ecorodovias\Área de Trabalho\Scritps_novos\SaidaSimulacao\20260727_141659\ARTESP\GRD-COM-ECVI-TA-002 - AVCB Túneis-0000001.xlsx
[2026-07-27 14:24:08.668] [INFO] Criando pasta sem ambiente: Engenharia\Ecovias Imigrantes\Projetos\TA-002 - AVCB Túneis\0 - Documentos Gerais\Documentos com unidade
[2026-07-27 14:24:09.138] [INFO] Pasta criada: Engenharia\Ecovias Imigrantes\Projetos\TA-002 - AVCB Túneis\0 - Documentos Gerais\Documentos com unidade (ProjectID=428170).
[2026-07-27 14:24:09.199] [INFO] Criando pasta sem ambiente: Engenharia\Ecovias Imigrantes\Projetos\TA-002 - AVCB Túneis\0 - Documentos Gerais\Documentos com unidade\GRD-COM-ECVI-TA-002 - AVCB Túneis-0000001
[2026-07-27 14:24:09.599] [INFO] Pasta criada: Engenharia\Ecovias Imigrantes\Projetos\TA-002 - AVCB Túneis\0 - Documentos Gerais\Documentos com unidade\GRD-COM-ECVI-TA-002 - AVCB Túneis-0000001 (ProjectID=428171).
[2026-07-27 14:24:09.862] [INFO] Importando Excel na pasta final: GRD-COM-ECVI-TA-002 - AVCB Túneis-0000001.xlsx
[2026-07-27 14:24:10.238] [INFO] Excel importado com sucesso: DocumentID=1; caminho=Engenharia\Ecovias Imigrantes\Projetos\TA-002 - AVCB Túneis\0 - Documentos Gerais\Documentos com unidade\GRD-COM-ECVI-TA-002 - AVCB Túneis-0000001\GRD-COM-ECVI-TA-002 - AVCB Túneis-0000001.xlsx
[2026-07-27 14:24:10.240] [INFO] Analisando grupo 'GRD-COM-ECVI-TA-001 - AVCB Túneis' (ARTESP) com 30 documento(s).
[2026-07-27 14:24:10.597] [AVISO] Estrutura ausente para 'GRD-COM-ECVI-TA-001 - AVCB Túneis'. Precisam ser criadas: Engenharia\Ecovias Imigrantes\Projetos\TA-001 - AVCB Túneis\0 - Documentos Gerais\Documentos com unidade; Engenharia\Ecovias Imigrantes\Projetos\TA-001 - AVCB Túneis\0 - Documentos Gerais\Documentos com unidade\GRD-COM-ECVI-TA-001 - AVCB Túneis-0000001
[2026-07-27 14:24:10.598] [INFO] Grupo 'GRD-COM-ECVI-TA-001 - AVCB Túneis': GRD prevista 'GRD-COM-ECVI-TA-001 - AVCB Túneis-0000001'; destino 'Engenharia\Ecovias Imigrantes\Projetos\TA-001 - AVCB Túneis\0 - Documentos Gerais\Documentos com unidade\GRD-COM-ECVI-TA-001 - AVCB Túneis-0000001'. Nenhuma pasta receberá ambiente.
[2026-07-27 14:24:10.766] [INFO] Excel local gerado para 'GRD-COM-ECVI-TA-001 - AVCB Túneis': C:\Users\peter\OneDrive - Grupo Ecorodovias\Área de Trabalho\Scritps_novos\SaidaSimulacao\20260727_141659\ARTESP\GRD-COM-ECVI-TA-001 - AVCB Túneis-0000001.xlsx
[2026-07-27 14:24:10.817] [INFO] Criando pasta sem ambiente: Engenharia\Ecovias Imigrantes\Projetos\TA-001 - AVCB Túneis\0 - Documentos Gerais\Documentos com unidade
[2026-07-27 14:24:11.371] [INFO] Pasta criada: Engenharia\Ecovias Imigrantes\Projetos\TA-001 - AVCB Túneis\0 - Documentos Gerais\Documentos com unidade (ProjectID=428172).
[2026-07-27 14:24:11.435] [INFO] Criando pasta sem ambiente: Engenharia\Ecovias Imigrantes\Projetos\TA-001 - AVCB Túneis\0 - Documentos Gerais\Documentos com unidade\GRD-COM-ECVI-TA-001 - AVCB Túneis-0000001
[2026-07-27 14:24:12.213] [INFO] Pasta criada: Engenharia\Ecovias Imigrantes\Projetos\TA-001 - AVCB Túneis\0 - Documentos Gerais\Documentos com unidade\GRD-COM-ECVI-TA-001 - AVCB Túneis-0000001 (ProjectID=428173).
[2026-07-27 14:24:12.473] [INFO] Importando Excel na pasta final: GRD-COM-ECVI-TA-001 - AVCB Túneis-0000001.xlsx
[2026-07-27 14:24:12.889] [INFO] Excel importado com sucesso: DocumentID=1; caminho=Engenharia\Ecovias Imigrantes\Projetos\TA-001 - AVCB Túneis\0 - Documentos Gerais\Documentos com unidade\GRD-COM-ECVI-TA-001 - AVCB Túneis-0000001\GRD-COM-ECVI-TA-001 - AVCB Túneis-0000001.xlsx
[2026-07-27 14:24:12.890] [INFO] Analisando grupo 'GRD-COM-ECVI-TA-06 - AVCB Túneis' (ARTESP) com 6 documento(s).
[2026-07-27 14:24:13.245] [AVISO] Estrutura ausente para 'GRD-COM-ECVI-TA-06 - AVCB Túneis'. Precisam ser criadas: Engenharia\Ecovias Imigrantes\Projetos\TA-06 - AVCB Túneis\0 - Documentos Gerais\Documentos com unidade; Engenharia\Ecovias Imigrantes\Projetos\TA-06 - AVCB Túneis\0 - Documentos Gerais\Documentos com unidade\GRD-COM-ECVI-TA-06 - AVCB Túneis-0000001
[2026-07-27 14:24:13.245] [INFO] Grupo 'GRD-COM-ECVI-TA-06 - AVCB Túneis': GRD prevista 'GRD-COM-ECVI-TA-06 - AVCB Túneis-0000001'; destino 'Engenharia\Ecovias Imigrantes\Projetos\TA-06 - AVCB Túneis\0 - Documentos Gerais\Documentos com unidade\GRD-COM-ECVI-TA-06 - AVCB Túneis-0000001'. Nenhuma pasta receberá ambiente.
[2026-07-27 14:24:13.432] [INFO] Excel local gerado para 'GRD-COM-ECVI-TA-06 - AVCB Túneis': C:\Users\peter\OneDrive - Grupo Ecorodovias\Área de Trabalho\Scritps_novos\SaidaSimulacao\20260727_141659\ARTESP\GRD-COM-ECVI-TA-06 - AVCB Túneis-0000001.xlsx
[2026-07-27 14:24:13.487] [INFO] Criando pasta sem ambiente: Engenharia\Ecovias Imigrantes\Projetos\TA-06 - AVCB Túneis\0 - Documentos Gerais\Documentos com unidade
[2026-07-27 14:24:14.051] [INFO] Pasta criada: Engenharia\Ecovias Imigrantes\Projetos\TA-06 - AVCB Túneis\0 - Documentos Gerais\Documentos com unidade (ProjectID=428174).
[2026-07-27 14:24:14.098] [INFO] Criando pasta sem ambiente: Engenharia\Ecovias Imigrantes\Projetos\TA-06 - AVCB Túneis\0 - Documentos Gerais\Documentos com unidade\GRD-COM-ECVI-TA-06 - AVCB Túneis-0000001
[2026-07-27 14:24:14.687] [INFO] Pasta criada: Engenharia\Ecovias Imigrantes\Projetos\TA-06 - AVCB Túneis\0 - Documentos Gerais\Documentos com unidade\GRD-COM-ECVI-TA-06 - AVCB Túneis-0000001 (ProjectID=428175).
[2026-07-27 14:24:14.968] [INFO] Importando Excel na pasta final: GRD-COM-ECVI-TA-06 - AVCB Túneis-0000001.xlsx
[2026-07-27 14:24:15.381] [INFO] Excel importado com sucesso: DocumentID=1; caminho=Engenharia\Ecovias Imigrantes\Projetos\TA-06 - AVCB Túneis\0 - Documentos Gerais\Documentos com unidade\GRD-COM-ECVI-TA-06 - AVCB Túneis-0000001\GRD-COM-ECVI-TA-06 - AVCB Túneis-0000001.xlsx
[2026-07-27 14:24:15.382] [INFO] Analisando grupo 'GRD-COM-ECVI-TA-01 - AVCB Túneis' (ARTESP) com 32 documento(s).
[2026-07-27 14:24:15.703] [AVISO] Estrutura ausente para 'GRD-COM-ECVI-TA-01 - AVCB Túneis'. Precisam ser criadas: Engenharia\Ecovias Imigrantes\Projetos\TA-01 - AVCB Túneis\0 - Documentos Gerais\Documentos com unidade; Engenharia\Ecovias Imigrantes\Projetos\TA-01 - AVCB Túneis\0 - Documentos Gerais\Documentos com unidade\GRD-COM-ECVI-TA-01 - AVCB Túneis-0000001
[2026-07-27 14:24:15.704] [INFO] Grupo 'GRD-COM-ECVI-TA-01 - AVCB Túneis': GRD prevista 'GRD-COM-ECVI-TA-01 - AVCB Túneis-0000001'; destino 'Engenharia\Ecovias Imigrantes\Projetos\TA-01 - AVCB Túneis\0 - Documentos Gerais\Documentos com unidade\GRD-COM-ECVI-TA-01 - AVCB Túneis-0000001'. Nenhuma pasta receberá ambiente.
[2026-07-27 14:24:15.880] [INFO] Excel local gerado para 'GRD-COM-ECVI-TA-01 - AVCB Túneis': C:\Users\peter\OneDrive - Grupo Ecorodovias\Área de Trabalho\Scritps_novos\SaidaSimulacao\20260727_141659\ARTESP\GRD-COM-ECVI-TA-01 - AVCB Túneis-0000001.xlsx
[2026-07-27 14:24:15.941] [INFO] Criando pasta sem ambiente: Engenharia\Ecovias Imigrantes\Projetos\TA-01 - AVCB Túneis\0 - Documentos Gerais\Documentos com unidade
[2026-07-27 14:24:16.568] [INFO] Pasta criada: Engenharia\Ecovias Imigrantes\Projetos\TA-01 - AVCB Túneis\0 - Documentos Gerais\Documentos com unidade (ProjectID=428176).
[2026-07-27 14:24:16.642] [INFO] Criando pasta sem ambiente: Engenharia\Ecovias Imigrantes\Projetos\TA-01 - AVCB Túneis\0 - Documentos Gerais\Documentos com unidade\GRD-COM-ECVI-TA-01 - AVCB Túneis-0000001
[2026-07-27 14:24:17.297] [INFO] Pasta criada: Engenharia\Ecovias Imigrantes\Projetos\TA-01 - AVCB Túneis\0 - Documentos Gerais\Documentos com unidade\GRD-COM-ECVI-TA-01 - AVCB Túneis-0000001 (ProjectID=428177).
[2026-07-27 14:24:17.583] [INFO] Importando Excel na pasta final: GRD-COM-ECVI-TA-01 - AVCB Túneis-0000001.xlsx
[2026-07-27 14:24:17.958] [INFO] Excel importado com sucesso: DocumentID=1; caminho=Engenharia\Ecovias Imigrantes\Projetos\TA-01 - AVCB Túneis\0 - Documentos Gerais\Documentos com unidade\GRD-COM-ECVI-TA-01 - AVCB Túneis-0000001\GRD-COM-ECVI-TA-01 - AVCB Túneis-0000001.xlsx
[2026-07-27 14:24:17.960] [INFO] Analisando grupo 'GRD-COM-ECVI-TA-02 - AVCB Túneis' (ARTESP) com 24 documento(s).
[2026-07-27 14:24:18.186] [AVISO] Estrutura ausente para 'GRD-COM-ECVI-TA-02 - AVCB Túneis'. Precisam ser criadas: Engenharia\Ecovias Imigrantes\Projetos\TA-02 - AVCB Túneis\0 - Documentos Gerais\Documentos com unidade; Engenharia\Ecovias Imigrantes\Projetos\TA-02 - AVCB Túneis\0 - Documentos Gerais\Documentos com unidade\GRD-COM-ECVI-TA-02 - AVCB Túneis-0000001
[2026-07-27 14:24:18.187] [INFO] Grupo 'GRD-COM-ECVI-TA-02 - AVCB Túneis': GRD prevista 'GRD-COM-ECVI-TA-02 - AVCB Túneis-0000001'; destino 'Engenharia\Ecovias Imigrantes\Projetos\TA-02 - AVCB Túneis\0 - Documentos Gerais\Documentos com unidade\GRD-COM-ECVI-TA-02 - AVCB Túneis-0000001'. Nenhuma pasta receberá ambiente.
[2026-07-27 14:24:18.369] [INFO] Excel local gerado para 'GRD-COM-ECVI-TA-02 - AVCB Túneis': C:\Users\peter\OneDrive - Grupo Ecorodovias\Área de Trabalho\Scritps_novos\SaidaSimulacao\20260727_141659\ARTESP\GRD-COM-ECVI-TA-02 - AVCB Túneis-0000001.xlsx
[2026-07-27 14:24:18.412] [INFO] Criando pasta sem ambiente: Engenharia\Ecovias Imigrantes\Projetos\TA-02 - AVCB Túneis\0 - Documentos Gerais\Documentos com unidade
[2026-07-27 14:24:18.658] [INFO] Pasta criada: Engenharia\Ecovias Imigrantes\Projetos\TA-02 - AVCB Túneis\0 - Documentos Gerais\Documentos com unidade (ProjectID=428178).
[2026-07-27 14:24:18.702] [INFO] Criando pasta sem ambiente: Engenharia\Ecovias Imigrantes\Projetos\TA-02 - AVCB Túneis\0 - Documentos Gerais\Documentos com unidade\GRD-COM-ECVI-TA-02 - AVCB Túneis-0000001
[2026-07-27 14:24:19.089] [INFO] Pasta criada: Engenharia\Ecovias Imigrantes\Projetos\TA-02 - AVCB Túneis\0 - Documentos Gerais\Documentos com unidade\GRD-COM-ECVI-TA-02 - AVCB Túneis-0000001 (ProjectID=428179).
[2026-07-27 14:24:19.314] [INFO] Importando Excel na pasta final: GRD-COM-ECVI-TA-02 - AVCB Túneis-0000001.xlsx
[2026-07-27 14:24:19.747] [INFO] Excel importado com sucesso: DocumentID=1; caminho=Engenharia\Ecovias Imigrantes\Projetos\TA-02 - AVCB Túneis\0 - Documentos Gerais\Documentos com unidade\GRD-COM-ECVI-TA-02 - AVCB Túneis-0000001\GRD-COM-ECVI-TA-02 - AVCB Túneis-0000001.xlsx
[2026-07-27 14:24:19.748] [INFO] Analisando grupo 'GRD-COM-ECVI-TA-03 - AVCB Túneis' (ARTESP) com 26 documento(s).
[2026-07-27 14:24:19.938] [AVISO] Estrutura ausente para 'GRD-COM-ECVI-TA-03 - AVCB Túneis'. Precisam ser criadas: Engenharia\Ecovias Imigrantes\Projetos\TA-03 - AVCB Túneis\0 - Documentos Gerais\Documentos com unidade; Engenharia\Ecovias Imigrantes\Projetos\TA-03 - AVCB Túneis\0 - Documentos Gerais\Documentos com unidade\GRD-COM-ECVI-TA-03 - AVCB Túneis-0000001
[2026-07-27 14:24:19.940] [INFO] Grupo 'GRD-COM-ECVI-TA-03 - AVCB Túneis': GRD prevista 'GRD-COM-ECVI-TA-03 - AVCB Túneis-0000001'; destino 'Engenharia\Ecovias Imigrantes\Projetos\TA-03 - AVCB Túneis\0 - Documentos Gerais\Documentos com unidade\GRD-COM-ECVI-TA-03 - AVCB Túneis-0000001'. Nenhuma pasta receberá ambiente.
[2026-07-27 14:24:20.124] [INFO] Excel local gerado para 'GRD-COM-ECVI-TA-03 - AVCB Túneis': C:\Users\peter\OneDrive - Grupo Ecorodovias\Área de Trabalho\Scritps_novos\SaidaSimulacao\20260727_141659\ARTESP\GRD-COM-ECVI-TA-03 - AVCB Túneis-0000001.xlsx
[2026-07-27 14:24:20.156] [INFO] Criando pasta sem ambiente: Engenharia\Ecovias Imigrantes\Projetos\TA-03 - AVCB Túneis\0 - Documentos Gerais\Documentos com unidade
[2026-07-27 14:24:20.413] [INFO] Pasta criada: Engenharia\Ecovias Imigrantes\Projetos\TA-03 - AVCB Túneis\0 - Documentos Gerais\Documentos com unidade (ProjectID=428180).
[2026-07-27 14:24:20.454] [INFO] Criando pasta sem ambiente: Engenharia\Ecovias Imigrantes\Projetos\TA-03 - AVCB Túneis\0 - Documentos Gerais\Documentos com unidade\GRD-COM-ECVI-TA-03 - AVCB Túneis-0000001
[2026-07-27 14:24:20.872] [INFO] Pasta criada: Engenharia\Ecovias Imigrantes\Projetos\TA-03 - AVCB Túneis\0 - Documentos Gerais\Documentos com unidade\GRD-COM-ECVI-TA-03 - AVCB Túneis-0000001 (ProjectID=428181).
[2026-07-27 14:24:21.157] [INFO] Importando Excel na pasta final: GRD-COM-ECVI-TA-03 - AVCB Túneis-0000001.xlsx
[2026-07-27 14:24:21.500] [INFO] Excel importado com sucesso: DocumentID=1; caminho=Engenharia\Ecovias Imigrantes\Projetos\TA-03 - AVCB Túneis\0 - Documentos Gerais\Documentos com unidade\GRD-COM-ECVI-TA-03 - AVCB Túneis-0000001\GRD-COM-ECVI-TA-03 - AVCB Túneis-0000001.xlsx
[2026-07-27 14:24:21.501] [INFO] Analisando grupo 'GRD-COM-ECVI-TA-14 - AVCB Túneis' (ARTESP) com 32 documento(s).
[2026-07-27 14:24:21.765] [AVISO] Estrutura ausente para 'GRD-COM-ECVI-TA-14 - AVCB Túneis'. Precisam ser criadas: Engenharia\Ecovias Imigrantes\Projetos\TA-14 - AVCB Túneis\0 - Documentos Gerais\Documentos com unidade; Engenharia\Ecovias Imigrantes\Projetos\TA-14 - AVCB Túneis\0 - Documentos Gerais\Documentos com unidade\GRD-COM-ECVI-TA-14 - AVCB Túneis-0000001
[2026-07-27 14:24:21.766] [INFO] Grupo 'GRD-COM-ECVI-TA-14 - AVCB Túneis': GRD prevista 'GRD-COM-ECVI-TA-14 - AVCB Túneis-0000001'; destino 'Engenharia\Ecovias Imigrantes\Projetos\TA-14 - AVCB Túneis\0 - Documentos Gerais\Documentos com unidade\GRD-COM-ECVI-TA-14 - AVCB Túneis-0000001'. Nenhuma pasta receberá ambiente.
[2026-07-27 14:24:22.073] [INFO] Excel local gerado para 'GRD-COM-ECVI-TA-14 - AVCB Túneis': C:\Users\peter\OneDrive - Grupo Ecorodovias\Área de Trabalho\Scritps_novos\SaidaSimulacao\20260727_141659\ARTESP\GRD-COM-ECVI-TA-14 - AVCB Túneis-0000001.xlsx
[2026-07-27 14:24:22.113] [INFO] Criando pasta sem ambiente: Engenharia\Ecovias Imigrantes\Projetos\TA-14 - AVCB Túneis\0 - Documentos Gerais\Documentos com unidade
[2026-07-27 14:24:22.458] [INFO] Pasta criada: Engenharia\Ecovias Imigrantes\Projetos\TA-14 - AVCB Túneis\0 - Documentos Gerais\Documentos com unidade (ProjectID=428182).
[2026-07-27 14:24:22.496] [INFO] Criando pasta sem ambiente: Engenharia\Ecovias Imigrantes\Projetos\TA-14 - AVCB Túneis\0 - Documentos Gerais\Documentos com unidade\GRD-COM-ECVI-TA-14 - AVCB Túneis-0000001
[2026-07-27 14:24:22.969] [INFO] Pasta criada: Engenharia\Ecovias Imigrantes\Projetos\TA-14 - AVCB Túneis\0 - Documentos Gerais\Documentos com unidade\GRD-COM-ECVI-TA-14 - AVCB Túneis-0000001 (ProjectID=428183).
[2026-07-27 14:24:23.243] [INFO] Importando Excel na pasta final: GRD-COM-ECVI-TA-14 - AVCB Túneis-0000001.xlsx
[2026-07-27 14:24:23.689] [INFO] Excel importado com sucesso: DocumentID=1; caminho=Engenharia\Ecovias Imigrantes\Projetos\TA-14 - AVCB Túneis\0 - Documentos Gerais\Documentos com unidade\GRD-COM-ECVI-TA-14 - AVCB Túneis-0000001\GRD-COM-ECVI-TA-14 - AVCB Túneis-0000001.xlsx
[2026-07-27 14:24:23.690] [INFO] Analisando grupo 'GRD-COM-ECVI-TA-07 - AVCB Túneis' (ARTESP) com 32 documento(s).
[2026-07-27 14:24:24.040] [AVISO] Estrutura ausente para 'GRD-COM-ECVI-TA-07 - AVCB Túneis'. Precisam ser criadas: Engenharia\Ecovias Imigrantes\Projetos\TA-07 - AVCB Túneis\0 - Documentos Gerais\Documentos com unidade; Engenharia\Ecovias Imigrantes\Projetos\TA-07 - AVCB Túneis\0 - Documentos Gerais\Documentos com unidade\GRD-COM-ECVI-TA-07 - AVCB Túneis-0000001
[2026-07-27 14:24:24.041] [INFO] Grupo 'GRD-COM-ECVI-TA-07 - AVCB Túneis': GRD prevista 'GRD-COM-ECVI-TA-07 - AVCB Túneis-0000001'; destino 'Engenharia\Ecovias Imigrantes\Projetos\TA-07 - AVCB Túneis\0 - Documentos Gerais\Documentos com unidade\GRD-COM-ECVI-TA-07 - AVCB Túneis-0000001'. Nenhuma pasta receberá ambiente.
[2026-07-27 14:24:24.232] [INFO] Excel local gerado para 'GRD-COM-ECVI-TA-07 - AVCB Túneis': C:\Users\peter\OneDrive - Grupo Ecorodovias\Área de Trabalho\Scritps_novos\SaidaSimulacao\20260727_141659\ARTESP\GRD-COM-ECVI-TA-07 - AVCB Túneis-0000001.xlsx
[2026-07-27 14:24:24.283] [INFO] Criando pasta sem ambiente: Engenharia\Ecovias Imigrantes\Projetos\TA-07 - AVCB Túneis\0 - Documentos Gerais\Documentos com unidade
[2026-07-27 14:24:24.588] [INFO] Pasta criada: Engenharia\Ecovias Imigrantes\Projetos\TA-07 - AVCB Túneis\0 - Documentos Gerais\Documentos com unidade (ProjectID=428184).
[2026-07-27 14:24:24.663] [INFO] Criando pasta sem ambiente: Engenharia\Ecovias Imigrantes\Projetos\TA-07 - AVCB Túneis\0 - Documentos Gerais\Documentos com unidade\GRD-COM-ECVI-TA-07 - AVCB Túneis-0000001
[2026-07-27 14:24:25.172] [INFO] Pasta criada: Engenharia\Ecovias Imigrantes\Projetos\TA-07 - AVCB Túneis\0 - Documentos Gerais\Documentos com unidade\GRD-COM-ECVI-TA-07 - AVCB Túneis-0000001 (ProjectID=428185).
[2026-07-27 14:24:25.497] [INFO] Importando Excel na pasta final: GRD-COM-ECVI-TA-07 - AVCB Túneis-0000001.xlsx
[2026-07-27 14:24:26.015] [INFO] Excel importado com sucesso: DocumentID=1; caminho=Engenharia\Ecovias Imigrantes\Projetos\TA-07 - AVCB Túneis\0 - Documentos Gerais\Documentos com unidade\GRD-COM-ECVI-TA-07 - AVCB Túneis-0000001\GRD-COM-ECVI-TA-07 - AVCB Túneis-0000001.xlsx
[2026-07-27 14:24:26.017] [INFO] Analisando grupo 'GRD-COM-ECVI-TD-02 - AVCB Túneis' (ARTESP) com 22 documento(s).
[2026-07-27 14:24:26.338] [AVISO] Estrutura ausente para 'GRD-COM-ECVI-TD-02 - AVCB Túneis'. Precisam ser criadas: Engenharia\Ecovias Imigrantes\Projetos\TD-02 - AVCB Túneis\0 - Documentos Gerais\Documentos com unidade; Engenharia\Ecovias Imigrantes\Projetos\TD-02 - AVCB Túneis\0 - Documentos Gerais\Documentos com unidade\GRD-COM-ECVI-TD-02 - AVCB Túneis-0000001
[2026-07-27 14:24:26.339] [INFO] Grupo 'GRD-COM-ECVI-TD-02 - AVCB Túneis': GRD prevista 'GRD-COM-ECVI-TD-02 - AVCB Túneis-0000001'; destino 'Engenharia\Ecovias Imigrantes\Projetos\TD-02 - AVCB Túneis\0 - Documentos Gerais\Documentos com unidade\GRD-COM-ECVI-TD-02 - AVCB Túneis-0000001'. Nenhuma pasta receberá ambiente.
[2026-07-27 14:24:26.499] [INFO] Excel local gerado para 'GRD-COM-ECVI-TD-02 - AVCB Túneis': C:\Users\peter\OneDrive - Grupo Ecorodovias\Área de Trabalho\Scritps_novos\SaidaSimulacao\20260727_141659\ARTESP\GRD-COM-ECVI-TD-02 - AVCB Túneis-0000001.xlsx
[2026-07-27 14:24:26.532] [INFO] Criando pasta sem ambiente: Engenharia\Ecovias Imigrantes\Projetos\TD-02 - AVCB Túneis\0 - Documentos Gerais\Documentos com unidade
[2026-07-27 14:24:26.924] [INFO] Pasta criada: Engenharia\Ecovias Imigrantes\Projetos\TD-02 - AVCB Túneis\0 - Documentos Gerais\Documentos com unidade (ProjectID=428186).
[2026-07-27 14:24:26.991] [INFO] Criando pasta sem ambiente: Engenharia\Ecovias Imigrantes\Projetos\TD-02 - AVCB Túneis\0 - Documentos Gerais\Documentos com unidade\GRD-COM-ECVI-TD-02 - AVCB Túneis-0000001
[2026-07-27 14:24:27.332] [INFO] Pasta criada: Engenharia\Ecovias Imigrantes\Projetos\TD-02 - AVCB Túneis\0 - Documentos Gerais\Documentos com unidade\GRD-COM-ECVI-TD-02 - AVCB Túneis-0000001 (ProjectID=428187).
[2026-07-27 14:24:27.577] [INFO] Importando Excel na pasta final: GRD-COM-ECVI-TD-02 - AVCB Túneis-0000001.xlsx
[2026-07-27 14:24:28.028] [INFO] Excel importado com sucesso: DocumentID=1; caminho=Engenharia\Ecovias Imigrantes\Projetos\TD-02 - AVCB Túneis\0 - Documentos Gerais\Documentos com unidade\GRD-COM-ECVI-TD-02 - AVCB Túneis-0000001\GRD-COM-ECVI-TD-02 - AVCB Túneis-0000001.xlsx
[2026-07-27 14:24:28.029] [INFO] Analisando grupo 'GRD-COM-ECVI-TA-10/11 - AVCB Túneis' (ARTESP) com 82 documento(s).
[2026-07-27 14:24:28.240] [AVISO] Estrutura ausente para 'GRD-COM-ECVI-TA-10/11 - AVCB Túneis'. Precisam ser criadas: Engenharia\Ecovias Imigrantes\Projetos\TA-10/11 - AVCB Túneis\0 - Documentos Gerais\Documentos com unidade; Engenharia\Ecovias Imigrantes\Projetos\TA-10/11 - AVCB Túneis\0 - Documentos Gerais\Documentos com unidade\GRD-COM-ECVI-TA-10/11 - AVCB Túneis-0000001
[2026-07-27 14:24:28.242] [INFO] Grupo 'GRD-COM-ECVI-TA-10/11 - AVCB Túneis': GRD prevista 'GRD-COM-ECVI-TA-10/11 - AVCB Túneis-0000001'; destino 'Engenharia\Ecovias Imigrantes\Projetos\TA-10/11 - AVCB Túneis\0 - Documentos Gerais\Documentos com unidade\GRD-COM-ECVI-TA-10/11 - AVCB Túneis-0000001'. Nenhuma pasta receberá ambiente.
[2026-07-27 14:24:28.421] [INFO] Excel local gerado para 'GRD-COM-ECVI-TA-10/11 - AVCB Túneis': C:\Users\peter\OneDrive - Grupo Ecorodovias\Área de Trabalho\Scritps_novos\SaidaSimulacao\20260727_141659\ARTESP\GRD-COM-ECVI-TA-10_11 - AVCB Túneis-0000001.xlsx
[2026-07-27 14:24:28.470] [INFO] Criando pasta sem ambiente: Engenharia\Ecovias Imigrantes\Projetos\TA-10/11 - AVCB Túneis\0 - Documentos Gerais\Documentos com unidade
[2026-07-27 14:24:28.897] [INFO] Pasta criada: Engenharia\Ecovias Imigrantes\Projetos\TA-10/11 - AVCB Túneis\0 - Documentos Gerais\Documentos com unidade (ProjectID=428188).
[2026-07-27 14:24:28.941] [INFO] Criando pasta sem ambiente: Engenharia\Ecovias Imigrantes\Projetos\TA-10/11 - AVCB Túneis\0 - Documentos Gerais\Documentos com unidade\GRD-COM-ECVI-TA-10/11 - AVCB Túneis-0000001
[2026-07-27 14:24:29.303] [INFO] Pasta criada: Engenharia\Ecovias Imigrantes\Projetos\TA-10/11 - AVCB Túneis\0 - Documentos Gerais\Documentos com unidade\GRD-COM-ECVI-TA-10/11 - AVCB Túneis-0000001 (ProjectID=428189).
[2026-07-27 14:24:29.560] [INFO] Importando Excel na pasta final: GRD-COM-ECVI-TA-10_11 - AVCB Túneis-0000001.xlsx
[2026-07-27 14:24:29.976] [INFO] Excel importado com sucesso: DocumentID=1; caminho=Engenharia\Ecovias Imigrantes\Projetos\TA-10/11 - AVCB Túneis\0 - Documentos Gerais\Documentos com unidade\GRD-COM-ECVI-TA-10/11 - AVCB Túneis-0000001\GRD-COM-ECVI-TA-10_11 - AVCB Túneis-0000001.xlsx
[2026-07-27 14:24:29.977] [INFO] Analisando grupo 'GRD-COM-ECVI-TA-05 - AVCB Túneis' (ARTESP) com 50 documento(s).
[2026-07-27 14:24:30.317] [AVISO] Estrutura ausente para 'GRD-COM-ECVI-TA-05 - AVCB Túneis'. Precisam ser criadas: Engenharia\Ecovias Imigrantes\Projetos\TA-05 - AVCB Túneis\0 - Documentos Gerais\Documentos com unidade; Engenharia\Ecovias Imigrantes\Projetos\TA-05 - AVCB Túneis\0 - Documentos Gerais\Documentos com unidade\GRD-COM-ECVI-TA-05 - AVCB Túneis-0000001
[2026-07-27 14:24:30.318] [INFO] Grupo 'GRD-COM-ECVI-TA-05 - AVCB Túneis': GRD prevista 'GRD-COM-ECVI-TA-05 - AVCB Túneis-0000001'; destino 'Engenharia\Ecovias Imigrantes\Projetos\TA-05 - AVCB Túneis\0 - Documentos Gerais\Documentos com unidade\GRD-COM-ECVI-TA-05 - AVCB Túneis-0000001'. Nenhuma pasta receberá ambiente.
[2026-07-27 14:24:30.613] [INFO] Excel local gerado para 'GRD-COM-ECVI-TA-05 - AVCB Túneis': C:\Users\peter\OneDrive - Grupo Ecorodovias\Área de Trabalho\Scritps_novos\SaidaSimulacao\20260727_141659\ARTESP\GRD-COM-ECVI-TA-05 - AVCB Túneis-0000001.xlsx
[2026-07-27 14:24:30.692] [INFO] Criando pasta sem ambiente: Engenharia\Ecovias Imigrantes\Projetos\TA-05 - AVCB Túneis\0 - Documentos Gerais\Documentos com unidade
[2026-07-27 14:24:31.475] [INFO] Pasta criada: Engenharia\Ecovias Imigrantes\Projetos\TA-05 - AVCB Túneis\0 - Documentos Gerais\Documentos com unidade (ProjectID=428190).
[2026-07-27 14:24:31.520] [INFO] Criando pasta sem ambiente: Engenharia\Ecovias Imigrantes\Projetos\TA-05 - AVCB Túneis\0 - Documentos Gerais\Documentos com unidade\GRD-COM-ECVI-TA-05 - AVCB Túneis-0000001
[2026-07-27 14:24:32.232] [INFO] Pasta criada: Engenharia\Ecovias Imigrantes\Projetos\TA-05 - AVCB Túneis\0 - Documentos Gerais\Documentos com unidade\GRD-COM-ECVI-TA-05 - AVCB Túneis-0000001 (ProjectID=428191).
[2026-07-27 14:24:32.478] [INFO] Importando Excel na pasta final: GRD-COM-ECVI-TA-05 - AVCB Túneis-0000001.xlsx
[2026-07-27 14:24:32.849] [INFO] Excel importado com sucesso: DocumentID=1; caminho=Engenharia\Ecovias Imigrantes\Projetos\TA-05 - AVCB Túneis\0 - Documentos Gerais\Documentos com unidade\GRD-COM-ECVI-TA-05 - AVCB Túneis-0000001\GRD-COM-ECVI-TA-05 - AVCB Túneis-0000001.xlsx
[2026-07-27 14:24:32.850] [INFO] Analisando grupo 'GRD-COM--' () com 8 documento(s).
[2026-07-27 14:24:33.249] [AVISO] Grupo 'GRD-COM--' ignorado. PoderConcedente não preenchido

[2026-07-27 14:24:33.251] [INFO] EXECUÇÃO REAL CONCLUÍDA — estrutura e planilha criadas no ProjectWise.
[2026-07-27 14:24:33.252] [INFO] Documentos considerados: 53744 (pesquisa completa).

Grupo                                   PoderConcedente GRDPrevista                                     Documentos Exce
                                                                                                                   lLoc
                                                                                                                   al
-----                                   --------------- -----------                                     ---------- ----
GRD-COM-ECA-Dispositivo ano 9           ANTT            GRD-COM-ECA-Dispositivo ano 9-0000001                  192 C...
GRD-COM-ECA-Ampliações 6°Ano SH 16 e 17 ANTT            GRD-COM-ECA-Ampliações 6°Ano SH 16 e 17-0000001       2217 C...
GRD-COM-ECA-Ampliações 6°Ano SH 23      ANTT            GRD-COM-ECA-Ampliações 6°Ano SH 23-0000001            2308 C...
GRD-COM-ECA-Ampliações 4°Ano SH 14      ANTT            GRD-COM-ECA-Ampliações 4°Ano SH 14-0000001             536 C...
GRD-COM-ECA-Acesso 3°Ano 321+900        ANTT            GRD-COM-ECA-Acesso 3°Ano 321+900-0000001                11 C...
GRD-COM-ECA-Acesso 3°Ano 355+900        ANTT            GRD-COM-ECA-Acesso 3°Ano 355+900-0000001               116 C...
GRD-COM-ECA-Acesso 3°Ano 375+800        ANTT            GRD-COM-ECA-Acesso 3°Ano 375+800-0000001               180 C...
GRD-COM-ECA-Acesso 3°Ano 397+050        ANTT            GRD-COM-ECA-Acesso 3°Ano 397+050-0000001               169 C...
GRD-COM-ECA-Acesso 4°Ano 274+950        ANTT            GRD-COM-ECA-Acesso 4°Ano 274+950-0000001               204 C...
GRD-COM-ECA-Acesso 4°Ano 303+820        ANTT            GRD-COM-ECA-Acesso 4°Ano 303+820-0000001               170 C...
GRD-COM-ECA-Ampliações 5°Ano SH 18 e 19 ANTT            GRD-COM-ECA-Ampliações 5°Ano SH 18 e 19-0000001       1812 C...
GRD-COM-ECA-Acesso 5°Ano 265+320        ANTT            GRD-COM-ECA-Acesso 5°Ano 265+320-0000001               130 C...
GRD-COM-ECA-Ampliações 5°Ano SH 2       ANTT            GRD-COM-ECA-Ampliações 5°Ano SH 2-0000001             1098 C...
GRD-COM-ECA-Ampliações 7°Ano SH 15      ANTT            GRD-COM-ECA-Ampliações 7°Ano SH 15-0000001             691 C...
GRD-COM-ECA-Ampliações 23°Ano SH 6      ANTT            GRD-COM-ECA-Ampliações 23°Ano SH 6-0000001             401 C...
GRD-COM-ECA-Ampliações 3°Ano SH 1,5     ANTT            GRD-COM-ECA-Ampliações 3°Ano SH 1,5-0000001            229 C...
GRD-COM-ECA-Acesso 6°Ano 693+000        ANTT            GRD-COM-ECA-Acesso 6°Ano 693+000-0000001                76 C...
GRD-COM-ECA-Ampliações 5°Ano SH 22      ANTT            GRD-COM-ECA-Ampliações 5°Ano SH 22-0000001             364 C...
GRD-COM-ECA-Ampliações 4°Ano SH 5* e 6* ANTT            GRD-COM-ECA-Ampliações 4°Ano SH 5* e 6*-0000001         82 C...
GRD-COM-ECA-Ampliações 4°Ano SH 20 e 21 ANTT            GRD-COM-ECA-Ampliações 4°Ano SH 20 e 21-0000001        960 C...
GRD-COM-ECA-Ampliações 4°Ano SH 4       ANTT            GRD-COM-ECA-Ampliações 4°Ano SH 4-0000001               48 C...
GRD-COM-ECA-Ampliações 4°Ano SH 4*      ANTT            GRD-COM-ECA-Ampliações 4°Ano SH 4*-0000001             280 C...
GRD-COM-ECA-Retornos em “U” 20          ANTT            GRD-COM-ECA-Retornos em “U” 20-0000001                 360 C...
GRD-COM-ENM-Retorno km 386              ANTT            GRD-COM-ENM-Retorno km 386-0000001                     112 C...
GRD-COM-ECA-Ampliações 3° Ano SH 1      ANTT            GRD-COM-ECA-Ampliações 3° Ano SH 1-0000001             463 C...
GRD-COM-EC5-Retorno km 386              ANTT            GRD-COM-EC5-Retorno km 386-0000001                       2 C...
GRD-COM-EC1-Contorno de Ibiraçu         ANTT            GRD-COM-EC1-Contorno de Ibiraçu-0000001                858 C...
GRD-COM-ECA-Ampliações 4°Ano SH 3* e 4* ANTT            GRD-COM-ECA-Ampliações 4°Ano SH 3* e 4*-0000001        368 C...
GRD-COM-E050-Escape km 56+100           ANTT            GRD-COM-E050-Escape km 56+100-0000001                  186 C...
GRD-COM-EC1-Contorno de Fundão          ANTT            GRD-COM-EC1-Contorno de Fundão-0000001                1738 C...
GRD-COM-E050-Escape km 54+300           ANTT            GRD-COM-E050-Escape km 54+300-0000001                   16 C...
GRD-COM-EC1-PPD Norte                   ANTT            GRD-COM-EC1-PPD Norte-0000001                          612 C...
GRD-COM-EC1-PPD Sul                     ANTT            GRD-COM-EC1-PPD Sul-0000001                            595 C...
GRD-COM-ECA-Passarela Uruaçu km 197     ANTT            GRD-COM-ECA-Passarela Uruaçu km 197-0000001             22 C...
GRD-COM-ECA-Passarela Uruaçu km 198     ANTT            GRD-COM-ECA-Passarela Uruaçu km 198-0000001             18 C...
GRD-COM-ECA-Passarela Alvorada Km 759   ANTT            GRD-COM-ECA-Passarela Alvorada Km 759-0000001           60 C...
GRD-COM-ECA-Ampliações 8°Ano SH 29 e 30 ANTT            GRD-COM-ECA-Ampliações 8°Ano SH 29 e 30-0000001          2 C...
GRD-COM-E050-Retorno em Nível           ANTT            GRD-COM-E050-Retorno em Nível-0000001                  170 C...
GRD-COM-ECC-Acesso 5° Ano 167+140       ANTT            GRD-COM-ECC-Acesso 5° Ano 167+140-0000001               46 C...
GRD-COM-ECC-Acesso 5° Ano 626+050       ANTT            GRD-COM-ECC-Acesso 5° Ano 626+050-0000001               49 C...
GRD-COM-ECC-Acesso 5° Ano 630+312       ANTT            GRD-COM-ECC-Acesso 5° Ano 630+312-0000001               45 C...
GRD-COM-ECC-Acesso 5° Ano 697+300       ANTT            GRD-COM-ECC-Acesso 5° Ano 697+300-0000001               47 C...
GRD-COM-ECC-Acesso 5° Ano 637+000       ANTT            GRD-COM-ECC-Acesso 5° Ano 637+000-0000001               45 C...
GRD-COM-ECC-Acesso 5° Ano 759+400       ANTT            GRD-COM-ECC-Acesso 5° Ano 759+400-0000001               43 C...
GRD-COM-ECC-Acesso 5° Ano 772+640       ANTT            GRD-COM-ECC-Acesso 5° Ano 772+640-0000001               37 C...
GRD-COM-ECC-Acesso 5° Ano 642+340       ANTT            GRD-COM-ECC-Acesso 5° Ano 642+340-0000001               32 C...
GRD-COM-EC1-Ciclovia de Linhares        ANTT            GRD-COM-EC1-Ciclovia de Linhares-0000001               397 C...
GRD-COM-ECC-Acesso 5° Ano 648+345       ANTT            GRD-COM-ECC-Acesso 5° Ano 648+345-0000001               47 C...
GRD-COM-ECC-Acesso 5° Ano 655+320       ANTT            GRD-COM-ECC-Acesso 5° Ano 655+320-0000001               47 C...
GRD-COM-ECC-Acesso 5° Ano 668+288       ANTT            GRD-COM-ECC-Acesso 5° Ano 668+288-0000001               47 C...
GRD-COM-ECC-Acesso 5° Ano 694+848       ANTT            GRD-COM-ECC-Acesso 5° Ano 694+848-0000001               47 C...
GRD-COM-ECC-Acesso 5° Ano 642+726       ANTT            GRD-COM-ECC-Acesso 5° Ano 642+726-0000001               49 C...
GRD-COM-E050-PPD km 6+500               ANTT            GRD-COM-E050-PPD km 6+500-0000001                       27 C...
GRD-COM-MGO-PPD km 6+500                ANTT            GRD-COM-MGO-PPD km 6+500-0000001                       270 C...
GRD-COM-ECA-Passarela Tocantins km 623  ANTT            GRD-COM-ECA-Passarela Tocantins km 623-0000001          22 C...
GRD-COM-EC1-Contorno de Vitória         ANTT            GRD-COM-EC1-Contorno de Vitória-0000001                328 C...
GRD-COM-ECC-Faixas Adicionais - TH 05   ANTT            GRD-COM-ECC-Faixas Adicionais - TH 05-0000001         1088 C...
GRD-COM-ECA-HS-WIM km432+174            ANTT            GRD-COM-ECA-HS-WIM km432+174-0000001                    20 C...
GRD-COM-EC1-Duplicação C                ANTT            GRD-COM-EC1-Duplicação C-0000001                       563 C...
GRD-COM-EC1-Dupli. Contor. de Ibiraçu   ANTT            GRD-COM-EC1-Dupli. Contor. de Ibiraçu-0000001          190 C...
GRD-COM-EC1-Dupli. Contor. de Fundão    ANTT            GRD-COM-EC1-Dupli. Contor. de Fundão-0000001           282 C...
GRD-COM-EC1-Duplicação G2               ANTT            GRD-COM-EC1-Duplicação G2-0000001                      776 C...
GRD-COM-EC1-Duplicação G1B              ANTT            GRD-COM-EC1-Duplicação G1B-0000001                     793 C...
GRD-COM-EC1-Duplicação G1A              ANTT            GRD-COM-EC1-Duplicação G1A-0000001                     856 C...
GRD-COM-EC1-Duplicação D2               ANTT            GRD-COM-EC1-Duplicação D2-0000001                      442 C...
GRD-COM-ECA-HS-WIM km169+067            ANTT            GRD-COM-ECA-HS-WIM km169+067-0000001                    18 C...
GRD-COM-ECA-Retorno km 1+238            ANTT            GRD-COM-ECA-Retorno km 1+238-0000001                     6 C...
GRD-COM-ECA-Acesso 6°Ano 158+630        ANTT            GRD-COM-ECA-Acesso 6°Ano 158+630-0000001                58 C...
GRD-COM-EC1-HS-WIM                      ANTT            GRD-COM-EC1-HS-WIM-0000001                             207 C...
GRD-COM-EC1-Contorno Dis.               ANTT            GRD-COM-EC1-Contorno Dis.-0000001                      289 C...
GRD-COM-ECA-Acesso 5°Ano 188+550        ANTT            GRD-COM-ECA-Acesso 5°Ano 188+550-0000001                48 C...
GRD-COM-ECA-Acesso 5°Ano 188+210        ANTT            GRD-COM-ECA-Acesso 5°Ano 188+210-0000001                41 C...
GRD-COM-ECA-Ampliações 3°Ano SH 2*      ANTT            GRD-COM-ECA-Ampliações 3°Ano SH 2*-0000001              72 C...
GRD-COM-ECA-Retorno em U km 668         ANTT            GRD-COM-ECA-Retorno em U km 668-0000001                237 C...
GRD-COM-EC1-Vias Marginais              ANTT            GRD-COM-EC1-Vias Marginais-0000001                    1457 C...
GRD-COM-ECP-Faixa Adicional km 321      ANTT            GRD-COM-ECP-Faixa Adicional km 321-0000001              60 C...
GRD-COM-ECS-Arroio Viúva Tereza         ANTT            GRD-COM-ECS-Arroio Viúva Tereza-0000001                148 C...
GRD-COM-ECS-Arroio Corrientes           ANTT            GRD-COM-ECS-Arroio Corrientes-0000001                  164 C...
GRD-COM-ECS-Arroio Contagem             ANTT            GRD-COM-ECS-Arroio Contagem-0000001                      5 C...
GRD-COM-ECA-Marginal sul km 671-677     ANTT            GRD-COM-ECA-Marginal sul km 671-677-0000001            102 C...
GRD-COM-EC1-Marginais de Viana          ANTT            GRD-COM-EC1-Marginais de Viana-0000001                1092 C...
GRD-COM-ECA-Agulha 11                   ANTT            GRD-COM-ECA-Agulha 11-0000001                          114 C...
GRD-COM-ECA-Pontos de ônibus            ANTT            GRD-COM-ECA-Pontos de ônibus-0000001                    35 C...
GRD-COM-ERM-BSO 01                      ANTT            GRD-COM-ERM-BSO 01-0000001                             252 C...
GRD-COM-ERM-BSO 02                      ANTT            GRD-COM-ERM-BSO 02-0000001                              13 C...
GRD-COM-ERM-BSO 03                      ANTT            GRD-COM-ERM-BSO 03-0000001                             159 C...
GRD-COM-ERM-BSO 06                      ANTT            GRD-COM-ERM-BSO 06-0000001                               5 C...
GRD-COM-ERM-BSO 05                      ANTT            GRD-COM-ERM-BSO 05-0000001                               5 C...
GRD-COM-ERM-BSO 04                      ANTT            GRD-COM-ERM-BSO 04-0000001                               9 C...
GRD-COM-ERM-BSO 08                      ANTT            GRD-COM-ERM-BSO 08-0000001                              88 C...
GRD-COM-ERM-BSO 07                      ANTT            GRD-COM-ERM-BSO 07-0000001                             276 C...
GRD-COM-ERM-BSO 10                      ANTT            GRD-COM-ERM-BSO 10-0000001                               8 C...
GRD-COM-ERM-BSO 09                      ANTT            GRD-COM-ERM-BSO 09-0000001                               5 C...
GRD-COM-ERM-BSO 12                      ANTT            GRD-COM-ERM-BSO 12-0000001                             224 C...
GRD-COM-ERM-BSO 14                      ANTT            GRD-COM-ERM-BSO 14-0000001                              16 C...
GRD-COM-ERM-BSO 11                      ANTT            GRD-COM-ERM-BSO 11-0000001                               9 C...
GRD-COM-MGO-Dispositivo - Km 180        ANTT            GRD-COM-MGO-Dispositivo - Km 180-0000001                 2 C...
GRD-COM-ERM-BSO 17                      ANTT            GRD-COM-ERM-BSO 17-0000001                               5 C...
GRD-COM-ERM-BSO 16                      ANTT            GRD-COM-ERM-BSO 16-0000001                               5 C...
GRD-COM-ERM-BSO 15                      ANTT            GRD-COM-ERM-BSO 15-0000001                               8 C...
GRD-COM-ERM-BSO 18                      ANTT            GRD-COM-ERM-BSO 18-0000001                               5 C...
GRD-COM-ERM-Nova Praça P8               ANTT            GRD-COM-ERM-Nova Praça P8-0000001                       10 C...
GRD-COM-ERM-BSO 13                      ANTT            GRD-COM-ERM-BSO 13-0000001                               5 C...
GRD-COM-ERM-Praça P15                   ANTT            GRD-COM-ERM-Praça P15-0000001                           32 C...
GRD-COM-ERM-PPD - km 215+600            ANTT            GRD-COM-ERM-PPD - km 215+600-0000001                    16 C...
GRD-COM-ERM-Praça P14                   ANTT            GRD-COM-ERM-Praça P14-0000001                           40 C...
GRD-COM-ERM-Praça P7                    ANTT            GRD-COM-ERM-Praça P7-0000001                            46 C...
GRD-COM-ERM-PPD - km 513+600            ANTT            GRD-COM-ERM-PPD - km 513+600-0000001                     8 C...
GRD-COM-ERM-Praça P11                   ANTT            GRD-COM-ERM-Praça P11-0000001                           38 C...
GRD-COM-ERM-Praça P8                    ANTT            GRD-COM-ERM-Praça P8-0000001                            40 C...
GRD-COM-ERM-Praça P9                    ANTT            GRD-COM-ERM-Praça P9-0000001                            48 C...
GRD-COM-ERM-Praça P12                   ANTT            GRD-COM-ERM-Praça P12-0000001                           48 C...
GRD-COM-ERM-Praça P10                   ANTT            GRD-COM-ERM-Praça P10-0000001                           22 C...
GRD-COM-ERM-Praça P13                   ANTT            GRD-COM-ERM-Praça P13-0000001                           42 C...
GRD-COM-ERM-Praça P6                    ANTT            GRD-COM-ERM-Praça P6-0000001                           725 C...
GRD-COM-ECA-Acesso km 35 - BR414/GO     ANTT            GRD-COM-ECA-Acesso km 35 - BR414/GO-0000001             12 C...
GRD-COM-EC1-Duplicação D1               ANTT            GRD-COM-EC1-Duplicação D1-0000001                        6 C...
GRD-COM-EC5-Acostamentos do SH8         ANTT            GRD-COM-EC5-Acostamentos do SH8-0000001                  4 C...
GRD-COM-ECNO-01.03.02                   ARTESP          GRD-COM-ECNO-01.03.02-0000001                         1583 C...
GRD-COM-ECNO-02.10.01.01                ARTESP          GRD-COM-ECNO-02.10.01.01-0000001                       267 C...
GRD-COM-ECNO-01.03.01                   ARTESP          GRD-COM-ECNO-01.03.01-0000001                         4272 C...
GRD-COM-ECNO-02.02.01.01.01             ARTESP          GRD-COM-ECNO-02.02.01.01.01-0000001                    226 C...
GRD-COM-ECNO-02.06.02.06                ARTESP          GRD-COM-ECNO-02.06.02.06-0000001                       478 C...
GRD-COM-ECNO-02.06.02.11                ARTESP          GRD-COM-ECNO-02.06.02.11-0000001                       263 C...
GRD-COM-ECNO-01.03.03                   ARTESP          GRD-COM-ECNO-01.03.03-0000001                          850 C...
GRD-COM-ECNO-02.06.02.07                ARTESP          GRD-COM-ECNO-02.06.02.07-0000001                       262 C...
GRD-COM-ECNO-02.06.02.16                ARTESP          GRD-COM-ECNO-02.06.02.16-0000001                       257 C...
GRD-COM-ECNO-02.06.02.17                ARTESP          GRD-COM-ECNO-02.06.02.17-0000001                        42 C...
GRD-COM-ECNO-02.02.02.03.01             ARTESP          GRD-COM-ECNO-02.02.02.03.01-0000001                    120 C...
GRD-COM-ECNO-01.01.01.01                ARTESP          GRD-COM-ECNO-01.01.01.01-0000001                       149 C...
GRD-COM-ECNO-02.04.03.01.02             ARTESP          GRD-COM-ECNO-02.04.03.01.02-0000001                     67 C...
GRD-COM-ECNO-02.04.03.01.01             ARTESP          GRD-COM-ECNO-02.04.03.01.01-0000001                     72 C...
GRD-COM-ECNO-02.06.02.12                ARTESP          GRD-COM-ECNO-02.06.02.12-0000001                       255 C...
GRD-COM-ECNO-01.01.01.06                ARTESP          GRD-COM-ECNO-01.01.01.06-0000001                        40 C...
GRD-COM-ECNO-01.01.02.01                ARTESP          GRD-COM-ECNO-01.01.02.01-0000001                       228 C...
GRD-COM-ECNO-01.01.02.02                ARTESP          GRD-COM-ECNO-01.01.02.02-0000001                       503 C...
GRD-COM-ECNO-01.03.04                   ARTESP          GRD-COM-ECNO-01.03.04-0000001                           76 C...
GRD-COM-ECNO-02.02.01.13.01             ARTESP          GRD-COM-ECNO-02.02.01.13.01-0000001                     19 C...
GRD-COM-ECNO-02.02.02.11.01             ARTESP          GRD-COM-ECNO-02.02.02.11.01-0000001                     12 C...
GRD-COM-ECNO-02.02.01.14.01             ARTESP          GRD-COM-ECNO-02.02.01.14.01-0000001                     21 C...
GRD-COM-ECNO-01.01.01.02                ARTESP          GRD-COM-ECNO-01.01.01.02-0000001                       514 C...
GRD-COM-ECNO-02.02.02.05.00             ARTESP          GRD-COM-ECNO-02.02.02.05.00-0000001                     86 C...
GRD-COM-ECNO-01.01.01.05                ARTESP          GRD-COM-ECNO-01.01.01.05-0000001                        20 C...
GRD-COM-ECNO-02.02.02.01.01             ARTESP          GRD-COM-ECNO-02.02.02.01.01-0000001                     19 C...
GRD-COM-ECNO-01.01.01.09                ARTESP          GRD-COM-ECNO-01.01.01.09-0000001                       206 C...
GRD-COM-ECNO-02.02.01.07.01             ARTESP          GRD-COM-ECNO-02.02.01.07.01-0000001                      9 C...
GRD-COM-ECNO-02.02.02.01.02             ARTESP          GRD-COM-ECNO-02.02.02.01.02-0000001                     29 C...
GRD-COM-ECNO-01.02.02.01                ARTESP          GRD-COM-ECNO-01.02.02.01-0000001                         2 C...
GRD-COM-ECNO-02.02.01.12.01             ARTESP          GRD-COM-ECNO-02.02.01.12.01-0000001                     25 C...
GRD-COM-ECNO-01.01.01.08                ARTESP          GRD-COM-ECNO-01.01.01.08-0000001                        45 C...
GRD-COM-ECNO-02.11.01.01 km 291         ARTESP          GRD-COM-ECNO-02.11.01.01 km 291-0000001                575 C...
GRD-COM-ECNO-02.11.01.01 km 407         ARTESP          GRD-COM-ECNO-02.11.01.01 km 407-0000001                475 C...
GRD-COM-ECNO-02.11.01.01 km 252         ARTESP          GRD-COM-ECNO-02.11.01.01 km 252-0000001                371 C...
GRD-COM-ECNO-02.12.01.02                ARTESP          GRD-COM-ECNO-02.12.01.02-0000001                       435 C...
GRD-COM-ECNO-02.02.01.08.02             ARTESP          GRD-COM-ECNO-02.02.01.08.02-0000001                    163 C...
GRD-COM-ECVI-Ligação Planalto - Baixada ARTESP          GRD-COM-ECVI-Ligação Planalto - Baixada-0000001       5652 C...
GRD-COM-ECNO-02.02.02.08.01             ARTESP          GRD-COM-ECNO-02.02.02.08.01-0000001                     17 C...
GRD-COM-ECNO-02.02.01.17.02             ARTESP          GRD-COM-ECNO-02.02.01.17.02-0000001                     17 C...
GRD-COM-ECNO-02.12.02.02 - PMRV         ARTESP          GRD-COM-ECNO-02.12.02.02 - PMRV-0000001                270 C...
GRD-COM-ECNO-02.02.01.02.01             ARTESP          GRD-COM-ECNO-02.02.01.02.01-0000001                    112 C...
GRD-COM-ECNO-02.02.01.08.01             ARTESP          GRD-COM-ECNO-02.02.01.08.01-0000001                     27 C...
GRD-COM-ECNO-03.03.03 - Dobrada         ARTESP          GRD-COM-ECNO-03.03.03 - Dobrada-0000001                 14 C...
GRD-COM-ECNO-03.03.03 - Taiúva          ARTESP          GRD-COM-ECNO-03.03.03 - Taiúva-0000001                  34 C...
GRD-COM-ECNO-02.04.03.02.03             ARTESP          GRD-COM-ECNO-02.04.03.02.03-0000001                    188 C...
GRD-COM-ECNO-02.02.01.17.01             ARTESP          GRD-COM-ECNO-02.02.01.17.01-0000001                     19 C...
GRD-COM--                               ARTESP                                                                  43
GRD-COM-ECNO-01.01.01.07                ARTESP          GRD-COM-ECNO-01.01.01.07-0000001                        36 C...
GRD-COM-ECNO-02.04.03.02.04             ARTESP          GRD-COM-ECNO-02.04.03.02.04-0000001                    180 C...
GRD-COM-ECNO-02.04.03.02.05             ARTESP          GRD-COM-ECNO-02.04.03.02.05-0000001                     96 C...
GRD-COM-ECNO-02.02.01.04.01             ARTESP          GRD-COM-ECNO-02.02.01.04.01-0000001                     71 C...
GRD-COM-ECNO-02.02.01.02.02             ARTESP          GRD-COM-ECNO-02.02.01.02.02-0000001                     91 C...
GRD-COM-ERC-02.02.02.02 BSO 2           ARTESP          GRD-COM-ERC-02.02.02.02 BSO 2-0000001                    4 C...
GRD-COM-ECNO-02.04.03.02.02             ARTESP          GRD-COM-ECNO-02.04.03.02.02-0000001                     68 C...
GRD-COM-ECNO-02.02.02.04.01             ARTESP          GRD-COM-ECNO-02.02.02.04.01-0000001                     17 C...
GRD-COM-ECNO-CCPP - São Carlos          ARTESP          GRD-COM-ECNO-CCPP - São Carlos-0000001                  62 C...
GRD-COM-ERC-02.02.02.03 BSO 3           ARTESP          GRD-COM-ERC-02.02.02.03 BSO 3-0000001                    2 C...
GRD-COM-ECNO-CCPP - Ibirá               ARTESP          GRD-COM-ECNO-CCPP - Ibirá-0000001                       50 C...
GRD-COM-ECNO-CCPP - Bebedouro           ARTESP          GRD-COM-ECNO-CCPP - Bebedouro-0000001                   54 C...
GRD-COM-ECNO-CCPP - Itápolis            ARTESP          GRD-COM-ECNO-CCPP - Itápolis-0000001                    46 C...
GRD-COM-ECNO-CCPP - São José            ARTESP          GRD-COM-ECNO-CCPP - São José-0000001                    87 C...
GRD-COM-ECNO-CCPP - Jaboticabal         ARTESP          GRD-COM-ECNO-CCPP - Jaboticabal-0000001                 60 C...
GRD-COM-EVNP-03.03.03 - Monte Alto      ARTESP          GRD-COM-EVNP-03.03.03 - Monte Alto-0000001              30 C...
GRD-COM-EVNP-03.03.03 - Piragi          ARTESP          GRD-COM-EVNP-03.03.03 - Piragi-0000001                  34 C...
GRD-COM-EPIS-Prolon Carvalho Pinto      ARTESP          GRD-COM-EPIS-Prolon Carvalho Pinto-0000001              92 C...
GRD-COM-ECVI-Curva do S - Alças         ARTESP          GRD-COM-ECVI-Curva do S - Alças-0000001                547 C...
GRD-COM-ECVI-ANPC - Dispositivos        ARTESP          GRD-COM-ECVI-ANPC - Dispositivos-0000001                64 C...
GRD-COM-ERC-02.02.02.04 BSO 4           ARTESP          GRD-COM-ERC-02.02.02.04 BSO 4-0000001                  106 C...
GRD-COM-ERC-02.02.02.01 BSO 1           ARTESP          GRD-COM-ERC-02.02.02.01 BSO 1-0000001                   54 C...
GRD-COM-IMI-Estação Elevatória km 64    ARTESP          GRD-COM-IMI-Estação Elevatória km 64-0000001           358 C...
GRD-COM-IMI-Alemoa Rotatória            ARTESP          GRD-COM-IMI-Alemoa Rotatória-0000001                     8 C...
GRD-COM-ECNO-02.02.01.03.01             ARTESP          GRD-COM-ECNO-02.02.01.03.01-0000001                     31 C...
GRD-COM-NP-NOP11 - Dispositivo RP       ARTESP          GRD-COM-NP-NOP11 - Dispositivo RP-0000001               34 C...
GRD-COM-NP-NOP04 - Dispositivo SC       ARTESP          GRD-COM-NP-NOP04 - Dispositivo SC-0000001               38 C...
GRD-COM-NP-NOP05 - Dispositivo SC       ARTESP          GRD-COM-NP-NOP05 - Dispositivo SC-0000001                2 C...
GRD-COM-IMI-147-FIP-Novo Acesso Porto   ARTESP          GRD-COM-IMI-147-FIP-Novo Acesso Porto-0000001           13 C...
GRD-COM-RC-03.03 - Free Flow P11        ARTESP          GRD-COM-RC-03.03 - Free Flow P11-0000001                 2 C...
GRD-COM-RC-03.03 - Free Flow P12        ARTESP          GRD-COM-RC-03.03 - Free Flow P12-0000001                 2 C...
GRD-COM-ECVI-Estação de bombeamento     ARTESP          GRD-COM-ECVI-Estação de bombeamento-0000001             99 C...
GRD-COM-ECNO-02.02.01.05.01             ARTESP          GRD-COM-ECNO-02.02.01.05.01-0000001                     25 C...
GRD-COM-NP-NOP07 - Dispositivo SC       ARTESP          GRD-COM-NP-NOP07 - Dispositivo SC-0000001                2 C...
GRD-COM-ECVI-Ciclovia Norte             ARTESP          GRD-COM-ECVI-Ciclovia Norte-0000001                    117 C...
GRD-COM-RC-03.03 - Free Flow P6-13,680  ARTESP          GRD-COM-RC-03.03 - Free Flow P6-13,680-0000001           2 C...
GRD-COM-ECNO-02.02.02.09.01             ARTESP          GRD-COM-ECNO-02.02.02.09.01-0000001                     21 C...
GRD-COM-ECNO-02.02.01.15.02             ARTESP          GRD-COM-ECNO-02.02.01.15.02-0000001                      2 C...
GRD-COM-ECNO-02.02.01.16.01             ARTESP          GRD-COM-ECNO-02.02.01.16.01-0000001                     23 C...
GRD-COM-ECNO-02.02.02.10.01             ARTESP          GRD-COM-ECNO-02.02.02.10.01-0000001                     23 C...
GRD-COM-ECNO-02.02.01.15.01             ARTESP          GRD-COM-ECNO-02.02.01.15.01-0000001                      2 C...
GRD-COM-EVNP-03.03.03 - Colina          ARTESP          GRD-COM-EVNP-03.03.03 - Colina-0000001                  32 C...
GRD-COM-IMI-Alemoa Dispositivo          ARTESP          GRD-COM-IMI-Alemoa Dispositivo-0000001                  14 C...
GRD-COM-ECVI-TD-00 - AVCB               ARTESP          GRD-COM-ECVI-TD-00 - AVCB-0000001                       20 C...
GRD-COM-ECVI-Túnel Quilombo             ARTESP          GRD-COM-ECVI-Túnel Quilombo-0000001                    100 C...
GRD-COM-ECVI-TA-12 - AVCB Túneis        ARTESP          GRD-COM-ECVI-TA-12 - AVCB Túneis-0000001                42 C...
GRD-COM-ECVI-TA-09 - AVCB Túneis        ARTESP          GRD-COM-ECVI-TA-09 - AVCB Túneis-0000001                42 C...
GRD-COM-ECVI-TA-13 - AVCB Túneis        ARTESP          GRD-COM-ECVI-TA-13 - AVCB Túneis-0000001                42 C...
GRD-COM-ECVI-TD-01 - AVCB               ARTESP          GRD-COM-ECVI-TD-01 - AVCB-0000001                       76 C...
GRD-COM-ECVI-TA-04 - AVCB Túneis        ARTESP          GRD-COM-ECVI-TA-04 - AVCB Túneis-0000001                36 C...
GRD-COM-ECVI-TA-002 - AVCB Túneis       ARTESP          GRD-COM-ECVI-TA-002 - AVCB Túneis-0000001               32 C...
GRD-COM-ECVI-TA-001 - AVCB Túneis       ARTESP          GRD-COM-ECVI-TA-001 - AVCB Túneis-0000001               30 C...
GRD-COM-ECVI-TA-06 - AVCB Túneis        ARTESP          GRD-COM-ECVI-TA-06 - AVCB Túneis-0000001                 6 C...
GRD-COM-ECVI-TA-01 - AVCB Túneis        ARTESP          GRD-COM-ECVI-TA-01 - AVCB Túneis-0000001                32 C...
GRD-COM-ECVI-TA-02 - AVCB Túneis        ARTESP          GRD-COM-ECVI-TA-02 - AVCB Túneis-0000001                24 C...
GRD-COM-ECVI-TA-03 - AVCB Túneis        ARTESP          GRD-COM-ECVI-TA-03 - AVCB Túneis-0000001                26 C...
GRD-COM-ECVI-TA-14 - AVCB Túneis        ARTESP          GRD-COM-ECVI-TA-14 - AVCB Túneis-0000001                32 C...
GRD-COM-ECVI-TA-07 - AVCB Túneis        ARTESP          GRD-COM-ECVI-TA-07 - AVCB Túneis-0000001                32 C...
GRD-COM-ECVI-TD-02 - AVCB Túneis        ARTESP          GRD-COM-ECVI-TD-02 - AVCB Túneis-0000001                22 C...
GRD-COM-ECVI-TA-10/11 - AVCB Túneis     ARTESP          GRD-COM-ECVI-TA-10/11 - AVCB Túneis-0000001             82 C...
GRD-COM-ECVI-TA-05 - AVCB Túneis        ARTESP          GRD-COM-ECVI-TA-05 - AVCB Túneis-0000001                50 C...
GRD-COM--                                                                                                        8



Resumo:

Grupo                                   PoderConcedente GRDPrevista                                     Documentos Dest
                                                                                                                   inoP
                                                                                                                   revi
                                                                                                                   sto
-----                                   --------------- -----------                                     ---------- ----
GRD-COM-ECA-Dispositivo ano 9           ANTT            GRD-COM-ECA-Dispositivo ano 9-0000001                  192 E...
GRD-COM-ECA-Ampliações 6°Ano SH 16 e 17 ANTT            GRD-COM-ECA-Ampliações 6°Ano SH 16 e 17-0000001       2217 E...
GRD-COM-ECA-Ampliações 6°Ano SH 23      ANTT            GRD-COM-ECA-Ampliações 6°Ano SH 23-0000001            2308 E...
GRD-COM-ECA-Ampliações 4°Ano SH 14      ANTT            GRD-COM-ECA-Ampliações 4°Ano SH 14-0000001             536 E...
GRD-COM-ECA-Acesso 3°Ano 321+900        ANTT            GRD-COM-ECA-Acesso 3°Ano 321+900-0000001                11 E...
GRD-COM-ECA-Acesso 3°Ano 355+900        ANTT            GRD-COM-ECA-Acesso 3°Ano 355+900-0000001               116 E...
GRD-COM-ECA-Acesso 3°Ano 375+800        ANTT            GRD-COM-ECA-Acesso 3°Ano 375+800-0000001               180 E...
GRD-COM-ECA-Acesso 3°Ano 397+050        ANTT            GRD-COM-ECA-Acesso 3°Ano 397+050-0000001               169 E...
GRD-COM-ECA-Acesso 4°Ano 274+950        ANTT            GRD-COM-ECA-Acesso 4°Ano 274+950-0000001               204 E...
GRD-COM-ECA-Acesso 4°Ano 303+820        ANTT            GRD-COM-ECA-Acesso 4°Ano 303+820-0000001               170 E...
GRD-COM-ECA-Ampliações 5°Ano SH 18 e 19 ANTT            GRD-COM-ECA-Ampliações 5°Ano SH 18 e 19-0000001       1812 E...
GRD-COM-ECA-Acesso 5°Ano 265+320        ANTT            GRD-COM-ECA-Acesso 5°Ano 265+320-0000001               130 E...
GRD-COM-ECA-Ampliações 5°Ano SH 2       ANTT            GRD-COM-ECA-Ampliações 5°Ano SH 2-0000001             1098 E...
GRD-COM-ECA-Ampliações 7°Ano SH 15      ANTT            GRD-COM-ECA-Ampliações 7°Ano SH 15-0000001             691 E...
GRD-COM-ECA-Ampliações 23°Ano SH 6      ANTT            GRD-COM-ECA-Ampliações 23°Ano SH 6-0000001             401 E...
GRD-COM-ECA-Ampliações 3°Ano SH 1,5     ANTT            GRD-COM-ECA-Ampliações 3°Ano SH 1,5-0000001            229 E...
GRD-COM-ECA-Acesso 6°Ano 693+000        ANTT            GRD-COM-ECA-Acesso 6°Ano 693+000-0000001                76 E...
GRD-COM-ECA-Ampliações 5°Ano SH 22      ANTT            GRD-COM-ECA-Ampliações 5°Ano SH 22-0000001             364 E...
GRD-COM-ECA-Ampliações 4°Ano SH 5* e 6* ANTT            GRD-COM-ECA-Ampliações 4°Ano SH 5* e 6*-0000001         82 E...
GRD-COM-ECA-Ampliações 4°Ano SH 20 e 21 ANTT            GRD-COM-ECA-Ampliações 4°Ano SH 20 e 21-0000001        960 E...
GRD-COM-ECA-Ampliações 4°Ano SH 4       ANTT            GRD-COM-ECA-Ampliações 4°Ano SH 4-0000001               48 E...
GRD-COM-ECA-Ampliações 4°Ano SH 4*      ANTT            GRD-COM-ECA-Ampliações 4°Ano SH 4*-0000001             280 E...
GRD-COM-ECA-Retornos em “U” 20          ANTT            GRD-COM-ECA-Retornos em “U” 20-0000001                 360 E...
GRD-COM-ENM-Retorno km 386              ANTT            GRD-COM-ENM-Retorno km 386-0000001                     112 E...
GRD-COM-ECA-Ampliações 3° Ano SH 1      ANTT            GRD-COM-ECA-Ampliações 3° Ano SH 1-0000001             463 E...
GRD-COM-EC5-Retorno km 386              ANTT            GRD-COM-EC5-Retorno km 386-0000001                       2 E...
GRD-COM-EC1-Contorno de Ibiraçu         ANTT            GRD-COM-EC1-Contorno de Ibiraçu-0000001                858 E...
GRD-COM-ECA-Ampliações 4°Ano SH 3* e 4* ANTT            GRD-COM-ECA-Ampliações 4°Ano SH 3* e 4*-0000001        368 E...
GRD-COM-E050-Escape km 56+100           ANTT            GRD-COM-E050-Escape km 56+100-0000001                  186 E...
GRD-COM-EC1-Contorno de Fundão          ANTT            GRD-COM-EC1-Contorno de Fundão-0000001                1738 E...
GRD-COM-E050-Escape km 54+300           ANTT            GRD-COM-E050-Escape km 54+300-0000001                   16 E...
GRD-COM-EC1-PPD Norte                   ANTT            GRD-COM-EC1-PPD Norte-0000001                          612 E...
GRD-COM-EC1-PPD Sul                     ANTT            GRD-COM-EC1-PPD Sul-0000001                            595 E...
GRD-COM-ECA-Passarela Uruaçu km 197     ANTT            GRD-COM-ECA-Passarela Uruaçu km 197-0000001             22 E...
GRD-COM-ECA-Passarela Uruaçu km 198     ANTT            GRD-COM-ECA-Passarela Uruaçu km 198-0000001             18 E...
GRD-COM-ECA-Passarela Alvorada Km 759   ANTT            GRD-COM-ECA-Passarela Alvorada Km 759-0000001           60 E...
GRD-COM-ECA-Ampliações 8°Ano SH 29 e 30 ANTT            GRD-COM-ECA-Ampliações 8°Ano SH 29 e 30-0000001          2 E...
GRD-COM-E050-Retorno em Nível           ANTT            GRD-COM-E050-Retorno em Nível-0000001                  170 E...
GRD-COM-ECC-Acesso 5° Ano 167+140       ANTT            GRD-COM-ECC-Acesso 5° Ano 167+140-0000001               46 E...
GRD-COM-ECC-Acesso 5° Ano 626+050       ANTT            GRD-COM-ECC-Acesso 5° Ano 626+050-0000001               49 E...
GRD-COM-ECC-Acesso 5° Ano 630+312       ANTT            GRD-COM-ECC-Acesso 5° Ano 630+312-0000001               45 E...
GRD-COM-ECC-Acesso 5° Ano 697+300       ANTT            GRD-COM-ECC-Acesso 5° Ano 697+300-0000001               47 E...
GRD-COM-ECC-Acesso 5° Ano 637+000       ANTT            GRD-COM-ECC-Acesso 5° Ano 637+000-0000001               45 E...
GRD-COM-ECC-Acesso 5° Ano 759+400       ANTT            GRD-COM-ECC-Acesso 5° Ano 759+400-0000001               43 E...
GRD-COM-ECC-Acesso 5° Ano 772+640       ANTT            GRD-COM-ECC-Acesso 5° Ano 772+640-0000001               37 E...
GRD-COM-ECC-Acesso 5° Ano 642+340       ANTT            GRD-COM-ECC-Acesso 5° Ano 642+340-0000001               32 E...
GRD-COM-EC1-Ciclovia de Linhares        ANTT            GRD-COM-EC1-Ciclovia de Linhares-0000001               397 E...
GRD-COM-ECC-Acesso 5° Ano 648+345       ANTT            GRD-COM-ECC-Acesso 5° Ano 648+345-0000001               47 E...
GRD-COM-ECC-Acesso 5° Ano 655+320       ANTT            GRD-COM-ECC-Acesso 5° Ano 655+320-0000001               47 E...
GRD-COM-ECC-Acesso 5° Ano 668+288       ANTT            GRD-COM-ECC-Acesso 5° Ano 668+288-0000001               47 E...
GRD-COM-ECC-Acesso 5° Ano 694+848       ANTT            GRD-COM-ECC-Acesso 5° Ano 694+848-0000001               47 E...
GRD-COM-ECC-Acesso 5° Ano 642+726       ANTT            GRD-COM-ECC-Acesso 5° Ano 642+726-0000001               49 E...
GRD-COM-E050-PPD km 6+500               ANTT            GRD-COM-E050-PPD km 6+500-0000001                       27 E...
GRD-COM-MGO-PPD km 6+500                ANTT            GRD-COM-MGO-PPD km 6+500-0000001                       270 E...
GRD-COM-ECA-Passarela Tocantins km 623  ANTT            GRD-COM-ECA-Passarela Tocantins km 623-0000001          22 E...
GRD-COM-EC1-Contorno de Vitória         ANTT            GRD-COM-EC1-Contorno de Vitória-0000001                328 E...
GRD-COM-ECC-Faixas Adicionais - TH 05   ANTT            GRD-COM-ECC-Faixas Adicionais - TH 05-0000001         1088 E...
GRD-COM-ECA-HS-WIM km432+174            ANTT            GRD-COM-ECA-HS-WIM km432+174-0000001                    20 E...
GRD-COM-EC1-Duplicação C                ANTT            GRD-COM-EC1-Duplicação C-0000001                       563 E...
GRD-COM-EC1-Dupli. Contor. de Ibiraçu   ANTT            GRD-COM-EC1-Dupli. Contor. de Ibiraçu-0000001          190 E...
GRD-COM-EC1-Dupli. Contor. de Fundão    ANTT            GRD-COM-EC1-Dupli. Contor. de Fundão-0000001           282 E...
GRD-COM-EC1-Duplicação G2               ANTT            GRD-COM-EC1-Duplicação G2-0000001                      776 E...
GRD-COM-EC1-Duplicação G1B              ANTT            GRD-COM-EC1-Duplicação G1B-0000001                     793 E...
GRD-COM-EC1-Duplicação G1A              ANTT            GRD-COM-EC1-Duplicação G1A-0000001                     856 E...
GRD-COM-EC1-Duplicação D2               ANTT            GRD-COM-EC1-Duplicação D2-0000001                      442 E...
GRD-COM-ECA-HS-WIM km169+067            ANTT            GRD-COM-ECA-HS-WIM km169+067-0000001                    18 E...
GRD-COM-ECA-Retorno km 1+238            ANTT            GRD-COM-ECA-Retorno km 1+238-0000001                     6 E...
GRD-COM-ECA-Acesso 6°Ano 158+630        ANTT            GRD-COM-ECA-Acesso 6°Ano 158+630-0000001                58 E...
GRD-COM-EC1-HS-WIM                      ANTT            GRD-COM-EC1-HS-WIM-0000001                             207 E...
GRD-COM-EC1-Contorno Dis.               ANTT            GRD-COM-EC1-Contorno Dis.-0000001                      289 E...
GRD-COM-ECA-Acesso 5°Ano 188+550        ANTT            GRD-COM-ECA-Acesso 5°Ano 188+550-0000001                48 E...
GRD-COM-ECA-Acesso 5°Ano 188+210        ANTT            GRD-COM-ECA-Acesso 5°Ano 188+210-0000001                41 E...
GRD-COM-ECA-Ampliações 3°Ano SH 2*      ANTT            GRD-COM-ECA-Ampliações 3°Ano SH 2*-0000001              72 E...
GRD-COM-ECA-Retorno em U km 668         ANTT            GRD-COM-ECA-Retorno em U km 668-0000001                237 E...
GRD-COM-EC1-Vias Marginais              ANTT            GRD-COM-EC1-Vias Marginais-0000001                    1457 E...
GRD-COM-ECP-Faixa Adicional km 321      ANTT            GRD-COM-ECP-Faixa Adicional km 321-0000001              60 E...
GRD-COM-ECS-Arroio Viúva Tereza         ANTT            GRD-COM-ECS-Arroio Viúva Tereza-0000001                148 E...
GRD-COM-ECS-Arroio Corrientes           ANTT            GRD-COM-ECS-Arroio Corrientes-0000001                  164 E...
GRD-COM-ECS-Arroio Contagem             ANTT            GRD-COM-ECS-Arroio Contagem-0000001                      5 E...
GRD-COM-ECA-Marginal sul km 671-677     ANTT            GRD-COM-ECA-Marginal sul km 671-677-0000001            102 E...
GRD-COM-EC1-Marginais de Viana          ANTT            GRD-COM-EC1-Marginais de Viana-0000001                1092 E...
GRD-COM-ECA-Agulha 11                   ANTT            GRD-COM-ECA-Agulha 11-0000001                          114 E...
GRD-COM-ECA-Pontos de ônibus            ANTT            GRD-COM-ECA-Pontos de ônibus-0000001                    35 E...
GRD-COM-ERM-BSO 01                      ANTT            GRD-COM-ERM-BSO 01-0000001                             252 E...
GRD-COM-ERM-BSO 02                      ANTT            GRD-COM-ERM-BSO 02-0000001                              13 E...
GRD-COM-ERM-BSO 03                      ANTT            GRD-COM-ERM-BSO 03-0000001                             159 E...
GRD-COM-ERM-BSO 06                      ANTT            GRD-COM-ERM-BSO 06-0000001                               5 E...
GRD-COM-ERM-BSO 05                      ANTT            GRD-COM-ERM-BSO 05-0000001                               5 E...
GRD-COM-ERM-BSO 04                      ANTT            GRD-COM-ERM-BSO 04-0000001                               9 E...
GRD-COM-ERM-BSO 08                      ANTT            GRD-COM-ERM-BSO 08-0000001                              88 E...
GRD-COM-ERM-BSO 07                      ANTT            GRD-COM-ERM-BSO 07-0000001                             276 E...
GRD-COM-ERM-BSO 10                      ANTT            GRD-COM-ERM-BSO 10-0000001                               8 E...
GRD-COM-ERM-BSO 09                      ANTT            GRD-COM-ERM-BSO 09-0000001                               5 E...
GRD-COM-ERM-BSO 12                      ANTT            GRD-COM-ERM-BSO 12-0000001                             224 E...
GRD-COM-ERM-BSO 14                      ANTT            GRD-COM-ERM-BSO 14-0000001                              16 E...
GRD-COM-ERM-BSO 11                      ANTT            GRD-COM-ERM-BSO 11-0000001                               9 E...
GRD-COM-MGO-Dispositivo - Km 180        ANTT            GRD-COM-MGO-Dispositivo - Km 180-0000001                 2 E...
GRD-COM-ERM-BSO 17                      ANTT            GRD-COM-ERM-BSO 17-0000001                               5 E...
GRD-COM-ERM-BSO 16                      ANTT            GRD-COM-ERM-BSO 16-0000001                               5 E...
GRD-COM-ERM-BSO 15                      ANTT            GRD-COM-ERM-BSO 15-0000001                               8 E...
GRD-COM-ERM-BSO 18                      ANTT            GRD-COM-ERM-BSO 18-0000001                               5 E...
GRD-COM-ERM-Nova Praça P8               ANTT            GRD-COM-ERM-Nova Praça P8-0000001                       10 E...
GRD-COM-ERM-BSO 13                      ANTT            GRD-COM-ERM-BSO 13-0000001                               5 E...
GRD-COM-ERM-Praça P15                   ANTT            GRD-COM-ERM-Praça P15-0000001                           32 E...
GRD-COM-ERM-PPD - km 215+600            ANTT            GRD-COM-ERM-PPD - km 215+600-0000001                    16 E...
GRD-COM-ERM-Praça P14                   ANTT            GRD-COM-ERM-Praça P14-0000001                           40 E...
GRD-COM-ERM-Praça P7                    ANTT            GRD-COM-ERM-Praça P7-0000001                            46 E...
GRD-COM-ERM-PPD - km 513+600            ANTT            GRD-COM-ERM-PPD - km 513+600-0000001                     8 E...
GRD-COM-ERM-Praça P11                   ANTT            GRD-COM-ERM-Praça P11-0000001                           38 E...
GRD-COM-ERM-Praça P8                    ANTT            GRD-COM-ERM-Praça P8-0000001                            40 E...
GRD-COM-ERM-Praça P9                    ANTT            GRD-COM-ERM-Praça P9-0000001                            48 E...
GRD-COM-ERM-Praça P12                   ANTT            GRD-COM-ERM-Praça P12-0000001                           48 E...
GRD-COM-ERM-Praça P10                   ANTT            GRD-COM-ERM-Praça P10-0000001                           22 E...
GRD-COM-ERM-Praça P13                   ANTT            GRD-COM-ERM-Praça P13-0000001                           42 E...
GRD-COM-ERM-Praça P6                    ANTT            GRD-COM-ERM-Praça P6-0000001                           725 E...
GRD-COM-ECA-Acesso km 35 - BR414/GO     ANTT            GRD-COM-ECA-Acesso km 35 - BR414/GO-0000001             12 E...
GRD-COM-EC1-Duplicação D1               ANTT            GRD-COM-EC1-Duplicação D1-0000001                        6 E...
GRD-COM-EC5-Acostamentos do SH8         ANTT            GRD-COM-EC5-Acostamentos do SH8-0000001                  4 E...
GRD-COM-ECNO-01.03.02                   ARTESP          GRD-COM-ECNO-01.03.02-0000001                         1583 E...
GRD-COM-ECNO-02.10.01.01                ARTESP          GRD-COM-ECNO-02.10.01.01-0000001                       267 E...
GRD-COM-ECNO-01.03.01                   ARTESP          GRD-COM-ECNO-01.03.01-0000001                         4272 E...
GRD-COM-ECNO-02.02.01.01.01             ARTESP          GRD-COM-ECNO-02.02.01.01.01-0000001                    226 E...
GRD-COM-ECNO-02.06.02.06                ARTESP          GRD-COM-ECNO-02.06.02.06-0000001                       478 E...
GRD-COM-ECNO-02.06.02.11                ARTESP          GRD-COM-ECNO-02.06.02.11-0000001                       263 E...
GRD-COM-ECNO-01.03.03                   ARTESP          GRD-COM-ECNO-01.03.03-0000001                          850 E...
GRD-COM-ECNO-02.06.02.07                ARTESP          GRD-COM-ECNO-02.06.02.07-0000001                       262 E...
GRD-COM-ECNO-02.06.02.16                ARTESP          GRD-COM-ECNO-02.06.02.16-0000001                       257 E...
GRD-COM-ECNO-02.06.02.17                ARTESP          GRD-COM-ECNO-02.06.02.17-0000001                        42 E...
GRD-COM-ECNO-02.02.02.03.01             ARTESP          GRD-COM-ECNO-02.02.02.03.01-0000001                    120 E...
GRD-COM-ECNO-01.01.01.01                ARTESP          GRD-COM-ECNO-01.01.01.01-0000001                       149 E...
GRD-COM-ECNO-02.04.03.01.02             ARTESP          GRD-COM-ECNO-02.04.03.01.02-0000001                     67 E...
GRD-COM-ECNO-02.04.03.01.01             ARTESP          GRD-COM-ECNO-02.04.03.01.01-0000001                     72 E...
GRD-COM-ECNO-02.06.02.12                ARTESP          GRD-COM-ECNO-02.06.02.12-0000001                       255 E...
GRD-COM-ECNO-01.01.01.06                ARTESP          GRD-COM-ECNO-01.01.01.06-0000001                        40 E...
GRD-COM-ECNO-01.01.02.01                ARTESP          GRD-COM-ECNO-01.01.02.01-0000001                       228 E...
GRD-COM-ECNO-01.01.02.02                ARTESP          GRD-COM-ECNO-01.01.02.02-0000001                       503 E...
GRD-COM-ECNO-01.03.04                   ARTESP          GRD-COM-ECNO-01.03.04-0000001                           76 E...
GRD-COM-ECNO-02.02.01.13.01             ARTESP          GRD-COM-ECNO-02.02.01.13.01-0000001                     19 E...
GRD-COM-ECNO-02.02.02.11.01             ARTESP          GRD-COM-ECNO-02.02.02.11.01-0000001                     12 E...
GRD-COM-ECNO-02.02.01.14.01             ARTESP          GRD-COM-ECNO-02.02.01.14.01-0000001                     21 E...
GRD-COM-ECNO-01.01.01.02                ARTESP          GRD-COM-ECNO-01.01.01.02-0000001                       514 E...
GRD-COM-ECNO-02.02.02.05.00             ARTESP          GRD-COM-ECNO-02.02.02.05.00-0000001                     86 E...
GRD-COM-ECNO-01.01.01.05                ARTESP          GRD-COM-ECNO-01.01.01.05-0000001                        20 E...
GRD-COM-ECNO-02.02.02.01.01             ARTESP          GRD-COM-ECNO-02.02.02.01.01-0000001                     19 E...
GRD-COM-ECNO-01.01.01.09                ARTESP          GRD-COM-ECNO-01.01.01.09-0000001                       206 E...
GRD-COM-ECNO-02.02.01.07.01             ARTESP          GRD-COM-ECNO-02.02.01.07.01-0000001                      9 E...
GRD-COM-ECNO-02.02.02.01.02             ARTESP          GRD-COM-ECNO-02.02.02.01.02-0000001                     29 E...
GRD-COM-ECNO-01.02.02.01                ARTESP          GRD-COM-ECNO-01.02.02.01-0000001                         2 E...
GRD-COM-ECNO-02.02.01.12.01             ARTESP          GRD-COM-ECNO-02.02.01.12.01-0000001                     25 E...
GRD-COM-ECNO-01.01.01.08                ARTESP          GRD-COM-ECNO-01.01.01.08-0000001                        45 E...
GRD-COM-ECNO-02.11.01.01 km 291         ARTESP          GRD-COM-ECNO-02.11.01.01 km 291-0000001                575 E...
GRD-COM-ECNO-02.11.01.01 km 407         ARTESP          GRD-COM-ECNO-02.11.01.01 km 407-0000001                475 E...
GRD-COM-ECNO-02.11.01.01 km 252         ARTESP          GRD-COM-ECNO-02.11.01.01 km 252-0000001                371 E...
GRD-COM-ECNO-02.12.01.02                ARTESP          GRD-COM-ECNO-02.12.01.02-0000001                       435 E...
GRD-COM-ECNO-02.02.01.08.02             ARTESP          GRD-COM-ECNO-02.02.01.08.02-0000001                    163 E...
GRD-COM-ECVI-Ligação Planalto - Baixada ARTESP          GRD-COM-ECVI-Ligação Planalto - Baixada-0000001       5652 E...
GRD-COM-ECNO-02.02.02.08.01             ARTESP          GRD-COM-ECNO-02.02.02.08.01-0000001                     17 E...
GRD-COM-ECNO-02.02.01.17.02             ARTESP          GRD-COM-ECNO-02.02.01.17.02-0000001                     17 E...
GRD-COM-ECNO-02.12.02.02 - PMRV         ARTESP          GRD-COM-ECNO-02.12.02.02 - PMRV-0000001                270 E...
GRD-COM-ECNO-02.02.01.02.01             ARTESP          GRD-COM-ECNO-02.02.01.02.01-0000001                    112 E...
GRD-COM-ECNO-02.02.01.08.01             ARTESP          GRD-COM-ECNO-02.02.01.08.01-0000001                     27 E...
GRD-COM-ECNO-03.03.03 - Dobrada         ARTESP          GRD-COM-ECNO-03.03.03 - Dobrada-0000001                 14 E...
GRD-COM-ECNO-03.03.03 - Taiúva          ARTESP          GRD-COM-ECNO-03.03.03 - Taiúva-0000001                  34 E...
GRD-COM-ECNO-02.04.03.02.03             ARTESP          GRD-COM-ECNO-02.04.03.02.03-0000001                    188 E...
GRD-COM-ECNO-02.02.01.17.01             ARTESP          GRD-COM-ECNO-02.02.01.17.01-0000001                     19 E...
GRD-COM--                               ARTESP                                                                  43
GRD-COM-ECNO-01.01.01.07                ARTESP          GRD-COM-ECNO-01.01.01.07-0000001                        36 E...
GRD-COM-ECNO-02.04.03.02.04             ARTESP          GRD-COM-ECNO-02.04.03.02.04-0000001                    180 E...
GRD-COM-ECNO-02.04.03.02.05             ARTESP          GRD-COM-ECNO-02.04.03.02.05-0000001                     96 E...
GRD-COM-ECNO-02.02.01.04.01             ARTESP          GRD-COM-ECNO-02.02.01.04.01-0000001                     71 E...
GRD-COM-ECNO-02.02.01.02.02             ARTESP          GRD-COM-ECNO-02.02.01.02.02-0000001                     91 E...
GRD-COM-ERC-02.02.02.02 BSO 2           ARTESP          GRD-COM-ERC-02.02.02.02 BSO 2-0000001                    4 E...
GRD-COM-ECNO-02.04.03.02.02             ARTESP          GRD-COM-ECNO-02.04.03.02.02-0000001                     68 E...
GRD-COM-ECNO-02.02.02.04.01             ARTESP          GRD-COM-ECNO-02.02.02.04.01-0000001                     17 E...
GRD-COM-ECNO-CCPP - São Carlos          ARTESP          GRD-COM-ECNO-CCPP - São Carlos-0000001                  62 E...
GRD-COM-ERC-02.02.02.03 BSO 3           ARTESP          GRD-COM-ERC-02.02.02.03 BSO 3-0000001                    2 E...
GRD-COM-ECNO-CCPP - Ibirá               ARTESP          GRD-COM-ECNO-CCPP - Ibirá-0000001                       50 E...
GRD-COM-ECNO-CCPP - Bebedouro           ARTESP          GRD-COM-ECNO-CCPP - Bebedouro-0000001                   54 E...
GRD-COM-ECNO-CCPP - Itápolis            ARTESP          GRD-COM-ECNO-CCPP - Itápolis-0000001                    46 E...
GRD-COM-ECNO-CCPP - São José            ARTESP          GRD-COM-ECNO-CCPP - São José-0000001                    87 E...
GRD-COM-ECNO-CCPP - Jaboticabal         ARTESP          GRD-COM-ECNO-CCPP - Jaboticabal-0000001                 60 E...
GRD-COM-EVNP-03.03.03 - Monte Alto      ARTESP          GRD-COM-EVNP-03.03.03 - Monte Alto-0000001              30 E...
GRD-COM-EVNP-03.03.03 - Piragi          ARTESP          GRD-COM-EVNP-03.03.03 - Piragi-0000001                  34 E...
GRD-COM-EPIS-Prolon Carvalho Pinto      ARTESP          GRD-COM-EPIS-Prolon Carvalho Pinto-0000001              92 E...
GRD-COM-ECVI-Curva do S - Alças         ARTESP          GRD-COM-ECVI-Curva do S - Alças-0000001                547 E...
GRD-COM-ECVI-ANPC - Dispositivos        ARTESP          GRD-COM-ECVI-ANPC - Dispositivos-0000001                64 E...
GRD-COM-ERC-02.02.02.04 BSO 4           ARTESP          GRD-COM-ERC-02.02.02.04 BSO 4-0000001                  106 E...
GRD-COM-ERC-02.02.02.01 BSO 1           ARTESP          GRD-COM-ERC-02.02.02.01 BSO 1-0000001                   54 E...
GRD-COM-IMI-Estação Elevatória km 64    ARTESP          GRD-COM-IMI-Estação Elevatória km 64-0000001           358 E...
GRD-COM-IMI-Alemoa Rotatória            ARTESP          GRD-COM-IMI-Alemoa Rotatória-0000001                     8 E...
GRD-COM-ECNO-02.02.01.03.01             ARTESP          GRD-COM-ECNO-02.02.01.03.01-0000001                     31 E...
GRD-COM-NP-NOP11 - Dispositivo RP       ARTESP          GRD-COM-NP-NOP11 - Dispositivo RP-0000001               34 E...
GRD-COM-NP-NOP04 - Dispositivo SC       ARTESP          GRD-COM-NP-NOP04 - Dispositivo SC-0000001               38 E...
GRD-COM-NP-NOP05 - Dispositivo SC       ARTESP          GRD-COM-NP-NOP05 - Dispositivo SC-0000001                2 E...
GRD-COM-IMI-147-FIP-Novo Acesso Porto   ARTESP          GRD-COM-IMI-147-FIP-Novo Acesso Porto-0000001           13 E...
GRD-COM-RC-03.03 - Free Flow P11        ARTESP          GRD-COM-RC-03.03 - Free Flow P11-0000001                 2 E...
GRD-COM-RC-03.03 - Free Flow P12        ARTESP          GRD-COM-RC-03.03 - Free Flow P12-0000001                 2 E...
GRD-COM-ECVI-Estação de bombeamento     ARTESP          GRD-COM-ECVI-Estação de bombeamento-0000001             99 E...
GRD-COM-ECNO-02.02.01.05.01             ARTESP          GRD-COM-ECNO-02.02.01.05.01-0000001                     25 E...
GRD-COM-NP-NOP07 - Dispositivo SC       ARTESP          GRD-COM-NP-NOP07 - Dispositivo SC-0000001                2 E...
GRD-COM-ECVI-Ciclovia Norte             ARTESP          GRD-COM-ECVI-Ciclovia Norte-0000001                    117 E...
GRD-COM-RC-03.03 - Free Flow P6-13,680  ARTESP          GRD-COM-RC-03.03 - Free Flow P6-13,680-0000001           2 E...
GRD-COM-ECNO-02.02.02.09.01             ARTESP          GRD-COM-ECNO-02.02.02.09.01-0000001                     21 E...
GRD-COM-ECNO-02.02.01.15.02             ARTESP          GRD-COM-ECNO-02.02.01.15.02-0000001                      2 E...
GRD-COM-ECNO-02.02.01.16.01             ARTESP          GRD-COM-ECNO-02.02.01.16.01-0000001                     23 E...
GRD-COM-ECNO-02.02.02.10.01             ARTESP          GRD-COM-ECNO-02.02.02.10.01-0000001                     23 E...
GRD-COM-ECNO-02.02.01.15.01             ARTESP          GRD-COM-ECNO-02.02.01.15.01-0000001                      2 E...
GRD-COM-EVNP-03.03.03 - Colina          ARTESP          GRD-COM-EVNP-03.03.03 - Colina-0000001                  32 E...
GRD-COM-IMI-Alemoa Dispositivo          ARTESP          GRD-COM-IMI-Alemoa Dispositivo-0000001                  14 E...
GRD-COM-ECVI-TD-00 - AVCB               ARTESP          GRD-COM-ECVI-TD-00 - AVCB-0000001                       20 E...
GRD-COM-ECVI-Túnel Quilombo             ARTESP          GRD-COM-ECVI-Túnel Quilombo-0000001                    100 E...
GRD-COM-ECVI-TA-12 - AVCB Túneis        ARTESP          GRD-COM-ECVI-TA-12 - AVCB Túneis-0000001                42 E...
GRD-COM-ECVI-TA-09 - AVCB Túneis        ARTESP          GRD-COM-ECVI-TA-09 - AVCB Túneis-0000001                42 E...
GRD-COM-ECVI-TA-13 - AVCB Túneis        ARTESP          GRD-COM-ECVI-TA-13 - AVCB Túneis-0000001                42 E...
GRD-COM-ECVI-TD-01 - AVCB               ARTESP          GRD-COM-ECVI-TD-01 - AVCB-0000001                       76 E...
GRD-COM-ECVI-TA-04 - AVCB Túneis        ARTESP          GRD-COM-ECVI-TA-04 - AVCB Túneis-0000001                36 E...
GRD-COM-ECVI-TA-002 - AVCB Túneis       ARTESP          GRD-COM-ECVI-TA-002 - AVCB Túneis-0000001               32 E...
GRD-COM-ECVI-TA-001 - AVCB Túneis       ARTESP          GRD-COM-ECVI-TA-001 - AVCB Túneis-0000001               30 E...
GRD-COM-ECVI-TA-06 - AVCB Túneis        ARTESP          GRD-COM-ECVI-TA-06 - AVCB Túneis-0000001                 6 E...
GRD-COM-ECVI-TA-01 - AVCB Túneis        ARTESP          GRD-COM-ECVI-TA-01 - AVCB Túneis-0000001                32 E...
GRD-COM-ECVI-TA-02 - AVCB Túneis        ARTESP          GRD-COM-ECVI-TA-02 - AVCB Túneis-0000001                24 E...
GRD-COM-ECVI-TA-03 - AVCB Túneis        ARTESP          GRD-COM-ECVI-TA-03 - AVCB Túneis-0000001                26 E...
GRD-COM-ECVI-TA-14 - AVCB Túneis        ARTESP          GRD-COM-ECVI-TA-14 - AVCB Túneis-0000001                32 E...
GRD-COM-ECVI-TA-07 - AVCB Túneis        ARTESP          GRD-COM-ECVI-TA-07 - AVCB Túneis-0000001                32 E...
GRD-COM-ECVI-TD-02 - AVCB Túneis        ARTESP          GRD-COM-ECVI-TD-02 - AVCB Túneis-0000001                22 E...
GRD-COM-ECVI-TA-10/11 - AVCB Túneis     ARTESP          GRD-COM-ECVI-TA-10/11 - AVCB Túneis-0000001             82 E...
GRD-COM-ECVI-TA-05 - AVCB Túneis        ARTESP          GRD-COM-ECVI-TA-05 - AVCB Túneis-0000001                50 E...
GRD-COM--                                                                                                        8


[2026-07-27 14:24:33.565] [INFO] Encerrando login no ProjectWise.
[2026-07-27 14:24:33.649] [INFO] Logout concluído.
[2026-07-27 14:24:33.649] [INFO] Fim da execução. Log: C:\Users\peter\OneDrive - Grupo Ecorodovias\Área de Trabalho\Scritps_novos\Logs\DevolveDocumentosProjetista_Simulacao_20260727_141659.log
**********************
Fim da transcrição do Windows PowerShell
Hora de término: 20260727142433
**********************
