2026-06-03 11:43:00 | INFO | Aplicacao iniciada.
2026-06-03 11:43:01 | INFO | Tentando importar modulo do ProjectWise.
2026-06-03 11:43:01 | INFO | Modulo 'pwps_dab' importado com sucesso.
2026-06-03 11:43:01 | INFO | Tentando conectar ao datasource do ProjectWise.
2026-06-03 11:43:01 | INFO | Tentando conexao via 'New-PWLogin'. Parametros: DatasourceName, UserName, Password, UseGui, DoNotCreateWorkingDirectory, BentleyIMS, LoadWRE, NonAdminLogin, Token, Verbose, Debug, ErrorAction, WarningAction, InformationAction, ErrorVariable, WarningVariable, InformationVariable, OutVariable, OutBuffer, PipelineVariable
2026-06-03 11:43:12 | INFO | Conexao realizada via 'New-PWLogin -BentleyIMS'.
2026-06-03 11:43:12 | INFO | Conexao com ProjectWise realizada com sucesso.
2026-06-03 11:43:37 | INFO | Buscando usuario pelo email: camila.assis@ecovias.com.br
2026-06-03 11:43:37 | INFO | Parametros encontrados no cmdlet: UserName, UserId, SecProvider, Email, Identity, Disabled, Enabled, LastLogin, LoginInfo, Verbose, Debug, ErrorAction, WarningAction, InformationAction, ErrorVariable, WarningVariable, InformationVariable, OutVariable, OutBuffer, PipelineVariable
2026-06-03 11:43:37 | INFO | Usuario localizado com correspondencia exata de email.
2026-06-03 11:43:39 | INFO | Buscando usuario pelo email: leticia.p.silva@ecovias.com.br
2026-06-03 11:43:39 | INFO | Parametros encontrados no cmdlet: UserName, UserId, SecProvider, Email, Identity, Disabled, Enabled, LastLogin, LoginInfo, Verbose, Debug, ErrorAction, WarningAction, InformationAction, ErrorVariable, WarningVariable, InformationVariable, OutVariable, OutBuffer, PipelineVariable
2026-06-03 11:43:40 | INFO | Usuario localizado com correspondencia exata de email.
2026-06-03 11:43:40 | INFO | Buscando usuario pelo email: luis.salvador@ecorodovias.com.br
2026-06-03 11:43:40 | INFO | Parametros encontrados no cmdlet: UserName, UserId, SecProvider, Email, Identity, Disabled, Enabled, LastLogin, LoginInfo, Verbose, Debug, ErrorAction, WarningAction, InformationAction, ErrorVariable, WarningVariable, InformationVariable, OutVariable, OutBuffer, PipelineVariable
2026-06-03 11:43:40 | INFO | Usuario localizado com correspondencia exata de email.
2026-06-03 11:43:41 | INFO | Buscando usuario pelo email: patricia.espinosa@ecovias.com.br
2026-06-03 11:43:41 | INFO | Parametros encontrados no cmdlet: UserName, UserId, SecProvider, Email, Identity, Disabled, Enabled, LastLogin, LoginInfo, Verbose, Debug, ErrorAction, WarningAction, InformationAction, ErrorVariable, WarningVariable, InformationVariable, OutVariable, OutBuffer, PipelineVariable
2026-06-03 11:43:41 | INFO | Usuario localizado com correspondencia exata de email.
2026-06-03 11:43:42 | INFO | Buscando usuario pelo email: silvio.souza@ecovias.com.br
2026-06-03 11:43:42 | INFO | Parametros encontrados no cmdlet: UserName, UserId, SecProvider, Email, Identity, Disabled, Enabled, LastLogin, LoginInfo, Verbose, Debug, ErrorAction, WarningAction, InformationAction, ErrorVariable, WarningVariable, InformationVariable, OutVariable, OutBuffer, PipelineVariable
2026-06-03 11:43:42 | INFO | Usuario localizado com correspondencia exata de email.
2026-06-03 11:43:43 | INFO | Buscando usuario pelo email: t_airton.magalhaes@ecorodovias.com.br
2026-06-03 11:43:43 | INFO | Parametros encontrados no cmdlet: UserName, UserId, SecProvider, Email, Identity, Disabled, Enabled, LastLogin, LoginInfo, Verbose, Debug, ErrorAction, WarningAction, InformationAction, ErrorVariable, WarningVariable, InformationVariable, OutVariable, OutBuffer, PipelineVariable
2026-06-03 11:43:43 | INFO | Usuario localizado com correspondencia exata de email.
2026-06-03 11:43:43 | INFO | Buscando usuario pelo email: t_gabriel.rodrigues@ecorodovias.com.br
2026-06-03 11:43:43 | INFO | Parametros encontrados no cmdlet: UserName, UserId, SecProvider, Email, Identity, Disabled, Enabled, LastLogin, LoginInfo, Verbose, Debug, ErrorAction, WarningAction, InformationAction, ErrorVariable, WarningVariable, InformationVariable, OutVariable, OutBuffer, PipelineVariable
2026-06-03 11:43:43 | INFO | Usuario localizado com correspondencia exata de email.
2026-06-03 11:43:44 | INFO | Buscando usuario pelo email: t_patricia.santos@ecovias.com.br
2026-06-03 11:43:44 | INFO | Parametros encontrados no cmdlet: UserName, UserId, SecProvider, Email, Identity, Disabled, Enabled, LastLogin, LoginInfo, Verbose, Debug, ErrorAction, WarningAction, InformationAction, ErrorVariable, WarningVariable, InformationVariable, OutVariable, OutBuffer, PipelineVariable
2026-06-03 11:43:44 | INFO | Usuario localizado com correspondencia exata de email.
2026-06-03 11:43:44 | INFO | Buscando usuario pelo email: tamara.avila@ecovias.com.br
2026-06-03 11:43:44 | INFO | Parametros encontrados no cmdlet: UserName, UserId, SecProvider, Email, Identity, Disabled, Enabled, LastLogin, LoginInfo, Verbose, Debug, ErrorAction, WarningAction, InformationAction, ErrorVariable, WarningVariable, InformationVariable, OutVariable, OutBuffer, PipelineVariable
2026-06-03 11:43:44 | INFO | Usuario localizado com correspondencia exata de email.
2026-06-03 11:43:45 | INFO | Buscando usuario pelo email: yanina.ferreira@ecovias.com.br
2026-06-03 11:43:45 | INFO | Parametros encontrados no cmdlet: UserName, UserId, SecProvider, Email, Identity, Disabled, Enabled, LastLogin, LoginInfo, Verbose, Debug, ErrorAction, WarningAction, InformationAction, ErrorVariable, WarningVariable, InformationVariable, OutVariable, OutBuffer, PipelineVariable
2026-06-03 11:43:45 | INFO | Usuario localizado com correspondencia exata de email.
2026-06-03 11:44:07 | INFO | Listando pastas da raiz por Root.
2026-06-03 11:44:08 | INFO | Listando filhos da pasta ID: 56
2026-06-03 11:44:13 | INFO | Listando filhos da pasta ID: 1101
2026-06-03 11:44:13 | INFO | Listando filhos da pasta ID: 1118
2026-06-03 11:44:39 | INFO | Iniciando leitura da seguranca do projeto 'Ampliações 4° Ano Linha' (ID: 410315)
2026-06-03 11:44:40 | INFO | Get-PWFolderSecurity retornou 14 item(ns).
2026-06-03 11:44:40 | INFO | Get-PWFolderTreeAccessObjects retornou 1 item(ns).
2026-06-03 11:44:40 | WARN | Cmdlet Get-PWProjectSecurity nao encontrado no ambiente. A leitura seguira apenas com FolderSecurity/TreeAccessObjects.
2026-06-03 11:44:40 | INFO | Total consolidado de acessos encontrados: 13
2026-06-03 11:44:41 | INFO | Projeto 'Ampliações 4° Ano - Lote 19 - Linha Férrea - km 189+640 - BR116/RJ' carregado para arvore. Groups=11 | UserLists=1 | Outros=1
2026-06-03 11:44:41 | INFO | Iniciando leitura da seguranca do projeto 'Ampliações 4° Ano SH 01' (ID: 410130)
2026-06-03 11:44:41 | INFO | Get-PWFolderSecurity retornou 14 item(ns).
2026-06-03 11:44:41 | INFO | Get-PWFolderTreeAccessObjects retornou 1 item(ns).
2026-06-03 11:44:41 | WARN | Cmdlet Get-PWProjectSecurity nao encontrado no ambiente. A leitura seguira apenas com FolderSecurity/TreeAccessObjects.
2026-06-03 11:44:41 | INFO | Total consolidado de acessos encontrados: 13
2026-06-03 11:44:42 | INFO | Projeto 'Ampliações 4° Ano SH 01 - km 408,580 + 412,830 - BR116/MG' carregado para arvore. Groups=11 | UserLists=1 | Outros=1
2026-06-03 11:44:42 | INFO | Iniciando leitura da seguranca do projeto 'Ampliações 4° Ano SH 01-Pref' (ID: 410167)
2026-06-03 11:44:42 | INFO | Get-PWFolderSecurity retornou 14 item(ns).
2026-06-03 11:44:42 | INFO | Get-PWFolderTreeAccessObjects retornou 1 item(ns).
2026-06-03 11:44:42 | WARN | Cmdlet Get-PWProjectSecurity nao encontrado no ambiente. A leitura seguira apenas com FolderSecurity/TreeAccessObjects.
2026-06-03 11:44:42 | INFO | Total consolidado de acessos encontrados: 13
2026-06-03 11:44:42 | INFO | Projeto 'Ampliações 4° Ano SH 01 - Prefeitura - km 408,580 + 412,830 - BR116/MG' carregado para arvore. Groups=11 | UserLists=1 | Outros=1
2026-06-03 11:44:42 | INFO | Iniciando leitura da seguranca do projeto 'Ampliações 4° Ano SH 02' (ID: 410204)
2026-06-03 11:44:43 | INFO | Get-PWFolderSecurity retornou 14 item(ns).
2026-06-03 11:44:43 | INFO | Get-PWFolderTreeAccessObjects retornou 1 item(ns).
2026-06-03 11:44:43 | WARN | Cmdlet Get-PWProjectSecurity nao encontrado no ambiente. A leitura seguira apenas com FolderSecurity/TreeAccessObjects.
2026-06-03 11:44:43 | INFO | Total consolidado de acessos encontrados: 13
2026-06-03 11:44:43 | INFO | Projeto 'Ampliações 4° Ano SH 02 - km 412,830 + 421,170 - BR116/MG' carregado para arvore. Groups=11 | UserLists=1 | Outros=1
2026-06-03 11:44:43 | INFO | Iniciando leitura da seguranca do projeto 'Ampliações 4° Ano SH 38' (ID: 141260)
2026-06-03 11:44:44 | INFO | Get-PWFolderSecurity retornou 14 item(ns).
2026-06-03 11:44:44 | INFO | Get-PWFolderTreeAccessObjects retornou 1 item(ns).
2026-06-03 11:44:44 | WARN | Cmdlet Get-PWProjectSecurity nao encontrado no ambiente. A leitura seguira apenas com FolderSecurity/TreeAccessObjects.
2026-06-03 11:44:44 | INFO | Total consolidado de acessos encontrados: 13
2026-06-03 11:44:44 | INFO | Projeto 'Ampliações 4° Ano SH 38 - km 0,000 + 15,480 - BR493/RJ' carregado para arvore. Groups=11 | UserLists=1 | Outros=1
2026-06-03 11:44:44 | INFO | Iniciando leitura da seguranca do projeto 'Ampliações 4° Ano SH 39' (ID: 142041)
2026-06-03 11:44:45 | INFO | Get-PWFolderSecurity retornou 14 item(ns).
2026-06-03 11:44:45 | INFO | Get-PWFolderTreeAccessObjects retornou 1 item(ns).
2026-06-03 11:44:45 | WARN | Cmdlet Get-PWProjectSecurity nao encontrado no ambiente. A leitura seguira apenas com FolderSecurity/TreeAccessObjects.
2026-06-03 11:44:45 | INFO | Total consolidado de acessos encontrados: 13
2026-06-03 11:44:45 | INFO | Projeto 'Ampliações 4° Ano SH 39 - km 15,480 + 19,640 - BR493/RJ' carregado para arvore. Groups=11 | UserLists=1 | Outros=1
2026-06-03 11:44:45 | INFO | Iniciando leitura da seguranca do projeto 'Ampliações 4° Ano SH 40' (ID: 142822)
2026-06-03 11:44:46 | INFO | Get-PWFolderSecurity retornou 14 item(ns).
2026-06-03 11:44:46 | INFO | Get-PWFolderTreeAccessObjects retornou 1 item(ns).
2026-06-03 11:44:46 | WARN | Cmdlet Get-PWProjectSecurity nao encontrado no ambiente. A leitura seguira apenas com FolderSecurity/TreeAccessObjects.
2026-06-03 11:44:46 | INFO | Total consolidado de acessos encontrados: 13
2026-06-03 11:44:46 | INFO | Projeto 'Ampliações 4° Ano SH 40 - km 19,640 + 25,370 - BR493/RJ' carregado para arvore. Groups=11 | UserLists=1 | Outros=1
2026-06-03 11:44:46 | INFO | Iniciando leitura da seguranca do projeto 'Ampliações 4° Ano SH 49' (ID: 410278)
2026-06-03 11:44:47 | INFO | Get-PWFolderSecurity retornou 14 item(ns).
2026-06-03 11:44:47 | INFO | Get-PWFolderTreeAccessObjects retornou 1 item(ns).
2026-06-03 11:44:47 | WARN | Cmdlet Get-PWProjectSecurity nao encontrado no ambiente. A leitura seguira apenas com FolderSecurity/TreeAccessObjects.
2026-06-03 11:44:47 | INFO | Total consolidado de acessos encontrados: 13
2026-06-03 11:44:47 | INFO | Projeto 'Ampliações 4° Ano SH 49 - km 168,720 + 171,930 - BR116/RJ' carregado para arvore. Groups=11 | UserLists=1 | Outros=1
2026-06-03 11:44:47 | INFO | Iniciando leitura da seguranca do projeto 'Ampliações 4° Ano SH 50' (ID: 150633)
2026-06-03 11:44:48 | INFO | Get-PWFolderSecurity retornou 14 item(ns).
2026-06-03 11:44:48 | INFO | Get-PWFolderTreeAccessObjects retornou 1 item(ns).
2026-06-03 11:44:48 | WARN | Cmdlet Get-PWProjectSecurity nao encontrado no ambiente. A leitura seguira apenas com FolderSecurity/TreeAccessObjects.
2026-06-03 11:44:48 | INFO | Total consolidado de acessos encontrados: 13
2026-06-03 11:44:48 | INFO | Projeto 'Ampliações 4° Ano SH 50 - km 171,930 + 174,320 - BR116/RJ' carregado para arvore. Groups=11 | UserLists=1 | Outros=1
2026-06-03 11:44:48 | INFO | Iniciando leitura da seguranca do projeto 'Ampliações 4° Ano SH 51' (ID: 151414)
2026-06-03 11:44:49 | INFO | Get-PWFolderSecurity retornou 14 item(ns).
2026-06-03 11:44:49 | INFO | Get-PWFolderTreeAccessObjects retornou 1 item(ns).
2026-06-03 11:44:49 | WARN | Cmdlet Get-PWProjectSecurity nao encontrado no ambiente. A leitura seguira apenas com FolderSecurity/TreeAccessObjects.
2026-06-03 11:44:49 | INFO | Total consolidado de acessos encontrados: 13
2026-06-03 11:44:49 | INFO | Projeto 'Ampliações 4° Ano SH 51 - km 174,320 + 178,420 - BR116/RJ' carregado para arvore. Groups=11 | UserLists=1 | Outros=1
2026-06-03 11:44:49 | INFO | Iniciando leitura da seguranca do projeto 'Ampliações 4° Ano SH 52' (ID: 152195)
2026-06-03 11:44:50 | INFO | Get-PWFolderSecurity retornou 14 item(ns).
2026-06-03 11:44:50 | INFO | Get-PWFolderTreeAccessObjects retornou 1 item(ns).
2026-06-03 11:44:50 | WARN | Cmdlet Get-PWProjectSecurity nao encontrado no ambiente. A leitura seguira apenas com FolderSecurity/TreeAccessObjects.
2026-06-03 11:44:50 | INFO | Total consolidado de acessos encontrados: 13
2026-06-03 11:44:50 | INFO | Projeto 'Ampliações 4° Ano SH 52 - km 178,420 + 181,630 - BR116/RJ' carregado para arvore. Groups=11 | UserLists=1 | Outros=1
2026-06-03 11:44:50 | INFO | Iniciando leitura da seguranca do projeto 'Ampliações 4° Ano SH 53' (ID: 152977)
2026-06-03 11:44:51 | INFO | Get-PWFolderSecurity retornou 14 item(ns).
2026-06-03 11:44:51 | INFO | Get-PWFolderTreeAccessObjects retornou 1 item(ns).
2026-06-03 11:44:51 | WARN | Cmdlet Get-PWProjectSecurity nao encontrado no ambiente. A leitura seguira apenas com FolderSecurity/TreeAccessObjects.
2026-06-03 11:44:51 | INFO | Total consolidado de acessos encontrados: 13
2026-06-03 11:44:51 | INFO | Projeto 'Ampliações 4° Ano SH 53 - km 181,630 + 185,530 - BR116/RJ' carregado para arvore. Groups=11 | UserLists=1 | Outros=1
2026-06-03 11:44:51 | INFO | Iniciando leitura da seguranca do projeto 'Ampliações 4° Ano SH 54' (ID: 153758)
2026-06-03 11:44:52 | INFO | Get-PWFolderSecurity retornou 14 item(ns).
2026-06-03 11:44:52 | INFO | Get-PWFolderTreeAccessObjects retornou 1 item(ns).
2026-06-03 11:44:52 | WARN | Cmdlet Get-PWProjectSecurity nao encontrado no ambiente. A leitura seguira apenas com FolderSecurity/TreeAccessObjects.
2026-06-03 11:44:52 | INFO | Total consolidado de acessos encontrados: 13
2026-06-03 11:44:52 | INFO | Projeto 'Ampliações 4° Ano SH 54 - km 185,530 + 189,620 - BR116/RJ' carregado para arvore. Groups=11 | UserLists=1 | Outros=1
2026-06-03 11:44:52 | INFO | Iniciando leitura da seguranca do projeto 'Ampliações 4° Ano SH 55' (ID: 154539)
2026-06-03 11:44:53 | INFO | Get-PWFolderSecurity retornou 14 item(ns).
2026-06-03 11:44:53 | INFO | Get-PWFolderTreeAccessObjects retornou 1 item(ns).
2026-06-03 11:44:53 | WARN | Cmdlet Get-PWProjectSecurity nao encontrado no ambiente. A leitura seguira apenas com FolderSecurity/TreeAccessObjects.
2026-06-03 11:44:53 | INFO | Total consolidado de acessos encontrados: 13
2026-06-03 11:44:53 | INFO | Projeto 'Ampliações 4° Ano SH 55 - km 189,620 + 196,120 - BR116/RJ' carregado para arvore. Groups=11 | UserLists=1 | Outros=1
2026-06-03 11:44:53 | INFO | Iniciando leitura da seguranca do projeto 'Ampliações 4° Ano SH 56' (ID: 155320)
2026-06-03 11:44:54 | INFO | Get-PWFolderSecurity retornou 14 item(ns).
2026-06-03 11:44:54 | INFO | Get-PWFolderTreeAccessObjects retornou 1 item(ns).
2026-06-03 11:44:54 | WARN | Cmdlet Get-PWProjectSecurity nao encontrado no ambiente. A leitura seguira apenas com FolderSecurity/TreeAccessObjects.
2026-06-03 11:44:54 | INFO | Total consolidado de acessos encontrados: 13
2026-06-03 11:44:54 | INFO | Projeto 'Ampliações 4° Ano SH 56 - km 196,120 + 204,320 - BR116/RJ' carregado para arvore. Groups=11 | UserLists=1 | Outros=1
2026-06-03 11:44:54 | INFO | Iniciando leitura da seguranca do projeto 'Ampliações 4°Ano SH 02-Pref' (ID: 410241)
2026-06-03 11:44:55 | INFO | Get-PWFolderSecurity retornou 14 item(ns).
2026-06-03 11:44:55 | INFO | Get-PWFolderTreeAccessObjects retornou 1 item(ns).
2026-06-03 11:44:55 | WARN | Cmdlet Get-PWProjectSecurity nao encontrado no ambiente. A leitura seguira apenas com FolderSecurity/TreeAccessObjects.
2026-06-03 11:44:55 | INFO | Total consolidado de acessos encontrados: 13
2026-06-03 11:44:55 | INFO | Projeto 'Ampliações 4° Ano SH 02 - Prefeitura - km 412,830 + 421,170 - BR116/MG' carregado para arvore. Groups=11 | UserLists=1 | Outros=1
2026-06-03 11:44:55 | INFO | Iniciando leitura da seguranca do projeto 'Ampliações 5° Ano SH 07' (ID: 105224)
2026-06-03 11:44:56 | INFO | Get-PWFolderSecurity retornou 14 item(ns).
2026-06-03 11:44:56 | INFO | Get-PWFolderTreeAccessObjects retornou 1 item(ns).
2026-06-03 11:44:56 | WARN | Cmdlet Get-PWProjectSecurity nao encontrado no ambiente. A leitura seguira apenas com FolderSecurity/TreeAccessObjects.
2026-06-03 11:44:56 | INFO | Total consolidado de acessos encontrados: 13
2026-06-03 11:44:56 | INFO | Projeto 'Ampliações 5° Ano SH 07 - km 499,330 + 519,730 - BR116/MG' carregado para arvore. Groups=11 | UserLists=1 | Outros=1
2026-06-03 11:44:56 | INFO | Iniciando leitura da seguranca do projeto 'Ampliações 5° Ano SH 08' (ID: 106344)
2026-06-03 11:44:57 | INFO | Get-PWFolderSecurity retornou 14 item(ns).
2026-06-03 11:44:57 | INFO | Get-PWFolderTreeAccessObjects retornou 1 item(ns).
2026-06-03 11:44:57 | WARN | Cmdlet Get-PWProjectSecurity nao encontrado no ambiente. A leitura seguira apenas com FolderSecurity/TreeAccessObjects.
2026-06-03 11:44:57 | INFO | Total consolidado de acessos encontrados: 13
2026-06-03 11:44:57 | INFO | Projeto 'Ampliações 5° Ano SH 08 - km 519,730 + 522,730 - BR116/MG' carregado para arvore. Groups=11 | UserLists=1 | Outros=1
2026-06-03 11:44:57 | INFO | Iniciando leitura da seguranca do projeto 'Ampliações 5° Ano SH 09' (ID: 107740)
2026-06-03 11:44:57 | INFO | Get-PWFolderSecurity retornou 14 item(ns).
2026-06-03 11:44:58 | INFO | Get-PWFolderTreeAccessObjects retornou 1 item(ns).
2026-06-03 11:44:58 | WARN | Cmdlet Get-PWProjectSecurity nao encontrado no ambiente. A leitura seguira apenas com FolderSecurity/TreeAccessObjects.
2026-06-03 11:44:58 | INFO | Total consolidado de acessos encontrados: 13
2026-06-03 11:44:58 | INFO | Projeto 'Ampliações 5° Ano SH 09 - km 522,730 + 525,840 - BR116/MG' carregado para arvore. Groups=11 | UserLists=1 | Outros=1
2026-06-03 11:44:58 | INFO | Iniciando leitura da seguranca do projeto 'Ampliações 5° Ano SH 10' (ID: 109211)
2026-06-03 11:44:58 | INFO | Get-PWFolderSecurity retornou 14 item(ns).
2026-06-03 11:44:58 | INFO | Get-PWFolderTreeAccessObjects retornou 1 item(ns).
2026-06-03 11:44:59 | WARN | Cmdlet Get-PWProjectSecurity nao encontrado no ambiente. A leitura seguira apenas com FolderSecurity/TreeAccessObjects.
2026-06-03 11:44:59 | INFO | Total consolidado de acessos encontrados: 13
2026-06-03 11:44:59 | INFO | Projeto 'Ampliações 5° Ano SH 10 - km 525,840 + 527,530 - BR116/MG' carregado para arvore. Groups=11 | UserLists=1 | Outros=1
2026-06-03 11:44:59 | INFO | Iniciando leitura da seguranca do projeto 'Ampliações 5° Ano SH 57' (ID: 156101)
2026-06-03 11:44:59 | INFO | Get-PWFolderSecurity retornou 14 item(ns).
2026-06-03 11:44:59 | INFO | Get-PWFolderTreeAccessObjects retornou 1 item(ns).
2026-06-03 11:44:59 | WARN | Cmdlet Get-PWProjectSecurity nao encontrado no ambiente. A leitura seguira apenas com FolderSecurity/TreeAccessObjects.
2026-06-03 11:44:59 | INFO | Total consolidado de acessos encontrados: 13
2026-06-03 11:44:59 | INFO | Projeto 'Ampliações 5° Ano SH 57 - km 204,320 + 211,820 - BR116/RJ' carregado para arvore. Groups=11 | UserLists=1 | Outros=1
2026-06-03 11:44:59 | INFO | Iniciando leitura da seguranca do projeto 'Ampliações 5° Ano SH 58' (ID: 156882)
2026-06-03 11:45:00 | INFO | Get-PWFolderSecurity retornou 14 item(ns).
2026-06-03 11:45:00 | INFO | Get-PWFolderTreeAccessObjects retornou 1 item(ns).
2026-06-03 11:45:00 | WARN | Cmdlet Get-PWProjectSecurity nao encontrado no ambiente. A leitura seguira apenas com FolderSecurity/TreeAccessObjects.
2026-06-03 11:45:00 | INFO | Total consolidado de acessos encontrados: 13
2026-06-03 11:45:00 | INFO | Projeto 'Ampliações 5° Ano SH 58 - km 211,820 + 214,700 - BR116/RJ' carregado para arvore. Groups=11 | UserLists=1 | Outros=1
2026-06-03 11:45:00 | INFO | Iniciando leitura da seguranca do projeto 'Ampliações 6° Ano SH 03' (ID: 94037)
2026-06-03 11:45:01 | INFO | Get-PWFolderSecurity retornou 14 item(ns).
2026-06-03 11:45:01 | INFO | Get-PWFolderTreeAccessObjects retornou 1 item(ns).
2026-06-03 11:45:01 | WARN | Cmdlet Get-PWProjectSecurity nao encontrado no ambiente. A leitura seguira apenas com FolderSecurity/TreeAccessObjects.
2026-06-03 11:45:01 | INFO | Total consolidado de acessos encontrados: 13
2026-06-03 11:45:01 | INFO | Projeto 'Ampliações 6° Ano SH 03 - km 421,170 + 456,260 - BR116/MG' carregado para arvore. Groups=11 | UserLists=1 | Outros=1
2026-06-03 11:45:01 | INFO | Iniciando leitura da seguranca do projeto 'Ampliações 6° Ano SH 06' (ID: 97162)
2026-06-03 11:45:02 | INFO | Get-PWFolderSecurity retornou 14 item(ns).
2026-06-03 11:45:02 | INFO | Get-PWFolderTreeAccessObjects retornou 1 item(ns).
2026-06-03 11:45:02 | WARN | Cmdlet Get-PWProjectSecurity nao encontrado no ambiente. A leitura seguira apenas com FolderSecurity/TreeAccessObjects.
2026-06-03 11:45:02 | INFO | Total consolidado de acessos encontrados: 13
2026-06-03 11:45:02 | INFO | Projeto 'Ampliações 6° Ano SH 06 - km 485,540 + 499,330 - BR116/MG' carregado para arvore. Groups=11 | UserLists=1 | Outros=1
2026-06-03 11:45:02 | INFO | Iniciando leitura da seguranca do projeto 'Ampliações 6° Ano SH 12' (ID: 112069)
2026-06-03 11:45:03 | INFO | Get-PWFolderSecurity retornou 14 item(ns).
2026-06-03 11:45:03 | INFO | Get-PWFolderTreeAccessObjects retornou 1 item(ns).
2026-06-03 11:45:03 | WARN | Cmdlet Get-PWProjectSecurity nao encontrado no ambiente. A leitura seguira apenas com FolderSecurity/TreeAccessObjects.
2026-06-03 11:45:03 | INFO | Total consolidado de acessos encontrados: 13
2026-06-03 11:45:03 | INFO | Projeto 'Ampliações 6° Ano SH 12 - km 561,400 + 586,570 - BR116/MG' carregado para arvore. Groups=11 | UserLists=1 | Outros=1
2026-06-03 11:45:03 | INFO | Iniciando leitura da seguranca do projeto 'Ampliações 6° Ano SH 13' (ID: 113597)
2026-06-03 11:45:04 | INFO | Get-PWFolderSecurity retornou 14 item(ns).
2026-06-03 11:45:04 | INFO | Get-PWFolderTreeAccessObjects retornou 1 item(ns).
2026-06-03 11:45:04 | WARN | Cmdlet Get-PWProjectSecurity nao encontrado no ambiente. A leitura seguira apenas com FolderSecurity/TreeAccessObjects.
2026-06-03 11:45:04 | INFO | Total consolidado de acessos encontrados: 13
2026-06-03 11:45:04 | INFO | Projeto 'Ampliações 6° Ano SH 13 - km 588,700 + 606,830 - BR116/MG' carregado para arvore. Groups=11 | UserLists=1 | Outros=1
2026-06-03 11:45:04 | INFO | Iniciando leitura da seguranca do projeto 'Ampliações 6° Ano SH 17' (ID: 117972)
2026-06-03 11:45:05 | INFO | Get-PWFolderSecurity retornou 14 item(ns).
2026-06-03 11:45:05 | INFO | Get-PWFolderTreeAccessObjects retornou 1 item(ns).
2026-06-03 11:45:05 | WARN | Cmdlet Get-PWProjectSecurity nao encontrado no ambiente. A leitura seguira apenas com FolderSecurity/TreeAccessObjects.
2026-06-03 11:45:05 | INFO | Total consolidado de acessos encontrados: 13
2026-06-03 11:45:05 | INFO | Projeto 'Ampliações 6° Ano SH 17 - km 702,260 + 703,450 - BR116/MG' carregado para arvore. Groups=11 | UserLists=1 | Outros=1
2026-06-03 11:45:05 | INFO | Iniciando leitura da seguranca do projeto 'Ampliações 6° Ano SH 29' (ID: 127889)
2026-06-03 11:45:06 | INFO | Get-PWFolderSecurity retornou 14 item(ns).
2026-06-03 11:45:06 | INFO | Get-PWFolderTreeAccessObjects retornou 1 item(ns).
2026-06-03 11:45:06 | WARN | Cmdlet Get-PWProjectSecurity nao encontrado no ambiente. A leitura seguira apenas com FolderSecurity/TreeAccessObjects.
2026-06-03 11:45:06 | INFO | Total consolidado de acessos encontrados: 13
2026-06-03 11:45:06 | INFO | Projeto 'Ampliações 6° Ano SH 29 - km 59,430 + 80,520 - BR116/RJ' carregado para arvore. Groups=11 | UserLists=1 | Outros=1
2026-06-03 11:45:06 | INFO | Iniciando leitura da seguranca do projeto 'Ampliações 6° Ano SH 30' (ID: 128672)
2026-06-03 11:45:07 | INFO | Get-PWFolderSecurity retornou 14 item(ns).
2026-06-03 11:45:07 | INFO | Get-PWFolderTreeAccessObjects retornou 1 item(ns).
2026-06-03 11:45:07 | WARN | Cmdlet Get-PWProjectSecurity nao encontrado no ambiente. A leitura seguira apenas com FolderSecurity/TreeAccessObjects.
2026-06-03 11:45:07 | INFO | Total consolidado de acessos encontrados: 13
2026-06-03 11:45:07 | INFO | Projeto 'Ampliações 6° Ano SH 30 - km 80,520 + 93,180 - BR116/RJ' carregado para arvore. Groups=11 | UserLists=1 | Outros=1
2026-06-03 11:45:07 | INFO | Iniciando leitura da seguranca do projeto 'Ampliações 6° Ano SH 31' (ID: 135793)
2026-06-03 11:45:08 | INFO | Get-PWFolderSecurity retornou 14 item(ns).
2026-06-03 11:45:08 | INFO | Get-PWFolderTreeAccessObjects retornou 1 item(ns).
2026-06-03 11:45:08 | WARN | Cmdlet Get-PWProjectSecurity nao encontrado no ambiente. A leitura seguira apenas com FolderSecurity/TreeAccessObjects.
2026-06-03 11:45:08 | INFO | Total consolidado de acessos encontrados: 13
2026-06-03 11:45:08 | INFO | Projeto 'Ampliações 6° Ano SH 31 - km 93,180 + 108,430 -  BR116/RJ' carregado para arvore. Groups=11 | UserLists=1 | Outros=1
2026-06-03 11:45:08 | INFO | Iniciando leitura da seguranca do projeto 'Ampliações 6° Ano SH 35' (ID: 138917)
2026-06-03 11:45:09 | INFO | Get-PWFolderSecurity retornou 14 item(ns).
2026-06-03 11:45:09 | INFO | Get-PWFolderTreeAccessObjects retornou 1 item(ns).
2026-06-03 11:45:09 | WARN | Cmdlet Get-PWProjectSecurity nao encontrado no ambiente. A leitura seguira apenas com FolderSecurity/TreeAccessObjects.
2026-06-03 11:45:09 | INFO | Total consolidado de acessos encontrados: 13
2026-06-03 11:45:09 | INFO | Projeto 'Ampliações 6° Ano SH 35 - km 126,500 + 137,110 - BR116/RJ' carregado para arvore. Groups=11 | UserLists=1 | Outros=1
2026-06-03 11:45:09 | INFO | Iniciando leitura da seguranca do projeto 'Ampliações 6° Ano SH 36' (ID: 139698)
2026-06-03 11:45:10 | INFO | Get-PWFolderSecurity retornou 14 item(ns).
2026-06-03 11:45:10 | INFO | Get-PWFolderTreeAccessObjects retornou 1 item(ns).
2026-06-03 11:45:10 | WARN | Cmdlet Get-PWProjectSecurity nao encontrado no ambiente. A leitura seguira apenas com FolderSecurity/TreeAccessObjects.
2026-06-03 11:45:10 | INFO | Total consolidado de acessos encontrados: 13
2026-06-03 11:45:10 | INFO | Projeto 'Ampliações 6° Ano SH 36 - km 137,110 + 141,530 - BR116/RJ' carregado para arvore. Groups=11 | UserLists=1 | Outros=1
2026-06-03 11:45:10 | INFO | Iniciando leitura da seguranca do projeto 'Ampliações 6° Ano SH 37' (ID: 140479)
2026-06-03 11:45:11 | INFO | Get-PWFolderSecurity retornou 14 item(ns).
2026-06-03 11:45:11 | INFO | Get-PWFolderTreeAccessObjects retornou 1 item(ns).
2026-06-03 11:45:11 | WARN | Cmdlet Get-PWProjectSecurity nao encontrado no ambiente. A leitura seguira apenas com FolderSecurity/TreeAccessObjects.
2026-06-03 11:45:11 | INFO | Total consolidado de acessos encontrados: 13
2026-06-03 11:45:11 | INFO | Projeto 'Ampliações 6° Ano SH 37 - km 141,530 + 148,660 - BR116/RJ' carregado para arvore. Groups=11 | UserLists=1 | Outros=1
2026-06-03 11:45:11 | INFO | Iniciando leitura da seguranca do projeto 'Ampliações 6° Ano SH 41' (ID: 143603)
2026-06-03 11:45:12 | INFO | Get-PWFolderSecurity retornou 14 item(ns).
2026-06-03 11:45:12 | INFO | Get-PWFolderTreeAccessObjects retornou 1 item(ns).
2026-06-03 11:45:12 | WARN | Cmdlet Get-PWProjectSecurity nao encontrado no ambiente. A leitura seguira apenas com FolderSecurity/TreeAccessObjects.
2026-06-03 11:45:12 | INFO | Total consolidado de acessos encontrados: 13
2026-06-03 11:45:12 | INFO | Projeto 'Ampliações 6° Ano SH 41 - km 48,100 + 55,080 - BR493/RJ' carregado para arvore. Groups=11 | UserLists=1 | Outros=1
2026-06-03 11:45:12 | INFO | Iniciando leitura da seguranca do projeto 'Ampliações 6° Ano SH 42' (ID: 144384)
2026-06-03 11:45:13 | INFO | Get-PWFolderSecurity retornou 14 item(ns).
2026-06-03 11:45:13 | INFO | Get-PWFolderTreeAccessObjects retornou 1 item(ns).
2026-06-03 11:45:13 | WARN | Cmdlet Get-PWProjectSecurity nao encontrado no ambiente. A leitura seguira apenas com FolderSecurity/TreeAccessObjects.
2026-06-03 11:45:13 | INFO | Total consolidado de acessos encontrados: 13
2026-06-03 11:45:13 | INFO | Projeto 'Ampliações 6° Ano SH 42 - km 55,080 + 65,880 - BR493/RJ' carregado para arvore. Groups=11 | UserLists=1 | Outros=1
2026-06-03 11:45:13 | INFO | Iniciando leitura da seguranca do projeto 'Ampliações 6° Ano SH 43' (ID: 145165)
2026-06-03 11:45:14 | INFO | Get-PWFolderSecurity retornou 14 item(ns).
2026-06-03 11:45:14 | INFO | Get-PWFolderTreeAccessObjects retornou 1 item(ns).
2026-06-03 11:45:14 | WARN | Cmdlet Get-PWProjectSecurity nao encontrado no ambiente. A leitura seguira apenas com FolderSecurity/TreeAccessObjects.
2026-06-03 11:45:14 | INFO | Total consolidado de acessos encontrados: 13
2026-06-03 11:45:14 | INFO | Projeto 'Ampliações 6° Ano SH 43 - km 65,880 + 84,400 - BR493/RJ' carregado para arvore. Groups=11 | UserLists=1 | Outros=1
2026-06-03 11:45:14 | INFO | Iniciando leitura da seguranca do projeto 'Ampliações 7° Ano Acesso' (ID: 410352)
2026-06-03 11:45:15 | INFO | Get-PWFolderSecurity retornou 14 item(ns).
2026-06-03 11:45:15 | INFO | Get-PWFolderTreeAccessObjects retornou 1 item(ns).
2026-06-03 11:45:15 | WARN | Cmdlet Get-PWProjectSecurity nao encontrado no ambiente. A leitura seguira apenas com FolderSecurity/TreeAccessObjects.
2026-06-03 11:45:15 | INFO | Total consolidado de acessos encontrados: 13
2026-06-03 11:45:15 | INFO | Projeto 'Ampliações 7° Ano - Lote 15 - Acesso km 057 - BR116/RJ' carregado para arvore. Groups=11 | UserLists=1 | Outros=1
2026-06-03 11:45:15 | INFO | Iniciando leitura da seguranca do projeto 'Ampliações 7° Ano SH 05' (ID: 96381)
2026-06-03 11:45:16 | INFO | Get-PWFolderSecurity retornou 14 item(ns).
2026-06-03 11:45:16 | INFO | Get-PWFolderTreeAccessObjects retornou 1 item(ns).
2026-06-03 11:45:16 | WARN | Cmdlet Get-PWProjectSecurity nao encontrado no ambiente. A leitura seguira apenas com FolderSecurity/TreeAccessObjects.
2026-06-03 11:45:16 | INFO | Total consolidado de acessos encontrados: 13
2026-06-03 11:45:16 | INFO | Projeto 'Ampliações 7° Ano SH 05 - km 469,630 + 485,540 - BR116/MG' carregado para arvore. Groups=11 | UserLists=1 | Outros=1
2026-06-03 11:45:16 | INFO | Iniciando leitura da seguranca do projeto 'Ampliações 7° Ano SH 11' (ID: 110629)
2026-06-03 11:45:17 | INFO | Get-PWFolderSecurity retornou 14 item(ns).
2026-06-03 11:45:17 | INFO | Get-PWFolderTreeAccessObjects retornou 1 item(ns).
2026-06-03 11:45:17 | WARN | Cmdlet Get-PWProjectSecurity nao encontrado no ambiente. A leitura seguira apenas com FolderSecurity/TreeAccessObjects.
2026-06-03 11:45:17 | INFO | Total consolidado de acessos encontrados: 13
2026-06-03 11:45:17 | INFO | Projeto 'Ampliações 7° Ano SH 11 - km 527,530 + 561,400 - BR116/MG' carregado para arvore. Groups=11 | UserLists=1 | Outros=1
2026-06-03 11:45:17 | INFO | Iniciando leitura da seguranca do projeto 'Ampliações 7° Ano SH 14' (ID: 115629)
2026-06-03 11:45:18 | INFO | Get-PWFolderSecurity retornou 14 item(ns).
2026-06-03 11:45:18 | INFO | Get-PWFolderTreeAccessObjects retornou 1 item(ns).
2026-06-03 11:45:18 | WARN | Cmdlet Get-PWProjectSecurity nao encontrado no ambiente. A leitura seguira apenas com FolderSecurity/TreeAccessObjects.
2026-06-03 11:45:18 | INFO | Total consolidado de acessos encontrados: 13
2026-06-03 11:45:18 | INFO | Projeto 'Ampliações 7° Ano SH 14 - km 606,830 + 634,860 - BR116/MG' carregado para arvore. Groups=11 | UserLists=1 | Outros=1
2026-06-03 11:45:18 | INFO | Iniciando leitura da seguranca do projeto 'Ampliações 7° Ano SH 15' (ID: 116410)
2026-06-03 11:45:19 | INFO | Get-PWFolderSecurity retornou 14 item(ns).
2026-06-03 11:45:19 | INFO | Get-PWFolderTreeAccessObjects retornou 1 item(ns).
2026-06-03 11:45:19 | WARN | Cmdlet Get-PWProjectSecurity nao encontrado no ambiente. A leitura seguira apenas com FolderSecurity/TreeAccessObjects.
2026-06-03 11:45:19 | INFO | Total consolidado de acessos encontrados: 13
2026-06-03 11:45:19 | INFO | Projeto 'Ampliações 7° Ano SH 15 - km 634,860 + 650,270 - BR116/MG' carregado para arvore. Groups=11 | UserLists=1 | Outros=1
2026-06-03 11:45:19 | INFO | Iniciando leitura da seguranca do projeto 'Ampliações 7° Ano SH 16' (ID: 117191)
2026-06-03 11:45:20 | INFO | Get-PWFolderSecurity retornou 14 item(ns).
2026-06-03 11:45:20 | INFO | Get-PWFolderTreeAccessObjects retornou 1 item(ns).
2026-06-03 11:45:20 | WARN | Cmdlet Get-PWProjectSecurity nao encontrado no ambiente. A leitura seguira apenas com FolderSecurity/TreeAccessObjects.
2026-06-03 11:45:20 | INFO | Total consolidado de acessos encontrados: 13
2026-06-03 11:45:20 | INFO | Projeto 'Ampliações 7° Ano SH 16 - km 650,280 + 702,260 - BR116/MG' carregado para arvore. Groups=11 | UserLists=1 | Outros=1
2026-06-03 11:45:20 | INFO | Iniciando leitura da seguranca do projeto 'Ampliações 7° Ano SH 18' (ID: 118777)
2026-06-03 11:45:21 | INFO | Get-PWFolderSecurity retornou 14 item(ns).
2026-06-03 11:45:21 | INFO | Get-PWFolderTreeAccessObjects retornou 1 item(ns).
2026-06-03 11:45:21 | WARN | Cmdlet Get-PWProjectSecurity nao encontrado no ambiente. A leitura seguira apenas com FolderSecurity/TreeAccessObjects.
2026-06-03 11:45:21 | INFO | Total consolidado de acessos encontrados: 13
2026-06-03 11:45:21 | INFO | Projeto 'Ampliações 7° Ano SH 18 - km 703,450 + 736,400 - BR116/MG' carregado para arvore. Groups=11 | UserLists=1 | Outros=1
2026-06-03 11:45:21 | INFO | Iniciando leitura da seguranca do projeto 'Ampliações 7° Ano SH 19' (ID: 119562)
2026-06-03 11:45:22 | INFO | Get-PWFolderSecurity retornou 14 item(ns).
2026-06-03 11:45:22 | INFO | Get-PWFolderTreeAccessObjects retornou 1 item(ns).
2026-06-03 11:45:22 | WARN | Cmdlet Get-PWProjectSecurity nao encontrado no ambiente. A leitura seguira apenas com FolderSecurity/TreeAccessObjects.
2026-06-03 11:45:22 | INFO | Total consolidado de acessos encontrados: 13
2026-06-03 11:45:22 | INFO | Projeto 'Ampliações 7° Ano SH 19 - km 736,400 + 744,580 - BR116/MG' carregado para arvore. Groups=11 | UserLists=1 | Outros=1
2026-06-03 11:45:22 | INFO | Iniciando leitura da seguranca do projeto 'Ampliações 7° Ano SH 27' (ID: 125874)
2026-06-03 11:45:23 | INFO | Get-PWFolderSecurity retornou 14 item(ns).
2026-06-03 11:45:23 | INFO | Get-PWFolderTreeAccessObjects retornou 1 item(ns).
2026-06-03 11:45:23 | WARN | Cmdlet Get-PWProjectSecurity nao encontrado no ambiente. A leitura seguira apenas com FolderSecurity/TreeAccessObjects.
2026-06-03 11:45:23 | INFO | Total consolidado de acessos encontrados: 13
2026-06-03 11:45:23 | INFO | Projeto 'Ampliações 7° Ano SH 27 - km 40,370 + 56,520 - BR116/RJ' carregado para arvore. Groups=11 | UserLists=1 | Outros=1
2026-06-03 11:45:23 | INFO | Iniciando leitura da seguranca do projeto 'Ampliações 7° Ano SH 28' (ID: 127093)
2026-06-03 11:45:24 | INFO | Get-PWFolderSecurity retornou 14 item(ns).
2026-06-03 11:45:24 | INFO | Get-PWFolderTreeAccessObjects retornou 1 item(ns).
2026-06-03 11:45:24 | WARN | Cmdlet Get-PWProjectSecurity nao encontrado no ambiente. A leitura seguira apenas com FolderSecurity/TreeAccessObjects.
2026-06-03 11:45:24 | INFO | Total consolidado de acessos encontrados: 13
2026-06-03 11:45:24 | INFO | Projeto 'Ampliações 7° Ano SH 28 - km 56,520 + 59,430 - BR116/RJ' carregado para arvore. Groups=11 | UserLists=1 | Outros=1
2026-06-03 11:45:24 | INFO | Iniciando leitura da seguranca do projeto 'Ampliações 8° Ano Ciclovia' (ID: 410389)
2026-06-03 11:45:25 | INFO | Get-PWFolderSecurity retornou 14 item(ns).
2026-06-03 11:45:25 | INFO | Get-PWFolderTreeAccessObjects retornou 1 item(ns).
2026-06-03 11:45:25 | WARN | Cmdlet Get-PWProjectSecurity nao encontrado no ambiente. A leitura seguira apenas com FolderSecurity/TreeAccessObjects.
2026-06-03 11:45:25 | INFO | Total consolidado de acessos encontrados: 13
2026-06-03 11:45:25 | INFO | Projeto 'Ampliações 8° Ano - SH-32 - Ciclovia - km 108-110 - BR116RJ' carregado para arvore. Groups=11 | UserLists=1 | Outros=1
2026-06-03 11:45:25 | INFO | Iniciando leitura da seguranca do projeto 'Ampliações 8° Ano Diamante' (ID: 410426)
2026-06-03 11:45:26 | INFO | Get-PWFolderSecurity retornou 14 item(ns).
2026-06-03 11:45:26 | INFO | Get-PWFolderTreeAccessObjects retornou 1 item(ns).
2026-06-03 11:45:26 | WARN | Cmdlet Get-PWProjectSecurity nao encontrado no ambiente. A leitura seguira apenas com FolderSecurity/TreeAccessObjects.
2026-06-03 11:45:26 | INFO | Total consolidado de acessos encontrados: 13
2026-06-03 11:45:26 | INFO | Projeto 'Ampliações 8° Ano - SH-33 - Diamante - km 116+010 - BR116RJ' carregado para arvore. Groups=11 | UserLists=1 | Outros=1
2026-06-03 11:45:26 | INFO | Iniciando leitura da seguranca do projeto 'Ampliações 8° Ano SH 04' (ID: 94818)
2026-06-03 11:45:26 | INFO | Get-PWFolderSecurity retornou 14 item(ns).
2026-06-03 11:45:27 | INFO | Get-PWFolderTreeAccessObjects retornou 1 item(ns).
2026-06-03 11:45:27 | WARN | Cmdlet Get-PWProjectSecurity nao encontrado no ambiente. A leitura seguira apenas com FolderSecurity/TreeAccessObjects.
2026-06-03 11:45:27 | INFO | Total consolidado de acessos encontrados: 13
2026-06-03 11:45:27 | INFO | Projeto 'Ampliações 8° Ano SH 04 - km 456,260 + 469,630 - BR116/MG' carregado para arvore. Groups=11 | UserLists=1 | Outros=1
2026-06-03 11:45:27 | INFO | Iniciando leitura da seguranca do projeto 'Ampliações 8° Ano SH 20' (ID: 120343)
2026-06-03 11:45:27 | INFO | Get-PWFolderSecurity retornou 14 item(ns).
2026-06-03 11:45:27 | INFO | Get-PWFolderTreeAccessObjects retornou 1 item(ns).
2026-06-03 11:45:28 | WARN | Cmdlet Get-PWProjectSecurity nao encontrado no ambiente. A leitura seguira apenas com FolderSecurity/TreeAccessObjects.
2026-06-03 11:45:28 | INFO | Total consolidado de acessos encontrados: 13
2026-06-03 11:45:28 | INFO | Projeto 'Ampliações 8° Ano SH 20 - km 744,580 + 764,890 - BR116/MG' carregado para arvore. Groups=11 | UserLists=1 | Outros=1
2026-06-03 11:45:28 | INFO | Iniciando leitura da seguranca do projeto 'Ampliações 8° Ano SH 21' (ID: 121125)
2026-06-03 11:45:28 | INFO | Get-PWFolderSecurity retornou 14 item(ns).
2026-06-03 11:45:28 | INFO | Get-PWFolderTreeAccessObjects retornou 1 item(ns).
2026-06-03 11:45:28 | WARN | Cmdlet Get-PWProjectSecurity nao encontrado no ambiente. A leitura seguira apenas com FolderSecurity/TreeAccessObjects.
2026-06-03 11:45:28 | INFO | Total consolidado de acessos encontrados: 13
2026-06-03 11:45:28 | INFO | Projeto 'Ampliações 8° Ano SH 21 - km 764,890 + 772,490 - BR116/MG' carregado para arvore. Groups=11 | UserLists=1 | Outros=1
2026-06-03 11:45:28 | INFO | Iniciando leitura da seguranca do projeto 'Ampliações 8° Ano SH 22' (ID: 121907)
2026-06-03 11:45:29 | INFO | Get-PWFolderSecurity retornou 14 item(ns).
2026-06-03 11:45:29 | INFO | Get-PWFolderTreeAccessObjects retornou 1 item(ns).
2026-06-03 11:45:29 | WARN | Cmdlet Get-PWProjectSecurity nao encontrado no ambiente. A leitura seguira apenas com FolderSecurity/TreeAccessObjects.
2026-06-03 11:45:29 | INFO | Total consolidado de acessos encontrados: 13
2026-06-03 11:45:29 | INFO | Projeto 'Ampliações 8° Ano SH 22 - km 772,490 + 814,210 - BR116/MG' carregado para arvore. Groups=11 | UserLists=1 | Outros=1
2026-06-03 11:45:29 | INFO | Iniciando leitura da seguranca do projeto 'Ampliações 8° Ano SH 23' (ID: 122689)
2026-06-03 11:45:30 | INFO | Get-PWFolderSecurity retornou 14 item(ns).
2026-06-03 11:45:30 | INFO | Get-PWFolderTreeAccessObjects retornou 1 item(ns).
2026-06-03 11:45:30 | WARN | Cmdlet Get-PWProjectSecurity nao encontrado no ambiente. A leitura seguira apenas com FolderSecurity/TreeAccessObjects.
2026-06-03 11:45:30 | INFO | Total consolidado de acessos encontrados: 13
2026-06-03 11:45:30 | INFO | Projeto 'Ampliações 8° Ano SH 23 - km 814,210 + 816,320 - BR116/MG' carregado para arvore. Groups=11 | UserLists=1 | Outros=1
2026-06-03 11:45:30 | INFO | Iniciando leitura da seguranca do projeto 'Ampliações 8° Ano SH 24' (ID: 123479)
2026-06-03 11:45:31 | INFO | Get-PWFolderSecurity retornou 14 item(ns).
2026-06-03 11:45:31 | INFO | Get-PWFolderTreeAccessObjects retornou 1 item(ns).
2026-06-03 11:45:31 | WARN | Cmdlet Get-PWProjectSecurity nao encontrado no ambiente. A leitura seguira apenas com FolderSecurity/TreeAccessObjects.
2026-06-03 11:45:31 | INFO | Total consolidado de acessos encontrados: 13
2026-06-03 11:45:31 | INFO | Projeto 'Ampliações 8° Ano SH 24 - km 2,100 + 24,460 - BR116/RJ' carregado para arvore. Groups=11 | UserLists=1 | Outros=1
2026-06-03 11:45:31 | INFO | Iniciando leitura da seguranca do projeto 'Ampliações 8° Ano SH 25' (ID: 124261)
2026-06-03 11:45:32 | INFO | Get-PWFolderSecurity retornou 14 item(ns).
2026-06-03 11:45:32 | INFO | Get-PWFolderTreeAccessObjects retornou 1 item(ns).
2026-06-03 11:45:32 | WARN | Cmdlet Get-PWProjectSecurity nao encontrado no ambiente. A leitura seguira apenas com FolderSecurity/TreeAccessObjects.
2026-06-03 11:45:32 | INFO | Total consolidado de acessos encontrados: 13
2026-06-03 11:45:32 | INFO | Projeto 'Ampliações 8° Ano SH 25 - km 24,460 + 24,770 - BR116/RJ' carregado para arvore. Groups=11 | UserLists=1 | Outros=1
2026-06-03 11:45:32 | INFO | Iniciando leitura da seguranca do projeto 'Ampliações 8° Ano SH 26' (ID: 125066)
2026-06-03 11:45:33 | INFO | Get-PWFolderSecurity retornou 14 item(ns).
2026-06-03 11:45:33 | INFO | Get-PWFolderTreeAccessObjects retornou 1 item(ns).
2026-06-03 11:45:33 | WARN | Cmdlet Get-PWProjectSecurity nao encontrado no ambiente. A leitura seguira apenas com FolderSecurity/TreeAccessObjects.
2026-06-03 11:45:33 | INFO | Total consolidado de acessos encontrados: 13
2026-06-03 11:45:33 | INFO | Projeto 'Ampliações 8° Ano SH 26 - km 24,770 + 40,370 - BR116/RJ' carregado para arvore. Groups=11 | UserLists=1 | Outros=1
2026-06-03 11:45:33 | INFO | Iniciando leitura da seguranca do projeto 'Ampliações 8° Ano SH 32' (ID: 136574)
2026-06-03 11:45:34 | INFO | Get-PWFolderSecurity retornou 14 item(ns).
2026-06-03 11:45:34 | INFO | Get-PWFolderTreeAccessObjects retornou 1 item(ns).
2026-06-03 11:45:34 | WARN | Cmdlet Get-PWProjectSecurity nao encontrado no ambiente. A leitura seguira apenas com FolderSecurity/TreeAccessObjects.
2026-06-03 11:45:34 | INFO | Total consolidado de acessos encontrados: 13
2026-06-03 11:45:34 | INFO | Projeto 'Ampliações 8° Ano SH 32 - km 108,430 + 110,120 - BR116/RJ' carregado para arvore. Groups=11 | UserLists=1 | Outros=1
2026-06-03 11:45:34 | INFO | Iniciando leitura da seguranca do projeto 'Ampliações 8° Ano SH 33' (ID: 137355)
2026-06-03 11:45:35 | INFO | Get-PWFolderSecurity retornou 14 item(ns).
2026-06-03 11:45:35 | INFO | Get-PWFolderTreeAccessObjects retornou 1 item(ns).
2026-06-03 11:45:35 | WARN | Cmdlet Get-PWProjectSecurity nao encontrado no ambiente. A leitura seguira apenas com FolderSecurity/TreeAccessObjects.
2026-06-03 11:45:35 | INFO | Total consolidado de acessos encontrados: 13
2026-06-03 11:45:35 | INFO | Projeto 'Ampliações 8° Ano SH 33 - km 110,120 + 116,150 - BR116/RJ' carregado para arvore. Groups=11 | UserLists=1 | Outros=1
2026-06-03 11:45:35 | INFO | Iniciando leitura da seguranca do projeto 'Ampliações 8° Ano SH 34' (ID: 138136)
2026-06-03 11:45:36 | INFO | Get-PWFolderSecurity retornou 14 item(ns).
2026-06-03 11:45:36 | INFO | Get-PWFolderTreeAccessObjects retornou 1 item(ns).
2026-06-03 11:45:36 | WARN | Cmdlet Get-PWProjectSecurity nao encontrado no ambiente. A leitura seguira apenas com FolderSecurity/TreeAccessObjects.
2026-06-03 11:45:36 | INFO | Total consolidado de acessos encontrados: 13
2026-06-03 11:45:36 | INFO | Projeto 'Ampliações 8° Ano SH 34 - km 116,150 + 126,500 - BR116/RJ' carregado para arvore. Groups=11 | UserLists=1 | Outros=1
2026-06-03 11:45:36 | INFO | Iniciando leitura da seguranca do projeto 'Ampliações 8° Ano SH 44' (ID: 145946)
2026-06-03 11:45:36 | INFO | Get-PWFolderSecurity retornou 14 item(ns).
2026-06-03 11:45:37 | INFO | Get-PWFolderTreeAccessObjects retornou 1 item(ns).
2026-06-03 11:45:37 | WARN | Cmdlet Get-PWProjectSecurity nao encontrado no ambiente. A leitura seguira apenas com FolderSecurity/TreeAccessObjects.
2026-06-03 11:45:37 | INFO | Total consolidado de acessos encontrados: 13
2026-06-03 11:45:37 | INFO | Projeto 'Ampliações 8° Ano SH 44 - km 84,400 + 95,580 - BR493/RJ' carregado para arvore. Groups=11 | UserLists=1 | Outros=1
2026-06-03 11:45:37 | INFO | Iniciando leitura da seguranca do projeto 'Ampliações 8° Ano SH 45' (ID: 146727)
2026-06-03 11:45:37 | INFO | Get-PWFolderSecurity retornou 14 item(ns).
2026-06-03 11:45:37 | INFO | Get-PWFolderTreeAccessObjects retornou 1 item(ns).
2026-06-03 11:45:38 | WARN | Cmdlet Get-PWProjectSecurity nao encontrado no ambiente. A leitura seguira apenas com FolderSecurity/TreeAccessObjects.
2026-06-03 11:45:38 | INFO | Total consolidado de acessos encontrados: 13
2026-06-03 11:45:38 | INFO | Projeto 'Ampliações 8° Ano SH 45 - km 95,580 + 96,800 - BR493/RJ' carregado para arvore. Groups=11 | UserLists=1 | Outros=1
2026-06-03 11:45:38 | INFO | Iniciando leitura da seguranca do projeto 'Ampliações 8° Ano SH 46' (ID: 147508)
2026-06-03 11:45:38 | INFO | Get-PWFolderSecurity retornou 14 item(ns).
2026-06-03 11:45:38 | INFO | Get-PWFolderTreeAccessObjects retornou 1 item(ns).
2026-06-03 11:45:38 | WARN | Cmdlet Get-PWProjectSecurity nao encontrado no ambiente. A leitura seguira apenas com FolderSecurity/TreeAccessObjects.
2026-06-03 11:45:38 | INFO | Total consolidado de acessos encontrados: 13
2026-06-03 11:45:38 | INFO | Projeto 'Ampliações 8° Ano SH 46 - km 96,800 + 98,520 - BR493/RJ' carregado para arvore. Groups=11 | UserLists=1 | Outros=1
2026-06-03 11:45:38 | INFO | Iniciando leitura da seguranca do projeto 'Ampliações 8° Ano SH 47' (ID: 148289)
2026-06-03 11:45:39 | INFO | Get-PWFolderSecurity retornou 14 item(ns).
2026-06-03 11:45:39 | INFO | Get-PWFolderTreeAccessObjects retornou 1 item(ns).
2026-06-03 11:45:39 | WARN | Cmdlet Get-PWProjectSecurity nao encontrado no ambiente. A leitura seguira apenas com FolderSecurity/TreeAccessObjects.
2026-06-03 11:45:39 | INFO | Total consolidado de acessos encontrados: 13
2026-06-03 11:45:39 | INFO | Projeto 'Ampliações 8° Ano SH 47 - km 98,520 + 120,130 - BR493/RJ' carregado para arvore. Groups=11 | UserLists=1 | Outros=1
2026-06-03 11:45:39 | INFO | Iniciando leitura da seguranca do projeto 'Ampliações 8° Ano SH 48' (ID: 149070)
2026-06-03 11:45:40 | INFO | Get-PWFolderSecurity retornou 14 item(ns).
2026-06-03 11:45:40 | INFO | Get-PWFolderTreeAccessObjects retornou 1 item(ns).
2026-06-03 11:45:40 | WARN | Cmdlet Get-PWProjectSecurity nao encontrado no ambiente. A leitura seguira apenas com FolderSecurity/TreeAccessObjects.
2026-06-03 11:45:40 | INFO | Total consolidado de acessos encontrados: 13
2026-06-03 11:45:40 | INFO | Projeto 'Ampliações 8° Ano SH 48 -  km 120,130 + 122,700 - BR493/RJ' carregado para arvore. Groups=11 | UserLists=1 | Outros=1
2026-06-03 11:45:40 | INFO | Iniciando leitura da seguranca do projeto 'Ampliações 8° Ano SH 59' (ID: 157664)
2026-06-03 11:45:41 | INFO | Get-PWFolderSecurity retornou 14 item(ns).
2026-06-03 11:45:41 | INFO | Get-PWFolderTreeAccessObjects retornou 1 item(ns).
2026-06-03 11:45:41 | WARN | Cmdlet Get-PWProjectSecurity nao encontrado no ambiente. A leitura seguira apenas com FolderSecurity/TreeAccessObjects.
2026-06-03 11:45:41 | INFO | Total consolidado de acessos encontrados: 13
2026-06-03 11:45:41 | INFO | Projeto 'Ampliações 8° Ano SH 59 - km 0,000 + 2,820 - BR465/RJ' carregado para arvore. Groups=11 | UserLists=1 | Outros=1
2026-06-03 11:45:41 | INFO | Iniciando leitura da seguranca do projeto 'Ampliações 8° Ano SH 60' (ID: 158447)
2026-06-03 11:45:42 | INFO | Get-PWFolderSecurity retornou 14 item(ns).
2026-06-03 11:45:42 | INFO | Get-PWFolderTreeAccessObjects retornou 1 item(ns).
2026-06-03 11:45:42 | WARN | Cmdlet Get-PWProjectSecurity nao encontrado no ambiente. A leitura seguira apenas com FolderSecurity/TreeAccessObjects.
2026-06-03 11:45:42 | INFO | Total consolidado de acessos encontrados: 13
2026-06-03 11:45:42 | INFO | Projeto 'Ampliações 8° Ano SH 60 -  km 2,820 + 5,910 - BR465/RJ' carregado para arvore. Groups=11 | UserLists=1 | Outros=1
2026-06-03 11:45:42 | INFO | Iniciando leitura da seguranca do projeto 'Ampliações 8° Ano SH 61' (ID: 159228)
2026-06-03 11:45:43 | INFO | Get-PWFolderSecurity retornou 14 item(ns).
2026-06-03 11:45:43 | INFO | Get-PWFolderTreeAccessObjects retornou 1 item(ns).
2026-06-03 11:45:43 | WARN | Cmdlet Get-PWProjectSecurity nao encontrado no ambiente. A leitura seguira apenas com FolderSecurity/TreeAccessObjects.
2026-06-03 11:45:43 | INFO | Total consolidado de acessos encontrados: 13
2026-06-03 11:45:43 | INFO | Projeto 'Ampliações 8° Ano SH 61 - km 5,910 + 8,000 - BR465/RJ' carregado para arvore. Groups=11 | UserLists=1 | Outros=1
2026-06-03 11:45:43 | INFO | Iniciando leitura da seguranca do projeto 'Ampliações 8° Ano SH 62' (ID: 160009)
2026-06-03 11:45:44 | INFO | Get-PWFolderSecurity retornou 14 item(ns).
2026-06-03 11:45:44 | INFO | Get-PWFolderTreeAccessObjects retornou 1 item(ns).
2026-06-03 11:45:44 | WARN | Cmdlet Get-PWProjectSecurity nao encontrado no ambiente. A leitura seguira apenas com FolderSecurity/TreeAccessObjects.
2026-06-03 11:45:44 | INFO | Total consolidado de acessos encontrados: 13
2026-06-03 11:45:44 | INFO | Projeto 'Ampliações 8° Ano SH 62 -  km 8,000 + 12,780 - BR465/RJ' carregado para arvore. Groups=11 | UserLists=1 | Outros=1
2026-06-03 11:45:44 | INFO | Iniciando leitura da seguranca do projeto 'Ampliações 8° Ano SH 63' (ID: 160790)
2026-06-03 11:45:45 | INFO | Get-PWFolderSecurity retornou 14 item(ns).
2026-06-03 11:45:45 | INFO | Get-PWFolderTreeAccessObjects retornou 1 item(ns).
2026-06-03 11:45:45 | WARN | Cmdlet Get-PWProjectSecurity nao encontrado no ambiente. A leitura seguira apenas com FolderSecurity/TreeAccessObjects.
2026-06-03 11:45:45 | INFO | Total consolidado de acessos encontrados: 13
2026-06-03 11:45:45 | INFO | Projeto 'Ampliações 8° Ano SH 63 - km 12,780 + 20,260 - BR465/RJ' carregado para arvore. Groups=11 | UserLists=1 | Outros=1
2026-06-03 11:45:45 | INFO | Iniciando leitura da seguranca do projeto 'Ampliações 8° Ano SH 64' (ID: 161571)
2026-06-03 11:45:46 | INFO | Get-PWFolderSecurity retornou 14 item(ns).
2026-06-03 11:45:46 | INFO | Get-PWFolderTreeAccessObjects retornou 1 item(ns).
2026-06-03 11:45:46 | WARN | Cmdlet Get-PWProjectSecurity nao encontrado no ambiente. A leitura seguira apenas com FolderSecurity/TreeAccessObjects.
2026-06-03 11:45:46 | INFO | Total consolidado de acessos encontrados: 13
2026-06-03 11:45:46 | INFO | Projeto 'Ampliações 8° Ano SH 64 - km 20,260 + 23,160 - BR465/RJ' carregado para arvore. Groups=11 | UserLists=1 | Outros=1
2026-06-03 11:45:46 | INFO | Iniciando leitura da seguranca do projeto 'BSO 1 - Alpercata' (ID: 404090)
2026-06-03 11:45:47 | INFO | Get-PWFolderSecurity retornou 14 item(ns).
2026-06-03 11:45:47 | INFO | Get-PWFolderTreeAccessObjects retornou 1 item(ns).
2026-06-03 11:45:47 | WARN | Cmdlet Get-PWProjectSecurity nao encontrado no ambiente. A leitura seguira apenas com FolderSecurity/TreeAccessObjects.
2026-06-03 11:45:47 | INFO | Total consolidado de acessos encontrados: 13
2026-06-03 11:45:47 | INFO | Projeto 'BSO 1 - Alpercata - BR-116/MG - km 420+830 - Sul' carregado para arvore. Groups=11 | UserLists=1 | Outros=1
2026-06-03 11:45:47 | INFO | Iniciando leitura da seguranca do projeto 'BSO 10 - Além Paraíba' (ID: 404808)
2026-06-03 11:45:48 | INFO | Get-PWFolderSecurity retornou 14 item(ns).
2026-06-03 11:45:48 | INFO | Get-PWFolderTreeAccessObjects retornou 1 item(ns).
2026-06-03 11:45:48 | WARN | Cmdlet Get-PWProjectSecurity nao encontrado no ambiente. A leitura seguira apenas com FolderSecurity/TreeAccessObjects.
2026-06-03 11:45:48 | INFO | Total consolidado de acessos encontrados: 13
2026-06-03 11:45:48 | INFO | Projeto 'BSO 10 - Além Paraíba - BR-116/MG - km 797+930 - Sul' carregado para arvore. Groups=11 | UserLists=1 | Outros=1
2026-06-03 11:45:48 | INFO | Iniciando leitura da seguranca do projeto 'BSO 11 - Sapucaia' (ID: 404959)
2026-06-03 11:45:49 | INFO | Get-PWFolderSecurity retornou 14 item(ns).
2026-06-03 11:45:49 | INFO | Get-PWFolderTreeAccessObjects retornou 1 item(ns).
2026-06-03 11:45:49 | WARN | Cmdlet Get-PWProjectSecurity nao encontrado no ambiente. A leitura seguira apenas com FolderSecurity/TreeAccessObjects.
2026-06-03 11:45:49 | INFO | Total consolidado de acessos encontrados: 13
2026-06-03 11:45:49 | INFO | Projeto 'BSO 11 - Sapucaia - BR-116/RJ  - km 29+900 - Norte' carregado para arvore. Groups=11 | UserLists=1 | Outros=1
2026-06-03 11:45:49 | INFO | Iniciando leitura da seguranca do projeto 'BSO 12 - Teresópolis' (ID: 405122)
2026-06-03 11:45:50 | INFO | Get-PWFolderSecurity retornou 14 item(ns).
2026-06-03 11:45:51 | INFO | Get-PWFolderTreeAccessObjects retornou 1 item(ns).
2026-06-03 11:45:51 | WARN | Cmdlet Get-PWProjectSecurity nao encontrado no ambiente. A leitura seguira apenas com FolderSecurity/TreeAccessObjects.
2026-06-03 11:45:51 | INFO | Total consolidado de acessos encontrados: 13
2026-06-03 11:45:51 | INFO | Projeto 'BSO 12 - Teresópolis - BR-116/RJ - km 77+800 - Sul' carregado para arvore. Groups=11 | UserLists=1 | Outros=1
2026-06-03 11:45:51 | INFO | Iniciando leitura da seguranca do projeto 'BSO 13 - Guapimirim' (ID: 405159)
2026-06-03 11:45:51 | INFO | Get-PWFolderSecurity retornou 14 item(ns).
2026-06-03 11:45:51 | INFO | Get-PWFolderTreeAccessObjects retornou 1 item(ns).
2026-06-03 11:45:52 | WARN | Cmdlet Get-PWProjectSecurity nao encontrado no ambiente. A leitura seguira apenas com FolderSecurity/TreeAccessObjects.
2026-06-03 11:45:52 | INFO | Total consolidado de acessos encontrados: 13
2026-06-03 11:45:52 | INFO | Projeto 'BSO 13 - Guapimirim - BR-116/RJ - km 109+190 - Sul' carregado para arvore. Groups=11 | UserLists=1 | Outros=1
2026-06-03 11:45:52 | INFO | Iniciando leitura da seguranca do projeto 'BSO 14 - Rio de Janeiro' (ID: 405197)
2026-06-03 11:45:52 | INFO | Get-PWFolderSecurity retornou 14 item(ns).
2026-06-03 11:45:52 | INFO | Get-PWFolderTreeAccessObjects retornou 1 item(ns).
2026-06-03 11:45:53 | WARN | Cmdlet Get-PWProjectSecurity nao encontrado no ambiente. A leitura seguira apenas com FolderSecurity/TreeAccessObjects.
2026-06-03 11:45:53 | INFO | Total consolidado de acessos encontrados: 13
2026-06-03 11:45:53 | INFO | Projeto 'BSO 14 - Rio de Janeiro - BR-116/RJ - km 172+000 - Sul' carregado para arvore. Groups=11 | UserLists=1 | Outros=1
2026-06-03 11:45:53 | INFO | Iniciando leitura da seguranca do projeto 'BSO 15 - Seropédica' (ID: 405234)
2026-06-03 11:45:53 | INFO | Get-PWFolderSecurity retornou 14 item(ns).
2026-06-03 11:45:53 | INFO | Get-PWFolderTreeAccessObjects retornou 1 item(ns).
2026-06-03 11:45:53 | WARN | Cmdlet Get-PWProjectSecurity nao encontrado no ambiente. A leitura seguira apenas com FolderSecurity/TreeAccessObjects.
2026-06-03 11:45:53 | INFO | Total consolidado de acessos encontrados: 13
2026-06-03 11:45:54 | INFO | Projeto 'BSO 15 - Seropédica - BR-116/RJ - km 211+670 - Sul' carregado para arvore. Groups=11 | UserLists=1 | Outros=1
2026-06-03 11:45:54 | INFO | Iniciando leitura da seguranca do projeto 'BSO 16 - Itaboraí' (ID: 405271)
2026-06-03 11:45:54 | INFO | Get-PWFolderSecurity retornou 14 item(ns).
2026-06-03 11:45:54 | INFO | Get-PWFolderTreeAccessObjects retornou 1 item(ns).
2026-06-03 11:45:54 | WARN | Cmdlet Get-PWProjectSecurity nao encontrado no ambiente. A leitura seguira apenas com FolderSecurity/TreeAccessObjects.
2026-06-03 11:45:54 | INFO | Total consolidado de acessos encontrados: 13
2026-06-03 11:45:54 | INFO | Projeto 'BSO 16 - Itaboraí - BR-493/RJ - km 7+040 - Sul' carregado para arvore. Groups=11 | UserLists=1 | Outros=1
2026-06-03 11:45:54 | INFO | Iniciando leitura da seguranca do projeto 'BSO 17 - Duque de Caxias' (ID: 405308)
2026-06-03 11:45:55 | INFO | Get-PWFolderSecurity retornou 14 item(ns).
2026-06-03 11:45:55 | INFO | Get-PWFolderTreeAccessObjects retornou 1 item(ns).
2026-06-03 11:45:56 | WARN | Cmdlet Get-PWProjectSecurity nao encontrado no ambiente. A leitura seguira apenas com FolderSecurity/TreeAccessObjects.
2026-06-03 11:45:56 | INFO | Total consolidado de acessos encontrados: 13
2026-06-03 11:45:56 | INFO | Projeto 'BSO 17 - Duque de Caxias - BR-493/RJ - km 51+180 - Sul' carregado para arvore. Groups=11 | UserLists=1 | Outros=1
2026-06-03 11:45:56 | INFO | Iniciando leitura da seguranca do projeto 'BSO 18 - Seropédica' (ID: 405345)
2026-06-03 11:45:56 | INFO | Get-PWFolderSecurity retornou 14 item(ns).
2026-06-03 11:45:56 | INFO | Get-PWFolderTreeAccessObjects retornou 1 item(ns).
2026-06-03 11:45:56 | WARN | Cmdlet Get-PWProjectSecurity nao encontrado no ambiente. A leitura seguira apenas com FolderSecurity/TreeAccessObjects.
2026-06-03 11:45:56 | INFO | Total consolidado de acessos encontrados: 13
2026-06-03 11:45:57 | INFO | Projeto 'BSO 18 - Seropédica - BR-465/RJ - km 10-720 - Norte' carregado para arvore. Groups=11 | UserLists=1 | Outros=1
2026-06-03 11:45:57 | INFO | Iniciando leitura da seguranca do projeto 'BSO 2 - Tarumirim' (ID: 404127)
2026-06-03 11:45:57 | INFO | Get-PWFolderSecurity retornou 14 item(ns).
2026-06-03 11:45:57 | INFO | Get-PWFolderTreeAccessObjects retornou 1 item(ns).
2026-06-03 11:45:57 | WARN | Cmdlet Get-PWProjectSecurity nao encontrado no ambiente. A leitura seguira apenas com FolderSecurity/TreeAccessObjects.
2026-06-03 11:45:57 | INFO | Total consolidado de acessos encontrados: 13
2026-06-03 11:45:57 | INFO | Projeto 'BSO 2 - Tarumirim - BR-116/MG - km 461+600 - Sul' carregado para arvore. Groups=11 | UserLists=1 | Outros=1
2026-06-03 11:45:57 | INFO | Iniciando leitura da seguranca do projeto 'BSO 3 - Ubaporanga' (ID: 404164)
2026-06-03 11:45:58 | INFO | Get-PWFolderSecurity retornou 14 item(ns).
2026-06-03 11:45:58 | INFO | Get-PWFolderTreeAccessObjects retornou 1 item(ns).
2026-06-03 11:45:58 | WARN | Cmdlet Get-PWProjectSecurity nao encontrado no ambiente. A leitura seguira apenas com FolderSecurity/TreeAccessObjects.
2026-06-03 11:45:58 | INFO | Total consolidado de acessos encontrados: 13
2026-06-03 11:45:58 | INFO | Projeto 'BSO 3 - Ubaporanga - BR-116/MG - km 511+130 - Norte' carregado para arvore. Groups=11 | UserLists=1 | Outros=1
2026-06-03 11:45:58 | INFO | Iniciando leitura da seguranca do projeto 'BSO 4 - Santa Bárbara do Leste' (ID: 404219)
2026-06-03 11:45:59 | INFO | Get-PWFolderSecurity retornou 14 item(ns).
2026-06-03 11:45:59 | INFO | Get-PWFolderTreeAccessObjects retornou 1 item(ns).
2026-06-03 11:45:59 | WARN | Cmdlet Get-PWProjectSecurity nao encontrado no ambiente. A leitura seguira apenas com FolderSecurity/TreeAccessObjects.
2026-06-03 11:45:59 | INFO | Total consolidado de acessos encontrados: 13
2026-06-03 11:45:59 | INFO | Projeto 'BSO 4 - Santa Bárbara do Leste - BR-116/MG - km 549+320' carregado para arvore. Groups=11 | UserLists=1 | Outros=1
2026-06-03 11:45:59 | INFO | Iniciando leitura da seguranca do projeto 'BSO 5 - Manhuaçu' (ID: 404340)
2026-06-03 11:46:00 | INFO | Get-PWFolderSecurity retornou 14 item(ns).
2026-06-03 11:46:00 | INFO | Get-PWFolderTreeAccessObjects retornou 1 item(ns).
2026-06-03 11:46:00 | WARN | Cmdlet Get-PWProjectSecurity nao encontrado no ambiente. A leitura seguira apenas com FolderSecurity/TreeAccessObjects.
2026-06-03 11:46:00 | INFO | Total consolidado de acessos encontrados: 13
2026-06-03 11:46:00 | INFO | Projeto 'BSO 5 - Manhuaçu - BR-116/MG - km 593+320 - Sul' carregado para arvore. Groups=11 | UserLists=1 | Outros=1
2026-06-03 11:46:00 | INFO | Iniciando leitura da seguranca do projeto 'BSO 6 - Divino' (ID: 404413)
2026-06-03 11:46:01 | INFO | Get-PWFolderSecurity retornou 14 item(ns).
2026-06-03 11:46:01 | INFO | Get-PWFolderTreeAccessObjects retornou 1 item(ns).
2026-06-03 11:46:01 | WARN | Cmdlet Get-PWProjectSecurity nao encontrado no ambiente. A leitura seguira apenas com FolderSecurity/TreeAccessObjects.
2026-06-03 11:46:01 | INFO | Total consolidado de acessos encontrados: 13
2026-06-03 11:46:01 | INFO | Projeto 'BSO 6 - Divino - BR-116/MG - km 632+850 - Sul' carregado para arvore. Groups=11 | UserLists=1 | Outros=1
2026-06-03 11:46:01 | INFO | Iniciando leitura da seguranca do projeto 'BSO 7 - Miradouro' (ID: 404450)
2026-06-03 11:46:02 | INFO | Get-PWFolderSecurity retornou 14 item(ns).
2026-06-03 11:46:02 | INFO | Get-PWFolderTreeAccessObjects retornou 1 item(ns).
2026-06-03 11:46:02 | WARN | Cmdlet Get-PWProjectSecurity nao encontrado no ambiente. A leitura seguira apenas com FolderSecurity/TreeAccessObjects.
2026-06-03 11:46:02 | INFO | Total consolidado de acessos encontrados: 13
2026-06-03 11:46:02 | INFO | Projeto 'BSO 7 - Miradouro - BR-116/MG - km 676+000 - Sul' carregado para arvore. Groups=11 | UserLists=1 | Outros=1
2026-06-03 11:46:02 | INFO | Iniciando leitura da seguranca do projeto 'BSO 8 - Muriaé' (ID: 404550)
2026-06-03 11:46:03 | INFO | Get-PWFolderSecurity retornou 14 item(ns).
2026-06-03 11:46:03 | INFO | Get-PWFolderTreeAccessObjects retornou 1 item(ns).
2026-06-03 11:46:03 | WARN | Cmdlet Get-PWProjectSecurity nao encontrado no ambiente. A leitura seguira apenas com FolderSecurity/TreeAccessObjects.
2026-06-03 11:46:03 | INFO | Total consolidado de acessos encontrados: 13
2026-06-03 11:46:03 | INFO | Projeto 'BSO 8 - Muriaé - BR-116/MG - km 714+540 - Norte' carregado para arvore. Groups=11 | UserLists=1 | Outros=1
2026-06-03 11:46:03 | INFO | Iniciando leitura da seguranca do projeto 'BSO 9 - Leopoldina' (ID: 404687)
2026-06-03 11:46:04 | INFO | Get-PWFolderSecurity retornou 14 item(ns).
2026-06-03 11:46:04 | INFO | Get-PWFolderTreeAccessObjects retornou 1 item(ns).
2026-06-03 11:46:04 | WARN | Cmdlet Get-PWProjectSecurity nao encontrado no ambiente. A leitura seguira apenas com FolderSecurity/TreeAccessObjects.
2026-06-03 11:46:04 | INFO | Total consolidado de acessos encontrados: 13
2026-06-03 11:46:04 | INFO | Projeto 'BSO 9 - Leopoldina - BR-116/MG - km 747+930 - Norte' carregado para arvore. Groups=11 | UserLists=1 | Outros=1
2026-06-03 11:46:04 | INFO | Iniciando leitura da seguranca do projeto 'HS-WIM 1 - Magé' (ID: 410019)
2026-06-03 11:46:05 | INFO | Get-PWFolderSecurity retornou 14 item(ns).
2026-06-03 11:46:05 | INFO | Get-PWFolderTreeAccessObjects retornou 1 item(ns).
2026-06-03 11:46:05 | WARN | Cmdlet Get-PWProjectSecurity nao encontrado no ambiente. A leitura seguira apenas com FolderSecurity/TreeAccessObjects.
2026-06-03 11:46:05 | INFO | Total consolidado de acessos encontrados: 13
2026-06-03 11:46:05 | INFO | Projeto 'HS-WIM 1 - Magé - km 133+000' carregado para arvore. Groups=11 | UserLists=1 | Outros=1
2026-06-03 11:46:05 | INFO | Iniciando leitura da seguranca do projeto 'HS-WIM 2 - Leopoldina' (ID: 410056)
2026-06-03 11:46:06 | INFO | Get-PWFolderSecurity retornou 14 item(ns).
2026-06-03 11:46:06 | INFO | Get-PWFolderTreeAccessObjects retornou 1 item(ns).
2026-06-03 11:46:06 | WARN | Cmdlet Get-PWProjectSecurity nao encontrado no ambiente. A leitura seguira apenas com FolderSecurity/TreeAccessObjects.
2026-06-03 11:46:06 | INFO | Total consolidado de acessos encontrados: 13
2026-06-03 11:46:06 | INFO | Projeto 'HS-WIM 2 - Leopoldina - km 750+350' carregado para arvore. Groups=11 | UserLists=1 | Outros=1
2026-06-03 11:46:06 | INFO | Iniciando leitura da seguranca do projeto 'HS-WIM 3 - Ale-Paraíba' (ID: 410093)
2026-06-03 11:46:07 | INFO | Get-PWFolderSecurity retornou 14 item(ns).
2026-06-03 11:46:07 | INFO | Get-PWFolderTreeAccessObjects retornou 1 item(ns).
2026-06-03 11:46:07 | WARN | Cmdlet Get-PWProjectSecurity nao encontrado no ambiente. A leitura seguira apenas com FolderSecurity/TreeAccessObjects.
2026-06-03 11:46:07 | INFO | Total consolidado de acessos encontrados: 13
2026-06-03 11:46:07 | INFO | Projeto 'HS-WIM 3 - Ale-Paraíba - km 802+200' carregado para arvore. Groups=11 | UserLists=1 | Outros=1
2026-06-03 11:46:07 | INFO | Iniciando leitura da seguranca do projeto 'Nova Praça P11' (ID: 401260)
2026-06-03 11:46:08 | INFO | Get-PWFolderSecurity retornou 14 item(ns).
2026-06-03 11:46:08 | INFO | Get-PWFolderTreeAccessObjects retornou 1 item(ns).
2026-06-03 11:46:08 | WARN | Cmdlet Get-PWProjectSecurity nao encontrado no ambiente. A leitura seguira apenas com FolderSecurity/TreeAccessObjects.
2026-06-03 11:46:08 | INFO | Total consolidado de acessos encontrados: 13
2026-06-03 11:46:08 | INFO | Projeto 'Nova Praça de Pedágio P11' carregado para arvore. Groups=11 | UserLists=1 | Outros=1
2026-06-03 11:46:08 | INFO | Iniciando leitura da seguranca do projeto 'Nova Praça P8' (ID: 401223)
2026-06-03 11:46:09 | INFO | Get-PWFolderSecurity retornou 14 item(ns).
2026-06-03 11:46:09 | INFO | Get-PWFolderTreeAccessObjects retornou 1 item(ns).
2026-06-03 11:46:09 | WARN | Cmdlet Get-PWProjectSecurity nao encontrado no ambiente. A leitura seguira apenas com FolderSecurity/TreeAccessObjects.
2026-06-03 11:46:09 | INFO | Total consolidado de acessos encontrados: 13
2026-06-03 11:46:09 | INFO | Projeto 'Nova Praça de Pedágio P8' carregado para arvore. Groups=11 | UserLists=1 | Outros=1
2026-06-03 11:46:09 | INFO | Iniciando leitura da seguranca do projeto 'PPD - km 215+600' (ID: 403828)
2026-06-03 11:46:10 | INFO | Get-PWFolderSecurity retornou 14 item(ns).
2026-06-03 11:46:10 | INFO | Get-PWFolderTreeAccessObjects retornou 1 item(ns).
2026-06-03 11:46:10 | WARN | Cmdlet Get-PWProjectSecurity nao encontrado no ambiente. A leitura seguira apenas com FolderSecurity/TreeAccessObjects.
2026-06-03 11:46:10 | INFO | Total consolidado de acessos encontrados: 13
2026-06-03 11:46:10 | INFO | Projeto 'PPD - km 215+600' carregado para arvore. Groups=11 | UserLists=1 | Outros=1
2026-06-03 11:46:10 | INFO | Iniciando leitura da seguranca do projeto 'PPD - km 513+600' (ID: 403931)
2026-06-03 11:46:11 | INFO | Get-PWFolderSecurity retornou 14 item(ns).
2026-06-03 11:46:11 | INFO | Get-PWFolderTreeAccessObjects retornou 1 item(ns).
2026-06-03 11:46:11 | WARN | Cmdlet Get-PWProjectSecurity nao encontrado no ambiente. A leitura seguira apenas com FolderSecurity/TreeAccessObjects.
2026-06-03 11:46:11 | INFO | Total consolidado de acessos encontrados: 13
2026-06-03 11:46:11 | INFO | Projeto 'PPD - km 513+600' carregado para arvore. Groups=11 | UserLists=1 | Outros=1
2026-06-03 11:46:11 | INFO | Iniciando leitura da seguranca do projeto 'Praça P10' (ID: 400993)
2026-06-03 11:46:12 | INFO | Get-PWFolderSecurity retornou 14 item(ns).
2026-06-03 11:46:12 | INFO | Get-PWFolderTreeAccessObjects retornou 1 item(ns).
2026-06-03 11:46:12 | WARN | Cmdlet Get-PWProjectSecurity nao encontrado no ambiente. A leitura seguira apenas com FolderSecurity/TreeAccessObjects.
2026-06-03 11:46:12 | INFO | Total consolidado de acessos encontrados: 13
2026-06-03 11:46:12 | INFO | Projeto 'Praça de Pedágio P10' carregado para arvore. Groups=11 | UserLists=1 | Outros=1
2026-06-03 11:46:12 | INFO | Iniciando leitura da seguranca do projeto 'Praça P11' (ID: 401034)
2026-06-03 11:46:13 | INFO | Get-PWFolderSecurity retornou 14 item(ns).
2026-06-03 11:46:13 | INFO | Get-PWFolderTreeAccessObjects retornou 1 item(ns).
2026-06-03 11:46:13 | WARN | Cmdlet Get-PWProjectSecurity nao encontrado no ambiente. A leitura seguira apenas com FolderSecurity/TreeAccessObjects.
2026-06-03 11:46:13 | INFO | Total consolidado de acessos encontrados: 13
2026-06-03 11:46:13 | INFO | Projeto 'Praça de Pedágio P11' carregado para arvore. Groups=11 | UserLists=1 | Outros=1
2026-06-03 11:46:13 | INFO | Iniciando leitura da seguranca do projeto 'Praça P12' (ID: 401071)
2026-06-03 11:46:14 | INFO | Get-PWFolderSecurity retornou 14 item(ns).
2026-06-03 11:46:14 | INFO | Get-PWFolderTreeAccessObjects retornou 1 item(ns).
2026-06-03 11:46:14 | WARN | Cmdlet Get-PWProjectSecurity nao encontrado no ambiente. A leitura seguira apenas com FolderSecurity/TreeAccessObjects.
2026-06-03 11:46:14 | INFO | Total consolidado de acessos encontrados: 13
2026-06-03 11:46:14 | INFO | Projeto 'Praça de Pedágio P12' carregado para arvore. Groups=11 | UserLists=1 | Outros=1
2026-06-03 11:46:14 | INFO | Iniciando leitura da seguranca do projeto 'Praça P13' (ID: 401108)
2026-06-03 11:46:15 | INFO | Get-PWFolderSecurity retornou 14 item(ns).
2026-06-03 11:46:15 | INFO | Get-PWFolderTreeAccessObjects retornou 1 item(ns).
2026-06-03 11:46:15 | WARN | Cmdlet Get-PWProjectSecurity nao encontrado no ambiente. A leitura seguira apenas com FolderSecurity/TreeAccessObjects.
2026-06-03 11:46:15 | INFO | Total consolidado de acessos encontrados: 13
2026-06-03 11:46:15 | INFO | Projeto 'Praça de Pedágio P13' carregado para arvore. Groups=11 | UserLists=1 | Outros=1
2026-06-03 11:46:15 | INFO | Iniciando leitura da seguranca do projeto 'Praça P14' (ID: 401147)
2026-06-03 11:46:16 | INFO | Get-PWFolderSecurity retornou 14 item(ns).
2026-06-03 11:46:16 | INFO | Get-PWFolderTreeAccessObjects retornou 1 item(ns).
2026-06-03 11:46:16 | WARN | Cmdlet Get-PWProjectSecurity nao encontrado no ambiente. A leitura seguira apenas com FolderSecurity/TreeAccessObjects.
2026-06-03 11:46:16 | INFO | Total consolidado de acessos encontrados: 13
2026-06-03 11:46:16 | INFO | Projeto 'Praça de Pedágio P14' carregado para arvore. Groups=11 | UserLists=1 | Outros=1
2026-06-03 11:46:16 | INFO | Iniciando leitura da seguranca do projeto 'Praça P15' (ID: 401184)
2026-06-03 11:46:17 | INFO | Get-PWFolderSecurity retornou 14 item(ns).
2026-06-03 11:46:17 | INFO | Get-PWFolderTreeAccessObjects retornou 1 item(ns).
2026-06-03 11:46:17 | WARN | Cmdlet Get-PWProjectSecurity nao encontrado no ambiente. A leitura seguira apenas com FolderSecurity/TreeAccessObjects.
2026-06-03 11:46:17 | INFO | Total consolidado de acessos encontrados: 13
2026-06-03 11:46:17 | INFO | Projeto 'Praça de Pedágio P15' carregado para arvore. Groups=11 | UserLists=1 | Outros=1
2026-06-03 11:46:17 | INFO | Iniciando leitura da seguranca do projeto 'Praça P6' (ID: 399872)
2026-06-03 11:46:18 | INFO | Get-PWFolderSecurity retornou 14 item(ns).
2026-06-03 11:46:18 | INFO | Get-PWFolderTreeAccessObjects retornou 1 item(ns).
2026-06-03 11:46:18 | WARN | Cmdlet Get-PWProjectSecurity nao encontrado no ambiente. A leitura seguira apenas com FolderSecurity/TreeAccessObjects.
2026-06-03 11:46:18 | INFO | Total consolidado de acessos encontrados: 13
2026-06-03 11:46:18 | INFO | Projeto 'Praça de Pedágio P6' carregado para arvore. Groups=11 | UserLists=1 | Outros=1
2026-06-03 11:46:18 | INFO | Iniciando leitura da seguranca do projeto 'Praça P7' (ID: 399960)
2026-06-03 11:46:19 | INFO | Get-PWFolderSecurity retornou 14 item(ns).
2026-06-03 11:46:19 | INFO | Get-PWFolderTreeAccessObjects retornou 1 item(ns).
2026-06-03 11:46:19 | WARN | Cmdlet Get-PWProjectSecurity nao encontrado no ambiente. A leitura seguira apenas com FolderSecurity/TreeAccessObjects.
2026-06-03 11:46:19 | INFO | Total consolidado de acessos encontrados: 13
2026-06-03 11:46:19 | INFO | Projeto 'Praça de Pedágio P7' carregado para arvore. Groups=11 | UserLists=1 | Outros=1
2026-06-03 11:46:19 | INFO | Iniciando leitura da seguranca do projeto 'Praça P8' (ID: 400918)
2026-06-03 11:46:20 | INFO | Get-PWFolderSecurity retornou 14 item(ns).
2026-06-03 11:46:20 | INFO | Get-PWFolderTreeAccessObjects retornou 1 item(ns).
2026-06-03 11:46:20 | WARN | Cmdlet Get-PWProjectSecurity nao encontrado no ambiente. A leitura seguira apenas com FolderSecurity/TreeAccessObjects.
2026-06-03 11:46:20 | INFO | Total consolidado de acessos encontrados: 13
2026-06-03 11:46:20 | INFO | Projeto 'Praça de Pedágio P8' carregado para arvore. Groups=11 | UserLists=1 | Outros=1
2026-06-03 11:46:20 | INFO | Iniciando leitura da seguranca do projeto 'Praça P9' (ID: 400955)
2026-06-03 11:46:20 | INFO | Get-PWFolderSecurity retornou 14 item(ns).
2026-06-03 11:46:20 | INFO | Get-PWFolderTreeAccessObjects retornou 1 item(ns).
2026-06-03 11:46:20 | WARN | Cmdlet Get-PWProjectSecurity nao encontrado no ambiente. A leitura seguira apenas com FolderSecurity/TreeAccessObjects.
2026-06-03 11:46:21 | INFO | Total consolidado de acessos encontrados: 13
2026-06-03 11:46:21 | INFO | Projeto 'Praça de Pedágio P9' carregado para arvore. Groups=11 | UserLists=1 | Outros=1
2026-06-03 11:46:21 | INFO | Iniciando leitura da seguranca do projeto 'PRF-1' (ID: 410463)
2026-06-03 11:46:21 | INFO | Get-PWFolderSecurity retornou 14 item(ns).
2026-06-03 11:46:21 | INFO | Get-PWFolderTreeAccessObjects retornou 1 item(ns).
2026-06-03 11:46:21 | WARN | Cmdlet Get-PWProjectSecurity nao encontrado no ambiente. A leitura seguira apenas com FolderSecurity/TreeAccessObjects.
2026-06-03 11:46:21 | INFO | Total consolidado de acessos encontrados: 13
2026-06-03 11:46:21 | INFO | Projeto 'PRF-1-RJ-074+300' carregado para arvore. Groups=11 | UserLists=1 | Outros=1
2026-06-03 11:46:21 | INFO | Iniciando leitura da seguranca do projeto 'PRF-11' (ID: 410611)
2026-06-03 11:46:22 | INFO | Get-PWFolderSecurity retornou 14 item(ns).
2026-06-03 11:46:22 | INFO | Get-PWFolderTreeAccessObjects retornou 1 item(ns).
2026-06-03 11:46:22 | WARN | Cmdlet Get-PWProjectSecurity nao encontrado no ambiente. A leitura seguira apenas com FolderSecurity/TreeAccessObjects.
2026-06-03 11:46:22 | INFO | Total consolidado de acessos encontrados: 13
2026-06-03 11:46:22 | INFO | Projeto 'PRF-11-MG-705+500' carregado para arvore. Groups=11 | UserLists=1 | Outros=1
2026-06-03 11:46:22 | INFO | Iniciando leitura da seguranca do projeto 'PRF-12' (ID: 410648)
2026-06-03 11:46:23 | INFO | Get-PWFolderSecurity retornou 14 item(ns).
2026-06-03 11:46:23 | INFO | Get-PWFolderTreeAccessObjects retornou 1 item(ns).
2026-06-03 11:46:23 | WARN | Cmdlet Get-PWProjectSecurity nao encontrado no ambiente. A leitura seguira apenas com FolderSecurity/TreeAccessObjects.
2026-06-03 11:46:23 | INFO | Total consolidado de acessos encontrados: 13
2026-06-03 11:46:23 | INFO | Projeto 'PRF-12-MG-771+250' carregado para arvore. Groups=11 | UserLists=1 | Outros=1
2026-06-03 11:46:23 | INFO | Iniciando leitura da seguranca do projeto 'PRF-3' (ID: 410500)
2026-06-03 11:46:24 | INFO | Get-PWFolderSecurity retornou 14 item(ns).
2026-06-03 11:46:24 | INFO | Get-PWFolderTreeAccessObjects retornou 1 item(ns).
2026-06-03 11:46:24 | WARN | Cmdlet Get-PWProjectSecurity nao encontrado no ambiente. A leitura seguira apenas com FolderSecurity/TreeAccessObjects.
2026-06-03 11:46:24 | INFO | Total consolidado de acessos encontrados: 13
2026-06-03 11:46:24 | INFO | Projeto 'PRF-3-RJ-127+000' carregado para arvore. Groups=11 | UserLists=1 | Outros=1
2026-06-03 11:46:24 | INFO | Iniciando leitura da seguranca do projeto 'PRF-8' (ID: 410537)
2026-06-03 11:46:25 | INFO | Get-PWFolderSecurity retornou 14 item(ns).
2026-06-03 11:46:25 | INFO | Get-PWFolderTreeAccessObjects retornou 1 item(ns).
2026-06-03 11:46:25 | WARN | Cmdlet Get-PWProjectSecurity nao encontrado no ambiente. A leitura seguira apenas com FolderSecurity/TreeAccessObjects.
2026-06-03 11:46:25 | INFO | Total consolidado de acessos encontrados: 13
2026-06-03 11:46:25 | INFO | Projeto 'PRF-8-MG-520+160' carregado para arvore. Groups=11 | UserLists=1 | Outros=1
2026-06-03 11:46:25 | INFO | Iniciando leitura da seguranca do projeto 'PRF-9' (ID: 410574)
2026-06-03 11:46:26 | INFO | Get-PWFolderSecurity retornou 14 item(ns).
2026-06-03 11:46:26 | INFO | Get-PWFolderTreeAccessObjects retornou 1 item(ns).
2026-06-03 11:46:26 | WARN | Cmdlet Get-PWProjectSecurity nao encontrado no ambiente. A leitura seguira apenas com FolderSecurity/TreeAccessObjects.
2026-06-03 11:46:26 | INFO | Total consolidado de acessos encontrados: 13
2026-06-03 11:46:26 | INFO | Projeto 'PRF-9-MG-589+000' carregado para arvore. Groups=11 | UserLists=1 | Outros=1
2026-06-03 11:52:57 | INFO | Resumo final da execução | Total=1110 | Sucesso=1110 | JaExiste=0 | Erro=0
2026-06-03 11:53:19 | INFO | Buscando usuario pelo email: Antonio.Carvalho@ecovias.com.br
2026-06-03 11:53:19 | INFO | Parametros encontrados no cmdlet: UserName, UserId, SecProvider, Email, Identity, Disabled, Enabled, LastLogin, LoginInfo, Verbose, Debug, ErrorAction, WarningAction, InformationAction, ErrorVariable, WarningVariable, InformationVariable, OutVariable, OutBuffer, PipelineVariable
2026-06-03 11:53:19 | INFO | Usuario localizado com correspondencia exata de email.
2026-06-03 11:53:21 | INFO | Buscando usuario pelo email: carlos.silva@ecovias.com.br
2026-06-03 11:53:21 | INFO | Parametros encontrados no cmdlet: UserName, UserId, SecProvider, Email, Identity, Disabled, Enabled, LastLogin, LoginInfo, Verbose, Debug, ErrorAction, WarningAction, InformationAction, ErrorVariable, WarningVariable, InformationVariable, OutVariable, OutBuffer, PipelineVariable
2026-06-03 11:53:21 | INFO | Usuario localizado com correspondencia exata de email.
2026-06-03 11:53:22 | INFO | Buscando usuario pelo email: cleizer.miranda@ecovias.com.br
2026-06-03 11:53:22 | INFO | Parametros encontrados no cmdlet: UserName, UserId, SecProvider, Email, Identity, Disabled, Enabled, LastLogin, LoginInfo, Verbose, Debug, ErrorAction, WarningAction, InformationAction, ErrorVariable, WarningVariable, InformationVariable, OutVariable, OutBuffer, PipelineVariable
2026-06-03 11:53:22 | INFO | Usuario localizado com correspondencia exata de email.
2026-06-03 11:53:22 | INFO | Buscando usuario pelo email: flavio.penna@ecovias.com.br
2026-06-03 11:53:22 | INFO | Parametros encontrados no cmdlet: UserName, UserId, SecProvider, Email, Identity, Disabled, Enabled, LastLogin, LoginInfo, Verbose, Debug, ErrorAction, WarningAction, InformationAction, ErrorVariable, WarningVariable, InformationVariable, OutVariable, OutBuffer, PipelineVariable
2026-06-03 11:53:22 | INFO | Usuario localizado com correspondencia exata de email.
2026-06-03 11:53:23 | INFO | Buscando usuario pelo email: gerson.luz@ecovias.com.br
2026-06-03 11:53:23 | INFO | Parametros encontrados no cmdlet: UserName, UserId, SecProvider, Email, Identity, Disabled, Enabled, LastLogin, LoginInfo, Verbose, Debug, ErrorAction, WarningAction, InformationAction, ErrorVariable, WarningVariable, InformationVariable, OutVariable, OutBuffer, PipelineVariable
2026-06-03 11:53:23 | INFO | Usuario localizado com correspondencia exata de email.
2026-06-03 11:53:23 | INFO | Buscando usuario pelo email: italo.sousa@ecovias.com.br
2026-06-03 11:53:23 | INFO | Parametros encontrados no cmdlet: UserName, UserId, SecProvider, Email, Identity, Disabled, Enabled, LastLogin, LoginInfo, Verbose, Debug, ErrorAction, WarningAction, InformationAction, ErrorVariable, WarningVariable, InformationVariable, OutVariable, OutBuffer, PipelineVariable
2026-06-03 11:53:23 | INFO | Usuario localizado com correspondencia exata de email.
2026-06-03 11:53:24 | INFO | Buscando usuario pelo email: jairo.santos@ecovias.com.br
2026-06-03 11:53:24 | INFO | Parametros encontrados no cmdlet: UserName, UserId, SecProvider, Email, Identity, Disabled, Enabled, LastLogin, LoginInfo, Verbose, Debug, ErrorAction, WarningAction, InformationAction, ErrorVariable, WarningVariable, InformationVariable, OutVariable, OutBuffer, PipelineVariable
2026-06-03 11:53:24 | INFO | Usuario localizado com correspondencia exata de email.
2026-06-03 11:53:24 | INFO | Buscando usuario pelo email: jose.an.santos@ecovias.com.br
2026-06-03 11:53:24 | INFO | Parametros encontrados no cmdlet: UserName, UserId, SecProvider, Email, Identity, Disabled, Enabled, LastLogin, LoginInfo, Verbose, Debug, ErrorAction, WarningAction, InformationAction, ErrorVariable, WarningVariable, InformationVariable, OutVariable, OutBuffer, PipelineVariable
2026-06-03 11:53:24 | INFO | Usuario localizado com correspondencia exata de email.
2026-06-03 11:53:25 | INFO | Buscando usuario pelo email: luis.goncalves@ecovias.com.br
2026-06-03 11:53:25 | INFO | Parametros encontrados no cmdlet: UserName, UserId, SecProvider, Email, Identity, Disabled, Enabled, LastLogin, LoginInfo, Verbose, Debug, ErrorAction, WarningAction, InformationAction, ErrorVariable, WarningVariable, InformationVariable, OutVariable, OutBuffer, PipelineVariable
2026-06-03 11:53:25 | INFO | Usuario localizado com correspondencia exata de email.
2026-06-03 11:53:25 | INFO | Buscando usuario pelo email: marcus.costa@ecovias.com.br
2026-06-03 11:53:25 | INFO | Parametros encontrados no cmdlet: UserName, UserId, SecProvider, Email, Identity, Disabled, Enabled, LastLogin, LoginInfo, Verbose, Debug, ErrorAction, WarningAction, InformationAction, ErrorVariable, WarningVariable, InformationVariable, OutVariable, OutBuffer, PipelineVariable
2026-06-03 11:53:25 | INFO | Usuario localizado com correspondencia exata de email.
2026-06-03 11:53:25 | INFO | Buscando usuario pelo email: mayza.brito@ecovias.com.br
2026-06-03 11:53:25 | INFO | Parametros encontrados no cmdlet: UserName, UserId, SecProvider, Email, Identity, Disabled, Enabled, LastLogin, LoginInfo, Verbose, Debug, ErrorAction, WarningAction, InformationAction, ErrorVariable, WarningVariable, InformationVariable, OutVariable, OutBuffer, PipelineVariable
2026-06-03 11:53:25 | INFO | Usuario localizado com correspondencia exata de email.
2026-06-03 11:53:26 | INFO | Buscando usuario pelo email: paulo.a.silva@ecovias.com.br
2026-06-03 11:53:26 | INFO | Parametros encontrados no cmdlet: UserName, UserId, SecProvider, Email, Identity, Disabled, Enabled, LastLogin, LoginInfo, Verbose, Debug, ErrorAction, WarningAction, InformationAction, ErrorVariable, WarningVariable, InformationVariable, OutVariable, OutBuffer, PipelineVariable
2026-06-03 11:53:26 | INFO | Usuario localizado com correspondencia exata de email.
2026-06-03 11:53:26 | INFO | Buscando usuario pelo email: paulo.roza@ecovias.com.br
2026-06-03 11:53:26 | INFO | Parametros encontrados no cmdlet: UserName, UserId, SecProvider, Email, Identity, Disabled, Enabled, LastLogin, LoginInfo, Verbose, Debug, ErrorAction, WarningAction, InformationAction, ErrorVariable, WarningVariable, InformationVariable, OutVariable, OutBuffer, PipelineVariable
2026-06-03 11:53:26 | INFO | Usuario localizado com correspondencia exata de email.
2026-06-03 11:53:27 | INFO | Buscando usuario pelo email: renato.camargo@ecovias.com.br
2026-06-03 11:53:27 | INFO | Parametros encontrados no cmdlet: UserName, UserId, SecProvider, Email, Identity, Disabled, Enabled, LastLogin, LoginInfo, Verbose, Debug, ErrorAction, WarningAction, InformationAction, ErrorVariable, WarningVariable, InformationVariable, OutVariable, OutBuffer, PipelineVariable
2026-06-03 11:53:27 | INFO | Usuario localizado com correspondencia exata de email.
2026-06-03 11:53:27 | INFO | Buscando usuario pelo email: sebastiao.menezes@ecovias.com.br
2026-06-03 11:53:27 | INFO | Parametros encontrados no cmdlet: UserName, UserId, SecProvider, Email, Identity, Disabled, Enabled, LastLogin, LoginInfo, Verbose, Debug, ErrorAction, WarningAction, InformationAction, ErrorVariable, WarningVariable, InformationVariable, OutVariable, OutBuffer, PipelineVariable
2026-06-03 11:53:27 | INFO | Usuario localizado com correspondencia exata de email.
2026-06-03 11:53:28 | INFO | Buscando usuario pelo email: severino.nascimento@ecovias.com.br
2026-06-03 11:53:28 | INFO | Parametros encontrados no cmdlet: UserName, UserId, SecProvider, Email, Identity, Disabled, Enabled, LastLogin, LoginInfo, Verbose, Debug, ErrorAction, WarningAction, InformationAction, ErrorVariable, WarningVariable, InformationVariable, OutVariable, OutBuffer, PipelineVariable
2026-06-03 11:53:28 | INFO | Usuario localizado com correspondencia exata de email.
2026-06-03 11:53:28 | INFO | Buscando usuario pelo email: t_darllieli.almeida@ecorodovias.com.br
2026-06-03 11:53:28 | INFO | Parametros encontrados no cmdlet: UserName, UserId, SecProvider, Email, Identity, Disabled, Enabled, LastLogin, LoginInfo, Verbose, Debug, ErrorAction, WarningAction, InformationAction, ErrorVariable, WarningVariable, InformationVariable, OutVariable, OutBuffer, PipelineVariable
2026-06-03 11:53:28 | INFO | Usuario localizado com correspondencia exata de email.
2026-06-03 11:53:28 | INFO | Buscando usuario pelo email: t_diego.theodoro@ecorodovias.com.br
2026-06-03 11:53:28 | INFO | Parametros encontrados no cmdlet: UserName, UserId, SecProvider, Email, Identity, Disabled, Enabled, LastLogin, LoginInfo, Verbose, Debug, ErrorAction, WarningAction, InformationAction, ErrorVariable, WarningVariable, InformationVariable, OutVariable, OutBuffer, PipelineVariable
2026-06-03 11:53:28 | INFO | Usuario localizado com correspondencia exata de email.
2026-06-03 11:53:29 | INFO | Buscando usuario pelo email: t_diogog@ecorodovias.com.br
2026-06-03 11:53:29 | INFO | Parametros encontrados no cmdlet: UserName, UserId, SecProvider, Email, Identity, Disabled, Enabled, LastLogin, LoginInfo, Verbose, Debug, ErrorAction, WarningAction, InformationAction, ErrorVariable, WarningVariable, InformationVariable, OutVariable, OutBuffer, PipelineVariable
2026-06-03 11:53:29 | INFO | Usuario localizado com correspondencia exata de email.
2026-06-03 11:53:29 | INFO | Buscando usuario pelo email: t_hugo.dias@ecorodovias.com.br
2026-06-03 11:53:29 | INFO | Parametros encontrados no cmdlet: UserName, UserId, SecProvider, Email, Identity, Disabled, Enabled, LastLogin, LoginInfo, Verbose, Debug, ErrorAction, WarningAction, InformationAction, ErrorVariable, WarningVariable, InformationVariable, OutVariable, OutBuffer, PipelineVariable
2026-06-03 11:53:29 | INFO | Usuario localizado com correspondencia exata de email.
2026-06-03 11:53:30 | INFO | Buscando usuario pelo email: t_joao.costa@ecovias.com.br
2026-06-03 11:53:30 | INFO | Parametros encontrados no cmdlet: UserName, UserId, SecProvider, Email, Identity, Disabled, Enabled, LastLogin, LoginInfo, Verbose, Debug, ErrorAction, WarningAction, InformationAction, ErrorVariable, WarningVariable, InformationVariable, OutVariable, OutBuffer, PipelineVariable
2026-06-03 11:53:30 | INFO | Usuario localizado com correspondencia exata de email.
2026-06-03 11:53:30 | INFO | Buscando usuario pelo email: t_jose.vieira@ecorodovias.com.br
2026-06-03 11:53:30 | INFO | Parametros encontrados no cmdlet: UserName, UserId, SecProvider, Email, Identity, Disabled, Enabled, LastLogin, LoginInfo, Verbose, Debug, ErrorAction, WarningAction, InformationAction, ErrorVariable, WarningVariable, InformationVariable, OutVariable, OutBuffer, PipelineVariable
2026-06-03 11:53:30 | INFO | Usuario localizado com correspondencia exata de email.
2026-06-03 11:53:31 | INFO | Buscando usuario pelo email: t_karla.mendes@ecovias.com.br
2026-06-03 11:53:31 | INFO | Parametros encontrados no cmdlet: UserName, UserId, SecProvider, Email, Identity, Disabled, Enabled, LastLogin, LoginInfo, Verbose, Debug, ErrorAction, WarningAction, InformationAction, ErrorVariable, WarningVariable, InformationVariable, OutVariable, OutBuffer, PipelineVariable
2026-06-03 11:53:31 | INFO | Usuario localizado com correspondencia exata de email.
2026-06-03 11:53:32 | INFO | Buscando usuario pelo email: t_luana.lemos@ecorodovias.com.br
2026-06-03 11:53:32 | INFO | Parametros encontrados no cmdlet: UserName, UserId, SecProvider, Email, Identity, Disabled, Enabled, LastLogin, LoginInfo, Verbose, Debug, ErrorAction, WarningAction, InformationAction, ErrorVariable, WarningVariable, InformationVariable, OutVariable, OutBuffer, PipelineVariable
2026-06-03 11:53:32 | INFO | Usuario localizado com correspondencia exata de email.
2026-06-03 11:53:32 | INFO | Buscando usuario pelo email: t_marcos.botelho@ecorodovias.com.br
2026-06-03 11:53:32 | INFO | Parametros encontrados no cmdlet: UserName, UserId, SecProvider, Email, Identity, Disabled, Enabled, LastLogin, LoginInfo, Verbose, Debug, ErrorAction, WarningAction, InformationAction, ErrorVariable, WarningVariable, InformationVariable, OutVariable, OutBuffer, PipelineVariable
2026-06-03 11:53:32 | INFO | Usuario localizado com correspondencia exata de email.
2026-06-03 11:53:33 | INFO | Buscando usuario pelo email: t_miguel.rodrigues@ecovias.com.br
2026-06-03 11:53:33 | INFO | Parametros encontrados no cmdlet: UserName, UserId, SecProvider, Email, Identity, Disabled, Enabled, LastLogin, LoginInfo, Verbose, Debug, ErrorAction, WarningAction, InformationAction, ErrorVariable, WarningVariable, InformationVariable, OutVariable, OutBuffer, PipelineVariable
2026-06-03 11:53:33 | INFO | Usuario localizado com correspondencia exata de email.
2026-06-03 11:53:33 | INFO | Buscando usuario pelo email: t_milene.conceicao@ecovias.com.br
2026-06-03 11:53:33 | INFO | Parametros encontrados no cmdlet: UserName, UserId, SecProvider, Email, Identity, Disabled, Enabled, LastLogin, LoginInfo, Verbose, Debug, ErrorAction, WarningAction, InformationAction, ErrorVariable, WarningVariable, InformationVariable, OutVariable, OutBuffer, PipelineVariable
2026-06-03 11:53:33 | INFO | Usuario localizado com correspondencia exata de email.
2026-06-03 11:53:35 | INFO | Buscando usuario pelo email: t_patrick.oliveira@ecovias.com.br
2026-06-03 11:53:35 | INFO | Parametros encontrados no cmdlet: UserName, UserId, SecProvider, Email, Identity, Disabled, Enabled, LastLogin, LoginInfo, Verbose, Debug, ErrorAction, WarningAction, InformationAction, ErrorVariable, WarningVariable, InformationVariable, OutVariable, OutBuffer, PipelineVariable
2026-06-03 11:53:35 | INFO | Usuario localizado com correspondencia exata de email.
2026-06-03 11:53:37 | INFO | Buscando usuario pelo email: vagner.fonseca@ecovias.com.br
2026-06-03 11:53:37 | INFO | Parametros encontrados no cmdlet: UserName, UserId, SecProvider, Email, Identity, Disabled, Enabled, LastLogin, LoginInfo, Verbose, Debug, ErrorAction, WarningAction, InformationAction, ErrorVariable, WarningVariable, InformationVariable, OutVariable, OutBuffer, PipelineVariable
2026-06-03 11:53:37 | INFO | Usuario localizado com correspondencia exata de email.
2026-06-03 11:53:37 | INFO | Buscando usuario pelo email: vandelino.silva@ecovias.com.br
2026-06-03 11:53:37 | INFO | Parametros encontrados no cmdlet: UserName, UserId, SecProvider, Email, Identity, Disabled, Enabled, LastLogin, LoginInfo, Verbose, Debug, ErrorAction, WarningAction, InformationAction, ErrorVariable, WarningVariable, InformationVariable, OutVariable, OutBuffer, PipelineVariable
2026-06-03 11:53:37 | INFO | Usuario localizado com correspondencia exata de email.
2026-06-03 11:53:37 | INFO | Buscando usuario pelo email: vinicius.eduardo@ecovias.com.br
2026-06-03 11:53:37 | INFO | Parametros encontrados no cmdlet: UserName, UserId, SecProvider, Email, Identity, Disabled, Enabled, LastLogin, LoginInfo, Verbose, Debug, ErrorAction, WarningAction, InformationAction, ErrorVariable, WarningVariable, InformationVariable, OutVariable, OutBuffer, PipelineVariable
2026-06-03 11:53:37 | INFO | Usuario localizado com correspondencia exata de email.
2026-06-03 11:54:26 | INFO | Listando pastas da raiz por Root.
2026-06-03 11:54:27 | INFO | Listando filhos da pasta ID: 56
2026-06-03 11:54:32 | INFO | Listando filhos da pasta ID: 1101
2026-06-03 11:54:33 | INFO | Listando filhos da pasta ID: 1118
2026-06-03 11:54:59 | INFO | Iniciando leitura da seguranca do projeto 'Ampliações 4° Ano Linha' (ID: 410315)
2026-06-03 11:55:00 | INFO | Get-PWFolderSecurity retornou 14 item(ns).
2026-06-03 11:55:00 | INFO | Get-PWFolderTreeAccessObjects retornou 1 item(ns).
2026-06-03 11:55:00 | WARN | Cmdlet Get-PWProjectSecurity nao encontrado no ambiente. A leitura seguira apenas com FolderSecurity/TreeAccessObjects.
2026-06-03 11:55:00 | INFO | Total consolidado de acessos encontrados: 13
2026-06-03 11:55:00 | INFO | Projeto 'Ampliações 4° Ano - Lote 19 - Linha Férrea - km 189+640 - BR116/RJ' carregado para arvore. Groups=11 | UserLists=1 | Outros=1
2026-06-03 11:55:00 | INFO | Iniciando leitura da seguranca do projeto 'Ampliações 4° Ano SH 01' (ID: 410130)
2026-06-03 11:55:01 | INFO | Get-PWFolderSecurity retornou 14 item(ns).
2026-06-03 11:55:01 | INFO | Get-PWFolderTreeAccessObjects retornou 1 item(ns).
2026-06-03 11:55:01 | WARN | Cmdlet Get-PWProjectSecurity nao encontrado no ambiente. A leitura seguira apenas com FolderSecurity/TreeAccessObjects.
2026-06-03 11:55:01 | INFO | Total consolidado de acessos encontrados: 13
2026-06-03 11:55:01 | INFO | Projeto 'Ampliações 4° Ano SH 01 - km 408,580 + 412,830 - BR116/MG' carregado para arvore. Groups=11 | UserLists=1 | Outros=1
2026-06-03 11:55:01 | INFO | Iniciando leitura da seguranca do projeto 'Ampliações 4° Ano SH 01-Pref' (ID: 410167)
2026-06-03 11:55:02 | INFO | Get-PWFolderSecurity retornou 14 item(ns).
2026-06-03 11:55:02 | INFO | Get-PWFolderTreeAccessObjects retornou 1 item(ns).
2026-06-03 11:55:02 | WARN | Cmdlet Get-PWProjectSecurity nao encontrado no ambiente. A leitura seguira apenas com FolderSecurity/TreeAccessObjects.
2026-06-03 11:55:02 | INFO | Total consolidado de acessos encontrados: 13
2026-06-03 11:55:02 | INFO | Projeto 'Ampliações 4° Ano SH 01 - Prefeitura - km 408,580 + 412,830 - BR116/MG' carregado para arvore. Groups=11 | UserLists=1 | Outros=1
2026-06-03 11:55:02 | INFO | Iniciando leitura da seguranca do projeto 'Ampliações 4° Ano SH 02' (ID: 410204)
2026-06-03 11:55:03 | INFO | Get-PWFolderSecurity retornou 14 item(ns).
2026-06-03 11:55:03 | INFO | Get-PWFolderTreeAccessObjects retornou 1 item(ns).
2026-06-03 11:55:03 | WARN | Cmdlet Get-PWProjectSecurity nao encontrado no ambiente. A leitura seguira apenas com FolderSecurity/TreeAccessObjects.
2026-06-03 11:55:03 | INFO | Total consolidado de acessos encontrados: 13
2026-06-03 11:55:03 | INFO | Projeto 'Ampliações 4° Ano SH 02 - km 412,830 + 421,170 - BR116/MG' carregado para arvore. Groups=11 | UserLists=1 | Outros=1
2026-06-03 11:55:03 | INFO | Iniciando leitura da seguranca do projeto 'Ampliações 4° Ano SH 38' (ID: 141260)
2026-06-03 11:55:03 | INFO | Get-PWFolderSecurity retornou 14 item(ns).
2026-06-03 11:55:04 | INFO | Get-PWFolderTreeAccessObjects retornou 1 item(ns).
2026-06-03 11:55:04 | WARN | Cmdlet Get-PWProjectSecurity nao encontrado no ambiente. A leitura seguira apenas com FolderSecurity/TreeAccessObjects.
2026-06-03 11:55:04 | INFO | Total consolidado de acessos encontrados: 13
2026-06-03 11:55:04 | INFO | Projeto 'Ampliações 4° Ano SH 38 - km 0,000 + 15,480 - BR493/RJ' carregado para arvore. Groups=11 | UserLists=1 | Outros=1
2026-06-03 11:55:04 | INFO | Iniciando leitura da seguranca do projeto 'Ampliações 4° Ano SH 39' (ID: 142041)
2026-06-03 11:55:04 | INFO | Get-PWFolderSecurity retornou 14 item(ns).
2026-06-03 11:55:04 | INFO | Get-PWFolderTreeAccessObjects retornou 1 item(ns).
2026-06-03 11:55:04 | WARN | Cmdlet Get-PWProjectSecurity nao encontrado no ambiente. A leitura seguira apenas com FolderSecurity/TreeAccessObjects.
2026-06-03 11:55:04 | INFO | Total consolidado de acessos encontrados: 13
2026-06-03 11:55:04 | INFO | Projeto 'Ampliações 4° Ano SH 39 - km 15,480 + 19,640 - BR493/RJ' carregado para arvore. Groups=11 | UserLists=1 | Outros=1
2026-06-03 11:55:04 | INFO | Iniciando leitura da seguranca do projeto 'Ampliações 4° Ano SH 40' (ID: 142822)
2026-06-03 11:55:05 | INFO | Get-PWFolderSecurity retornou 14 item(ns).
2026-06-03 11:55:05 | INFO | Get-PWFolderTreeAccessObjects retornou 1 item(ns).
2026-06-03 11:55:05 | WARN | Cmdlet Get-PWProjectSecurity nao encontrado no ambiente. A leitura seguira apenas com FolderSecurity/TreeAccessObjects.
2026-06-03 11:55:05 | INFO | Total consolidado de acessos encontrados: 13
2026-06-03 11:55:05 | INFO | Projeto 'Ampliações 4° Ano SH 40 - km 19,640 + 25,370 - BR493/RJ' carregado para arvore. Groups=11 | UserLists=1 | Outros=1
2026-06-03 11:55:05 | INFO | Iniciando leitura da seguranca do projeto 'Ampliações 4° Ano SH 49' (ID: 410278)
2026-06-03 11:55:06 | INFO | Get-PWFolderSecurity retornou 14 item(ns).
2026-06-03 11:55:06 | INFO | Get-PWFolderTreeAccessObjects retornou 1 item(ns).
2026-06-03 11:55:06 | WARN | Cmdlet Get-PWProjectSecurity nao encontrado no ambiente. A leitura seguira apenas com FolderSecurity/TreeAccessObjects.
2026-06-03 11:55:06 | INFO | Total consolidado de acessos encontrados: 13
2026-06-03 11:55:06 | INFO | Projeto 'Ampliações 4° Ano SH 49 - km 168,720 + 171,930 - BR116/RJ' carregado para arvore. Groups=11 | UserLists=1 | Outros=1
2026-06-03 11:55:06 | INFO | Iniciando leitura da seguranca do projeto 'Ampliações 4° Ano SH 50' (ID: 150633)
2026-06-03 11:55:07 | INFO | Get-PWFolderSecurity retornou 14 item(ns).
2026-06-03 11:55:07 | INFO | Get-PWFolderTreeAccessObjects retornou 1 item(ns).
2026-06-03 11:55:07 | WARN | Cmdlet Get-PWProjectSecurity nao encontrado no ambiente. A leitura seguira apenas com FolderSecurity/TreeAccessObjects.
2026-06-03 11:55:07 | INFO | Total consolidado de acessos encontrados: 13
2026-06-03 11:55:07 | INFO | Projeto 'Ampliações 4° Ano SH 50 - km 171,930 + 174,320 - BR116/RJ' carregado para arvore. Groups=11 | UserLists=1 | Outros=1
2026-06-03 11:55:07 | INFO | Iniciando leitura da seguranca do projeto 'Ampliações 4° Ano SH 51' (ID: 151414)
2026-06-03 11:55:08 | INFO | Get-PWFolderSecurity retornou 14 item(ns).
2026-06-03 11:55:08 | INFO | Get-PWFolderTreeAccessObjects retornou 1 item(ns).
2026-06-03 11:55:08 | WARN | Cmdlet Get-PWProjectSecurity nao encontrado no ambiente. A leitura seguira apenas com FolderSecurity/TreeAccessObjects.
2026-06-03 11:55:08 | INFO | Total consolidado de acessos encontrados: 13
2026-06-03 11:55:08 | INFO | Projeto 'Ampliações 4° Ano SH 51 - km 174,320 + 178,420 - BR116/RJ' carregado para arvore. Groups=11 | UserLists=1 | Outros=1
2026-06-03 11:55:08 | INFO | Iniciando leitura da seguranca do projeto 'Ampliações 4° Ano SH 52' (ID: 152195)
2026-06-03 11:55:09 | INFO | Get-PWFolderSecurity retornou 14 item(ns).
2026-06-03 11:55:09 | INFO | Get-PWFolderTreeAccessObjects retornou 1 item(ns).
2026-06-03 11:55:09 | WARN | Cmdlet Get-PWProjectSecurity nao encontrado no ambiente. A leitura seguira apenas com FolderSecurity/TreeAccessObjects.
2026-06-03 11:55:09 | INFO | Total consolidado de acessos encontrados: 13
2026-06-03 11:55:09 | INFO | Projeto 'Ampliações 4° Ano SH 52 - km 178,420 + 181,630 - BR116/RJ' carregado para arvore. Groups=11 | UserLists=1 | Outros=1
2026-06-03 11:55:09 | INFO | Iniciando leitura da seguranca do projeto 'Ampliações 4° Ano SH 53' (ID: 152977)
2026-06-03 11:55:09 | INFO | Get-PWFolderSecurity retornou 14 item(ns).
2026-06-03 11:55:10 | INFO | Get-PWFolderTreeAccessObjects retornou 1 item(ns).
2026-06-03 11:55:10 | WARN | Cmdlet Get-PWProjectSecurity nao encontrado no ambiente. A leitura seguira apenas com FolderSecurity/TreeAccessObjects.
2026-06-03 11:55:10 | INFO | Total consolidado de acessos encontrados: 13
2026-06-03 11:55:10 | INFO | Projeto 'Ampliações 4° Ano SH 53 - km 181,630 + 185,530 - BR116/RJ' carregado para arvore. Groups=11 | UserLists=1 | Outros=1
2026-06-03 11:55:10 | INFO | Iniciando leitura da seguranca do projeto 'Ampliações 4° Ano SH 54' (ID: 153758)
2026-06-03 11:55:10 | INFO | Get-PWFolderSecurity retornou 14 item(ns).
2026-06-03 11:55:10 | INFO | Get-PWFolderTreeAccessObjects retornou 1 item(ns).
2026-06-03 11:55:10 | WARN | Cmdlet Get-PWProjectSecurity nao encontrado no ambiente. A leitura seguira apenas com FolderSecurity/TreeAccessObjects.
2026-06-03 11:55:11 | INFO | Total consolidado de acessos encontrados: 13
2026-06-03 11:55:11 | INFO | Projeto 'Ampliações 4° Ano SH 54 - km 185,530 + 189,620 - BR116/RJ' carregado para arvore. Groups=11 | UserLists=1 | Outros=1
2026-06-03 11:55:11 | INFO | Iniciando leitura da seguranca do projeto 'Ampliações 4° Ano SH 55' (ID: 154539)
2026-06-03 11:55:11 | INFO | Get-PWFolderSecurity retornou 14 item(ns).
2026-06-03 11:55:11 | INFO | Get-PWFolderTreeAccessObjects retornou 1 item(ns).
2026-06-03 11:55:11 | WARN | Cmdlet Get-PWProjectSecurity nao encontrado no ambiente. A leitura seguira apenas com FolderSecurity/TreeAccessObjects.
2026-06-03 11:55:11 | INFO | Total consolidado de acessos encontrados: 13
2026-06-03 11:55:11 | INFO | Projeto 'Ampliações 4° Ano SH 55 - km 189,620 + 196,120 - BR116/RJ' carregado para arvore. Groups=11 | UserLists=1 | Outros=1
2026-06-03 11:55:11 | INFO | Iniciando leitura da seguranca do projeto 'Ampliações 4° Ano SH 56' (ID: 155320)
2026-06-03 11:55:12 | INFO | Get-PWFolderSecurity retornou 14 item(ns).
2026-06-03 11:55:12 | INFO | Get-PWFolderTreeAccessObjects retornou 1 item(ns).
2026-06-03 11:55:12 | WARN | Cmdlet Get-PWProjectSecurity nao encontrado no ambiente. A leitura seguira apenas com FolderSecurity/TreeAccessObjects.
2026-06-03 11:55:12 | INFO | Total consolidado de acessos encontrados: 13
2026-06-03 11:55:12 | INFO | Projeto 'Ampliações 4° Ano SH 56 - km 196,120 + 204,320 - BR116/RJ' carregado para arvore. Groups=11 | UserLists=1 | Outros=1
2026-06-03 11:55:12 | INFO | Iniciando leitura da seguranca do projeto 'Ampliações 4°Ano SH 02-Pref' (ID: 410241)
2026-06-03 11:55:13 | INFO | Get-PWFolderSecurity retornou 14 item(ns).
2026-06-03 11:55:13 | INFO | Get-PWFolderTreeAccessObjects retornou 1 item(ns).
2026-06-03 11:55:13 | WARN | Cmdlet Get-PWProjectSecurity nao encontrado no ambiente. A leitura seguira apenas com FolderSecurity/TreeAccessObjects.
2026-06-03 11:55:13 | INFO | Total consolidado de acessos encontrados: 13
2026-06-03 11:55:13 | INFO | Projeto 'Ampliações 4° Ano SH 02 - Prefeitura - km 412,830 + 421,170 - BR116/MG' carregado para arvore. Groups=11 | UserLists=1 | Outros=1
2026-06-03 11:55:13 | INFO | Iniciando leitura da seguranca do projeto 'Ampliações 5° Ano SH 07' (ID: 105224)
2026-06-03 11:55:14 | INFO | Get-PWFolderSecurity retornou 14 item(ns).
2026-06-03 11:55:14 | INFO | Get-PWFolderTreeAccessObjects retornou 1 item(ns).
2026-06-03 11:55:14 | WARN | Cmdlet Get-PWProjectSecurity nao encontrado no ambiente. A leitura seguira apenas com FolderSecurity/TreeAccessObjects.
2026-06-03 11:55:14 | INFO | Total consolidado de acessos encontrados: 13
2026-06-03 11:55:14 | INFO | Projeto 'Ampliações 5° Ano SH 07 - km 499,330 + 519,730 - BR116/MG' carregado para arvore. Groups=11 | UserLists=1 | Outros=1
2026-06-03 11:55:14 | INFO | Iniciando leitura da seguranca do projeto 'Ampliações 5° Ano SH 08' (ID: 106344)
2026-06-03 11:55:15 | INFO | Get-PWFolderSecurity retornou 14 item(ns).
2026-06-03 11:55:15 | INFO | Get-PWFolderTreeAccessObjects retornou 1 item(ns).
2026-06-03 11:55:15 | WARN | Cmdlet Get-PWProjectSecurity nao encontrado no ambiente. A leitura seguira apenas com FolderSecurity/TreeAccessObjects.
2026-06-03 11:55:15 | INFO | Total consolidado de acessos encontrados: 13
2026-06-03 11:55:15 | INFO | Projeto 'Ampliações 5° Ano SH 08 - km 519,730 + 522,730 - BR116/MG' carregado para arvore. Groups=11 | UserLists=1 | Outros=1
2026-06-03 11:55:15 | INFO | Iniciando leitura da seguranca do projeto 'Ampliações 5° Ano SH 09' (ID: 107740)
2026-06-03 11:55:16 | INFO | Get-PWFolderSecurity retornou 14 item(ns).
2026-06-03 11:55:16 | INFO | Get-PWFolderTreeAccessObjects retornou 1 item(ns).
2026-06-03 11:55:16 | WARN | Cmdlet Get-PWProjectSecurity nao encontrado no ambiente. A leitura seguira apenas com FolderSecurity/TreeAccessObjects.
2026-06-03 11:55:16 | INFO | Total consolidado de acessos encontrados: 13
2026-06-03 11:55:16 | INFO | Projeto 'Ampliações 5° Ano SH 09 - km 522,730 + 525,840 - BR116/MG' carregado para arvore. Groups=11 | UserLists=1 | Outros=1
2026-06-03 11:55:16 | INFO | Iniciando leitura da seguranca do projeto 'Ampliações 5° Ano SH 10' (ID: 109211)
2026-06-03 11:55:17 | INFO | Get-PWFolderSecurity retornou 14 item(ns).
2026-06-03 11:55:17 | INFO | Get-PWFolderTreeAccessObjects retornou 1 item(ns).
2026-06-03 11:55:17 | WARN | Cmdlet Get-PWProjectSecurity nao encontrado no ambiente. A leitura seguira apenas com FolderSecurity/TreeAccessObjects.
2026-06-03 11:55:17 | INFO | Total consolidado de acessos encontrados: 13
2026-06-03 11:55:17 | INFO | Projeto 'Ampliações 5° Ano SH 10 - km 525,840 + 527,530 - BR116/MG' carregado para arvore. Groups=11 | UserLists=1 | Outros=1
2026-06-03 11:55:17 | INFO | Iniciando leitura da seguranca do projeto 'Ampliações 5° Ano SH 57' (ID: 156101)
2026-06-03 11:55:18 | INFO | Get-PWFolderSecurity retornou 14 item(ns).
2026-06-03 11:55:18 | INFO | Get-PWFolderTreeAccessObjects retornou 1 item(ns).
2026-06-03 11:55:18 | WARN | Cmdlet Get-PWProjectSecurity nao encontrado no ambiente. A leitura seguira apenas com FolderSecurity/TreeAccessObjects.
2026-06-03 11:55:18 | INFO | Total consolidado de acessos encontrados: 13
2026-06-03 11:55:18 | INFO | Projeto 'Ampliações 5° Ano SH 57 - km 204,320 + 211,820 - BR116/RJ' carregado para arvore. Groups=11 | UserLists=1 | Outros=1
2026-06-03 11:55:18 | INFO | Iniciando leitura da seguranca do projeto 'Ampliações 5° Ano SH 58' (ID: 156882)
2026-06-03 11:55:19 | INFO | Get-PWFolderSecurity retornou 14 item(ns).
2026-06-03 11:55:19 | INFO | Get-PWFolderTreeAccessObjects retornou 1 item(ns).
2026-06-03 11:55:19 | WARN | Cmdlet Get-PWProjectSecurity nao encontrado no ambiente. A leitura seguira apenas com FolderSecurity/TreeAccessObjects.
2026-06-03 11:55:19 | INFO | Total consolidado de acessos encontrados: 13
2026-06-03 11:55:19 | INFO | Projeto 'Ampliações 5° Ano SH 58 - km 211,820 + 214,700 - BR116/RJ' carregado para arvore. Groups=11 | UserLists=1 | Outros=1
2026-06-03 11:55:19 | INFO | Iniciando leitura da seguranca do projeto 'Ampliações 6° Ano SH 03' (ID: 94037)
2026-06-03 11:55:19 | INFO | Get-PWFolderSecurity retornou 14 item(ns).
2026-06-03 11:55:19 | INFO | Get-PWFolderTreeAccessObjects retornou 1 item(ns).
2026-06-03 11:55:20 | WARN | Cmdlet Get-PWProjectSecurity nao encontrado no ambiente. A leitura seguira apenas com FolderSecurity/TreeAccessObjects.
2026-06-03 11:55:20 | INFO | Total consolidado de acessos encontrados: 13
2026-06-03 11:55:20 | INFO | Projeto 'Ampliações 6° Ano SH 03 - km 421,170 + 456,260 - BR116/MG' carregado para arvore. Groups=11 | UserLists=1 | Outros=1
2026-06-03 11:55:20 | INFO | Iniciando leitura da seguranca do projeto 'Ampliações 6° Ano SH 06' (ID: 97162)
2026-06-03 11:55:20 | INFO | Get-PWFolderSecurity retornou 14 item(ns).
2026-06-03 11:55:20 | INFO | Get-PWFolderTreeAccessObjects retornou 1 item(ns).
2026-06-03 11:55:20 | WARN | Cmdlet Get-PWProjectSecurity nao encontrado no ambiente. A leitura seguira apenas com FolderSecurity/TreeAccessObjects.
2026-06-03 11:55:20 | INFO | Total consolidado de acessos encontrados: 13
2026-06-03 11:55:20 | INFO | Projeto 'Ampliações 6° Ano SH 06 - km 485,540 + 499,330 - BR116/MG' carregado para arvore. Groups=11 | UserLists=1 | Outros=1
2026-06-03 11:55:20 | INFO | Iniciando leitura da seguranca do projeto 'Ampliações 6° Ano SH 12' (ID: 112069)
2026-06-03 11:55:21 | INFO | Get-PWFolderSecurity retornou 14 item(ns).
2026-06-03 11:55:21 | INFO | Get-PWFolderTreeAccessObjects retornou 1 item(ns).
2026-06-03 11:55:21 | WARN | Cmdlet Get-PWProjectSecurity nao encontrado no ambiente. A leitura seguira apenas com FolderSecurity/TreeAccessObjects.
2026-06-03 11:55:21 | INFO | Total consolidado de acessos encontrados: 13
2026-06-03 11:55:21 | INFO | Projeto 'Ampliações 6° Ano SH 12 - km 561,400 + 586,570 - BR116/MG' carregado para arvore. Groups=11 | UserLists=1 | Outros=1
2026-06-03 11:55:21 | INFO | Iniciando leitura da seguranca do projeto 'Ampliações 6° Ano SH 13' (ID: 113597)
2026-06-03 11:55:22 | INFO | Get-PWFolderSecurity retornou 14 item(ns).
2026-06-03 11:55:22 | INFO | Get-PWFolderTreeAccessObjects retornou 1 item(ns).
2026-06-03 11:55:22 | WARN | Cmdlet Get-PWProjectSecurity nao encontrado no ambiente. A leitura seguira apenas com FolderSecurity/TreeAccessObjects.
2026-06-03 11:55:22 | INFO | Total consolidado de acessos encontrados: 13
2026-06-03 11:55:22 | INFO | Projeto 'Ampliações 6° Ano SH 13 - km 588,700 + 606,830 - BR116/MG' carregado para arvore. Groups=11 | UserLists=1 | Outros=1
2026-06-03 11:55:22 | INFO | Iniciando leitura da seguranca do projeto 'Ampliações 6° Ano SH 17' (ID: 117972)
2026-06-03 11:55:23 | INFO | Get-PWFolderSecurity retornou 14 item(ns).
2026-06-03 11:55:23 | INFO | Get-PWFolderTreeAccessObjects retornou 1 item(ns).
2026-06-03 11:55:23 | WARN | Cmdlet Get-PWProjectSecurity nao encontrado no ambiente. A leitura seguira apenas com FolderSecurity/TreeAccessObjects.
2026-06-03 11:55:23 | INFO | Total consolidado de acessos encontrados: 13
2026-06-03 11:55:23 | INFO | Projeto 'Ampliações 6° Ano SH 17 - km 702,260 + 703,450 - BR116/MG' carregado para arvore. Groups=11 | UserLists=1 | Outros=1
2026-06-03 11:55:23 | INFO | Iniciando leitura da seguranca do projeto 'Ampliações 6° Ano SH 29' (ID: 127889)
2026-06-03 11:55:24 | INFO | Get-PWFolderSecurity retornou 14 item(ns).
2026-06-03 11:55:24 | INFO | Get-PWFolderTreeAccessObjects retornou 1 item(ns).
2026-06-03 11:55:24 | WARN | Cmdlet Get-PWProjectSecurity nao encontrado no ambiente. A leitura seguira apenas com FolderSecurity/TreeAccessObjects.
2026-06-03 11:55:24 | INFO | Total consolidado de acessos encontrados: 13
2026-06-03 11:55:24 | INFO | Projeto 'Ampliações 6° Ano SH 29 - km 59,430 + 80,520 - BR116/RJ' carregado para arvore. Groups=11 | UserLists=1 | Outros=1
2026-06-03 11:55:24 | INFO | Iniciando leitura da seguranca do projeto 'Ampliações 6° Ano SH 30' (ID: 128672)
2026-06-03 11:55:25 | INFO | Get-PWFolderSecurity retornou 14 item(ns).
2026-06-03 11:55:25 | INFO | Get-PWFolderTreeAccessObjects retornou 1 item(ns).
2026-06-03 11:55:25 | WARN | Cmdlet Get-PWProjectSecurity nao encontrado no ambiente. A leitura seguira apenas com FolderSecurity/TreeAccessObjects.
2026-06-03 11:55:25 | INFO | Total consolidado de acessos encontrados: 13
2026-06-03 11:55:25 | INFO | Projeto 'Ampliações 6° Ano SH 30 - km 80,520 + 93,180 - BR116/RJ' carregado para arvore. Groups=11 | UserLists=1 | Outros=1
2026-06-03 11:55:25 | INFO | Iniciando leitura da seguranca do projeto 'Ampliações 6° Ano SH 31' (ID: 135793)
2026-06-03 11:55:26 | INFO | Get-PWFolderSecurity retornou 14 item(ns).
2026-06-03 11:55:26 | INFO | Get-PWFolderTreeAccessObjects retornou 1 item(ns).
2026-06-03 11:55:26 | WARN | Cmdlet Get-PWProjectSecurity nao encontrado no ambiente. A leitura seguira apenas com FolderSecurity/TreeAccessObjects.
2026-06-03 11:55:26 | INFO | Total consolidado de acessos encontrados: 13
2026-06-03 11:55:26 | INFO | Projeto 'Ampliações 6° Ano SH 31 - km 93,180 + 108,430 -  BR116/RJ' carregado para arvore. Groups=11 | UserLists=1 | Outros=1
2026-06-03 11:55:26 | INFO | Iniciando leitura da seguranca do projeto 'Ampliações 6° Ano SH 35' (ID: 138917)
2026-06-03 11:55:27 | INFO | Get-PWFolderSecurity retornou 14 item(ns).
2026-06-03 11:55:27 | INFO | Get-PWFolderTreeAccessObjects retornou 1 item(ns).
2026-06-03 11:55:27 | WARN | Cmdlet Get-PWProjectSecurity nao encontrado no ambiente. A leitura seguira apenas com FolderSecurity/TreeAccessObjects.
2026-06-03 11:55:27 | INFO | Total consolidado de acessos encontrados: 13
2026-06-03 11:55:27 | INFO | Projeto 'Ampliações 6° Ano SH 35 - km 126,500 + 137,110 - BR116/RJ' carregado para arvore. Groups=11 | UserLists=1 | Outros=1
2026-06-03 11:55:27 | INFO | Iniciando leitura da seguranca do projeto 'Ampliações 6° Ano SH 36' (ID: 139698)
2026-06-03 11:55:28 | INFO | Get-PWFolderSecurity retornou 14 item(ns).
2026-06-03 11:55:28 | INFO | Get-PWFolderTreeAccessObjects retornou 1 item(ns).
2026-06-03 11:55:28 | WARN | Cmdlet Get-PWProjectSecurity nao encontrado no ambiente. A leitura seguira apenas com FolderSecurity/TreeAccessObjects.
2026-06-03 11:55:28 | INFO | Total consolidado de acessos encontrados: 13
2026-06-03 11:55:28 | INFO | Projeto 'Ampliações 6° Ano SH 36 - km 137,110 + 141,530 - BR116/RJ' carregado para arvore. Groups=11 | UserLists=1 | Outros=1
2026-06-03 11:55:28 | INFO | Iniciando leitura da seguranca do projeto 'Ampliações 6° Ano SH 37' (ID: 140479)
2026-06-03 11:55:28 | INFO | Get-PWFolderSecurity retornou 14 item(ns).
2026-06-03 11:55:29 | INFO | Get-PWFolderTreeAccessObjects retornou 1 item(ns).
2026-06-03 11:55:29 | WARN | Cmdlet Get-PWProjectSecurity nao encontrado no ambiente. A leitura seguira apenas com FolderSecurity/TreeAccessObjects.
2026-06-03 11:55:29 | INFO | Total consolidado de acessos encontrados: 13
2026-06-03 11:55:29 | INFO | Projeto 'Ampliações 6° Ano SH 37 - km 141,530 + 148,660 - BR116/RJ' carregado para arvore. Groups=11 | UserLists=1 | Outros=1
2026-06-03 11:55:29 | INFO | Iniciando leitura da seguranca do projeto 'Ampliações 6° Ano SH 41' (ID: 143603)
2026-06-03 11:55:29 | INFO | Get-PWFolderSecurity retornou 14 item(ns).
2026-06-03 11:55:29 | INFO | Get-PWFolderTreeAccessObjects retornou 1 item(ns).
2026-06-03 11:55:30 | WARN | Cmdlet Get-PWProjectSecurity nao encontrado no ambiente. A leitura seguira apenas com FolderSecurity/TreeAccessObjects.
2026-06-03 11:55:30 | INFO | Total consolidado de acessos encontrados: 13
2026-06-03 11:55:30 | INFO | Projeto 'Ampliações 6° Ano SH 41 - km 48,100 + 55,080 - BR493/RJ' carregado para arvore. Groups=11 | UserLists=1 | Outros=1
2026-06-03 11:55:30 | INFO | Iniciando leitura da seguranca do projeto 'Ampliações 6° Ano SH 42' (ID: 144384)
2026-06-03 11:55:30 | INFO | Get-PWFolderSecurity retornou 14 item(ns).
2026-06-03 11:55:30 | INFO | Get-PWFolderTreeAccessObjects retornou 1 item(ns).
2026-06-03 11:55:30 | WARN | Cmdlet Get-PWProjectSecurity nao encontrado no ambiente. A leitura seguira apenas com FolderSecurity/TreeAccessObjects.
2026-06-03 11:55:30 | INFO | Total consolidado de acessos encontrados: 13
2026-06-03 11:55:30 | INFO | Projeto 'Ampliações 6° Ano SH 42 - km 55,080 + 65,880 - BR493/RJ' carregado para arvore. Groups=11 | UserLists=1 | Outros=1
2026-06-03 11:55:30 | INFO | Iniciando leitura da seguranca do projeto 'Ampliações 6° Ano SH 43' (ID: 145165)
2026-06-03 11:55:31 | INFO | Get-PWFolderSecurity retornou 14 item(ns).
2026-06-03 11:55:31 | INFO | Get-PWFolderTreeAccessObjects retornou 1 item(ns).
2026-06-03 11:55:31 | WARN | Cmdlet Get-PWProjectSecurity nao encontrado no ambiente. A leitura seguira apenas com FolderSecurity/TreeAccessObjects.
2026-06-03 11:55:31 | INFO | Total consolidado de acessos encontrados: 13
2026-06-03 11:55:31 | INFO | Projeto 'Ampliações 6° Ano SH 43 - km 65,880 + 84,400 - BR493/RJ' carregado para arvore. Groups=11 | UserLists=1 | Outros=1
2026-06-03 11:55:31 | INFO | Iniciando leitura da seguranca do projeto 'Ampliações 7° Ano Acesso' (ID: 410352)
2026-06-03 11:55:32 | INFO | Get-PWFolderSecurity retornou 14 item(ns).
2026-06-03 11:55:32 | INFO | Get-PWFolderTreeAccessObjects retornou 1 item(ns).
2026-06-03 11:55:32 | WARN | Cmdlet Get-PWProjectSecurity nao encontrado no ambiente. A leitura seguira apenas com FolderSecurity/TreeAccessObjects.
2026-06-03 11:55:32 | INFO | Total consolidado de acessos encontrados: 13
2026-06-03 11:55:32 | INFO | Projeto 'Ampliações 7° Ano - Lote 15 - Acesso km 057 - BR116/RJ' carregado para arvore. Groups=11 | UserLists=1 | Outros=1
2026-06-03 11:55:32 | INFO | Iniciando leitura da seguranca do projeto 'Ampliações 7° Ano SH 05' (ID: 96381)
2026-06-03 11:55:33 | INFO | Get-PWFolderSecurity retornou 14 item(ns).
2026-06-03 11:55:33 | INFO | Get-PWFolderTreeAccessObjects retornou 1 item(ns).
2026-06-03 11:55:33 | WARN | Cmdlet Get-PWProjectSecurity nao encontrado no ambiente. A leitura seguira apenas com FolderSecurity/TreeAccessObjects.
2026-06-03 11:55:33 | INFO | Total consolidado de acessos encontrados: 13
2026-06-03 11:55:33 | INFO | Projeto 'Ampliações 7° Ano SH 05 - km 469,630 + 485,540 - BR116/MG' carregado para arvore. Groups=11 | UserLists=1 | Outros=1
2026-06-03 11:55:33 | INFO | Iniciando leitura da seguranca do projeto 'Ampliações 7° Ano SH 11' (ID: 110629)
2026-06-03 11:55:34 | INFO | Get-PWFolderSecurity retornou 14 item(ns).
2026-06-03 11:55:34 | INFO | Get-PWFolderTreeAccessObjects retornou 1 item(ns).
2026-06-03 11:55:34 | WARN | Cmdlet Get-PWProjectSecurity nao encontrado no ambiente. A leitura seguira apenas com FolderSecurity/TreeAccessObjects.
2026-06-03 11:55:34 | INFO | Total consolidado de acessos encontrados: 13
2026-06-03 11:55:34 | INFO | Projeto 'Ampliações 7° Ano SH 11 - km 527,530 + 561,400 - BR116/MG' carregado para arvore. Groups=11 | UserLists=1 | Outros=1
2026-06-03 11:55:34 | INFO | Iniciando leitura da seguranca do projeto 'Ampliações 7° Ano SH 14' (ID: 115629)
2026-06-03 11:55:35 | INFO | Get-PWFolderSecurity retornou 14 item(ns).
2026-06-03 11:55:35 | INFO | Get-PWFolderTreeAccessObjects retornou 1 item(ns).
2026-06-03 11:55:35 | WARN | Cmdlet Get-PWProjectSecurity nao encontrado no ambiente. A leitura seguira apenas com FolderSecurity/TreeAccessObjects.
2026-06-03 11:55:35 | INFO | Total consolidado de acessos encontrados: 13
2026-06-03 11:55:35 | INFO | Projeto 'Ampliações 7° Ano SH 14 - km 606,830 + 634,860 - BR116/MG' carregado para arvore. Groups=11 | UserLists=1 | Outros=1
2026-06-03 11:55:35 | INFO | Iniciando leitura da seguranca do projeto 'Ampliações 7° Ano SH 15' (ID: 116410)
2026-06-03 11:55:35 | INFO | Get-PWFolderSecurity retornou 14 item(ns).
2026-06-03 11:55:35 | INFO | Get-PWFolderTreeAccessObjects retornou 1 item(ns).
2026-06-03 11:55:35 | WARN | Cmdlet Get-PWProjectSecurity nao encontrado no ambiente. A leitura seguira apenas com FolderSecurity/TreeAccessObjects.
2026-06-03 11:55:35 | INFO | Total consolidado de acessos encontrados: 13
2026-06-03 11:55:36 | INFO | Projeto 'Ampliações 7° Ano SH 15 - km 634,860 + 650,270 - BR116/MG' carregado para arvore. Groups=11 | UserLists=1 | Outros=1
2026-06-03 11:55:36 | INFO | Iniciando leitura da seguranca do projeto 'Ampliações 7° Ano SH 16' (ID: 117191)
2026-06-03 11:55:36 | INFO | Get-PWFolderSecurity retornou 14 item(ns).
2026-06-03 11:55:36 | INFO | Get-PWFolderTreeAccessObjects retornou 1 item(ns).
2026-06-03 11:55:36 | WARN | Cmdlet Get-PWProjectSecurity nao encontrado no ambiente. A leitura seguira apenas com FolderSecurity/TreeAccessObjects.
2026-06-03 11:55:36 | INFO | Total consolidado de acessos encontrados: 13
2026-06-03 11:55:36 | INFO | Projeto 'Ampliações 7° Ano SH 16 - km 650,280 + 702,260 - BR116/MG' carregado para arvore. Groups=11 | UserLists=1 | Outros=1
2026-06-03 11:55:36 | INFO | Iniciando leitura da seguranca do projeto 'Ampliações 7° Ano SH 18' (ID: 118777)
2026-06-03 11:55:37 | INFO | Get-PWFolderSecurity retornou 14 item(ns).
2026-06-03 11:55:37 | INFO | Get-PWFolderTreeAccessObjects retornou 1 item(ns).
2026-06-03 11:55:37 | WARN | Cmdlet Get-PWProjectSecurity nao encontrado no ambiente. A leitura seguira apenas com FolderSecurity/TreeAccessObjects.
2026-06-03 11:55:37 | INFO | Total consolidado de acessos encontrados: 13
2026-06-03 11:55:37 | INFO | Projeto 'Ampliações 7° Ano SH 18 - km 703,450 + 736,400 - BR116/MG' carregado para arvore. Groups=11 | UserLists=1 | Outros=1
2026-06-03 11:55:37 | INFO | Iniciando leitura da seguranca do projeto 'Ampliações 7° Ano SH 19' (ID: 119562)
2026-06-03 11:55:38 | INFO | Get-PWFolderSecurity retornou 14 item(ns).
2026-06-03 11:55:38 | INFO | Get-PWFolderTreeAccessObjects retornou 1 item(ns).
2026-06-03 11:55:38 | WARN | Cmdlet Get-PWProjectSecurity nao encontrado no ambiente. A leitura seguira apenas com FolderSecurity/TreeAccessObjects.
2026-06-03 11:55:38 | INFO | Total consolidado de acessos encontrados: 13
2026-06-03 11:55:38 | INFO | Projeto 'Ampliações 7° Ano SH 19 - km 736,400 + 744,580 - BR116/MG' carregado para arvore. Groups=11 | UserLists=1 | Outros=1
2026-06-03 11:55:38 | INFO | Iniciando leitura da seguranca do projeto 'Ampliações 7° Ano SH 27' (ID: 125874)
2026-06-03 11:55:39 | INFO | Get-PWFolderSecurity retornou 14 item(ns).
2026-06-03 11:55:39 | INFO | Get-PWFolderTreeAccessObjects retornou 1 item(ns).
2026-06-03 11:55:39 | WARN | Cmdlet Get-PWProjectSecurity nao encontrado no ambiente. A leitura seguira apenas com FolderSecurity/TreeAccessObjects.
2026-06-03 11:55:39 | INFO | Total consolidado de acessos encontrados: 13
2026-06-03 11:55:39 | INFO | Projeto 'Ampliações 7° Ano SH 27 - km 40,370 + 56,520 - BR116/RJ' carregado para arvore. Groups=11 | UserLists=1 | Outros=1
2026-06-03 11:55:39 | INFO | Iniciando leitura da seguranca do projeto 'Ampliações 7° Ano SH 28' (ID: 127093)
2026-06-03 11:55:40 | INFO | Get-PWFolderSecurity retornou 14 item(ns).
2026-06-03 11:55:40 | INFO | Get-PWFolderTreeAccessObjects retornou 1 item(ns).
2026-06-03 11:55:40 | WARN | Cmdlet Get-PWProjectSecurity nao encontrado no ambiente. A leitura seguira apenas com FolderSecurity/TreeAccessObjects.
2026-06-03 11:55:40 | INFO | Total consolidado de acessos encontrados: 13
2026-06-03 11:55:40 | INFO | Projeto 'Ampliações 7° Ano SH 28 - km 56,520 + 59,430 - BR116/RJ' carregado para arvore. Groups=11 | UserLists=1 | Outros=1
2026-06-03 11:55:40 | INFO | Iniciando leitura da seguranca do projeto 'Ampliações 8° Ano Ciclovia' (ID: 410389)
2026-06-03 11:55:40 | INFO | Get-PWFolderSecurity retornou 14 item(ns).
2026-06-03 11:55:41 | INFO | Get-PWFolderTreeAccessObjects retornou 1 item(ns).
2026-06-03 11:55:41 | WARN | Cmdlet Get-PWProjectSecurity nao encontrado no ambiente. A leitura seguira apenas com FolderSecurity/TreeAccessObjects.
2026-06-03 11:55:41 | INFO | Total consolidado de acessos encontrados: 13
2026-06-03 11:55:41 | INFO | Projeto 'Ampliações 8° Ano - SH-32 - Ciclovia - km 108-110 - BR116RJ' carregado para arvore. Groups=11 | UserLists=1 | Outros=1
2026-06-03 11:55:41 | INFO | Iniciando leitura da seguranca do projeto 'Ampliações 8° Ano Diamante' (ID: 410426)
2026-06-03 11:55:41 | INFO | Get-PWFolderSecurity retornou 14 item(ns).
2026-06-03 11:55:41 | INFO | Get-PWFolderTreeAccessObjects retornou 1 item(ns).
2026-06-03 11:55:41 | WARN | Cmdlet Get-PWProjectSecurity nao encontrado no ambiente. A leitura seguira apenas com FolderSecurity/TreeAccessObjects.
2026-06-03 11:55:41 | INFO | Total consolidado de acessos encontrados: 13
2026-06-03 11:55:41 | INFO | Projeto 'Ampliações 8° Ano - SH-33 - Diamante - km 116+010 - BR116RJ' carregado para arvore. Groups=11 | UserLists=1 | Outros=1
2026-06-03 11:55:42 | INFO | Iniciando leitura da seguranca do projeto 'Ampliações 8° Ano SH 04' (ID: 94818)
2026-06-03 11:55:42 | INFO | Get-PWFolderSecurity retornou 14 item(ns).
2026-06-03 11:55:42 | INFO | Get-PWFolderTreeAccessObjects retornou 1 item(ns).
2026-06-03 11:55:42 | WARN | Cmdlet Get-PWProjectSecurity nao encontrado no ambiente. A leitura seguira apenas com FolderSecurity/TreeAccessObjects.
2026-06-03 11:55:42 | INFO | Total consolidado de acessos encontrados: 13
2026-06-03 11:55:42 | INFO | Projeto 'Ampliações 8° Ano SH 04 - km 456,260 + 469,630 - BR116/MG' carregado para arvore. Groups=11 | UserLists=1 | Outros=1
2026-06-03 11:55:42 | INFO | Iniciando leitura da seguranca do projeto 'Ampliações 8° Ano SH 20' (ID: 120343)
2026-06-03 11:55:43 | INFO | Get-PWFolderSecurity retornou 14 item(ns).
2026-06-03 11:55:43 | INFO | Get-PWFolderTreeAccessObjects retornou 1 item(ns).
2026-06-03 11:55:43 | WARN | Cmdlet Get-PWProjectSecurity nao encontrado no ambiente. A leitura seguira apenas com FolderSecurity/TreeAccessObjects.
2026-06-03 11:55:43 | INFO | Total consolidado de acessos encontrados: 13
2026-06-03 11:55:43 | INFO | Projeto 'Ampliações 8° Ano SH 20 - km 744,580 + 764,890 - BR116/MG' carregado para arvore. Groups=11 | UserLists=1 | Outros=1
2026-06-03 11:55:43 | INFO | Iniciando leitura da seguranca do projeto 'Ampliações 8° Ano SH 21' (ID: 121125)
2026-06-03 11:55:44 | INFO | Get-PWFolderSecurity retornou 14 item(ns).
2026-06-03 11:55:44 | INFO | Get-PWFolderTreeAccessObjects retornou 1 item(ns).
2026-06-03 11:55:44 | WARN | Cmdlet Get-PWProjectSecurity nao encontrado no ambiente. A leitura seguira apenas com FolderSecurity/TreeAccessObjects.
2026-06-03 11:55:44 | INFO | Total consolidado de acessos encontrados: 13
2026-06-03 11:55:44 | INFO | Projeto 'Ampliações 8° Ano SH 21 - km 764,890 + 772,490 - BR116/MG' carregado para arvore. Groups=11 | UserLists=1 | Outros=1
2026-06-03 11:55:44 | INFO | Iniciando leitura da seguranca do projeto 'Ampliações 8° Ano SH 22' (ID: 121907)
2026-06-03 11:55:45 | INFO | Get-PWFolderSecurity retornou 14 item(ns).
2026-06-03 11:55:45 | INFO | Get-PWFolderTreeAccessObjects retornou 1 item(ns).
2026-06-03 11:55:45 | WARN | Cmdlet Get-PWProjectSecurity nao encontrado no ambiente. A leitura seguira apenas com FolderSecurity/TreeAccessObjects.
2026-06-03 11:55:45 | INFO | Total consolidado de acessos encontrados: 13
2026-06-03 11:55:45 | INFO | Projeto 'Ampliações 8° Ano SH 22 - km 772,490 + 814,210 - BR116/MG' carregado para arvore. Groups=11 | UserLists=1 | Outros=1
2026-06-03 11:55:45 | INFO | Iniciando leitura da seguranca do projeto 'Ampliações 8° Ano SH 23' (ID: 122689)
2026-06-03 11:55:46 | INFO | Get-PWFolderSecurity retornou 14 item(ns).
2026-06-03 11:55:46 | INFO | Get-PWFolderTreeAccessObjects retornou 1 item(ns).
2026-06-03 11:55:46 | WARN | Cmdlet Get-PWProjectSecurity nao encontrado no ambiente. A leitura seguira apenas com FolderSecurity/TreeAccessObjects.
2026-06-03 11:55:46 | INFO | Total consolidado de acessos encontrados: 13
2026-06-03 11:55:46 | INFO | Projeto 'Ampliações 8° Ano SH 23 - km 814,210 + 816,320 - BR116/MG' carregado para arvore. Groups=11 | UserLists=1 | Outros=1
2026-06-03 11:55:46 | INFO | Iniciando leitura da seguranca do projeto 'Ampliações 8° Ano SH 24' (ID: 123479)
2026-06-03 11:55:46 | INFO | Get-PWFolderSecurity retornou 14 item(ns).
2026-06-03 11:55:46 | INFO | Get-PWFolderTreeAccessObjects retornou 1 item(ns).
2026-06-03 11:55:46 | WARN | Cmdlet Get-PWProjectSecurity nao encontrado no ambiente. A leitura seguira apenas com FolderSecurity/TreeAccessObjects.
2026-06-03 11:55:46 | INFO | Total consolidado de acessos encontrados: 13
2026-06-03 11:55:47 | INFO | Projeto 'Ampliações 8° Ano SH 24 - km 2,100 + 24,460 - BR116/RJ' carregado para arvore. Groups=11 | UserLists=1 | Outros=1
2026-06-03 11:55:47 | INFO | Iniciando leitura da seguranca do projeto 'Ampliações 8° Ano SH 25' (ID: 124261)
2026-06-03 11:55:47 | INFO | Get-PWFolderSecurity retornou 14 item(ns).
2026-06-03 11:55:47 | INFO | Get-PWFolderTreeAccessObjects retornou 1 item(ns).
2026-06-03 11:55:47 | WARN | Cmdlet Get-PWProjectSecurity nao encontrado no ambiente. A leitura seguira apenas com FolderSecurity/TreeAccessObjects.
2026-06-03 11:55:47 | INFO | Total consolidado de acessos encontrados: 13
2026-06-03 11:55:47 | INFO | Projeto 'Ampliações 8° Ano SH 25 - km 24,460 + 24,770 - BR116/RJ' carregado para arvore. Groups=11 | UserLists=1 | Outros=1
2026-06-03 11:55:47 | INFO | Iniciando leitura da seguranca do projeto 'Ampliações 8° Ano SH 26' (ID: 125066)
2026-06-03 11:55:48 | INFO | Get-PWFolderSecurity retornou 14 item(ns).
2026-06-03 11:55:48 | INFO | Get-PWFolderTreeAccessObjects retornou 1 item(ns).
2026-06-03 11:55:48 | WARN | Cmdlet Get-PWProjectSecurity nao encontrado no ambiente. A leitura seguira apenas com FolderSecurity/TreeAccessObjects.
2026-06-03 11:55:48 | INFO | Total consolidado de acessos encontrados: 13
2026-06-03 11:55:48 | INFO | Projeto 'Ampliações 8° Ano SH 26 - km 24,770 + 40,370 - BR116/RJ' carregado para arvore. Groups=11 | UserLists=1 | Outros=1
2026-06-03 11:55:48 | INFO | Iniciando leitura da seguranca do projeto 'Ampliações 8° Ano SH 32' (ID: 136574)
2026-06-03 11:55:49 | INFO | Get-PWFolderSecurity retornou 14 item(ns).
2026-06-03 11:55:49 | INFO | Get-PWFolderTreeAccessObjects retornou 1 item(ns).
2026-06-03 11:55:49 | WARN | Cmdlet Get-PWProjectSecurity nao encontrado no ambiente. A leitura seguira apenas com FolderSecurity/TreeAccessObjects.
2026-06-03 11:55:49 | INFO | Total consolidado de acessos encontrados: 13
2026-06-03 11:55:49 | INFO | Projeto 'Ampliações 8° Ano SH 32 - km 108,430 + 110,120 - BR116/RJ' carregado para arvore. Groups=11 | UserLists=1 | Outros=1
2026-06-03 11:55:49 | INFO | Iniciando leitura da seguranca do projeto 'Ampliações 8° Ano SH 33' (ID: 137355)
2026-06-03 11:55:50 | INFO | Get-PWFolderSecurity retornou 14 item(ns).
2026-06-03 11:55:50 | INFO | Get-PWFolderTreeAccessObjects retornou 1 item(ns).
2026-06-03 11:55:50 | WARN | Cmdlet Get-PWProjectSecurity nao encontrado no ambiente. A leitura seguira apenas com FolderSecurity/TreeAccessObjects.
2026-06-03 11:55:50 | INFO | Total consolidado de acessos encontrados: 13
2026-06-03 11:55:50 | INFO | Projeto 'Ampliações 8° Ano SH 33 - km 110,120 + 116,150 - BR116/RJ' carregado para arvore. Groups=11 | UserLists=1 | Outros=1
2026-06-03 11:55:50 | INFO | Iniciando leitura da seguranca do projeto 'Ampliações 8° Ano SH 34' (ID: 138136)
2026-06-03 11:55:51 | INFO | Get-PWFolderSecurity retornou 14 item(ns).
2026-06-03 11:55:51 | INFO | Get-PWFolderTreeAccessObjects retornou 1 item(ns).
2026-06-03 11:55:51 | WARN | Cmdlet Get-PWProjectSecurity nao encontrado no ambiente. A leitura seguira apenas com FolderSecurity/TreeAccessObjects.
2026-06-03 11:55:51 | INFO | Total consolidado de acessos encontrados: 13
2026-06-03 11:55:51 | INFO | Projeto 'Ampliações 8° Ano SH 34 - km 116,150 + 126,500 - BR116/RJ' carregado para arvore. Groups=11 | UserLists=1 | Outros=1
2026-06-03 11:55:51 | INFO | Iniciando leitura da seguranca do projeto 'Ampliações 8° Ano SH 44' (ID: 145946)
2026-06-03 11:55:51 | INFO | Get-PWFolderSecurity retornou 14 item(ns).
2026-06-03 11:55:52 | INFO | Get-PWFolderTreeAccessObjects retornou 1 item(ns).
2026-06-03 11:55:52 | WARN | Cmdlet Get-PWProjectSecurity nao encontrado no ambiente. A leitura seguira apenas com FolderSecurity/TreeAccessObjects.
2026-06-03 11:55:52 | INFO | Total consolidado de acessos encontrados: 13
2026-06-03 11:55:52 | INFO | Projeto 'Ampliações 8° Ano SH 44 - km 84,400 + 95,580 - BR493/RJ' carregado para arvore. Groups=11 | UserLists=1 | Outros=1
2026-06-03 11:55:52 | INFO | Iniciando leitura da seguranca do projeto 'Ampliações 8° Ano SH 45' (ID: 146727)
2026-06-03 11:55:52 | INFO | Get-PWFolderSecurity retornou 14 item(ns).
2026-06-03 11:55:52 | INFO | Get-PWFolderTreeAccessObjects retornou 1 item(ns).
2026-06-03 11:55:52 | WARN | Cmdlet Get-PWProjectSecurity nao encontrado no ambiente. A leitura seguira apenas com FolderSecurity/TreeAccessObjects.
2026-06-03 11:55:52 | INFO | Total consolidado de acessos encontrados: 13
2026-06-03 11:55:52 | INFO | Projeto 'Ampliações 8° Ano SH 45 - km 95,580 + 96,800 - BR493/RJ' carregado para arvore. Groups=11 | UserLists=1 | Outros=1
2026-06-03 11:55:52 | INFO | Iniciando leitura da seguranca do projeto 'Ampliações 8° Ano SH 46' (ID: 147508)
2026-06-03 11:55:53 | INFO | Get-PWFolderSecurity retornou 14 item(ns).
2026-06-03 11:55:53 | INFO | Get-PWFolderTreeAccessObjects retornou 1 item(ns).
2026-06-03 11:55:53 | WARN | Cmdlet Get-PWProjectSecurity nao encontrado no ambiente. A leitura seguira apenas com FolderSecurity/TreeAccessObjects.
2026-06-03 11:55:53 | INFO | Total consolidado de acessos encontrados: 13
2026-06-03 11:55:53 | INFO | Projeto 'Ampliações 8° Ano SH 46 - km 96,800 + 98,520 - BR493/RJ' carregado para arvore. Groups=11 | UserLists=1 | Outros=1
2026-06-03 11:55:53 | INFO | Iniciando leitura da seguranca do projeto 'Ampliações 8° Ano SH 47' (ID: 148289)
2026-06-03 11:55:54 | INFO | Get-PWFolderSecurity retornou 14 item(ns).
2026-06-03 11:55:54 | INFO | Get-PWFolderTreeAccessObjects retornou 1 item(ns).
2026-06-03 11:55:54 | WARN | Cmdlet Get-PWProjectSecurity nao encontrado no ambiente. A leitura seguira apenas com FolderSecurity/TreeAccessObjects.
2026-06-03 11:55:54 | INFO | Total consolidado de acessos encontrados: 13
2026-06-03 11:55:54 | INFO | Projeto 'Ampliações 8° Ano SH 47 - km 98,520 + 120,130 - BR493/RJ' carregado para arvore. Groups=11 | UserLists=1 | Outros=1
2026-06-03 11:55:54 | INFO | Iniciando leitura da seguranca do projeto 'Ampliações 8° Ano SH 48' (ID: 149070)
2026-06-03 11:55:55 | INFO | Get-PWFolderSecurity retornou 14 item(ns).
2026-06-03 11:55:55 | INFO | Get-PWFolderTreeAccessObjects retornou 1 item(ns).
2026-06-03 11:55:55 | WARN | Cmdlet Get-PWProjectSecurity nao encontrado no ambiente. A leitura seguira apenas com FolderSecurity/TreeAccessObjects.
2026-06-03 11:55:55 | INFO | Total consolidado de acessos encontrados: 13
2026-06-03 11:55:55 | INFO | Projeto 'Ampliações 8° Ano SH 48 -  km 120,130 + 122,700 - BR493/RJ' carregado para arvore. Groups=11 | UserLists=1 | Outros=1
2026-06-03 11:55:55 | INFO | Iniciando leitura da seguranca do projeto 'Ampliações 8° Ano SH 59' (ID: 157664)
2026-06-03 11:55:56 | INFO | Get-PWFolderSecurity retornou 14 item(ns).
2026-06-03 11:55:56 | INFO | Get-PWFolderTreeAccessObjects retornou 1 item(ns).
2026-06-03 11:55:56 | WARN | Cmdlet Get-PWProjectSecurity nao encontrado no ambiente. A leitura seguira apenas com FolderSecurity/TreeAccessObjects.
2026-06-03 11:55:56 | INFO | Total consolidado de acessos encontrados: 13
2026-06-03 11:55:56 | INFO | Projeto 'Ampliações 8° Ano SH 59 - km 0,000 + 2,820 - BR465/RJ' carregado para arvore. Groups=11 | UserLists=1 | Outros=1
2026-06-03 11:55:56 | INFO | Iniciando leitura da seguranca do projeto 'Ampliações 8° Ano SH 60' (ID: 158447)
2026-06-03 11:55:56 | INFO | Get-PWFolderSecurity retornou 14 item(ns).
2026-06-03 11:55:57 | INFO | Get-PWFolderTreeAccessObjects retornou 1 item(ns).
2026-06-03 11:55:57 | WARN | Cmdlet Get-PWProjectSecurity nao encontrado no ambiente. A leitura seguira apenas com FolderSecurity/TreeAccessObjects.
2026-06-03 11:55:57 | INFO | Total consolidado de acessos encontrados: 13
2026-06-03 11:55:57 | INFO | Projeto 'Ampliações 8° Ano SH 60 -  km 2,820 + 5,910 - BR465/RJ' carregado para arvore. Groups=11 | UserLists=1 | Outros=1
2026-06-03 11:55:57 | INFO | Iniciando leitura da seguranca do projeto 'Ampliações 8° Ano SH 61' (ID: 159228)
2026-06-03 11:55:57 | INFO | Get-PWFolderSecurity retornou 14 item(ns).
2026-06-03 11:55:57 | INFO | Get-PWFolderTreeAccessObjects retornou 1 item(ns).
2026-06-03 11:55:57 | WARN | Cmdlet Get-PWProjectSecurity nao encontrado no ambiente. A leitura seguira apenas com FolderSecurity/TreeAccessObjects.
2026-06-03 11:55:57 | INFO | Total consolidado de acessos encontrados: 13
2026-06-03 11:55:57 | INFO | Projeto 'Ampliações 8° Ano SH 61 - km 5,910 + 8,000 - BR465/RJ' carregado para arvore. Groups=11 | UserLists=1 | Outros=1
2026-06-03 11:55:57 | INFO | Iniciando leitura da seguranca do projeto 'Ampliações 8° Ano SH 62' (ID: 160009)
2026-06-03 11:55:58 | INFO | Get-PWFolderSecurity retornou 14 item(ns).
2026-06-03 11:55:58 | INFO | Get-PWFolderTreeAccessObjects retornou 1 item(ns).
2026-06-03 11:55:58 | WARN | Cmdlet Get-PWProjectSecurity nao encontrado no ambiente. A leitura seguira apenas com FolderSecurity/TreeAccessObjects.
2026-06-03 11:55:58 | INFO | Total consolidado de acessos encontrados: 13
2026-06-03 11:55:58 | INFO | Projeto 'Ampliações 8° Ano SH 62 -  km 8,000 + 12,780 - BR465/RJ' carregado para arvore. Groups=11 | UserLists=1 | Outros=1
2026-06-03 11:55:58 | INFO | Iniciando leitura da seguranca do projeto 'Ampliações 8° Ano SH 63' (ID: 160790)
2026-06-03 11:55:59 | INFO | Get-PWFolderSecurity retornou 14 item(ns).
2026-06-03 11:55:59 | INFO | Get-PWFolderTreeAccessObjects retornou 1 item(ns).
2026-06-03 11:55:59 | WARN | Cmdlet Get-PWProjectSecurity nao encontrado no ambiente. A leitura seguira apenas com FolderSecurity/TreeAccessObjects.
2026-06-03 11:55:59 | INFO | Total consolidado de acessos encontrados: 13
2026-06-03 11:55:59 | INFO | Projeto 'Ampliações 8° Ano SH 63 - km 12,780 + 20,260 - BR465/RJ' carregado para arvore. Groups=11 | UserLists=1 | Outros=1
2026-06-03 11:55:59 | INFO | Iniciando leitura da seguranca do projeto 'Ampliações 8° Ano SH 64' (ID: 161571)
2026-06-03 11:56:00 | INFO | Get-PWFolderSecurity retornou 14 item(ns).
2026-06-03 11:56:00 | INFO | Get-PWFolderTreeAccessObjects retornou 1 item(ns).
2026-06-03 11:56:00 | WARN | Cmdlet Get-PWProjectSecurity nao encontrado no ambiente. A leitura seguira apenas com FolderSecurity/TreeAccessObjects.
2026-06-03 11:56:00 | INFO | Total consolidado de acessos encontrados: 13
2026-06-03 11:56:00 | INFO | Projeto 'Ampliações 8° Ano SH 64 - km 20,260 + 23,160 - BR465/RJ' carregado para arvore. Groups=11 | UserLists=1 | Outros=1
2026-06-03 11:56:00 | INFO | Iniciando leitura da seguranca do projeto 'BSO 1 - Alpercata' (ID: 404090)
2026-06-03 11:56:01 | INFO | Get-PWFolderSecurity retornou 14 item(ns).
2026-06-03 11:56:01 | INFO | Get-PWFolderTreeAccessObjects retornou 1 item(ns).
2026-06-03 11:56:01 | WARN | Cmdlet Get-PWProjectSecurity nao encontrado no ambiente. A leitura seguira apenas com FolderSecurity/TreeAccessObjects.
2026-06-03 11:56:01 | INFO | Total consolidado de acessos encontrados: 13
2026-06-03 11:56:01 | INFO | Projeto 'BSO 1 - Alpercata - BR-116/MG - km 420+830 - Sul' carregado para arvore. Groups=11 | UserLists=1 | Outros=1
2026-06-03 11:56:01 | INFO | Iniciando leitura da seguranca do projeto 'BSO 10 - Além Paraíba' (ID: 404808)
2026-06-03 11:56:02 | INFO | Get-PWFolderSecurity retornou 14 item(ns).
2026-06-03 11:56:02 | INFO | Get-PWFolderTreeAccessObjects retornou 1 item(ns).
2026-06-03 11:56:02 | WARN | Cmdlet Get-PWProjectSecurity nao encontrado no ambiente. A leitura seguira apenas com FolderSecurity/TreeAccessObjects.
2026-06-03 11:56:02 | INFO | Total consolidado de acessos encontrados: 13
2026-06-03 11:56:02 | INFO | Projeto 'BSO 10 - Além Paraíba - BR-116/MG - km 797+930 - Sul' carregado para arvore. Groups=11 | UserLists=1 | Outros=1
2026-06-03 11:56:02 | INFO | Iniciando leitura da seguranca do projeto 'BSO 11 - Sapucaia' (ID: 404959)
2026-06-03 11:56:02 | INFO | Get-PWFolderSecurity retornou 14 item(ns).
2026-06-03 11:56:03 | INFO | Get-PWFolderTreeAccessObjects retornou 1 item(ns).
2026-06-03 11:56:03 | WARN | Cmdlet Get-PWProjectSecurity nao encontrado no ambiente. A leitura seguira apenas com FolderSecurity/TreeAccessObjects.
2026-06-03 11:56:03 | INFO | Total consolidado de acessos encontrados: 13
2026-06-03 11:56:03 | INFO | Projeto 'BSO 11 - Sapucaia - BR-116/RJ  - km 29+900 - Norte' carregado para arvore. Groups=11 | UserLists=1 | Outros=1
2026-06-03 11:56:03 | INFO | Iniciando leitura da seguranca do projeto 'BSO 12 - Teresópolis' (ID: 405122)
2026-06-03 11:56:03 | INFO | Get-PWFolderSecurity retornou 14 item(ns).
2026-06-03 11:56:03 | INFO | Get-PWFolderTreeAccessObjects retornou 1 item(ns).
2026-06-03 11:56:03 | WARN | Cmdlet Get-PWProjectSecurity nao encontrado no ambiente. A leitura seguira apenas com FolderSecurity/TreeAccessObjects.
2026-06-03 11:56:03 | INFO | Total consolidado de acessos encontrados: 13
2026-06-03 11:56:03 | INFO | Projeto 'BSO 12 - Teresópolis - BR-116/RJ - km 77+800 - Sul' carregado para arvore. Groups=11 | UserLists=1 | Outros=1
2026-06-03 11:56:03 | INFO | Iniciando leitura da seguranca do projeto 'BSO 13 - Guapimirim' (ID: 405159)
2026-06-03 11:56:04 | INFO | Get-PWFolderSecurity retornou 14 item(ns).
2026-06-03 11:56:04 | INFO | Get-PWFolderTreeAccessObjects retornou 1 item(ns).
2026-06-03 11:56:04 | WARN | Cmdlet Get-PWProjectSecurity nao encontrado no ambiente. A leitura seguira apenas com FolderSecurity/TreeAccessObjects.
2026-06-03 11:56:04 | INFO | Total consolidado de acessos encontrados: 13
2026-06-03 11:56:04 | INFO | Projeto 'BSO 13 - Guapimirim - BR-116/RJ - km 109+190 - Sul' carregado para arvore. Groups=11 | UserLists=1 | Outros=1
2026-06-03 11:56:04 | INFO | Iniciando leitura da seguranca do projeto 'BSO 14 - Rio de Janeiro' (ID: 405197)
2026-06-03 11:56:05 | INFO | Get-PWFolderSecurity retornou 14 item(ns).
2026-06-03 11:56:05 | INFO | Get-PWFolderTreeAccessObjects retornou 1 item(ns).
2026-06-03 11:56:05 | WARN | Cmdlet Get-PWProjectSecurity nao encontrado no ambiente. A leitura seguira apenas com FolderSecurity/TreeAccessObjects.
2026-06-03 11:56:05 | INFO | Total consolidado de acessos encontrados: 13
2026-06-03 11:56:05 | INFO | Projeto 'BSO 14 - Rio de Janeiro - BR-116/RJ - km 172+000 - Sul' carregado para arvore. Groups=11 | UserLists=1 | Outros=1
2026-06-03 11:56:05 | INFO | Iniciando leitura da seguranca do projeto 'BSO 15 - Seropédica' (ID: 405234)
2026-06-03 11:56:06 | INFO | Get-PWFolderSecurity retornou 14 item(ns).
2026-06-03 11:56:06 | INFO | Get-PWFolderTreeAccessObjects retornou 1 item(ns).
2026-06-03 11:56:06 | WARN | Cmdlet Get-PWProjectSecurity nao encontrado no ambiente. A leitura seguira apenas com FolderSecurity/TreeAccessObjects.
2026-06-03 11:56:06 | INFO | Total consolidado de acessos encontrados: 13
2026-06-03 11:56:06 | INFO | Projeto 'BSO 15 - Seropédica - BR-116/RJ - km 211+670 - Sul' carregado para arvore. Groups=11 | UserLists=1 | Outros=1
2026-06-03 11:56:06 | INFO | Iniciando leitura da seguranca do projeto 'BSO 16 - Itaboraí' (ID: 405271)
2026-06-03 11:56:07 | INFO | Get-PWFolderSecurity retornou 14 item(ns).
2026-06-03 11:56:07 | INFO | Get-PWFolderTreeAccessObjects retornou 1 item(ns).
2026-06-03 11:56:07 | WARN | Cmdlet Get-PWProjectSecurity nao encontrado no ambiente. A leitura seguira apenas com FolderSecurity/TreeAccessObjects.
2026-06-03 11:56:07 | INFO | Total consolidado de acessos encontrados: 13
2026-06-03 11:56:07 | INFO | Projeto 'BSO 16 - Itaboraí - BR-493/RJ - km 7+040 - Sul' carregado para arvore. Groups=11 | UserLists=1 | Outros=1
2026-06-03 11:56:07 | INFO | Iniciando leitura da seguranca do projeto 'BSO 17 - Duque de Caxias' (ID: 405308)
2026-06-03 11:56:08 | INFO | Get-PWFolderSecurity retornou 14 item(ns).
2026-06-03 11:56:08 | INFO | Get-PWFolderTreeAccessObjects retornou 1 item(ns).
2026-06-03 11:56:08 | WARN | Cmdlet Get-PWProjectSecurity nao encontrado no ambiente. A leitura seguira apenas com FolderSecurity/TreeAccessObjects.
2026-06-03 11:56:08 | INFO | Total consolidado de acessos encontrados: 13
2026-06-03 11:56:08 | INFO | Projeto 'BSO 17 - Duque de Caxias - BR-493/RJ - km 51+180 - Sul' carregado para arvore. Groups=11 | UserLists=1 | Outros=1
2026-06-03 11:56:08 | INFO | Iniciando leitura da seguranca do projeto 'BSO 18 - Seropédica' (ID: 405345)
2026-06-03 11:56:09 | INFO | Get-PWFolderSecurity retornou 14 item(ns).
2026-06-03 11:56:09 | INFO | Get-PWFolderTreeAccessObjects retornou 1 item(ns).
2026-06-03 11:56:09 | WARN | Cmdlet Get-PWProjectSecurity nao encontrado no ambiente. A leitura seguira apenas com FolderSecurity/TreeAccessObjects.
2026-06-03 11:56:09 | INFO | Total consolidado de acessos encontrados: 13
2026-06-03 11:56:09 | INFO | Projeto 'BSO 18 - Seropédica - BR-465/RJ - km 10-720 - Norte' carregado para arvore. Groups=11 | UserLists=1 | Outros=1
2026-06-03 11:56:09 | INFO | Iniciando leitura da seguranca do projeto 'BSO 2 - Tarumirim' (ID: 404127)
2026-06-03 11:56:09 | INFO | Get-PWFolderSecurity retornou 14 item(ns).
2026-06-03 11:56:10 | INFO | Get-PWFolderTreeAccessObjects retornou 1 item(ns).
2026-06-03 11:56:10 | WARN | Cmdlet Get-PWProjectSecurity nao encontrado no ambiente. A leitura seguira apenas com FolderSecurity/TreeAccessObjects.
2026-06-03 11:56:10 | INFO | Total consolidado de acessos encontrados: 13
2026-06-03 11:56:10 | INFO | Projeto 'BSO 2 - Tarumirim - BR-116/MG - km 461+600 - Sul' carregado para arvore. Groups=11 | UserLists=1 | Outros=1
2026-06-03 11:56:10 | INFO | Iniciando leitura da seguranca do projeto 'BSO 3 - Ubaporanga' (ID: 404164)
2026-06-03 11:56:10 | INFO | Get-PWFolderSecurity retornou 14 item(ns).
2026-06-03 11:56:11 | INFO | Get-PWFolderTreeAccessObjects retornou 1 item(ns).
2026-06-03 11:56:11 | WARN | Cmdlet Get-PWProjectSecurity nao encontrado no ambiente. A leitura seguira apenas com FolderSecurity/TreeAccessObjects.
2026-06-03 11:56:11 | INFO | Total consolidado de acessos encontrados: 13
2026-06-03 11:56:11 | INFO | Projeto 'BSO 3 - Ubaporanga - BR-116/MG - km 511+130 - Norte' carregado para arvore. Groups=11 | UserLists=1 | Outros=1
2026-06-03 11:56:11 | INFO | Iniciando leitura da seguranca do projeto 'BSO 4 - Santa Bárbara do Leste' (ID: 404219)
2026-06-03 11:56:11 | INFO | Get-PWFolderSecurity retornou 14 item(ns).
2026-06-03 11:56:11 | INFO | Get-PWFolderTreeAccessObjects retornou 1 item(ns).
2026-06-03 11:56:11 | WARN | Cmdlet Get-PWProjectSecurity nao encontrado no ambiente. A leitura seguira apenas com FolderSecurity/TreeAccessObjects.
2026-06-03 11:56:11 | INFO | Total consolidado de acessos encontrados: 13
2026-06-03 11:56:11 | INFO | Projeto 'BSO 4 - Santa Bárbara do Leste - BR-116/MG - km 549+320' carregado para arvore. Groups=11 | UserLists=1 | Outros=1
2026-06-03 11:56:11 | INFO | Iniciando leitura da seguranca do projeto 'BSO 5 - Manhuaçu' (ID: 404340)
2026-06-03 11:56:12 | INFO | Get-PWFolderSecurity retornou 14 item(ns).
2026-06-03 11:56:12 | INFO | Get-PWFolderTreeAccessObjects retornou 1 item(ns).
2026-06-03 11:56:12 | WARN | Cmdlet Get-PWProjectSecurity nao encontrado no ambiente. A leitura seguira apenas com FolderSecurity/TreeAccessObjects.
2026-06-03 11:56:12 | INFO | Total consolidado de acessos encontrados: 13
2026-06-03 11:56:12 | INFO | Projeto 'BSO 5 - Manhuaçu - BR-116/MG - km 593+320 - Sul' carregado para arvore. Groups=11 | UserLists=1 | Outros=1
2026-06-03 11:56:12 | INFO | Iniciando leitura da seguranca do projeto 'BSO 6 - Divino' (ID: 404413)
2026-06-03 11:56:13 | INFO | Get-PWFolderSecurity retornou 14 item(ns).
2026-06-03 11:56:13 | INFO | Get-PWFolderTreeAccessObjects retornou 1 item(ns).
2026-06-03 11:56:13 | WARN | Cmdlet Get-PWProjectSecurity nao encontrado no ambiente. A leitura seguira apenas com FolderSecurity/TreeAccessObjects.
2026-06-03 11:56:13 | INFO | Total consolidado de acessos encontrados: 13
2026-06-03 11:56:13 | INFO | Projeto 'BSO 6 - Divino - BR-116/MG - km 632+850 - Sul' carregado para arvore. Groups=11 | UserLists=1 | Outros=1
2026-06-03 11:56:13 | INFO | Iniciando leitura da seguranca do projeto 'BSO 7 - Miradouro' (ID: 404450)
2026-06-03 11:56:14 | INFO | Get-PWFolderSecurity retornou 14 item(ns).
2026-06-03 11:56:14 | INFO | Get-PWFolderTreeAccessObjects retornou 1 item(ns).
2026-06-03 11:56:14 | WARN | Cmdlet Get-PWProjectSecurity nao encontrado no ambiente. A leitura seguira apenas com FolderSecurity/TreeAccessObjects.
2026-06-03 11:56:14 | INFO | Total consolidado de acessos encontrados: 13
2026-06-03 11:56:14 | INFO | Projeto 'BSO 7 - Miradouro - BR-116/MG - km 676+000 - Sul' carregado para arvore. Groups=11 | UserLists=1 | Outros=1
2026-06-03 11:56:14 | INFO | Iniciando leitura da seguranca do projeto 'BSO 8 - Muriaé' (ID: 404550)
2026-06-03 11:56:15 | INFO | Get-PWFolderSecurity retornou 14 item(ns).
2026-06-03 11:56:15 | INFO | Get-PWFolderTreeAccessObjects retornou 1 item(ns).
2026-06-03 11:56:15 | WARN | Cmdlet Get-PWProjectSecurity nao encontrado no ambiente. A leitura seguira apenas com FolderSecurity/TreeAccessObjects.
2026-06-03 11:56:15 | INFO | Total consolidado de acessos encontrados: 13
2026-06-03 11:56:15 | INFO | Projeto 'BSO 8 - Muriaé - BR-116/MG - km 714+540 - Norte' carregado para arvore. Groups=11 | UserLists=1 | Outros=1
2026-06-03 11:56:15 | INFO | Iniciando leitura da seguranca do projeto 'BSO 9 - Leopoldina' (ID: 404687)
2026-06-03 11:56:16 | INFO | Get-PWFolderSecurity retornou 14 item(ns).
2026-06-03 11:56:16 | INFO | Get-PWFolderTreeAccessObjects retornou 1 item(ns).
2026-06-03 11:56:16 | WARN | Cmdlet Get-PWProjectSecurity nao encontrado no ambiente. A leitura seguira apenas com FolderSecurity/TreeAccessObjects.
2026-06-03 11:56:16 | INFO | Total consolidado de acessos encontrados: 13
2026-06-03 11:56:16 | INFO | Projeto 'BSO 9 - Leopoldina - BR-116/MG - km 747+930 - Norte' carregado para arvore. Groups=11 | UserLists=1 | Outros=1
2026-06-03 11:56:16 | INFO | Iniciando leitura da seguranca do projeto 'HS-WIM 1 - Magé' (ID: 410019)
2026-06-03 11:56:16 | INFO | Get-PWFolderSecurity retornou 14 item(ns).
2026-06-03 11:56:17 | INFO | Get-PWFolderTreeAccessObjects retornou 1 item(ns).
2026-06-03 11:56:17 | WARN | Cmdlet Get-PWProjectSecurity nao encontrado no ambiente. A leitura seguira apenas com FolderSecurity/TreeAccessObjects.
2026-06-03 11:56:17 | INFO | Total consolidado de acessos encontrados: 13
2026-06-03 11:56:17 | INFO | Projeto 'HS-WIM 1 - Magé - km 133+000' carregado para arvore. Groups=11 | UserLists=1 | Outros=1
2026-06-03 11:56:17 | INFO | Iniciando leitura da seguranca do projeto 'HS-WIM 2 - Leopoldina' (ID: 410056)
2026-06-03 11:56:17 | INFO | Get-PWFolderSecurity retornou 14 item(ns).
2026-06-03 11:56:17 | INFO | Get-PWFolderTreeAccessObjects retornou 1 item(ns).
2026-06-03 11:56:18 | WARN | Cmdlet Get-PWProjectSecurity nao encontrado no ambiente. A leitura seguira apenas com FolderSecurity/TreeAccessObjects.
2026-06-03 11:56:18 | INFO | Total consolidado de acessos encontrados: 13
2026-06-03 11:56:18 | INFO | Projeto 'HS-WIM 2 - Leopoldina - km 750+350' carregado para arvore. Groups=11 | UserLists=1 | Outros=1
2026-06-03 11:56:18 | INFO | Iniciando leitura da seguranca do projeto 'HS-WIM 3 - Ale-Paraíba' (ID: 410093)
2026-06-03 11:56:18 | INFO | Get-PWFolderSecurity retornou 14 item(ns).
2026-06-03 11:56:18 | INFO | Get-PWFolderTreeAccessObjects retornou 1 item(ns).
2026-06-03 11:56:18 | WARN | Cmdlet Get-PWProjectSecurity nao encontrado no ambiente. A leitura seguira apenas com FolderSecurity/TreeAccessObjects.
2026-06-03 11:56:18 | INFO | Total consolidado de acessos encontrados: 13
2026-06-03 11:56:19 | INFO | Projeto 'HS-WIM 3 - Ale-Paraíba - km 802+200' carregado para arvore. Groups=11 | UserLists=1 | Outros=1
2026-06-03 11:56:19 | INFO | Iniciando leitura da seguranca do projeto 'Nova Praça P11' (ID: 401260)
2026-06-03 11:56:19 | INFO | Get-PWFolderSecurity retornou 14 item(ns).
2026-06-03 11:56:19 | INFO | Get-PWFolderTreeAccessObjects retornou 1 item(ns).
2026-06-03 11:56:19 | WARN | Cmdlet Get-PWProjectSecurity nao encontrado no ambiente. A leitura seguira apenas com FolderSecurity/TreeAccessObjects.
2026-06-03 11:56:19 | INFO | Total consolidado de acessos encontrados: 13
2026-06-03 11:56:19 | INFO | Projeto 'Nova Praça de Pedágio P11' carregado para arvore. Groups=11 | UserLists=1 | Outros=1
2026-06-03 11:56:19 | INFO | Iniciando leitura da seguranca do projeto 'Nova Praça P8' (ID: 401223)
2026-06-03 11:56:20 | INFO | Get-PWFolderSecurity retornou 14 item(ns).
2026-06-03 11:56:20 | INFO | Get-PWFolderTreeAccessObjects retornou 1 item(ns).
2026-06-03 11:56:20 | WARN | Cmdlet Get-PWProjectSecurity nao encontrado no ambiente. A leitura seguira apenas com FolderSecurity/TreeAccessObjects.
2026-06-03 11:56:20 | INFO | Total consolidado de acessos encontrados: 13
2026-06-03 11:56:20 | INFO | Projeto 'Nova Praça de Pedágio P8' carregado para arvore. Groups=11 | UserLists=1 | Outros=1
2026-06-03 11:56:20 | INFO | Iniciando leitura da seguranca do projeto 'PPD - km 215+600' (ID: 403828)
2026-06-03 11:56:21 | INFO | Get-PWFolderSecurity retornou 14 item(ns).
2026-06-03 11:56:21 | INFO | Get-PWFolderTreeAccessObjects retornou 1 item(ns).
2026-06-03 11:56:21 | WARN | Cmdlet Get-PWProjectSecurity nao encontrado no ambiente. A leitura seguira apenas com FolderSecurity/TreeAccessObjects.
2026-06-03 11:56:21 | INFO | Total consolidado de acessos encontrados: 13
2026-06-03 11:56:21 | INFO | Projeto 'PPD - km 215+600' carregado para arvore. Groups=11 | UserLists=1 | Outros=1
2026-06-03 11:56:21 | INFO | Iniciando leitura da seguranca do projeto 'PPD - km 513+600' (ID: 403931)
2026-06-03 11:56:22 | INFO | Get-PWFolderSecurity retornou 14 item(ns).
2026-06-03 11:56:22 | INFO | Get-PWFolderTreeAccessObjects retornou 1 item(ns).
2026-06-03 11:56:22 | WARN | Cmdlet Get-PWProjectSecurity nao encontrado no ambiente. A leitura seguira apenas com FolderSecurity/TreeAccessObjects.
2026-06-03 11:56:22 | INFO | Total consolidado de acessos encontrados: 13
2026-06-03 11:56:22 | INFO | Projeto 'PPD - km 513+600' carregado para arvore. Groups=11 | UserLists=1 | Outros=1
2026-06-03 11:56:22 | INFO | Iniciando leitura da seguranca do projeto 'Praça P10' (ID: 400993)
2026-06-03 11:56:23 | INFO | Get-PWFolderSecurity retornou 14 item(ns).
2026-06-03 11:56:23 | INFO | Get-PWFolderTreeAccessObjects retornou 1 item(ns).
2026-06-03 11:56:23 | WARN | Cmdlet Get-PWProjectSecurity nao encontrado no ambiente. A leitura seguira apenas com FolderSecurity/TreeAccessObjects.
2026-06-03 11:56:23 | INFO | Total consolidado de acessos encontrados: 13
2026-06-03 11:56:23 | INFO | Projeto 'Praça de Pedágio P10' carregado para arvore. Groups=11 | UserLists=1 | Outros=1
2026-06-03 11:56:23 | INFO | Iniciando leitura da seguranca do projeto 'Praça P11' (ID: 401034)
2026-06-03 11:56:24 | INFO | Get-PWFolderSecurity retornou 14 item(ns).
2026-06-03 11:56:24 | INFO | Get-PWFolderTreeAccessObjects retornou 1 item(ns).
2026-06-03 11:56:24 | WARN | Cmdlet Get-PWProjectSecurity nao encontrado no ambiente. A leitura seguira apenas com FolderSecurity/TreeAccessObjects.
2026-06-03 11:56:24 | INFO | Total consolidado de acessos encontrados: 13
2026-06-03 11:56:24 | INFO | Projeto 'Praça de Pedágio P11' carregado para arvore. Groups=11 | UserLists=1 | Outros=1
2026-06-03 11:56:24 | INFO | Iniciando leitura da seguranca do projeto 'Praça P12' (ID: 401071)
2026-06-03 11:56:25 | INFO | Get-PWFolderSecurity retornou 14 item(ns).
2026-06-03 11:56:25 | INFO | Get-PWFolderTreeAccessObjects retornou 1 item(ns).
2026-06-03 11:56:25 | WARN | Cmdlet Get-PWProjectSecurity nao encontrado no ambiente. A leitura seguira apenas com FolderSecurity/TreeAccessObjects.
2026-06-03 11:56:25 | INFO | Total consolidado de acessos encontrados: 13
2026-06-03 11:56:25 | INFO | Projeto 'Praça de Pedágio P12' carregado para arvore. Groups=11 | UserLists=1 | Outros=1
2026-06-03 11:56:25 | INFO | Iniciando leitura da seguranca do projeto 'Praça P13' (ID: 401108)
2026-06-03 11:56:25 | INFO | Get-PWFolderSecurity retornou 14 item(ns).
2026-06-03 11:56:26 | INFO | Get-PWFolderTreeAccessObjects retornou 1 item(ns).
2026-06-03 11:56:26 | WARN | Cmdlet Get-PWProjectSecurity nao encontrado no ambiente. A leitura seguira apenas com FolderSecurity/TreeAccessObjects.
2026-06-03 11:56:26 | INFO | Total consolidado de acessos encontrados: 13
2026-06-03 11:56:26 | INFO | Projeto 'Praça de Pedágio P13' carregado para arvore. Groups=11 | UserLists=1 | Outros=1
2026-06-03 11:56:26 | INFO | Iniciando leitura da seguranca do projeto 'Praça P14' (ID: 401147)
2026-06-03 11:56:26 | INFO | Get-PWFolderSecurity retornou 14 item(ns).
2026-06-03 11:56:26 | INFO | Get-PWFolderTreeAccessObjects retornou 1 item(ns).
2026-06-03 11:56:26 | WARN | Cmdlet Get-PWProjectSecurity nao encontrado no ambiente. A leitura seguira apenas com FolderSecurity/TreeAccessObjects.
2026-06-03 11:56:26 | INFO | Total consolidado de acessos encontrados: 13
2026-06-03 11:56:26 | INFO | Projeto 'Praça de Pedágio P14' carregado para arvore. Groups=11 | UserLists=1 | Outros=1
2026-06-03 11:56:26 | INFO | Iniciando leitura da seguranca do projeto 'Praça P15' (ID: 401184)
2026-06-03 11:56:27 | INFO | Get-PWFolderSecurity retornou 14 item(ns).
2026-06-03 11:56:27 | INFO | Get-PWFolderTreeAccessObjects retornou 1 item(ns).
2026-06-03 11:56:27 | WARN | Cmdlet Get-PWProjectSecurity nao encontrado no ambiente. A leitura seguira apenas com FolderSecurity/TreeAccessObjects.
2026-06-03 11:56:27 | INFO | Total consolidado de acessos encontrados: 13
2026-06-03 11:56:27 | INFO | Projeto 'Praça de Pedágio P15' carregado para arvore. Groups=11 | UserLists=1 | Outros=1
2026-06-03 11:56:27 | INFO | Iniciando leitura da seguranca do projeto 'Praça P6' (ID: 399872)
2026-06-03 11:56:28 | INFO | Get-PWFolderSecurity retornou 14 item(ns).
2026-06-03 11:56:28 | INFO | Get-PWFolderTreeAccessObjects retornou 1 item(ns).
2026-06-03 11:56:28 | WARN | Cmdlet Get-PWProjectSecurity nao encontrado no ambiente. A leitura seguira apenas com FolderSecurity/TreeAccessObjects.
2026-06-03 11:56:28 | INFO | Total consolidado de acessos encontrados: 13
2026-06-03 11:56:28 | INFO | Projeto 'Praça de Pedágio P6' carregado para arvore. Groups=11 | UserLists=1 | Outros=1
2026-06-03 11:56:28 | INFO | Iniciando leitura da seguranca do projeto 'Praça P7' (ID: 399960)
2026-06-03 11:56:29 | INFO | Get-PWFolderSecurity retornou 14 item(ns).
2026-06-03 11:56:29 | INFO | Get-PWFolderTreeAccessObjects retornou 1 item(ns).
2026-06-03 11:56:29 | WARN | Cmdlet Get-PWProjectSecurity nao encontrado no ambiente. A leitura seguira apenas com FolderSecurity/TreeAccessObjects.
2026-06-03 11:56:29 | INFO | Total consolidado de acessos encontrados: 13
2026-06-03 11:56:29 | INFO | Projeto 'Praça de Pedágio P7' carregado para arvore. Groups=11 | UserLists=1 | Outros=1
2026-06-03 11:56:29 | INFO | Iniciando leitura da seguranca do projeto 'Praça P8' (ID: 400918)
2026-06-03 11:56:30 | INFO | Get-PWFolderSecurity retornou 14 item(ns).
2026-06-03 11:56:30 | INFO | Get-PWFolderTreeAccessObjects retornou 1 item(ns).
2026-06-03 11:56:30 | WARN | Cmdlet Get-PWProjectSecurity nao encontrado no ambiente. A leitura seguira apenas com FolderSecurity/TreeAccessObjects.
2026-06-03 11:56:30 | INFO | Total consolidado de acessos encontrados: 13
2026-06-03 11:56:30 | INFO | Projeto 'Praça de Pedágio P8' carregado para arvore. Groups=11 | UserLists=1 | Outros=1
2026-06-03 11:56:30 | INFO | Iniciando leitura da seguranca do projeto 'Praça P9' (ID: 400955)
2026-06-03 11:56:30 | INFO | Get-PWFolderSecurity retornou 14 item(ns).
2026-06-03 11:56:31 | INFO | Get-PWFolderTreeAccessObjects retornou 1 item(ns).
2026-06-03 11:56:31 | WARN | Cmdlet Get-PWProjectSecurity nao encontrado no ambiente. A leitura seguira apenas com FolderSecurity/TreeAccessObjects.
2026-06-03 11:56:31 | INFO | Total consolidado de acessos encontrados: 13
2026-06-03 11:56:31 | INFO | Projeto 'Praça de Pedágio P9' carregado para arvore. Groups=11 | UserLists=1 | Outros=1
2026-06-03 11:56:31 | INFO | Iniciando leitura da seguranca do projeto 'PRF-1' (ID: 410463)
2026-06-03 11:56:31 | INFO | Get-PWFolderSecurity retornou 14 item(ns).
2026-06-03 11:56:31 | INFO | Get-PWFolderTreeAccessObjects retornou 1 item(ns).
2026-06-03 11:56:31 | WARN | Cmdlet Get-PWProjectSecurity nao encontrado no ambiente. A leitura seguira apenas com FolderSecurity/TreeAccessObjects.
2026-06-03 11:56:31 | INFO | Total consolidado de acessos encontrados: 13
2026-06-03 11:56:31 | INFO | Projeto 'PRF-1-RJ-074+300' carregado para arvore. Groups=11 | UserLists=1 | Outros=1
2026-06-03 11:56:31 | INFO | Iniciando leitura da seguranca do projeto 'PRF-11' (ID: 410611)
2026-06-03 11:56:32 | INFO | Get-PWFolderSecurity retornou 14 item(ns).
2026-06-03 11:56:32 | INFO | Get-PWFolderTreeAccessObjects retornou 1 item(ns).
2026-06-03 11:56:32 | WARN | Cmdlet Get-PWProjectSecurity nao encontrado no ambiente. A leitura seguira apenas com FolderSecurity/TreeAccessObjects.
2026-06-03 11:56:32 | INFO | Total consolidado de acessos encontrados: 13
2026-06-03 11:56:32 | INFO | Projeto 'PRF-11-MG-705+500' carregado para arvore. Groups=11 | UserLists=1 | Outros=1
2026-06-03 11:56:32 | INFO | Iniciando leitura da seguranca do projeto 'PRF-12' (ID: 410648)
2026-06-03 11:56:33 | INFO | Get-PWFolderSecurity retornou 14 item(ns).
2026-06-03 11:56:33 | INFO | Get-PWFolderTreeAccessObjects retornou 1 item(ns).
2026-06-03 11:56:33 | WARN | Cmdlet Get-PWProjectSecurity nao encontrado no ambiente. A leitura seguira apenas com FolderSecurity/TreeAccessObjects.
2026-06-03 11:56:33 | INFO | Total consolidado de acessos encontrados: 13
2026-06-03 11:56:33 | INFO | Projeto 'PRF-12-MG-771+250' carregado para arvore. Groups=11 | UserLists=1 | Outros=1
2026-06-03 11:56:33 | INFO | Iniciando leitura da seguranca do projeto 'PRF-3' (ID: 410500)
2026-06-03 11:56:34 | INFO | Get-PWFolderSecurity retornou 14 item(ns).
2026-06-03 11:56:34 | INFO | Get-PWFolderTreeAccessObjects retornou 1 item(ns).
2026-06-03 11:56:34 | WARN | Cmdlet Get-PWProjectSecurity nao encontrado no ambiente. A leitura seguira apenas com FolderSecurity/TreeAccessObjects.
2026-06-03 11:56:34 | INFO | Total consolidado de acessos encontrados: 13
2026-06-03 11:56:34 | INFO | Projeto 'PRF-3-RJ-127+000' carregado para arvore. Groups=11 | UserLists=1 | Outros=1
2026-06-03 11:56:34 | INFO | Iniciando leitura da seguranca do projeto 'PRF-8' (ID: 410537)
2026-06-03 11:56:35 | INFO | Get-PWFolderSecurity retornou 14 item(ns).
2026-06-03 11:56:35 | INFO | Get-PWFolderTreeAccessObjects retornou 1 item(ns).
2026-06-03 11:56:35 | WARN | Cmdlet Get-PWProjectSecurity nao encontrado no ambiente. A leitura seguira apenas com FolderSecurity/TreeAccessObjects.
2026-06-03 11:56:35 | INFO | Total consolidado de acessos encontrados: 13
2026-06-03 11:56:35 | INFO | Projeto 'PRF-8-MG-520+160' carregado para arvore. Groups=11 | UserLists=1 | Outros=1
2026-06-03 11:56:35 | INFO | Iniciando leitura da seguranca do projeto 'PRF-9' (ID: 410574)
2026-06-03 11:56:36 | INFO | Get-PWFolderSecurity retornou 14 item(ns).
2026-06-03 11:56:36 | INFO | Get-PWFolderTreeAccessObjects retornou 1 item(ns).
2026-06-03 11:56:36 | WARN | Cmdlet Get-PWProjectSecurity nao encontrado no ambiente. A leitura seguira apenas com FolderSecurity/TreeAccessObjects.
2026-06-03 11:56:36 | INFO | Total consolidado de acessos encontrados: 13
2026-06-03 11:56:36 | INFO | Projeto 'PRF-9-MG-589+000' carregado para arvore. Groups=11 | UserLists=1 | Outros=1
2026-06-03 12:13:22 | INFO | Resumo final da execução | Total=4551 | Sucesso=4551 | JaExiste=0 | Erro=0
2026-06-03 12:30:26 | INFO | Buscando usuario pelo email: bruno.g.oliveira@ecovias.com.br
2026-06-03 12:30:26 | INFO | Parametros encontrados no cmdlet: UserName, UserId, SecProvider, Email, Identity, Disabled, Enabled, LastLogin, LoginInfo, Verbose, Debug, ErrorAction, WarningAction, InformationAction, ErrorVariable, WarningVariable, InformationVariable, OutVariable, OutBuffer, PipelineVariable
2026-06-03 12:30:31 | INFO | Usuario localizado com correspondencia exata de email.
2026-06-03 12:30:33 | INFO | Buscando usuario pelo email: elker.p.rocha@ecovias.com.br
2026-06-03 12:30:33 | INFO | Parametros encontrados no cmdlet: UserName, UserId, SecProvider, Email, Identity, Disabled, Enabled, LastLogin, LoginInfo, Verbose, Debug, ErrorAction, WarningAction, InformationAction, ErrorVariable, WarningVariable, InformationVariable, OutVariable, OutBuffer, PipelineVariable
2026-06-03 12:30:33 | INFO | Usuario localizado com correspondencia exata de email.
2026-06-03 12:30:33 | INFO | Buscando usuario pelo email: rafael.freitas@ecovias.com.br
2026-06-03 12:30:33 | INFO | Parametros encontrados no cmdlet: UserName, UserId, SecProvider, Email, Identity, Disabled, Enabled, LastLogin, LoginInfo, Verbose, Debug, ErrorAction, WarningAction, InformationAction, ErrorVariable, WarningVariable, InformationVariable, OutVariable, OutBuffer, PipelineVariable
2026-06-03 12:30:34 | INFO | Usuario localizado com correspondencia exata de email.
2026-06-03 12:30:34 | INFO | Buscando usuario pelo email: vanessa.s.brito@ecovias.com.br
2026-06-03 12:30:34 | INFO | Parametros encontrados no cmdlet: UserName, UserId, SecProvider, Email, Identity, Disabled, Enabled, LastLogin, LoginInfo, Verbose, Debug, ErrorAction, WarningAction, InformationAction, ErrorVariable, WarningVariable, InformationVariable, OutVariable, OutBuffer, PipelineVariable
2026-06-03 12:30:34 | INFO | Usuario localizado com correspondencia exata de email.
2026-06-03 12:30:44 | INFO | Listando pastas da raiz por Root.
2026-06-03 12:30:44 | INFO | Listando filhos da pasta ID: 56
2026-06-03 12:30:58 | INFO | Listando filhos da pasta ID: 1101
2026-06-03 12:31:01 | INFO | Listando filhos da pasta ID: 1118
2026-06-03 12:31:53 | INFO | Iniciando leitura da seguranca do projeto 'Ampliações 4° Ano Linha' (ID: 410315)
2026-06-03 12:31:56 | INFO | Get-PWFolderSecurity retornou 14 item(ns).
2026-06-03 12:31:56 | INFO | Get-PWFolderTreeAccessObjects retornou 1 item(ns).
2026-06-03 12:31:56 | WARN | Cmdlet Get-PWProjectSecurity nao encontrado no ambiente. A leitura seguira apenas com FolderSecurity/TreeAccessObjects.
2026-06-03 12:31:56 | INFO | Total consolidado de acessos encontrados: 13
2026-06-03 12:31:56 | INFO | Projeto 'Ampliações 4° Ano - Lote 19 - Linha Férrea - km 189+640 - BR116/RJ' carregado para arvore. Groups=11 | UserLists=1 | Outros=1
2026-06-03 12:31:56 | INFO | Iniciando leitura da seguranca do projeto 'Ampliações 4° Ano SH 01' (ID: 410130)
2026-06-03 12:31:57 | INFO | Get-PWFolderSecurity retornou 14 item(ns).
2026-06-03 12:31:57 | INFO | Get-PWFolderTreeAccessObjects retornou 1 item(ns).
2026-06-03 12:31:57 | WARN | Cmdlet Get-PWProjectSecurity nao encontrado no ambiente. A leitura seguira apenas com FolderSecurity/TreeAccessObjects.
2026-06-03 12:31:57 | INFO | Total consolidado de acessos encontrados: 13
2026-06-03 12:31:57 | INFO | Projeto 'Ampliações 4° Ano SH 01 - km 408,580 + 412,830 - BR116/MG' carregado para arvore. Groups=11 | UserLists=1 | Outros=1
2026-06-03 12:31:57 | INFO | Iniciando leitura da seguranca do projeto 'Ampliações 4° Ano SH 01-Pref' (ID: 410167)
2026-06-03 12:31:57 | INFO | Get-PWFolderSecurity retornou 14 item(ns).
2026-06-03 12:31:57 | INFO | Get-PWFolderTreeAccessObjects retornou 1 item(ns).
2026-06-03 12:31:57 | WARN | Cmdlet Get-PWProjectSecurity nao encontrado no ambiente. A leitura seguira apenas com FolderSecurity/TreeAccessObjects.
2026-06-03 12:31:57 | INFO | Total consolidado de acessos encontrados: 13
2026-06-03 12:31:57 | INFO | Projeto 'Ampliações 4° Ano SH 01 - Prefeitura - km 408,580 + 412,830 - BR116/MG' carregado para arvore. Groups=11 | UserLists=1 | Outros=1
2026-06-03 12:31:57 | INFO | Iniciando leitura da seguranca do projeto 'Ampliações 4° Ano SH 02' (ID: 410204)
2026-06-03 12:31:58 | INFO | Get-PWFolderSecurity retornou 14 item(ns).
2026-06-03 12:31:58 | INFO | Get-PWFolderTreeAccessObjects retornou 1 item(ns).
2026-06-03 12:31:58 | WARN | Cmdlet Get-PWProjectSecurity nao encontrado no ambiente. A leitura seguira apenas com FolderSecurity/TreeAccessObjects.
2026-06-03 12:31:58 | INFO | Total consolidado de acessos encontrados: 13
2026-06-03 12:31:58 | INFO | Projeto 'Ampliações 4° Ano SH 02 - km 412,830 + 421,170 - BR116/MG' carregado para arvore. Groups=11 | UserLists=1 | Outros=1
2026-06-03 12:31:58 | INFO | Iniciando leitura da seguranca do projeto 'Ampliações 4° Ano SH 38' (ID: 141260)
2026-06-03 12:31:58 | INFO | Get-PWFolderSecurity retornou 14 item(ns).
2026-06-03 12:31:59 | INFO | Get-PWFolderTreeAccessObjects retornou 1 item(ns).
2026-06-03 12:31:59 | WARN | Cmdlet Get-PWProjectSecurity nao encontrado no ambiente. A leitura seguira apenas com FolderSecurity/TreeAccessObjects.
2026-06-03 12:31:59 | INFO | Total consolidado de acessos encontrados: 13
2026-06-03 12:31:59 | INFO | Projeto 'Ampliações 4° Ano SH 38 - km 0,000 + 15,480 - BR493/RJ' carregado para arvore. Groups=11 | UserLists=1 | Outros=1
2026-06-03 12:31:59 | INFO | Iniciando leitura da seguranca do projeto 'Ampliações 4° Ano SH 39' (ID: 142041)
2026-06-03 12:31:59 | INFO | Get-PWFolderSecurity retornou 14 item(ns).
2026-06-03 12:31:59 | INFO | Get-PWFolderTreeAccessObjects retornou 1 item(ns).
2026-06-03 12:31:59 | WARN | Cmdlet Get-PWProjectSecurity nao encontrado no ambiente. A leitura seguira apenas com FolderSecurity/TreeAccessObjects.
2026-06-03 12:31:59 | INFO | Total consolidado de acessos encontrados: 13
2026-06-03 12:31:59 | INFO | Projeto 'Ampliações 4° Ano SH 39 - km 15,480 + 19,640 - BR493/RJ' carregado para arvore. Groups=11 | UserLists=1 | Outros=1
2026-06-03 12:31:59 | INFO | Iniciando leitura da seguranca do projeto 'Ampliações 4° Ano SH 40' (ID: 142822)
2026-06-03 12:32:00 | INFO | Get-PWFolderSecurity retornou 14 item(ns).
2026-06-03 12:32:00 | INFO | Get-PWFolderTreeAccessObjects retornou 1 item(ns).
2026-06-03 12:32:00 | WARN | Cmdlet Get-PWProjectSecurity nao encontrado no ambiente. A leitura seguira apenas com FolderSecurity/TreeAccessObjects.
2026-06-03 12:32:00 | INFO | Total consolidado de acessos encontrados: 13
2026-06-03 12:32:00 | INFO | Projeto 'Ampliações 4° Ano SH 40 - km 19,640 + 25,370 - BR493/RJ' carregado para arvore. Groups=11 | UserLists=1 | Outros=1
2026-06-03 12:32:00 | INFO | Iniciando leitura da seguranca do projeto 'Ampliações 4° Ano SH 49' (ID: 410278)
2026-06-03 12:32:01 | INFO | Get-PWFolderSecurity retornou 14 item(ns).
2026-06-03 12:32:01 | INFO | Get-PWFolderTreeAccessObjects retornou 1 item(ns).
2026-06-03 12:32:01 | WARN | Cmdlet Get-PWProjectSecurity nao encontrado no ambiente. A leitura seguira apenas com FolderSecurity/TreeAccessObjects.
2026-06-03 12:32:01 | INFO | Total consolidado de acessos encontrados: 13
2026-06-03 12:32:01 | INFO | Projeto 'Ampliações 4° Ano SH 49 - km 168,720 + 171,930 - BR116/RJ' carregado para arvore. Groups=11 | UserLists=1 | Outros=1
2026-06-03 12:32:01 | INFO | Iniciando leitura da seguranca do projeto 'Ampliações 4° Ano SH 50' (ID: 150633)
2026-06-03 12:32:02 | INFO | Get-PWFolderSecurity retornou 14 item(ns).
2026-06-03 12:32:02 | INFO | Get-PWFolderTreeAccessObjects retornou 1 item(ns).
2026-06-03 12:32:02 | WARN | Cmdlet Get-PWProjectSecurity nao encontrado no ambiente. A leitura seguira apenas com FolderSecurity/TreeAccessObjects.
2026-06-03 12:32:02 | INFO | Total consolidado de acessos encontrados: 13
2026-06-03 12:32:02 | INFO | Projeto 'Ampliações 4° Ano SH 50 - km 171,930 + 174,320 - BR116/RJ' carregado para arvore. Groups=11 | UserLists=1 | Outros=1
2026-06-03 12:32:02 | INFO | Iniciando leitura da seguranca do projeto 'Ampliações 4° Ano SH 51' (ID: 151414)
2026-06-03 12:32:04 | INFO | Get-PWFolderSecurity retornou 14 item(ns).
2026-06-03 12:32:04 | INFO | Get-PWFolderTreeAccessObjects retornou 1 item(ns).
2026-06-03 12:32:04 | WARN | Cmdlet Get-PWProjectSecurity nao encontrado no ambiente. A leitura seguira apenas com FolderSecurity/TreeAccessObjects.
2026-06-03 12:32:04 | INFO | Total consolidado de acessos encontrados: 13
2026-06-03 12:32:04 | INFO | Projeto 'Ampliações 4° Ano SH 51 - km 174,320 + 178,420 - BR116/RJ' carregado para arvore. Groups=11 | UserLists=1 | Outros=1
2026-06-03 12:32:04 | INFO | Iniciando leitura da seguranca do projeto 'Ampliações 4° Ano SH 52' (ID: 152195)
2026-06-03 12:32:06 | INFO | Get-PWFolderSecurity retornou 14 item(ns).
2026-06-03 12:32:06 | INFO | Get-PWFolderTreeAccessObjects retornou 1 item(ns).
2026-06-03 12:32:06 | WARN | Cmdlet Get-PWProjectSecurity nao encontrado no ambiente. A leitura seguira apenas com FolderSecurity/TreeAccessObjects.
2026-06-03 12:32:06 | INFO | Total consolidado de acessos encontrados: 13
2026-06-03 12:32:06 | INFO | Projeto 'Ampliações 4° Ano SH 52 - km 178,420 + 181,630 - BR116/RJ' carregado para arvore. Groups=11 | UserLists=1 | Outros=1
2026-06-03 12:32:06 | INFO | Iniciando leitura da seguranca do projeto 'Ampliações 4° Ano SH 53' (ID: 152977)
2026-06-03 12:32:07 | INFO | Get-PWFolderSecurity retornou 14 item(ns).
2026-06-03 12:32:07 | INFO | Get-PWFolderTreeAccessObjects retornou 1 item(ns).
2026-06-03 12:32:07 | WARN | Cmdlet Get-PWProjectSecurity nao encontrado no ambiente. A leitura seguira apenas com FolderSecurity/TreeAccessObjects.
2026-06-03 12:32:07 | INFO | Total consolidado de acessos encontrados: 13
2026-06-03 12:32:07 | INFO | Projeto 'Ampliações 4° Ano SH 53 - km 181,630 + 185,530 - BR116/RJ' carregado para arvore. Groups=11 | UserLists=1 | Outros=1
2026-06-03 12:32:07 | INFO | Iniciando leitura da seguranca do projeto 'Ampliações 4° Ano SH 54' (ID: 153758)
2026-06-03 12:32:08 | INFO | Get-PWFolderSecurity retornou 14 item(ns).
2026-06-03 12:32:08 | INFO | Get-PWFolderTreeAccessObjects retornou 1 item(ns).
2026-06-03 12:32:08 | WARN | Cmdlet Get-PWProjectSecurity nao encontrado no ambiente. A leitura seguira apenas com FolderSecurity/TreeAccessObjects.
2026-06-03 12:32:08 | INFO | Total consolidado de acessos encontrados: 13
2026-06-03 12:32:08 | INFO | Projeto 'Ampliações 4° Ano SH 54 - km 185,530 + 189,620 - BR116/RJ' carregado para arvore. Groups=11 | UserLists=1 | Outros=1
2026-06-03 12:32:08 | INFO | Iniciando leitura da seguranca do projeto 'Ampliações 4° Ano SH 55' (ID: 154539)
2026-06-03 12:32:08 | INFO | Get-PWFolderSecurity retornou 14 item(ns).
2026-06-03 12:32:08 | INFO | Get-PWFolderTreeAccessObjects retornou 1 item(ns).
2026-06-03 12:32:08 | WARN | Cmdlet Get-PWProjectSecurity nao encontrado no ambiente. A leitura seguira apenas com FolderSecurity/TreeAccessObjects.
2026-06-03 12:32:08 | INFO | Total consolidado de acessos encontrados: 13
2026-06-03 12:32:08 | INFO | Projeto 'Ampliações 4° Ano SH 55 - km 189,620 + 196,120 - BR116/RJ' carregado para arvore. Groups=11 | UserLists=1 | Outros=1
2026-06-03 12:32:08 | INFO | Iniciando leitura da seguranca do projeto 'Ampliações 4° Ano SH 56' (ID: 155320)
2026-06-03 12:32:09 | INFO | Get-PWFolderSecurity retornou 14 item(ns).
2026-06-03 12:32:09 | INFO | Get-PWFolderTreeAccessObjects retornou 1 item(ns).
2026-06-03 12:32:09 | WARN | Cmdlet Get-PWProjectSecurity nao encontrado no ambiente. A leitura seguira apenas com FolderSecurity/TreeAccessObjects.
2026-06-03 12:32:09 | INFO | Total consolidado de acessos encontrados: 13
2026-06-03 12:32:09 | INFO | Projeto 'Ampliações 4° Ano SH 56 - km 196,120 + 204,320 - BR116/RJ' carregado para arvore. Groups=11 | UserLists=1 | Outros=1
2026-06-03 12:32:09 | INFO | Iniciando leitura da seguranca do projeto 'Ampliações 4°Ano SH 02-Pref' (ID: 410241)
2026-06-03 12:32:09 | INFO | Get-PWFolderSecurity retornou 14 item(ns).
2026-06-03 12:32:09 | INFO | Get-PWFolderTreeAccessObjects retornou 1 item(ns).
2026-06-03 12:32:09 | WARN | Cmdlet Get-PWProjectSecurity nao encontrado no ambiente. A leitura seguira apenas com FolderSecurity/TreeAccessObjects.
2026-06-03 12:32:09 | INFO | Total consolidado de acessos encontrados: 13
2026-06-03 12:32:09 | INFO | Projeto 'Ampliações 4° Ano SH 02 - Prefeitura - km 412,830 + 421,170 - BR116/MG' carregado para arvore. Groups=11 | UserLists=1 | Outros=1
2026-06-03 12:32:09 | INFO | Iniciando leitura da seguranca do projeto 'Ampliações 5° Ano SH 07' (ID: 105224)
2026-06-03 12:32:10 | INFO | Get-PWFolderSecurity retornou 14 item(ns).
2026-06-03 12:32:10 | INFO | Get-PWFolderTreeAccessObjects retornou 1 item(ns).
2026-06-03 12:32:10 | WARN | Cmdlet Get-PWProjectSecurity nao encontrado no ambiente. A leitura seguira apenas com FolderSecurity/TreeAccessObjects.
2026-06-03 12:32:10 | INFO | Total consolidado de acessos encontrados: 13
2026-06-03 12:32:10 | INFO | Projeto 'Ampliações 5° Ano SH 07 - km 499,330 + 519,730 - BR116/MG' carregado para arvore. Groups=11 | UserLists=1 | Outros=1
2026-06-03 12:32:10 | INFO | Iniciando leitura da seguranca do projeto 'Ampliações 5° Ano SH 08' (ID: 106344)
2026-06-03 12:32:11 | INFO | Get-PWFolderSecurity retornou 14 item(ns).
2026-06-03 12:32:11 | INFO | Get-PWFolderTreeAccessObjects retornou 1 item(ns).
2026-06-03 12:32:11 | WARN | Cmdlet Get-PWProjectSecurity nao encontrado no ambiente. A leitura seguira apenas com FolderSecurity/TreeAccessObjects.
2026-06-03 12:32:11 | INFO | Total consolidado de acessos encontrados: 13
2026-06-03 12:32:11 | INFO | Projeto 'Ampliações 5° Ano SH 08 - km 519,730 + 522,730 - BR116/MG' carregado para arvore. Groups=11 | UserLists=1 | Outros=1
2026-06-03 12:32:11 | INFO | Iniciando leitura da seguranca do projeto 'Ampliações 5° Ano SH 09' (ID: 107740)
2026-06-03 12:32:12 | INFO | Get-PWFolderSecurity retornou 14 item(ns).
2026-06-03 12:32:13 | INFO | Get-PWFolderTreeAccessObjects retornou 1 item(ns).
2026-06-03 12:32:13 | WARN | Cmdlet Get-PWProjectSecurity nao encontrado no ambiente. A leitura seguira apenas com FolderSecurity/TreeAccessObjects.
2026-06-03 12:32:13 | INFO | Total consolidado de acessos encontrados: 13
2026-06-03 12:32:13 | INFO | Projeto 'Ampliações 5° Ano SH 09 - km 522,730 + 525,840 - BR116/MG' carregado para arvore. Groups=11 | UserLists=1 | Outros=1
2026-06-03 12:32:13 | INFO | Iniciando leitura da seguranca do projeto 'Ampliações 5° Ano SH 10' (ID: 109211)
2026-06-03 12:32:14 | INFO | Get-PWFolderSecurity retornou 14 item(ns).
2026-06-03 12:32:15 | INFO | Get-PWFolderTreeAccessObjects retornou 1 item(ns).
2026-06-03 12:32:15 | WARN | Cmdlet Get-PWProjectSecurity nao encontrado no ambiente. A leitura seguira apenas com FolderSecurity/TreeAccessObjects.
2026-06-03 12:32:15 | INFO | Total consolidado de acessos encontrados: 13
2026-06-03 12:32:15 | INFO | Projeto 'Ampliações 5° Ano SH 10 - km 525,840 + 527,530 - BR116/MG' carregado para arvore. Groups=11 | UserLists=1 | Outros=1
2026-06-03 12:32:15 | INFO | Iniciando leitura da seguranca do projeto 'Ampliações 5° Ano SH 57' (ID: 156101)
2026-06-03 12:32:16 | INFO | Get-PWFolderSecurity retornou 14 item(ns).
2026-06-03 12:32:17 | INFO | Get-PWFolderTreeAccessObjects retornou 1 item(ns).
2026-06-03 12:32:17 | WARN | Cmdlet Get-PWProjectSecurity nao encontrado no ambiente. A leitura seguira apenas com FolderSecurity/TreeAccessObjects.
2026-06-03 12:32:17 | INFO | Total consolidado de acessos encontrados: 13
2026-06-03 12:32:17 | INFO | Projeto 'Ampliações 5° Ano SH 57 - km 204,320 + 211,820 - BR116/RJ' carregado para arvore. Groups=11 | UserLists=1 | Outros=1
2026-06-03 12:32:17 | INFO | Iniciando leitura da seguranca do projeto 'Ampliações 5° Ano SH 58' (ID: 156882)
2026-06-03 12:32:18 | INFO | Get-PWFolderSecurity retornou 14 item(ns).
2026-06-03 12:32:18 | INFO | Get-PWFolderTreeAccessObjects retornou 1 item(ns).
2026-06-03 12:32:18 | WARN | Cmdlet Get-PWProjectSecurity nao encontrado no ambiente. A leitura seguira apenas com FolderSecurity/TreeAccessObjects.
2026-06-03 12:32:18 | INFO | Total consolidado de acessos encontrados: 13
2026-06-03 12:32:18 | INFO | Projeto 'Ampliações 5° Ano SH 58 - km 211,820 + 214,700 - BR116/RJ' carregado para arvore. Groups=11 | UserLists=1 | Outros=1
2026-06-03 12:32:18 | INFO | Iniciando leitura da seguranca do projeto 'Ampliações 6° Ano SH 03' (ID: 94037)
2026-06-03 12:32:18 | INFO | Get-PWFolderSecurity retornou 14 item(ns).
2026-06-03 12:32:18 | INFO | Get-PWFolderTreeAccessObjects retornou 1 item(ns).
2026-06-03 12:32:18 | WARN | Cmdlet Get-PWProjectSecurity nao encontrado no ambiente. A leitura seguira apenas com FolderSecurity/TreeAccessObjects.
2026-06-03 12:32:18 | INFO | Total consolidado de acessos encontrados: 13
2026-06-03 12:32:18 | INFO | Projeto 'Ampliações 6° Ano SH 03 - km 421,170 + 456,260 - BR116/MG' carregado para arvore. Groups=11 | UserLists=1 | Outros=1
2026-06-03 12:32:18 | INFO | Iniciando leitura da seguranca do projeto 'Ampliações 6° Ano SH 06' (ID: 97162)
2026-06-03 12:32:19 | INFO | Get-PWFolderSecurity retornou 14 item(ns).
2026-06-03 12:32:19 | INFO | Get-PWFolderTreeAccessObjects retornou 1 item(ns).
2026-06-03 12:32:19 | WARN | Cmdlet Get-PWProjectSecurity nao encontrado no ambiente. A leitura seguira apenas com FolderSecurity/TreeAccessObjects.
2026-06-03 12:32:19 | INFO | Total consolidado de acessos encontrados: 13
2026-06-03 12:32:19 | INFO | Projeto 'Ampliações 6° Ano SH 06 - km 485,540 + 499,330 - BR116/MG' carregado para arvore. Groups=11 | UserLists=1 | Outros=1
2026-06-03 12:32:19 | INFO | Iniciando leitura da seguranca do projeto 'Ampliações 6° Ano SH 12' (ID: 112069)
2026-06-03 12:32:20 | INFO | Get-PWFolderSecurity retornou 14 item(ns).
2026-06-03 12:32:20 | INFO | Get-PWFolderTreeAccessObjects retornou 1 item(ns).
2026-06-03 12:32:20 | WARN | Cmdlet Get-PWProjectSecurity nao encontrado no ambiente. A leitura seguira apenas com FolderSecurity/TreeAccessObjects.
2026-06-03 12:32:20 | INFO | Total consolidado de acessos encontrados: 13
2026-06-03 12:32:20 | INFO | Projeto 'Ampliações 6° Ano SH 12 - km 561,400 + 586,570 - BR116/MG' carregado para arvore. Groups=11 | UserLists=1 | Outros=1
2026-06-03 12:32:20 | INFO | Iniciando leitura da seguranca do projeto 'Ampliações 6° Ano SH 13' (ID: 113597)
2026-06-03 12:32:20 | INFO | Get-PWFolderSecurity retornou 14 item(ns).
2026-06-03 12:32:20 | INFO | Get-PWFolderTreeAccessObjects retornou 1 item(ns).
2026-06-03 12:32:20 | WARN | Cmdlet Get-PWProjectSecurity nao encontrado no ambiente. A leitura seguira apenas com FolderSecurity/TreeAccessObjects.
2026-06-03 12:32:20 | INFO | Total consolidado de acessos encontrados: 13
2026-06-03 12:32:20 | INFO | Projeto 'Ampliações 6° Ano SH 13 - km 588,700 + 606,830 - BR116/MG' carregado para arvore. Groups=11 | UserLists=1 | Outros=1
2026-06-03 12:32:20 | INFO | Iniciando leitura da seguranca do projeto 'Ampliações 6° Ano SH 17' (ID: 117972)
2026-06-03 12:32:21 | INFO | Get-PWFolderSecurity retornou 14 item(ns).
2026-06-03 12:32:21 | INFO | Get-PWFolderTreeAccessObjects retornou 1 item(ns).
2026-06-03 12:32:21 | WARN | Cmdlet Get-PWProjectSecurity nao encontrado no ambiente. A leitura seguira apenas com FolderSecurity/TreeAccessObjects.
2026-06-03 12:32:21 | INFO | Total consolidado de acessos encontrados: 13
2026-06-03 12:32:21 | INFO | Projeto 'Ampliações 6° Ano SH 17 - km 702,260 + 703,450 - BR116/MG' carregado para arvore. Groups=11 | UserLists=1 | Outros=1
2026-06-03 12:32:21 | INFO | Iniciando leitura da seguranca do projeto 'Ampliações 6° Ano SH 29' (ID: 127889)
2026-06-03 12:32:22 | INFO | Get-PWFolderSecurity retornou 14 item(ns).
2026-06-03 12:32:22 | INFO | Get-PWFolderTreeAccessObjects retornou 1 item(ns).
2026-06-03 12:32:22 | WARN | Cmdlet Get-PWProjectSecurity nao encontrado no ambiente. A leitura seguira apenas com FolderSecurity/TreeAccessObjects.
2026-06-03 12:32:22 | INFO | Total consolidado de acessos encontrados: 13
2026-06-03 12:32:22 | INFO | Projeto 'Ampliações 6° Ano SH 29 - km 59,430 + 80,520 - BR116/RJ' carregado para arvore. Groups=11 | UserLists=1 | Outros=1
2026-06-03 12:32:22 | INFO | Iniciando leitura da seguranca do projeto 'Ampliações 6° Ano SH 30' (ID: 128672)
2026-06-03 12:32:22 | INFO | Get-PWFolderSecurity retornou 14 item(ns).
2026-06-03 12:32:22 | INFO | Get-PWFolderTreeAccessObjects retornou 1 item(ns).
2026-06-03 12:32:22 | WARN | Cmdlet Get-PWProjectSecurity nao encontrado no ambiente. A leitura seguira apenas com FolderSecurity/TreeAccessObjects.
2026-06-03 12:32:22 | INFO | Total consolidado de acessos encontrados: 13
2026-06-03 12:32:22 | INFO | Projeto 'Ampliações 6° Ano SH 30 - km 80,520 + 93,180 - BR116/RJ' carregado para arvore. Groups=11 | UserLists=1 | Outros=1
2026-06-03 12:32:22 | INFO | Iniciando leitura da seguranca do projeto 'Ampliações 6° Ano SH 31' (ID: 135793)
2026-06-03 12:32:23 | INFO | Get-PWFolderSecurity retornou 14 item(ns).
2026-06-03 12:32:24 | INFO | Get-PWFolderTreeAccessObjects retornou 1 item(ns).
2026-06-03 12:32:24 | WARN | Cmdlet Get-PWProjectSecurity nao encontrado no ambiente. A leitura seguira apenas com FolderSecurity/TreeAccessObjects.
2026-06-03 12:32:24 | INFO | Total consolidado de acessos encontrados: 13
2026-06-03 12:32:24 | INFO | Projeto 'Ampliações 6° Ano SH 31 - km 93,180 + 108,430 -  BR116/RJ' carregado para arvore. Groups=11 | UserLists=1 | Outros=1
2026-06-03 12:32:24 | INFO | Iniciando leitura da seguranca do projeto 'Ampliações 6° Ano SH 35' (ID: 138917)
2026-06-03 12:32:26 | INFO | Get-PWFolderSecurity retornou 14 item(ns).
2026-06-03 12:32:26 | INFO | Get-PWFolderTreeAccessObjects retornou 1 item(ns).
2026-06-03 12:32:26 | WARN | Cmdlet Get-PWProjectSecurity nao encontrado no ambiente. A leitura seguira apenas com FolderSecurity/TreeAccessObjects.
2026-06-03 12:32:26 | INFO | Total consolidado de acessos encontrados: 13
2026-06-03 12:32:26 | INFO | Projeto 'Ampliações 6° Ano SH 35 - km 126,500 + 137,110 - BR116/RJ' carregado para arvore. Groups=11 | UserLists=1 | Outros=1
2026-06-03 12:32:26 | INFO | Iniciando leitura da seguranca do projeto 'Ampliações 6° Ano SH 36' (ID: 139698)
2026-06-03 12:32:27 | INFO | Get-PWFolderSecurity retornou 14 item(ns).
2026-06-03 12:32:28 | INFO | Get-PWFolderTreeAccessObjects retornou 1 item(ns).
2026-06-03 12:32:28 | WARN | Cmdlet Get-PWProjectSecurity nao encontrado no ambiente. A leitura seguira apenas com FolderSecurity/TreeAccessObjects.
2026-06-03 12:32:28 | INFO | Total consolidado de acessos encontrados: 13
2026-06-03 12:32:28 | INFO | Projeto 'Ampliações 6° Ano SH 36 - km 137,110 + 141,530 - BR116/RJ' carregado para arvore. Groups=11 | UserLists=1 | Outros=1
2026-06-03 12:32:28 | INFO | Iniciando leitura da seguranca do projeto 'Ampliações 6° Ano SH 37' (ID: 140479)
2026-06-03 12:32:29 | INFO | Get-PWFolderSecurity retornou 14 item(ns).
2026-06-03 12:32:29 | INFO | Get-PWFolderTreeAccessObjects retornou 1 item(ns).
2026-06-03 12:32:29 | WARN | Cmdlet Get-PWProjectSecurity nao encontrado no ambiente. A leitura seguira apenas com FolderSecurity/TreeAccessObjects.
2026-06-03 12:32:29 | INFO | Total consolidado de acessos encontrados: 13
2026-06-03 12:32:29 | INFO | Projeto 'Ampliações 6° Ano SH 37 - km 141,530 + 148,660 - BR116/RJ' carregado para arvore. Groups=11 | UserLists=1 | Outros=1
2026-06-03 12:32:29 | INFO | Iniciando leitura da seguranca do projeto 'Ampliações 6° Ano SH 41' (ID: 143603)
2026-06-03 12:32:29 | INFO | Get-PWFolderSecurity retornou 14 item(ns).
2026-06-03 12:32:29 | INFO | Get-PWFolderTreeAccessObjects retornou 1 item(ns).
2026-06-03 12:32:29 | WARN | Cmdlet Get-PWProjectSecurity nao encontrado no ambiente. A leitura seguira apenas com FolderSecurity/TreeAccessObjects.
2026-06-03 12:32:29 | INFO | Total consolidado de acessos encontrados: 13
2026-06-03 12:32:29 | INFO | Projeto 'Ampliações 6° Ano SH 41 - km 48,100 + 55,080 - BR493/RJ' carregado para arvore. Groups=11 | UserLists=1 | Outros=1
2026-06-03 12:32:29 | INFO | Iniciando leitura da seguranca do projeto 'Ampliações 6° Ano SH 42' (ID: 144384)
2026-06-03 12:32:30 | INFO | Get-PWFolderSecurity retornou 14 item(ns).
2026-06-03 12:32:30 | INFO | Get-PWFolderTreeAccessObjects retornou 1 item(ns).
2026-06-03 12:32:30 | WARN | Cmdlet Get-PWProjectSecurity nao encontrado no ambiente. A leitura seguira apenas com FolderSecurity/TreeAccessObjects.
2026-06-03 12:32:30 | INFO | Total consolidado de acessos encontrados: 13
2026-06-03 12:32:30 | INFO | Projeto 'Ampliações 6° Ano SH 42 - km 55,080 + 65,880 - BR493/RJ' carregado para arvore. Groups=11 | UserLists=1 | Outros=1
2026-06-03 12:32:30 | INFO | Iniciando leitura da seguranca do projeto 'Ampliações 6° Ano SH 43' (ID: 145165)
2026-06-03 12:32:30 | INFO | Get-PWFolderSecurity retornou 14 item(ns).
2026-06-03 12:32:30 | INFO | Get-PWFolderTreeAccessObjects retornou 1 item(ns).
2026-06-03 12:32:31 | WARN | Cmdlet Get-PWProjectSecurity nao encontrado no ambiente. A leitura seguira apenas com FolderSecurity/TreeAccessObjects.
2026-06-03 12:32:31 | INFO | Total consolidado de acessos encontrados: 13
2026-06-03 12:32:31 | INFO | Projeto 'Ampliações 6° Ano SH 43 - km 65,880 + 84,400 - BR493/RJ' carregado para arvore. Groups=11 | UserLists=1 | Outros=1
2026-06-03 12:32:31 | INFO | Iniciando leitura da seguranca do projeto 'Ampliações 7° Ano Acesso' (ID: 410352)
2026-06-03 12:32:31 | INFO | Get-PWFolderSecurity retornou 14 item(ns).
2026-06-03 12:32:31 | INFO | Get-PWFolderTreeAccessObjects retornou 1 item(ns).
2026-06-03 12:32:31 | WARN | Cmdlet Get-PWProjectSecurity nao encontrado no ambiente. A leitura seguira apenas com FolderSecurity/TreeAccessObjects.
2026-06-03 12:32:31 | INFO | Total consolidado de acessos encontrados: 13
2026-06-03 12:32:31 | INFO | Projeto 'Ampliações 7° Ano - Lote 15 - Acesso km 057 - BR116/RJ' carregado para arvore. Groups=11 | UserLists=1 | Outros=1
2026-06-03 12:32:31 | INFO | Iniciando leitura da seguranca do projeto 'Ampliações 7° Ano SH 05' (ID: 96381)
2026-06-03 12:32:32 | INFO | Get-PWFolderSecurity retornou 14 item(ns).
2026-06-03 12:32:32 | INFO | Get-PWFolderTreeAccessObjects retornou 1 item(ns).
2026-06-03 12:32:32 | WARN | Cmdlet Get-PWProjectSecurity nao encontrado no ambiente. A leitura seguira apenas com FolderSecurity/TreeAccessObjects.
2026-06-03 12:32:32 | INFO | Total consolidado de acessos encontrados: 13
2026-06-03 12:32:32 | INFO | Projeto 'Ampliações 7° Ano SH 05 - km 469,630 + 485,540 - BR116/MG' carregado para arvore. Groups=11 | UserLists=1 | Outros=1
2026-06-03 12:32:32 | INFO | Iniciando leitura da seguranca do projeto 'Ampliações 7° Ano SH 11' (ID: 110629)
2026-06-03 12:32:32 | INFO | Get-PWFolderSecurity retornou 14 item(ns).
2026-06-03 12:32:32 | INFO | Get-PWFolderTreeAccessObjects retornou 1 item(ns).
2026-06-03 12:32:32 | WARN | Cmdlet Get-PWProjectSecurity nao encontrado no ambiente. A leitura seguira apenas com FolderSecurity/TreeAccessObjects.
2026-06-03 12:32:32 | INFO | Total consolidado de acessos encontrados: 13
2026-06-03 12:32:32 | INFO | Projeto 'Ampliações 7° Ano SH 11 - km 527,530 + 561,400 - BR116/MG' carregado para arvore. Groups=11 | UserLists=1 | Outros=1
2026-06-03 12:32:32 | INFO | Iniciando leitura da seguranca do projeto 'Ampliações 7° Ano SH 14' (ID: 115629)
2026-06-03 12:32:33 | INFO | Get-PWFolderSecurity retornou 14 item(ns).
2026-06-03 12:32:33 | INFO | Get-PWFolderTreeAccessObjects retornou 1 item(ns).
2026-06-03 12:32:33 | WARN | Cmdlet Get-PWProjectSecurity nao encontrado no ambiente. A leitura seguira apenas com FolderSecurity/TreeAccessObjects.
2026-06-03 12:32:33 | INFO | Total consolidado de acessos encontrados: 13
2026-06-03 12:32:33 | INFO | Projeto 'Ampliações 7° Ano SH 14 - km 606,830 + 634,860 - BR116/MG' carregado para arvore. Groups=11 | UserLists=1 | Outros=1
2026-06-03 12:32:33 | INFO | Iniciando leitura da seguranca do projeto 'Ampliações 7° Ano SH 15' (ID: 116410)
2026-06-03 12:32:34 | INFO | Get-PWFolderSecurity retornou 14 item(ns).
2026-06-03 12:32:34 | INFO | Get-PWFolderTreeAccessObjects retornou 1 item(ns).
2026-06-03 12:32:34 | WARN | Cmdlet Get-PWProjectSecurity nao encontrado no ambiente. A leitura seguira apenas com FolderSecurity/TreeAccessObjects.
2026-06-03 12:32:34 | INFO | Total consolidado de acessos encontrados: 13
2026-06-03 12:32:34 | INFO | Projeto 'Ampliações 7° Ano SH 15 - km 634,860 + 650,270 - BR116/MG' carregado para arvore. Groups=11 | UserLists=1 | Outros=1
2026-06-03 12:32:34 | INFO | Iniciando leitura da seguranca do projeto 'Ampliações 7° Ano SH 16' (ID: 117191)
2026-06-03 12:32:36 | INFO | Get-PWFolderSecurity retornou 14 item(ns).
2026-06-03 12:32:36 | INFO | Get-PWFolderTreeAccessObjects retornou 1 item(ns).
2026-06-03 12:32:36 | WARN | Cmdlet Get-PWProjectSecurity nao encontrado no ambiente. A leitura seguira apenas com FolderSecurity/TreeAccessObjects.
2026-06-03 12:32:36 | INFO | Total consolidado de acessos encontrados: 13
2026-06-03 12:32:36 | INFO | Projeto 'Ampliações 7° Ano SH 16 - km 650,280 + 702,260 - BR116/MG' carregado para arvore. Groups=11 | UserLists=1 | Outros=1
2026-06-03 12:32:36 | INFO | Iniciando leitura da seguranca do projeto 'Ampliações 7° Ano SH 18' (ID: 118777)
2026-06-03 12:32:38 | INFO | Get-PWFolderSecurity retornou 14 item(ns).
2026-06-03 12:32:38 | INFO | Get-PWFolderTreeAccessObjects retornou 1 item(ns).
2026-06-03 12:32:38 | WARN | Cmdlet Get-PWProjectSecurity nao encontrado no ambiente. A leitura seguira apenas com FolderSecurity/TreeAccessObjects.
2026-06-03 12:32:38 | INFO | Total consolidado de acessos encontrados: 13
2026-06-03 12:32:38 | INFO | Projeto 'Ampliações 7° Ano SH 18 - km 703,450 + 736,400 - BR116/MG' carregado para arvore. Groups=11 | UserLists=1 | Outros=1
2026-06-03 12:32:38 | INFO | Iniciando leitura da seguranca do projeto 'Ampliações 7° Ano SH 19' (ID: 119562)
2026-06-03 12:32:39 | INFO | Get-PWFolderSecurity retornou 14 item(ns).
2026-06-03 12:32:39 | INFO | Get-PWFolderTreeAccessObjects retornou 1 item(ns).
2026-06-03 12:32:39 | WARN | Cmdlet Get-PWProjectSecurity nao encontrado no ambiente. A leitura seguira apenas com FolderSecurity/TreeAccessObjects.
2026-06-03 12:32:39 | INFO | Total consolidado de acessos encontrados: 13
2026-06-03 12:32:39 | INFO | Projeto 'Ampliações 7° Ano SH 19 - km 736,400 + 744,580 - BR116/MG' carregado para arvore. Groups=11 | UserLists=1 | Outros=1
2026-06-03 12:32:39 | INFO | Iniciando leitura da seguranca do projeto 'Ampliações 7° Ano SH 27' (ID: 125874)
2026-06-03 12:32:40 | INFO | Get-PWFolderSecurity retornou 14 item(ns).
2026-06-03 12:32:40 | INFO | Get-PWFolderTreeAccessObjects retornou 1 item(ns).
2026-06-03 12:32:40 | WARN | Cmdlet Get-PWProjectSecurity nao encontrado no ambiente. A leitura seguira apenas com FolderSecurity/TreeAccessObjects.
2026-06-03 12:32:40 | INFO | Total consolidado de acessos encontrados: 13
2026-06-03 12:32:40 | INFO | Projeto 'Ampliações 7° Ano SH 27 - km 40,370 + 56,520 - BR116/RJ' carregado para arvore. Groups=11 | UserLists=1 | Outros=1
2026-06-03 12:32:40 | INFO | Iniciando leitura da seguranca do projeto 'Ampliações 7° Ano SH 28' (ID: 127093)
2026-06-03 12:32:41 | INFO | Get-PWFolderSecurity retornou 14 item(ns).
2026-06-03 12:32:41 | INFO | Get-PWFolderTreeAccessObjects retornou 1 item(ns).
2026-06-03 12:32:41 | WARN | Cmdlet Get-PWProjectSecurity nao encontrado no ambiente. A leitura seguira apenas com FolderSecurity/TreeAccessObjects.
2026-06-03 12:32:41 | INFO | Total consolidado de acessos encontrados: 13
2026-06-03 12:32:41 | INFO | Projeto 'Ampliações 7° Ano SH 28 - km 56,520 + 59,430 - BR116/RJ' carregado para arvore. Groups=11 | UserLists=1 | Outros=1
2026-06-03 12:32:41 | INFO | Iniciando leitura da seguranca do projeto 'Ampliações 8° Ano Ciclovia' (ID: 410389)
2026-06-03 12:32:41 | INFO | Get-PWFolderSecurity retornou 14 item(ns).
2026-06-03 12:32:42 | INFO | Get-PWFolderTreeAccessObjects retornou 1 item(ns).
2026-06-03 12:32:42 | WARN | Cmdlet Get-PWProjectSecurity nao encontrado no ambiente. A leitura seguira apenas com FolderSecurity/TreeAccessObjects.
2026-06-03 12:32:42 | INFO | Total consolidado de acessos encontrados: 13
2026-06-03 12:32:42 | INFO | Projeto 'Ampliações 8° Ano - SH-32 - Ciclovia - km 108-110 - BR116RJ' carregado para arvore. Groups=11 | UserLists=1 | Outros=1
2026-06-03 12:32:42 | INFO | Iniciando leitura da seguranca do projeto 'Ampliações 8° Ano Diamante' (ID: 410426)
2026-06-03 12:32:42 | INFO | Get-PWFolderSecurity retornou 14 item(ns).
2026-06-03 12:32:42 | INFO | Get-PWFolderTreeAccessObjects retornou 1 item(ns).
2026-06-03 12:32:42 | WARN | Cmdlet Get-PWProjectSecurity nao encontrado no ambiente. A leitura seguira apenas com FolderSecurity/TreeAccessObjects.
2026-06-03 12:32:42 | INFO | Total consolidado de acessos encontrados: 13
2026-06-03 12:32:42 | INFO | Projeto 'Ampliações 8° Ano - SH-33 - Diamante - km 116+010 - BR116RJ' carregado para arvore. Groups=11 | UserLists=1 | Outros=1
2026-06-03 12:32:42 | INFO | Iniciando leitura da seguranca do projeto 'Ampliações 8° Ano SH 04' (ID: 94818)
2026-06-03 12:32:43 | INFO | Get-PWFolderSecurity retornou 14 item(ns).
2026-06-03 12:32:43 | INFO | Get-PWFolderTreeAccessObjects retornou 1 item(ns).
2026-06-03 12:32:43 | WARN | Cmdlet Get-PWProjectSecurity nao encontrado no ambiente. A leitura seguira apenas com FolderSecurity/TreeAccessObjects.
2026-06-03 12:32:43 | INFO | Total consolidado de acessos encontrados: 13
2026-06-03 12:32:43 | INFO | Projeto 'Ampliações 8° Ano SH 04 - km 456,260 + 469,630 - BR116/MG' carregado para arvore. Groups=11 | UserLists=1 | Outros=1
2026-06-03 12:32:43 | INFO | Iniciando leitura da seguranca do projeto 'Ampliações 8° Ano SH 20' (ID: 120343)
2026-06-03 12:32:43 | INFO | Get-PWFolderSecurity retornou 14 item(ns).
2026-06-03 12:32:44 | INFO | Get-PWFolderTreeAccessObjects retornou 1 item(ns).
2026-06-03 12:32:44 | WARN | Cmdlet Get-PWProjectSecurity nao encontrado no ambiente. A leitura seguira apenas com FolderSecurity/TreeAccessObjects.
2026-06-03 12:32:44 | INFO | Total consolidado de acessos encontrados: 13
2026-06-03 12:32:44 | INFO | Projeto 'Ampliações 8° Ano SH 20 - km 744,580 + 764,890 - BR116/MG' carregado para arvore. Groups=11 | UserLists=1 | Outros=1
2026-06-03 12:32:44 | INFO | Iniciando leitura da seguranca do projeto 'Ampliações 8° Ano SH 21' (ID: 121125)
2026-06-03 12:32:44 | INFO | Get-PWFolderSecurity retornou 14 item(ns).
2026-06-03 12:32:44 | INFO | Get-PWFolderTreeAccessObjects retornou 1 item(ns).
2026-06-03 12:32:44 | WARN | Cmdlet Get-PWProjectSecurity nao encontrado no ambiente. A leitura seguira apenas com FolderSecurity/TreeAccessObjects.
2026-06-03 12:32:44 | INFO | Total consolidado de acessos encontrados: 13
2026-06-03 12:32:44 | INFO | Projeto 'Ampliações 8° Ano SH 21 - km 764,890 + 772,490 - BR116/MG' carregado para arvore. Groups=11 | UserLists=1 | Outros=1
2026-06-03 12:32:44 | INFO | Iniciando leitura da seguranca do projeto 'Ampliações 8° Ano SH 22' (ID: 121907)
2026-06-03 12:32:46 | INFO | Get-PWFolderSecurity retornou 14 item(ns).
2026-06-03 12:32:46 | INFO | Get-PWFolderTreeAccessObjects retornou 1 item(ns).
2026-06-03 12:32:46 | WARN | Cmdlet Get-PWProjectSecurity nao encontrado no ambiente. A leitura seguira apenas com FolderSecurity/TreeAccessObjects.
2026-06-03 12:32:46 | INFO | Total consolidado de acessos encontrados: 13
2026-06-03 12:32:46 | INFO | Projeto 'Ampliações 8° Ano SH 22 - km 772,490 + 814,210 - BR116/MG' carregado para arvore. Groups=11 | UserLists=1 | Outros=1
2026-06-03 12:32:46 | INFO | Iniciando leitura da seguranca do projeto 'Ampliações 8° Ano SH 23' (ID: 122689)
2026-06-03 12:32:48 | INFO | Get-PWFolderSecurity retornou 14 item(ns).
2026-06-03 12:32:48 | INFO | Get-PWFolderTreeAccessObjects retornou 1 item(ns).
2026-06-03 12:32:48 | WARN | Cmdlet Get-PWProjectSecurity nao encontrado no ambiente. A leitura seguira apenas com FolderSecurity/TreeAccessObjects.
2026-06-03 12:32:48 | INFO | Total consolidado de acessos encontrados: 13
2026-06-03 12:32:48 | INFO | Projeto 'Ampliações 8° Ano SH 23 - km 814,210 + 816,320 - BR116/MG' carregado para arvore. Groups=11 | UserLists=1 | Outros=1
2026-06-03 12:32:48 | INFO | Iniciando leitura da seguranca do projeto 'Ampliações 8° Ano SH 24' (ID: 123479)
2026-06-03 12:32:49 | INFO | Get-PWFolderSecurity retornou 14 item(ns).
2026-06-03 12:32:50 | INFO | Get-PWFolderTreeAccessObjects retornou 1 item(ns).
2026-06-03 12:32:50 | WARN | Cmdlet Get-PWProjectSecurity nao encontrado no ambiente. A leitura seguira apenas com FolderSecurity/TreeAccessObjects.
2026-06-03 12:32:50 | INFO | Total consolidado de acessos encontrados: 13
2026-06-03 12:32:50 | INFO | Projeto 'Ampliações 8° Ano SH 24 - km 2,100 + 24,460 - BR116/RJ' carregado para arvore. Groups=11 | UserLists=1 | Outros=1
2026-06-03 12:32:50 | INFO | Iniciando leitura da seguranca do projeto 'Ampliações 8° Ano SH 25' (ID: 124261)
2026-06-03 12:32:50 | INFO | Get-PWFolderSecurity retornou 14 item(ns).
2026-06-03 12:32:50 | INFO | Get-PWFolderTreeAccessObjects retornou 1 item(ns).
2026-06-03 12:32:50 | WARN | Cmdlet Get-PWProjectSecurity nao encontrado no ambiente. A leitura seguira apenas com FolderSecurity/TreeAccessObjects.
2026-06-03 12:32:50 | INFO | Total consolidado de acessos encontrados: 13
2026-06-03 12:32:50 | INFO | Projeto 'Ampliações 8° Ano SH 25 - km 24,460 + 24,770 - BR116/RJ' carregado para arvore. Groups=11 | UserLists=1 | Outros=1
2026-06-03 12:32:50 | INFO | Iniciando leitura da seguranca do projeto 'Ampliações 8° Ano SH 26' (ID: 125066)
2026-06-03 12:32:51 | INFO | Get-PWFolderSecurity retornou 14 item(ns).
2026-06-03 12:32:51 | INFO | Get-PWFolderTreeAccessObjects retornou 1 item(ns).
2026-06-03 12:32:51 | WARN | Cmdlet Get-PWProjectSecurity nao encontrado no ambiente. A leitura seguira apenas com FolderSecurity/TreeAccessObjects.
2026-06-03 12:32:51 | INFO | Total consolidado de acessos encontrados: 13
2026-06-03 12:32:51 | INFO | Projeto 'Ampliações 8° Ano SH 26 - km 24,770 + 40,370 - BR116/RJ' carregado para arvore. Groups=11 | UserLists=1 | Outros=1
2026-06-03 12:32:51 | INFO | Iniciando leitura da seguranca do projeto 'Ampliações 8° Ano SH 32' (ID: 136574)
2026-06-03 12:32:52 | INFO | Get-PWFolderSecurity retornou 14 item(ns).
2026-06-03 12:32:52 | INFO | Get-PWFolderTreeAccessObjects retornou 1 item(ns).
2026-06-03 12:32:52 | WARN | Cmdlet Get-PWProjectSecurity nao encontrado no ambiente. A leitura seguira apenas com FolderSecurity/TreeAccessObjects.
2026-06-03 12:32:52 | INFO | Total consolidado de acessos encontrados: 13
2026-06-03 12:32:52 | INFO | Projeto 'Ampliações 8° Ano SH 32 - km 108,430 + 110,120 - BR116/RJ' carregado para arvore. Groups=11 | UserLists=1 | Outros=1
2026-06-03 12:32:52 | INFO | Iniciando leitura da seguranca do projeto 'Ampliações 8° Ano SH 33' (ID: 137355)
2026-06-03 12:32:52 | INFO | Get-PWFolderSecurity retornou 14 item(ns).
2026-06-03 12:32:52 | INFO | Get-PWFolderTreeAccessObjects retornou 1 item(ns).
2026-06-03 12:32:52 | WARN | Cmdlet Get-PWProjectSecurity nao encontrado no ambiente. A leitura seguira apenas com FolderSecurity/TreeAccessObjects.
2026-06-03 12:32:52 | INFO | Total consolidado de acessos encontrados: 13
2026-06-03 12:32:52 | INFO | Projeto 'Ampliações 8° Ano SH 33 - km 110,120 + 116,150 - BR116/RJ' carregado para arvore. Groups=11 | UserLists=1 | Outros=1
2026-06-03 12:32:52 | INFO | Iniciando leitura da seguranca do projeto 'Ampliações 8° Ano SH 34' (ID: 138136)
2026-06-03 12:32:53 | INFO | Get-PWFolderSecurity retornou 14 item(ns).
2026-06-03 12:32:53 | INFO | Get-PWFolderTreeAccessObjects retornou 1 item(ns).
2026-06-03 12:32:53 | WARN | Cmdlet Get-PWProjectSecurity nao encontrado no ambiente. A leitura seguira apenas com FolderSecurity/TreeAccessObjects.
2026-06-03 12:32:53 | INFO | Total consolidado de acessos encontrados: 13
2026-06-03 12:32:53 | INFO | Projeto 'Ampliações 8° Ano SH 34 - km 116,150 + 126,500 - BR116/RJ' carregado para arvore. Groups=11 | UserLists=1 | Outros=1
2026-06-03 12:32:53 | INFO | Iniciando leitura da seguranca do projeto 'Ampliações 8° Ano SH 44' (ID: 145946)
2026-06-03 12:32:53 | INFO | Get-PWFolderSecurity retornou 14 item(ns).
2026-06-03 12:32:53 | INFO | Get-PWFolderTreeAccessObjects retornou 1 item(ns).
2026-06-03 12:32:53 | WARN | Cmdlet Get-PWProjectSecurity nao encontrado no ambiente. A leitura seguira apenas com FolderSecurity/TreeAccessObjects.
2026-06-03 12:32:53 | INFO | Total consolidado de acessos encontrados: 13
2026-06-03 12:32:53 | INFO | Projeto 'Ampliações 8° Ano SH 44 - km 84,400 + 95,580 - BR493/RJ' carregado para arvore. Groups=11 | UserLists=1 | Outros=1
2026-06-03 12:32:53 | INFO | Iniciando leitura da seguranca do projeto 'Ampliações 8° Ano SH 45' (ID: 146727)
2026-06-03 12:32:54 | INFO | Get-PWFolderSecurity retornou 14 item(ns).
2026-06-03 12:32:54 | INFO | Get-PWFolderTreeAccessObjects retornou 1 item(ns).
2026-06-03 12:32:54 | WARN | Cmdlet Get-PWProjectSecurity nao encontrado no ambiente. A leitura seguira apenas com FolderSecurity/TreeAccessObjects.
2026-06-03 12:32:54 | INFO | Total consolidado de acessos encontrados: 13
2026-06-03 12:32:54 | INFO | Projeto 'Ampliações 8° Ano SH 45 - km 95,580 + 96,800 - BR493/RJ' carregado para arvore. Groups=11 | UserLists=1 | Outros=1
2026-06-03 12:32:54 | INFO | Iniciando leitura da seguranca do projeto 'Ampliações 8° Ano SH 46' (ID: 147508)
2026-06-03 12:32:54 | INFO | Get-PWFolderSecurity retornou 14 item(ns).
2026-06-03 12:32:55 | INFO | Get-PWFolderTreeAccessObjects retornou 1 item(ns).
2026-06-03 12:32:55 | WARN | Cmdlet Get-PWProjectSecurity nao encontrado no ambiente. A leitura seguira apenas com FolderSecurity/TreeAccessObjects.
2026-06-03 12:32:55 | INFO | Total consolidado de acessos encontrados: 13
2026-06-03 12:32:55 | INFO | Projeto 'Ampliações 8° Ano SH 46 - km 96,800 + 98,520 - BR493/RJ' carregado para arvore. Groups=11 | UserLists=1 | Outros=1
2026-06-03 12:32:55 | INFO | Iniciando leitura da seguranca do projeto 'Ampliações 8° Ano SH 47' (ID: 148289)
2026-06-03 12:32:55 | INFO | Get-PWFolderSecurity retornou 14 item(ns).
2026-06-03 12:32:55 | INFO | Get-PWFolderTreeAccessObjects retornou 1 item(ns).
2026-06-03 12:32:55 | WARN | Cmdlet Get-PWProjectSecurity nao encontrado no ambiente. A leitura seguira apenas com FolderSecurity/TreeAccessObjects.
2026-06-03 12:32:55 | INFO | Total consolidado de acessos encontrados: 13
2026-06-03 12:32:55 | INFO | Projeto 'Ampliações 8° Ano SH 47 - km 98,520 + 120,130 - BR493/RJ' carregado para arvore. Groups=11 | UserLists=1 | Outros=1
2026-06-03 12:32:55 | INFO | Iniciando leitura da seguranca do projeto 'Ampliações 8° Ano SH 48' (ID: 149070)
2026-06-03 12:32:56 | INFO | Get-PWFolderSecurity retornou 14 item(ns).
2026-06-03 12:32:57 | INFO | Get-PWFolderTreeAccessObjects retornou 1 item(ns).
2026-06-03 12:32:57 | WARN | Cmdlet Get-PWProjectSecurity nao encontrado no ambiente. A leitura seguira apenas com FolderSecurity/TreeAccessObjects.
2026-06-03 12:32:57 | INFO | Total consolidado de acessos encontrados: 13
2026-06-03 12:32:57 | INFO | Projeto 'Ampliações 8° Ano SH 48 -  km 120,130 + 122,700 - BR493/RJ' carregado para arvore. Groups=11 | UserLists=1 | Outros=1
2026-06-03 12:32:57 | INFO | Iniciando leitura da seguranca do projeto 'Ampliações 8° Ano SH 59' (ID: 157664)
2026-06-03 12:32:58 | INFO | Get-PWFolderSecurity retornou 14 item(ns).
2026-06-03 12:32:59 | INFO | Get-PWFolderTreeAccessObjects retornou 1 item(ns).
2026-06-03 12:32:59 | WARN | Cmdlet Get-PWProjectSecurity nao encontrado no ambiente. A leitura seguira apenas com FolderSecurity/TreeAccessObjects.
2026-06-03 12:32:59 | INFO | Total consolidado de acessos encontrados: 13
2026-06-03 12:32:59 | INFO | Projeto 'Ampliações 8° Ano SH 59 - km 0,000 + 2,820 - BR465/RJ' carregado para arvore. Groups=11 | UserLists=1 | Outros=1
2026-06-03 12:32:59 | INFO | Iniciando leitura da seguranca do projeto 'Ampliações 8° Ano SH 60' (ID: 158447)
2026-06-03 12:33:00 | INFO | Get-PWFolderSecurity retornou 14 item(ns).
2026-06-03 12:33:00 | INFO | Get-PWFolderTreeAccessObjects retornou 1 item(ns).
2026-06-03 12:33:01 | WARN | Cmdlet Get-PWProjectSecurity nao encontrado no ambiente. A leitura seguira apenas com FolderSecurity/TreeAccessObjects.
2026-06-03 12:33:01 | INFO | Total consolidado de acessos encontrados: 13
2026-06-03 12:33:01 | INFO | Projeto 'Ampliações 8° Ano SH 60 -  km 2,820 + 5,910 - BR465/RJ' carregado para arvore. Groups=11 | UserLists=1 | Outros=1
2026-06-03 12:33:01 | INFO | Iniciando leitura da seguranca do projeto 'Ampliações 8° Ano SH 61' (ID: 159228)
2026-06-03 12:33:01 | INFO | Get-PWFolderSecurity retornou 14 item(ns).
2026-06-03 12:33:01 | INFO | Get-PWFolderTreeAccessObjects retornou 1 item(ns).
2026-06-03 12:33:01 | WARN | Cmdlet Get-PWProjectSecurity nao encontrado no ambiente. A leitura seguira apenas com FolderSecurity/TreeAccessObjects.
2026-06-03 12:33:01 | INFO | Total consolidado de acessos encontrados: 13
2026-06-03 12:33:01 | INFO | Projeto 'Ampliações 8° Ano SH 61 - km 5,910 + 8,000 - BR465/RJ' carregado para arvore. Groups=11 | UserLists=1 | Outros=1
2026-06-03 12:33:01 | INFO | Iniciando leitura da seguranca do projeto 'Ampliações 8° Ano SH 62' (ID: 160009)
2026-06-03 12:33:02 | INFO | Get-PWFolderSecurity retornou 14 item(ns).
2026-06-03 12:33:02 | INFO | Get-PWFolderTreeAccessObjects retornou 1 item(ns).
2026-06-03 12:33:02 | WARN | Cmdlet Get-PWProjectSecurity nao encontrado no ambiente. A leitura seguira apenas com FolderSecurity/TreeAccessObjects.
2026-06-03 12:33:02 | INFO | Total consolidado de acessos encontrados: 13
2026-06-03 12:33:02 | INFO | Projeto 'Ampliações 8° Ano SH 62 -  km 8,000 + 12,780 - BR465/RJ' carregado para arvore. Groups=11 | UserLists=1 | Outros=1
2026-06-03 12:33:02 | INFO | Iniciando leitura da seguranca do projeto 'Ampliações 8° Ano SH 63' (ID: 160790)
2026-06-03 12:33:03 | INFO | Get-PWFolderSecurity retornou 14 item(ns).
2026-06-03 12:33:03 | INFO | Get-PWFolderTreeAccessObjects retornou 1 item(ns).
2026-06-03 12:33:03 | WARN | Cmdlet Get-PWProjectSecurity nao encontrado no ambiente. A leitura seguira apenas com FolderSecurity/TreeAccessObjects.
2026-06-03 12:33:03 | INFO | Total consolidado de acessos encontrados: 13
2026-06-03 12:33:03 | INFO | Projeto 'Ampliações 8° Ano SH 63 - km 12,780 + 20,260 - BR465/RJ' carregado para arvore. Groups=11 | UserLists=1 | Outros=1
2026-06-03 12:33:03 | INFO | Iniciando leitura da seguranca do projeto 'Ampliações 8° Ano SH 64' (ID: 161571)
2026-06-03 12:33:03 | INFO | Get-PWFolderSecurity retornou 14 item(ns).
2026-06-03 12:33:03 | INFO | Get-PWFolderTreeAccessObjects retornou 1 item(ns).
2026-06-03 12:33:03 | WARN | Cmdlet Get-PWProjectSecurity nao encontrado no ambiente. A leitura seguira apenas com FolderSecurity/TreeAccessObjects.
2026-06-03 12:33:03 | INFO | Total consolidado de acessos encontrados: 13
2026-06-03 12:33:03 | INFO | Projeto 'Ampliações 8° Ano SH 64 - km 20,260 + 23,160 - BR465/RJ' carregado para arvore. Groups=11 | UserLists=1 | Outros=1
2026-06-03 12:33:03 | INFO | Iniciando leitura da seguranca do projeto 'BSO 1 - Alpercata' (ID: 404090)
2026-06-03 12:33:04 | INFO | Get-PWFolderSecurity retornou 14 item(ns).
2026-06-03 12:33:04 | INFO | Get-PWFolderTreeAccessObjects retornou 1 item(ns).
2026-06-03 12:33:04 | WARN | Cmdlet Get-PWProjectSecurity nao encontrado no ambiente. A leitura seguira apenas com FolderSecurity/TreeAccessObjects.
2026-06-03 12:33:04 | INFO | Total consolidado de acessos encontrados: 13
2026-06-03 12:33:04 | INFO | Projeto 'BSO 1 - Alpercata - BR-116/MG - km 420+830 - Sul' carregado para arvore. Groups=11 | UserLists=1 | Outros=1
2026-06-03 12:33:04 | INFO | Iniciando leitura da seguranca do projeto 'BSO 10 - Além Paraíba' (ID: 404808)
2026-06-03 12:33:05 | INFO | Get-PWFolderSecurity retornou 14 item(ns).
2026-06-03 12:33:05 | INFO | Get-PWFolderTreeAccessObjects retornou 1 item(ns).
2026-06-03 12:33:05 | WARN | Cmdlet Get-PWProjectSecurity nao encontrado no ambiente. A leitura seguira apenas com FolderSecurity/TreeAccessObjects.
2026-06-03 12:33:05 | INFO | Total consolidado de acessos encontrados: 13
2026-06-03 12:33:05 | INFO | Projeto 'BSO 10 - Além Paraíba - BR-116/MG - km 797+930 - Sul' carregado para arvore. Groups=11 | UserLists=1 | Outros=1
2026-06-03 12:33:05 | INFO | Iniciando leitura da seguranca do projeto 'BSO 11 - Sapucaia' (ID: 404959)
2026-06-03 12:33:05 | INFO | Get-PWFolderSecurity retornou 14 item(ns).
2026-06-03 12:33:05 | INFO | Get-PWFolderTreeAccessObjects retornou 1 item(ns).
2026-06-03 12:33:05 | WARN | Cmdlet Get-PWProjectSecurity nao encontrado no ambiente. A leitura seguira apenas com FolderSecurity/TreeAccessObjects.
2026-06-03 12:33:05 | INFO | Total consolidado de acessos encontrados: 13
2026-06-03 12:33:05 | INFO | Projeto 'BSO 11 - Sapucaia - BR-116/RJ  - km 29+900 - Norte' carregado para arvore. Groups=11 | UserLists=1 | Outros=1
2026-06-03 12:33:05 | INFO | Iniciando leitura da seguranca do projeto 'BSO 12 - Teresópolis' (ID: 405122)
2026-06-03 12:33:06 | INFO | Get-PWFolderSecurity retornou 14 item(ns).
2026-06-03 12:33:06 | INFO | Get-PWFolderTreeAccessObjects retornou 1 item(ns).
2026-06-03 12:33:06 | WARN | Cmdlet Get-PWProjectSecurity nao encontrado no ambiente. A leitura seguira apenas com FolderSecurity/TreeAccessObjects.
2026-06-03 12:33:06 | INFO | Total consolidado de acessos encontrados: 13
2026-06-03 12:33:06 | INFO | Projeto 'BSO 12 - Teresópolis - BR-116/RJ - km 77+800 - Sul' carregado para arvore. Groups=11 | UserLists=1 | Outros=1
2026-06-03 12:33:06 | INFO | Iniciando leitura da seguranca do projeto 'BSO 13 - Guapimirim' (ID: 405159)
2026-06-03 12:33:07 | INFO | Get-PWFolderSecurity retornou 14 item(ns).
2026-06-03 12:33:08 | INFO | Get-PWFolderTreeAccessObjects retornou 1 item(ns).
2026-06-03 12:33:08 | WARN | Cmdlet Get-PWProjectSecurity nao encontrado no ambiente. A leitura seguira apenas com FolderSecurity/TreeAccessObjects.
2026-06-03 12:33:08 | INFO | Total consolidado de acessos encontrados: 13
2026-06-03 12:33:08 | INFO | Projeto 'BSO 13 - Guapimirim - BR-116/RJ - km 109+190 - Sul' carregado para arvore. Groups=11 | UserLists=1 | Outros=1
2026-06-03 12:33:08 | INFO | Iniciando leitura da seguranca do projeto 'BSO 14 - Rio de Janeiro' (ID: 405197)
2026-06-03 12:33:09 | INFO | Get-PWFolderSecurity retornou 14 item(ns).
2026-06-03 12:33:09 | INFO | Get-PWFolderTreeAccessObjects retornou 1 item(ns).
2026-06-03 12:33:09 | WARN | Cmdlet Get-PWProjectSecurity nao encontrado no ambiente. A leitura seguira apenas com FolderSecurity/TreeAccessObjects.
2026-06-03 12:33:09 | INFO | Total consolidado de acessos encontrados: 13
2026-06-03 12:33:09 | INFO | Projeto 'BSO 14 - Rio de Janeiro - BR-116/RJ - km 172+000 - Sul' carregado para arvore. Groups=11 | UserLists=1 | Outros=1
2026-06-03 12:33:09 | INFO | Iniciando leitura da seguranca do projeto 'BSO 15 - Seropédica' (ID: 405234)
2026-06-03 12:33:11 | INFO | Get-PWFolderSecurity retornou 14 item(ns).
2026-06-03 12:33:11 | INFO | Get-PWFolderTreeAccessObjects retornou 1 item(ns).
2026-06-03 12:33:11 | WARN | Cmdlet Get-PWProjectSecurity nao encontrado no ambiente. A leitura seguira apenas com FolderSecurity/TreeAccessObjects.
2026-06-03 12:33:11 | INFO | Total consolidado de acessos encontrados: 13
2026-06-03 12:33:11 | INFO | Projeto 'BSO 15 - Seropédica - BR-116/RJ - km 211+670 - Sul' carregado para arvore. Groups=11 | UserLists=1 | Outros=1
2026-06-03 12:33:11 | INFO | Iniciando leitura da seguranca do projeto 'BSO 16 - Itaboraí' (ID: 405271)
2026-06-03 12:33:12 | INFO | Get-PWFolderSecurity retornou 14 item(ns).
2026-06-03 12:33:12 | INFO | Get-PWFolderTreeAccessObjects retornou 1 item(ns).
2026-06-03 12:33:12 | WARN | Cmdlet Get-PWProjectSecurity nao encontrado no ambiente. A leitura seguira apenas com FolderSecurity/TreeAccessObjects.
2026-06-03 12:33:12 | INFO | Total consolidado de acessos encontrados: 13
2026-06-03 12:33:12 | INFO | Projeto 'BSO 16 - Itaboraí - BR-493/RJ - km 7+040 - Sul' carregado para arvore. Groups=11 | UserLists=1 | Outros=1
2026-06-03 12:33:12 | INFO | Iniciando leitura da seguranca do projeto 'BSO 17 - Duque de Caxias' (ID: 405308)
2026-06-03 12:33:13 | INFO | Get-PWFolderSecurity retornou 14 item(ns).
2026-06-03 12:33:13 | INFO | Get-PWFolderTreeAccessObjects retornou 1 item(ns).
2026-06-03 12:33:13 | WARN | Cmdlet Get-PWProjectSecurity nao encontrado no ambiente. A leitura seguira apenas com FolderSecurity/TreeAccessObjects.
2026-06-03 12:33:13 | INFO | Total consolidado de acessos encontrados: 13
2026-06-03 12:33:13 | INFO | Projeto 'BSO 17 - Duque de Caxias - BR-493/RJ - km 51+180 - Sul' carregado para arvore. Groups=11 | UserLists=1 | Outros=1
2026-06-03 12:33:13 | INFO | Iniciando leitura da seguranca do projeto 'BSO 18 - Seropédica' (ID: 405345)
2026-06-03 12:33:13 | INFO | Get-PWFolderSecurity retornou 14 item(ns).
2026-06-03 12:33:13 | INFO | Get-PWFolderTreeAccessObjects retornou 1 item(ns).
2026-06-03 12:33:13 | WARN | Cmdlet Get-PWProjectSecurity nao encontrado no ambiente. A leitura seguira apenas com FolderSecurity/TreeAccessObjects.
2026-06-03 12:33:13 | INFO | Total consolidado de acessos encontrados: 13
2026-06-03 12:33:13 | INFO | Projeto 'BSO 18 - Seropédica - BR-465/RJ - km 10-720 - Norte' carregado para arvore. Groups=11 | UserLists=1 | Outros=1
2026-06-03 12:33:13 | INFO | Iniciando leitura da seguranca do projeto 'BSO 2 - Tarumirim' (ID: 404127)
2026-06-03 12:33:14 | INFO | Get-PWFolderSecurity retornou 14 item(ns).
2026-06-03 12:33:14 | INFO | Get-PWFolderTreeAccessObjects retornou 1 item(ns).
2026-06-03 12:33:14 | WARN | Cmdlet Get-PWProjectSecurity nao encontrado no ambiente. A leitura seguira apenas com FolderSecurity/TreeAccessObjects.
2026-06-03 12:33:14 | INFO | Total consolidado de acessos encontrados: 13
2026-06-03 12:33:14 | INFO | Projeto 'BSO 2 - Tarumirim - BR-116/MG - km 461+600 - Sul' carregado para arvore. Groups=11 | UserLists=1 | Outros=1
2026-06-03 12:33:14 | INFO | Iniciando leitura da seguranca do projeto 'BSO 3 - Ubaporanga' (ID: 404164)
2026-06-03 12:33:14 | INFO | Get-PWFolderSecurity retornou 14 item(ns).
2026-06-03 12:33:15 | INFO | Get-PWFolderTreeAccessObjects retornou 1 item(ns).
2026-06-03 12:33:15 | WARN | Cmdlet Get-PWProjectSecurity nao encontrado no ambiente. A leitura seguira apenas com FolderSecurity/TreeAccessObjects.
2026-06-03 12:33:15 | INFO | Total consolidado de acessos encontrados: 13
2026-06-03 12:33:15 | INFO | Projeto 'BSO 3 - Ubaporanga - BR-116/MG - km 511+130 - Norte' carregado para arvore. Groups=11 | UserLists=1 | Outros=1
2026-06-03 12:33:15 | INFO | Iniciando leitura da seguranca do projeto 'BSO 4 - Santa Bárbara do Leste' (ID: 404219)
2026-06-03 12:33:15 | INFO | Get-PWFolderSecurity retornou 14 item(ns).
2026-06-03 12:33:15 | INFO | Get-PWFolderTreeAccessObjects retornou 1 item(ns).
2026-06-03 12:33:15 | WARN | Cmdlet Get-PWProjectSecurity nao encontrado no ambiente. A leitura seguira apenas com FolderSecurity/TreeAccessObjects.
2026-06-03 12:33:15 | INFO | Total consolidado de acessos encontrados: 13
2026-06-03 12:33:15 | INFO | Projeto 'BSO 4 - Santa Bárbara do Leste - BR-116/MG - km 549+320' carregado para arvore. Groups=11 | UserLists=1 | Outros=1
2026-06-03 12:33:15 | INFO | Iniciando leitura da seguranca do projeto 'BSO 5 - Manhuaçu' (ID: 404340)
2026-06-03 12:33:16 | INFO | Get-PWFolderSecurity retornou 14 item(ns).
2026-06-03 12:33:16 | INFO | Get-PWFolderTreeAccessObjects retornou 1 item(ns).
2026-06-03 12:33:16 | WARN | Cmdlet Get-PWProjectSecurity nao encontrado no ambiente. A leitura seguira apenas com FolderSecurity/TreeAccessObjects.
2026-06-03 12:33:16 | INFO | Total consolidado de acessos encontrados: 13
2026-06-03 12:33:16 | INFO | Projeto 'BSO 5 - Manhuaçu - BR-116/MG - km 593+320 - Sul' carregado para arvore. Groups=11 | UserLists=1 | Outros=1
2026-06-03 12:33:16 | INFO | Iniciando leitura da seguranca do projeto 'BSO 6 - Divino' (ID: 404413)
2026-06-03 12:33:16 | INFO | Get-PWFolderSecurity retornou 14 item(ns).
2026-06-03 12:33:16 | INFO | Get-PWFolderTreeAccessObjects retornou 1 item(ns).
2026-06-03 12:33:16 | WARN | Cmdlet Get-PWProjectSecurity nao encontrado no ambiente. A leitura seguira apenas com FolderSecurity/TreeAccessObjects.
2026-06-03 12:33:16 | INFO | Total consolidado de acessos encontrados: 13
2026-06-03 12:33:16 | INFO | Projeto 'BSO 6 - Divino - BR-116/MG - km 632+850 - Sul' carregado para arvore. Groups=11 | UserLists=1 | Outros=1
2026-06-03 12:33:16 | INFO | Iniciando leitura da seguranca do projeto 'BSO 7 - Miradouro' (ID: 404450)
2026-06-03 12:33:17 | INFO | Get-PWFolderSecurity retornou 14 item(ns).
2026-06-03 12:33:18 | INFO | Get-PWFolderTreeAccessObjects retornou 1 item(ns).
2026-06-03 12:33:18 | WARN | Cmdlet Get-PWProjectSecurity nao encontrado no ambiente. A leitura seguira apenas com FolderSecurity/TreeAccessObjects.
2026-06-03 12:33:18 | INFO | Total consolidado de acessos encontrados: 13
2026-06-03 12:33:18 | INFO | Projeto 'BSO 7 - Miradouro - BR-116/MG - km 676+000 - Sul' carregado para arvore. Groups=11 | UserLists=1 | Outros=1
2026-06-03 12:33:18 | INFO | Iniciando leitura da seguranca do projeto 'BSO 8 - Muriaé' (ID: 404550)
2026-06-03 12:33:19 | INFO | Get-PWFolderSecurity retornou 14 item(ns).
2026-06-03 12:33:19 | INFO | Get-PWFolderTreeAccessObjects retornou 1 item(ns).
2026-06-03 12:33:19 | WARN | Cmdlet Get-PWProjectSecurity nao encontrado no ambiente. A leitura seguira apenas com FolderSecurity/TreeAccessObjects.
2026-06-03 12:33:19 | INFO | Total consolidado de acessos encontrados: 13
2026-06-03 12:33:19 | INFO | Projeto 'BSO 8 - Muriaé - BR-116/MG - km 714+540 - Norte' carregado para arvore. Groups=11 | UserLists=1 | Outros=1
2026-06-03 12:33:19 | INFO | Iniciando leitura da seguranca do projeto 'BSO 9 - Leopoldina' (ID: 404687)
2026-06-03 12:33:21 | INFO | Get-PWFolderSecurity retornou 14 item(ns).
2026-06-03 12:33:21 | INFO | Get-PWFolderTreeAccessObjects retornou 1 item(ns).
2026-06-03 12:33:21 | WARN | Cmdlet Get-PWProjectSecurity nao encontrado no ambiente. A leitura seguira apenas com FolderSecurity/TreeAccessObjects.
2026-06-03 12:33:21 | INFO | Total consolidado de acessos encontrados: 13
2026-06-03 12:33:21 | INFO | Projeto 'BSO 9 - Leopoldina - BR-116/MG - km 747+930 - Norte' carregado para arvore. Groups=11 | UserLists=1 | Outros=1
2026-06-03 12:33:21 | INFO | Iniciando leitura da seguranca do projeto 'HS-WIM 1 - Magé' (ID: 410019)
2026-06-03 12:33:22 | INFO | Get-PWFolderSecurity retornou 14 item(ns).
2026-06-03 12:33:22 | INFO | Get-PWFolderTreeAccessObjects retornou 1 item(ns).
2026-06-03 12:33:22 | WARN | Cmdlet Get-PWProjectSecurity nao encontrado no ambiente. A leitura seguira apenas com FolderSecurity/TreeAccessObjects.
2026-06-03 12:33:22 | INFO | Total consolidado de acessos encontrados: 13
2026-06-03 12:33:22 | INFO | Projeto 'HS-WIM 1 - Magé - km 133+000' carregado para arvore. Groups=11 | UserLists=1 | Outros=1
2026-06-03 12:33:22 | INFO | Iniciando leitura da seguranca do projeto 'HS-WIM 2 - Leopoldina' (ID: 410056)
2026-06-03 12:33:23 | INFO | Get-PWFolderSecurity retornou 14 item(ns).
2026-06-03 12:33:23 | INFO | Get-PWFolderTreeAccessObjects retornou 1 item(ns).
2026-06-03 12:33:23 | WARN | Cmdlet Get-PWProjectSecurity nao encontrado no ambiente. A leitura seguira apenas com FolderSecurity/TreeAccessObjects.
2026-06-03 12:33:23 | INFO | Total consolidado de acessos encontrados: 13
2026-06-03 12:33:23 | INFO | Projeto 'HS-WIM 2 - Leopoldina - km 750+350' carregado para arvore. Groups=11 | UserLists=1 | Outros=1
2026-06-03 12:33:23 | INFO | Iniciando leitura da seguranca do projeto 'HS-WIM 3 - Ale-Paraíba' (ID: 410093)
2026-06-03 12:33:24 | INFO | Get-PWFolderSecurity retornou 14 item(ns).
2026-06-03 12:33:24 | INFO | Get-PWFolderTreeAccessObjects retornou 1 item(ns).
2026-06-03 12:33:24 | WARN | Cmdlet Get-PWProjectSecurity nao encontrado no ambiente. A leitura seguira apenas com FolderSecurity/TreeAccessObjects.
2026-06-03 12:33:24 | INFO | Total consolidado de acessos encontrados: 13
2026-06-03 12:33:24 | INFO | Projeto 'HS-WIM 3 - Ale-Paraíba - km 802+200' carregado para arvore. Groups=11 | UserLists=1 | Outros=1
2026-06-03 12:33:24 | INFO | Iniciando leitura da seguranca do projeto 'Nova Praça P11' (ID: 401260)
2026-06-03 12:33:24 | INFO | Get-PWFolderSecurity retornou 14 item(ns).
2026-06-03 12:33:24 | INFO | Get-PWFolderTreeAccessObjects retornou 1 item(ns).
2026-06-03 12:33:24 | WARN | Cmdlet Get-PWProjectSecurity nao encontrado no ambiente. A leitura seguira apenas com FolderSecurity/TreeAccessObjects.
2026-06-03 12:33:24 | INFO | Total consolidado de acessos encontrados: 13
2026-06-03 12:33:24 | INFO | Projeto 'Nova Praça de Pedágio P11' carregado para arvore. Groups=11 | UserLists=1 | Outros=1
2026-06-03 12:33:24 | INFO | Iniciando leitura da seguranca do projeto 'Nova Praça P8' (ID: 401223)
2026-06-03 12:33:25 | INFO | Get-PWFolderSecurity retornou 14 item(ns).
2026-06-03 12:33:25 | INFO | Get-PWFolderTreeAccessObjects retornou 1 item(ns).
2026-06-03 12:33:25 | WARN | Cmdlet Get-PWProjectSecurity nao encontrado no ambiente. A leitura seguira apenas com FolderSecurity/TreeAccessObjects.
2026-06-03 12:33:25 | INFO | Total consolidado de acessos encontrados: 13
2026-06-03 12:33:25 | INFO | Projeto 'Nova Praça de Pedágio P8' carregado para arvore. Groups=11 | UserLists=1 | Outros=1
2026-06-03 12:33:25 | INFO | Iniciando leitura da seguranca do projeto 'PPD - km 215+600' (ID: 403828)
2026-06-03 12:33:25 | INFO | Get-PWFolderSecurity retornou 14 item(ns).
2026-06-03 12:33:25 | INFO | Get-PWFolderTreeAccessObjects retornou 1 item(ns).
2026-06-03 12:33:25 | WARN | Cmdlet Get-PWProjectSecurity nao encontrado no ambiente. A leitura seguira apenas com FolderSecurity/TreeAccessObjects.
2026-06-03 12:33:25 | INFO | Total consolidado de acessos encontrados: 13
2026-06-03 12:33:26 | INFO | Projeto 'PPD - km 215+600' carregado para arvore. Groups=11 | UserLists=1 | Outros=1
2026-06-03 12:33:26 | INFO | Iniciando leitura da seguranca do projeto 'PPD - km 513+600' (ID: 403931)
2026-06-03 12:33:26 | INFO | Get-PWFolderSecurity retornou 14 item(ns).
2026-06-03 12:33:26 | INFO | Get-PWFolderTreeAccessObjects retornou 1 item(ns).
2026-06-03 12:33:26 | WARN | Cmdlet Get-PWProjectSecurity nao encontrado no ambiente. A leitura seguira apenas com FolderSecurity/TreeAccessObjects.
2026-06-03 12:33:26 | INFO | Total consolidado de acessos encontrados: 13
2026-06-03 12:33:26 | INFO | Projeto 'PPD - km 513+600' carregado para arvore. Groups=11 | UserLists=1 | Outros=1
2026-06-03 12:33:26 | INFO | Iniciando leitura da seguranca do projeto 'Praça P10' (ID: 400993)
2026-06-03 12:33:27 | INFO | Get-PWFolderSecurity retornou 14 item(ns).
2026-06-03 12:33:27 | INFO | Get-PWFolderTreeAccessObjects retornou 1 item(ns).
2026-06-03 12:33:27 | WARN | Cmdlet Get-PWProjectSecurity nao encontrado no ambiente. A leitura seguira apenas com FolderSecurity/TreeAccessObjects.
2026-06-03 12:33:27 | INFO | Total consolidado de acessos encontrados: 13
2026-06-03 12:33:27 | INFO | Projeto 'Praça de Pedágio P10' carregado para arvore. Groups=11 | UserLists=1 | Outros=1
2026-06-03 12:33:27 | INFO | Iniciando leitura da seguranca do projeto 'Praça P11' (ID: 401034)
2026-06-03 12:33:27 | INFO | Get-PWFolderSecurity retornou 14 item(ns).
2026-06-03 12:33:28 | INFO | Get-PWFolderTreeAccessObjects retornou 1 item(ns).
2026-06-03 12:33:28 | WARN | Cmdlet Get-PWProjectSecurity nao encontrado no ambiente. A leitura seguira apenas com FolderSecurity/TreeAccessObjects.
2026-06-03 12:33:28 | INFO | Total consolidado de acessos encontrados: 13
2026-06-03 12:33:28 | INFO | Projeto 'Praça de Pedágio P11' carregado para arvore. Groups=11 | UserLists=1 | Outros=1
2026-06-03 12:33:28 | INFO | Iniciando leitura da seguranca do projeto 'Praça P12' (ID: 401071)
2026-06-03 12:33:29 | INFO | Get-PWFolderSecurity retornou 14 item(ns).
2026-06-03 12:33:29 | INFO | Get-PWFolderTreeAccessObjects retornou 1 item(ns).
2026-06-03 12:33:29 | WARN | Cmdlet Get-PWProjectSecurity nao encontrado no ambiente. A leitura seguira apenas com FolderSecurity/TreeAccessObjects.
2026-06-03 12:33:29 | INFO | Total consolidado de acessos encontrados: 13
2026-06-03 12:33:29 | INFO | Projeto 'Praça de Pedágio P12' carregado para arvore. Groups=11 | UserLists=1 | Outros=1
2026-06-03 12:33:29 | INFO | Iniciando leitura da seguranca do projeto 'Praça P13' (ID: 401108)
2026-06-03 12:33:31 | INFO | Get-PWFolderSecurity retornou 14 item(ns).
2026-06-03 12:33:31 | INFO | Get-PWFolderTreeAccessObjects retornou 1 item(ns).
2026-06-03 12:33:31 | WARN | Cmdlet Get-PWProjectSecurity nao encontrado no ambiente. A leitura seguira apenas com FolderSecurity/TreeAccessObjects.
2026-06-03 12:33:31 | INFO | Total consolidado de acessos encontrados: 13
2026-06-03 12:33:31 | INFO | Projeto 'Praça de Pedágio P13' carregado para arvore. Groups=11 | UserLists=1 | Outros=1
2026-06-03 12:33:31 | INFO | Iniciando leitura da seguranca do projeto 'Praça P14' (ID: 401147)
2026-06-03 12:33:33 | INFO | Get-PWFolderSecurity retornou 14 item(ns).
2026-06-03 12:33:33 | INFO | Get-PWFolderTreeAccessObjects retornou 1 item(ns).
2026-06-03 12:33:33 | WARN | Cmdlet Get-PWProjectSecurity nao encontrado no ambiente. A leitura seguira apenas com FolderSecurity/TreeAccessObjects.
2026-06-03 12:33:33 | INFO | Total consolidado de acessos encontrados: 13
2026-06-03 12:33:33 | INFO | Projeto 'Praça de Pedágio P14' carregado para arvore. Groups=11 | UserLists=1 | Outros=1
2026-06-03 12:33:33 | INFO | Iniciando leitura da seguranca do projeto 'Praça P15' (ID: 401184)
2026-06-03 12:33:34 | INFO | Get-PWFolderSecurity retornou 14 item(ns).
2026-06-03 12:33:34 | INFO | Get-PWFolderTreeAccessObjects retornou 1 item(ns).
2026-06-03 12:33:34 | WARN | Cmdlet Get-PWProjectSecurity nao encontrado no ambiente. A leitura seguira apenas com FolderSecurity/TreeAccessObjects.
2026-06-03 12:33:34 | INFO | Total consolidado de acessos encontrados: 13
2026-06-03 12:33:34 | INFO | Projeto 'Praça de Pedágio P15' carregado para arvore. Groups=11 | UserLists=1 | Outros=1
2026-06-03 12:33:34 | INFO | Iniciando leitura da seguranca do projeto 'Praça P6' (ID: 399872)
2026-06-03 12:33:34 | INFO | Get-PWFolderSecurity retornou 14 item(ns).
2026-06-03 12:33:34 | INFO | Get-PWFolderTreeAccessObjects retornou 1 item(ns).
2026-06-03 12:33:34 | WARN | Cmdlet Get-PWProjectSecurity nao encontrado no ambiente. A leitura seguira apenas com FolderSecurity/TreeAccessObjects.
2026-06-03 12:33:34 | INFO | Total consolidado de acessos encontrados: 13
2026-06-03 12:33:34 | INFO | Projeto 'Praça de Pedágio P6' carregado para arvore. Groups=11 | UserLists=1 | Outros=1
2026-06-03 12:33:34 | INFO | Iniciando leitura da seguranca do projeto 'Praça P7' (ID: 399960)
2026-06-03 12:33:35 | INFO | Get-PWFolderSecurity retornou 14 item(ns).
2026-06-03 12:33:35 | INFO | Get-PWFolderTreeAccessObjects retornou 1 item(ns).
2026-06-03 12:33:35 | WARN | Cmdlet Get-PWProjectSecurity nao encontrado no ambiente. A leitura seguira apenas com FolderSecurity/TreeAccessObjects.
2026-06-03 12:33:35 | INFO | Total consolidado de acessos encontrados: 13
2026-06-03 12:33:35 | INFO | Projeto 'Praça de Pedágio P7' carregado para arvore. Groups=11 | UserLists=1 | Outros=1
2026-06-03 12:33:35 | INFO | Iniciando leitura da seguranca do projeto 'Praça P8' (ID: 400918)
2026-06-03 12:33:35 | INFO | Get-PWFolderSecurity retornou 14 item(ns).
2026-06-03 12:33:36 | INFO | Get-PWFolderTreeAccessObjects retornou 1 item(ns).
2026-06-03 12:33:36 | WARN | Cmdlet Get-PWProjectSecurity nao encontrado no ambiente. A leitura seguira apenas com FolderSecurity/TreeAccessObjects.
2026-06-03 12:33:36 | INFO | Total consolidado de acessos encontrados: 13
2026-06-03 12:33:36 | INFO | Projeto 'Praça de Pedágio P8' carregado para arvore. Groups=11 | UserLists=1 | Outros=1
2026-06-03 12:33:36 | INFO | Iniciando leitura da seguranca do projeto 'Praça P9' (ID: 400955)
2026-06-03 12:33:36 | INFO | Get-PWFolderSecurity retornou 14 item(ns).
2026-06-03 12:33:36 | INFO | Get-PWFolderTreeAccessObjects retornou 1 item(ns).
2026-06-03 12:33:36 | WARN | Cmdlet Get-PWProjectSecurity nao encontrado no ambiente. A leitura seguira apenas com FolderSecurity/TreeAccessObjects.
2026-06-03 12:33:36 | INFO | Total consolidado de acessos encontrados: 13
2026-06-03 12:33:36 | INFO | Projeto 'Praça de Pedágio P9' carregado para arvore. Groups=11 | UserLists=1 | Outros=1
2026-06-03 12:33:36 | INFO | Iniciando leitura da seguranca do projeto 'PRF-1' (ID: 410463)
2026-06-03 12:33:37 | INFO | Get-PWFolderSecurity retornou 14 item(ns).
2026-06-03 12:33:37 | INFO | Get-PWFolderTreeAccessObjects retornou 1 item(ns).
2026-06-03 12:33:37 | WARN | Cmdlet Get-PWProjectSecurity nao encontrado no ambiente. A leitura seguira apenas com FolderSecurity/TreeAccessObjects.
2026-06-03 12:33:37 | INFO | Total consolidado de acessos encontrados: 13
2026-06-03 12:33:37 | INFO | Projeto 'PRF-1-RJ-074+300' carregado para arvore. Groups=11 | UserLists=1 | Outros=1
2026-06-03 12:33:37 | INFO | Iniciando leitura da seguranca do projeto 'PRF-11' (ID: 410611)
2026-06-03 12:33:37 | INFO | Get-PWFolderSecurity retornou 14 item(ns).
2026-06-03 12:33:37 | INFO | Get-PWFolderTreeAccessObjects retornou 1 item(ns).
2026-06-03 12:33:37 | WARN | Cmdlet Get-PWProjectSecurity nao encontrado no ambiente. A leitura seguira apenas com FolderSecurity/TreeAccessObjects.
2026-06-03 12:33:37 | INFO | Total consolidado de acessos encontrados: 13
2026-06-03 12:33:37 | INFO | Projeto 'PRF-11-MG-705+500' carregado para arvore. Groups=11 | UserLists=1 | Outros=1
2026-06-03 12:33:37 | INFO | Iniciando leitura da seguranca do projeto 'PRF-12' (ID: 410648)
2026-06-03 12:33:38 | INFO | Get-PWFolderSecurity retornou 14 item(ns).
2026-06-03 12:33:38 | INFO | Get-PWFolderTreeAccessObjects retornou 1 item(ns).
2026-06-03 12:33:38 | WARN | Cmdlet Get-PWProjectSecurity nao encontrado no ambiente. A leitura seguira apenas com FolderSecurity/TreeAccessObjects.
2026-06-03 12:33:38 | INFO | Total consolidado de acessos encontrados: 13
2026-06-03 12:33:38 | INFO | Projeto 'PRF-12-MG-771+250' carregado para arvore. Groups=11 | UserLists=1 | Outros=1
2026-06-03 12:33:38 | INFO | Iniciando leitura da seguranca do projeto 'PRF-3' (ID: 410500)
2026-06-03 12:33:39 | INFO | Get-PWFolderSecurity retornou 14 item(ns).
2026-06-03 12:33:40 | INFO | Get-PWFolderTreeAccessObjects retornou 1 item(ns).
2026-06-03 12:33:40 | WARN | Cmdlet Get-PWProjectSecurity nao encontrado no ambiente. A leitura seguira apenas com FolderSecurity/TreeAccessObjects.
2026-06-03 12:33:40 | INFO | Total consolidado de acessos encontrados: 13
2026-06-03 12:33:40 | INFO | Projeto 'PRF-3-RJ-127+000' carregado para arvore. Groups=11 | UserLists=1 | Outros=1
2026-06-03 12:33:40 | INFO | Iniciando leitura da seguranca do projeto 'PRF-8' (ID: 410537)
2026-06-03 12:33:41 | INFO | Get-PWFolderSecurity retornou 14 item(ns).
2026-06-03 12:33:41 | INFO | Get-PWFolderTreeAccessObjects retornou 1 item(ns).
2026-06-03 12:33:41 | WARN | Cmdlet Get-PWProjectSecurity nao encontrado no ambiente. A leitura seguira apenas com FolderSecurity/TreeAccessObjects.
2026-06-03 12:33:41 | INFO | Total consolidado de acessos encontrados: 13
2026-06-03 12:33:41 | INFO | Projeto 'PRF-8-MG-520+160' carregado para arvore. Groups=11 | UserLists=1 | Outros=1
2026-06-03 12:33:41 | INFO | Iniciando leitura da seguranca do projeto 'PRF-9' (ID: 410574)
2026-06-03 12:33:42 | INFO | Get-PWFolderSecurity retornou 14 item(ns).
2026-06-03 12:33:43 | INFO | Get-PWFolderTreeAccessObjects retornou 1 item(ns).
2026-06-03 12:33:43 | WARN | Cmdlet Get-PWProjectSecurity nao encontrado no ambiente. A leitura seguira apenas com FolderSecurity/TreeAccessObjects.
2026-06-03 12:33:43 | INFO | Total consolidado de acessos encontrados: 13
2026-06-03 12:33:43 | INFO | Projeto 'PRF-9-MG-589+000' carregado para arvore. Groups=11 | UserLists=1 | Outros=1
2026-06-03 13:15:29 | INFO | Resumo final da execução | Total=4995 | Sucesso=4995 | JaExiste=0 | Erro=0
2026-06-03 13:15:46 | INFO | Buscando usuario pelo email: danillo.santos@ecovias.com.br
2026-06-03 13:15:46 | INFO | Parametros encontrados no cmdlet: UserName, UserId, SecProvider, Email, Identity, Disabled, Enabled, LastLogin, LoginInfo, Verbose, Debug, ErrorAction, WarningAction, InformationAction, ErrorVariable, WarningVariable, InformationVariable, OutVariable, OutBuffer, PipelineVariable
2026-06-03 13:15:49 | INFO | Usuario localizado com correspondencia exata de email.
2026-06-03 13:15:51 | INFO | Buscando usuario pelo email: diego.salomon@ecovias.com.br
2026-06-03 13:15:51 | INFO | Parametros encontrados no cmdlet: UserName, UserId, SecProvider, Email, Identity, Disabled, Enabled, LastLogin, LoginInfo, Verbose, Debug, ErrorAction, WarningAction, InformationAction, ErrorVariable, WarningVariable, InformationVariable, OutVariable, OutBuffer, PipelineVariable
2026-06-03 13:15:51 | INFO | Usuario localizado com correspondencia exata de email.
2026-06-03 13:15:52 | INFO | Buscando usuario pelo email: eduardo.amaral@ecovias.com.br
2026-06-03 13:15:52 | INFO | Parametros encontrados no cmdlet: UserName, UserId, SecProvider, Email, Identity, Disabled, Enabled, LastLogin, LoginInfo, Verbose, Debug, ErrorAction, WarningAction, InformationAction, ErrorVariable, WarningVariable, InformationVariable, OutVariable, OutBuffer, PipelineVariable
2026-06-03 13:15:52 | INFO | Usuario localizado com correspondencia exata de email.
2026-06-03 13:15:53 | INFO | Buscando usuario pelo email: Jean.Rodrigues@ecovias.com.br
2026-06-03 13:15:53 | INFO | Parametros encontrados no cmdlet: UserName, UserId, SecProvider, Email, Identity, Disabled, Enabled, LastLogin, LoginInfo, Verbose, Debug, ErrorAction, WarningAction, InformationAction, ErrorVariable, WarningVariable, InformationVariable, OutVariable, OutBuffer, PipelineVariable
2026-06-03 13:15:53 | INFO | Usuario localizado com correspondencia exata de email.
2026-06-03 13:15:54 | INFO | Buscando usuario pelo email: jessica.santos@ecovias.com.br
2026-06-03 13:15:54 | INFO | Parametros encontrados no cmdlet: UserName, UserId, SecProvider, Email, Identity, Disabled, Enabled, LastLogin, LoginInfo, Verbose, Debug, ErrorAction, WarningAction, InformationAction, ErrorVariable, WarningVariable, InformationVariable, OutVariable, OutBuffer, PipelineVariable
2026-06-03 13:15:54 | INFO | Usuario localizado com correspondencia exata de email.
2026-06-03 13:15:55 | INFO | Buscando usuario pelo email: joao.turmena@ecovias.com.br
2026-06-03 13:15:55 | INFO | Parametros encontrados no cmdlet: UserName, UserId, SecProvider, Email, Identity, Disabled, Enabled, LastLogin, LoginInfo, Verbose, Debug, ErrorAction, WarningAction, InformationAction, ErrorVariable, WarningVariable, InformationVariable, OutVariable, OutBuffer, PipelineVariable
2026-06-03 13:15:55 | INFO | Usuario localizado com correspondencia exata de email.
2026-06-03 13:15:55 | INFO | Buscando usuario pelo email: lucas.comarela@ecovias.com.br
2026-06-03 13:15:55 | INFO | Parametros encontrados no cmdlet: UserName, UserId, SecProvider, Email, Identity, Disabled, Enabled, LastLogin, LoginInfo, Verbose, Debug, ErrorAction, WarningAction, InformationAction, ErrorVariable, WarningVariable, InformationVariable, OutVariable, OutBuffer, PipelineVariable
2026-06-03 13:15:56 | INFO | Usuario localizado com correspondencia exata de email.
2026-06-03 13:15:56 | INFO | Buscando usuario pelo email: magdiane.francisco@ecovias.com.br
2026-06-03 13:15:56 | INFO | Parametros encontrados no cmdlet: UserName, UserId, SecProvider, Email, Identity, Disabled, Enabled, LastLogin, LoginInfo, Verbose, Debug, ErrorAction, WarningAction, InformationAction, ErrorVariable, WarningVariable, InformationVariable, OutVariable, OutBuffer, PipelineVariable
2026-06-03 13:15:56 | INFO | Usuario localizado com correspondencia exata de email.
2026-06-03 13:15:57 | INFO | Buscando usuario pelo email: t_josilene.honorio@ecovias.com.br
2026-06-03 13:15:57 | INFO | Parametros encontrados no cmdlet: UserName, UserId, SecProvider, Email, Identity, Disabled, Enabled, LastLogin, LoginInfo, Verbose, Debug, ErrorAction, WarningAction, InformationAction, ErrorVariable, WarningVariable, InformationVariable, OutVariable, OutBuffer, PipelineVariable
2026-06-03 13:15:57 | INFO | Usuario localizado com correspondencia exata de email.
2026-06-03 13:15:57 | INFO | Buscando usuario pelo email: t_saulo.junior@ecorodovias.com.br
2026-06-03 13:15:57 | INFO | Parametros encontrados no cmdlet: UserName, UserId, SecProvider, Email, Identity, Disabled, Enabled, LastLogin, LoginInfo, Verbose, Debug, ErrorAction, WarningAction, InformationAction, ErrorVariable, WarningVariable, InformationVariable, OutVariable, OutBuffer, PipelineVariable
2026-06-03 13:15:58 | INFO | Usuario localizado com correspondencia exata de email.
2026-06-03 13:15:58 | INFO | Buscando usuario pelo email: t_saulo.thiago@ecorodovias.com.br
2026-06-03 13:15:58 | INFO | Parametros encontrados no cmdlet: UserName, UserId, SecProvider, Email, Identity, Disabled, Enabled, LastLogin, LoginInfo, Verbose, Debug, ErrorAction, WarningAction, InformationAction, ErrorVariable, WarningVariable, InformationVariable, OutVariable, OutBuffer, PipelineVariable
2026-06-03 13:15:58 | INFO | Usuario localizado com correspondencia exata de email.
2026-06-03 13:15:59 | INFO | Buscando usuario pelo email: thiago.cunha@ecovias.com.br
2026-06-03 13:15:59 | INFO | Parametros encontrados no cmdlet: UserName, UserId, SecProvider, Email, Identity, Disabled, Enabled, LastLogin, LoginInfo, Verbose, Debug, ErrorAction, WarningAction, InformationAction, ErrorVariable, WarningVariable, InformationVariable, OutVariable, OutBuffer, PipelineVariable
2026-06-03 13:15:59 | INFO | Usuario localizado com correspondencia exata de email.
2026-06-03 13:15:59 | INFO | Buscando usuario pelo email: thiago.ramiro@ecovias.com.br
2026-06-03 13:15:59 | INFO | Parametros encontrados no cmdlet: UserName, UserId, SecProvider, Email, Identity, Disabled, Enabled, LastLogin, LoginInfo, Verbose, Debug, ErrorAction, WarningAction, InformationAction, ErrorVariable, WarningVariable, InformationVariable, OutVariable, OutBuffer, PipelineVariable
2026-06-03 13:15:59 | INFO | Usuario localizado com correspondencia exata de email.
2026-06-03 13:16:00 | INFO | Buscando usuario pelo email: tiago.t.silva@ecovias.com.br
2026-06-03 13:16:00 | INFO | Parametros encontrados no cmdlet: UserName, UserId, SecProvider, Email, Identity, Disabled, Enabled, LastLogin, LoginInfo, Verbose, Debug, ErrorAction, WarningAction, InformationAction, ErrorVariable, WarningVariable, InformationVariable, OutVariable, OutBuffer, PipelineVariable
2026-06-03 13:16:00 | INFO | Usuario localizado com correspondencia exata de email.
2026-06-03 13:16:08 | INFO | Sessao encerrada com 'Undo-PWLogin'.
