2026-06-17 10:57:54 | INFO | Aplicacao iniciada.
2026-06-17 10:57:54 | INFO | Tentando importar modulo do ProjectWise.
2026-06-17 10:57:54 | INFO | Modulo 'pwps_dab' importado com sucesso.
2026-06-17 10:57:54 | INFO | Tentando conectar ao datasource do ProjectWise.
2026-06-17 10:57:54 | INFO | Tentando conexao via 'New-PWLogin'. Parametros: DatasourceName, UserName, Password, UseGui, DoNotCreateWorkingDirectory, BentleyIMS, LoadWRE, NonAdminLogin, Token, Verbose, Debug, ErrorAction, WarningAction, InformationAction, ErrorVariable, WarningVariable, InformationVariable, OutVariable, OutBuffer, PipelineVariable
2026-06-17 10:58:11 | INFO | Conexao realizada via 'New-PWLogin -BentleyIMS'.
2026-06-17 10:58:11 | INFO | Conexao com ProjectWise realizada com sucesso.
2026-06-17 10:58:16 | INFO | Buscando usuario pelo email: gestaodeprojetos@itineraconstrucoes.com.br
2026-06-17 10:58:16 | INFO | Parametros encontrados no cmdlet: UserName, UserId, SecProvider, Email, Identity, Disabled, Enabled, LastLogin, LoginInfo, Verbose, Debug, ErrorAction, WarningAction, InformationAction, ErrorVariable, WarningVariable, InformationVariable, OutVariable, OutBuffer, PipelineVariable
2026-06-17 10:58:16 | INFO | Usuario localizado com correspondencia exata de email.
2026-06-17 10:58:18 | INFO | Listando pastas da raiz por Root.
2026-06-17 10:58:19 | INFO | Listando filhos da pasta ID: 56
2026-06-17 10:58:37 | INFO | Listando filhos da pasta ID: 297
2026-06-17 10:58:37 | INFO | Listando filhos da pasta ID: 586
2026-06-17 10:58:45 | INFO | Iniciando leitura da seguranca do projeto 'Acesso 3°Ano 321+900' (ID: 58230)
2026-06-17 10:58:46 | INFO | Get-PWFolderSecurity retornou 29 item(ns).
2026-06-17 10:58:46 | INFO | Get-PWFolderTreeAccessObjects retornou 1 item(ns).
2026-06-17 10:58:46 | WARN | Cmdlet Get-PWProjectSecurity nao encontrado no ambiente. A leitura seguira apenas com FolderSecurity/TreeAccessObjects.
2026-06-17 10:58:47 | INFO | Total consolidado de acessos encontrados: 14
2026-06-17 10:58:47 | INFO | Projeto 'Acesso 3° Ano - km 321+900 - BR153/GO' carregado para arvore. Groups=12 | UserLists=1 | Outros=1
2026-06-17 10:58:47 | INFO | Iniciando leitura da seguranca do projeto 'Acesso 3°Ano 355+900' (ID: 59011)
2026-06-17 10:58:48 | INFO | Get-PWFolderSecurity retornou 29 item(ns).
2026-06-17 10:58:48 | INFO | Get-PWFolderTreeAccessObjects retornou 1 item(ns).
2026-06-17 10:58:48 | WARN | Cmdlet Get-PWProjectSecurity nao encontrado no ambiente. A leitura seguira apenas com FolderSecurity/TreeAccessObjects.
2026-06-17 10:58:48 | INFO | Total consolidado de acessos encontrados: 14
2026-06-17 10:58:48 | INFO | Projeto 'Acesso 3° Ano - km 355+900 - BR153/GO' carregado para arvore. Groups=12 | UserLists=1 | Outros=1
2026-06-17 10:58:48 | INFO | Iniciando leitura da seguranca do projeto 'Acesso 3°Ano 375+800' (ID: 59792)
2026-06-17 10:58:49 | INFO | Get-PWFolderSecurity retornou 29 item(ns).
2026-06-17 10:58:49 | INFO | Get-PWFolderTreeAccessObjects retornou 1 item(ns).
2026-06-17 10:58:49 | WARN | Cmdlet Get-PWProjectSecurity nao encontrado no ambiente. A leitura seguira apenas com FolderSecurity/TreeAccessObjects.
2026-06-17 10:58:49 | INFO | Total consolidado de acessos encontrados: 14
2026-06-17 10:58:49 | INFO | Projeto 'Acesso 3° Ano - km 375+800 - BR414/GO' carregado para arvore. Groups=12 | UserLists=1 | Outros=1
2026-06-17 10:58:49 | INFO | Iniciando leitura da seguranca do projeto 'Acesso 3°Ano 397+050' (ID: 60573)
2026-06-17 10:58:50 | INFO | Get-PWFolderSecurity retornou 29 item(ns).
2026-06-17 10:58:50 | INFO | Get-PWFolderTreeAccessObjects retornou 1 item(ns).
2026-06-17 10:58:50 | WARN | Cmdlet Get-PWProjectSecurity nao encontrado no ambiente. A leitura seguira apenas com FolderSecurity/TreeAccessObjects.
2026-06-17 10:58:51 | INFO | Total consolidado de acessos encontrados: 14
2026-06-17 10:58:51 | INFO | Projeto 'Acesso 3° Ano - km 397+050 - BR153/GO' carregado para arvore. Groups=12 | UserLists=1 | Outros=1
2026-06-17 10:58:51 | INFO | Iniciando leitura da seguranca do projeto 'Acesso 4°Ano 274+950' (ID: 61354)
2026-06-17 10:58:52 | INFO | Get-PWFolderSecurity retornou 29 item(ns).
2026-06-17 10:58:52 | INFO | Get-PWFolderTreeAccessObjects retornou 1 item(ns).
2026-06-17 10:58:52 | WARN | Cmdlet Get-PWProjectSecurity nao encontrado no ambiente. A leitura seguira apenas com FolderSecurity/TreeAccessObjects.
2026-06-17 10:58:52 | INFO | Total consolidado de acessos encontrados: 14
2026-06-17 10:58:52 | INFO | Projeto 'Acesso 4° Ano - km 274+950 - BR153/GO' carregado para arvore. Groups=12 | UserLists=1 | Outros=1
2026-06-17 10:58:52 | INFO | Iniciando leitura da seguranca do projeto 'Acesso 4°Ano 303+820' (ID: 62135)
2026-06-17 10:58:53 | INFO | Get-PWFolderSecurity retornou 29 item(ns).
2026-06-17 10:58:53 | INFO | Get-PWFolderTreeAccessObjects retornou 1 item(ns).
2026-06-17 10:58:53 | WARN | Cmdlet Get-PWProjectSecurity nao encontrado no ambiente. A leitura seguira apenas com FolderSecurity/TreeAccessObjects.
2026-06-17 10:58:53 | INFO | Total consolidado de acessos encontrados: 14
2026-06-17 10:58:53 | INFO | Projeto 'Acesso 4° Ano - km 303+820 - BR153/GO' carregado para arvore. Groups=12 | UserLists=1 | Outros=1
2026-06-17 10:58:53 | INFO | Iniciando leitura da seguranca do projeto 'Acesso 5°Ano 188+210' (ID: 66822)
2026-06-17 10:58:54 | INFO | Get-PWFolderSecurity retornou 29 item(ns).
2026-06-17 10:58:54 | INFO | Get-PWFolderTreeAccessObjects retornou 1 item(ns).
2026-06-17 10:58:54 | WARN | Cmdlet Get-PWProjectSecurity nao encontrado no ambiente. A leitura seguira apenas com FolderSecurity/TreeAccessObjects.
2026-06-17 10:58:54 | INFO | Total consolidado de acessos encontrados: 14
2026-06-17 10:58:54 | INFO | Projeto 'Acesso 5° Ano - km 188+210 - BR153/GO' carregado para arvore. Groups=12 | UserLists=1 | Outros=1
2026-06-17 10:58:54 | INFO | Iniciando leitura da seguranca do projeto 'Acesso 5°Ano 188+550' (ID: 67603)
2026-06-17 10:58:55 | INFO | Get-PWFolderSecurity retornou 29 item(ns).
2026-06-17 10:58:55 | INFO | Get-PWFolderTreeAccessObjects retornou 1 item(ns).
2026-06-17 10:58:55 | WARN | Cmdlet Get-PWProjectSecurity nao encontrado no ambiente. A leitura seguira apenas com FolderSecurity/TreeAccessObjects.
2026-06-17 10:58:55 | INFO | Total consolidado de acessos encontrados: 14
2026-06-17 10:58:55 | INFO | Projeto 'Acesso 5° Ano - km 188+550 - BR153/GO' carregado para arvore. Groups=12 | UserLists=1 | Outros=1
2026-06-17 10:58:55 | INFO | Iniciando leitura da seguranca do projeto 'Acesso 5°Ano 265+320' (ID: 68384)
2026-06-17 10:58:57 | INFO | Get-PWFolderSecurity retornou 29 item(ns).
2026-06-17 10:58:57 | INFO | Get-PWFolderTreeAccessObjects retornou 1 item(ns).
2026-06-17 10:58:57 | WARN | Cmdlet Get-PWProjectSecurity nao encontrado no ambiente. A leitura seguira apenas com FolderSecurity/TreeAccessObjects.
2026-06-17 10:58:57 | INFO | Total consolidado de acessos encontrados: 14
2026-06-17 10:58:57 | INFO | Projeto 'Acesso 5° Ano - km 265+320 - BR153/GO' carregado para arvore. Groups=12 | UserLists=1 | Outros=1
2026-06-17 10:58:57 | INFO | Iniciando leitura da seguranca do projeto 'Acesso 6°Ano 158+630' (ID: 237749)
2026-06-17 10:58:58 | INFO | Get-PWFolderSecurity retornou 29 item(ns).
2026-06-17 10:58:58 | INFO | Get-PWFolderTreeAccessObjects retornou 1 item(ns).
2026-06-17 10:58:58 | WARN | Cmdlet Get-PWProjectSecurity nao encontrado no ambiente. A leitura seguira apenas com FolderSecurity/TreeAccessObjects.
2026-06-17 10:58:58 | INFO | Total consolidado de acessos encontrados: 14
2026-06-17 10:58:58 | INFO | Projeto 'Acesso 6° Ano - km 158+630 - BR153/GO' carregado para arvore. Groups=12 | UserLists=1 | Outros=1
2026-06-17 10:58:58 | INFO | Iniciando leitura da seguranca do projeto 'Acesso 6°Ano 693+000' (ID: 71509)
2026-06-17 10:59:00 | INFO | Get-PWFolderSecurity retornou 29 item(ns).
2026-06-17 10:59:00 | INFO | Get-PWFolderTreeAccessObjects retornou 1 item(ns).
2026-06-17 10:59:00 | WARN | Cmdlet Get-PWProjectSecurity nao encontrado no ambiente. A leitura seguira apenas com FolderSecurity/TreeAccessObjects.
2026-06-17 10:59:00 | INFO | Total consolidado de acessos encontrados: 14
2026-06-17 10:59:00 | INFO | Projeto 'Acesso 6° Ano - km 693+000 - BR153/TO' carregado para arvore. Groups=12 | UserLists=1 | Outros=1
2026-06-17 10:59:00 | INFO | Iniciando leitura da seguranca do projeto 'Acesso 7°Ano 124+420' (ID: 239311)
2026-06-17 10:59:01 | INFO | Get-PWFolderSecurity retornou 29 item(ns).
2026-06-17 10:59:01 | INFO | Get-PWFolderTreeAccessObjects retornou 1 item(ns).
2026-06-17 10:59:01 | WARN | Cmdlet Get-PWProjectSecurity nao encontrado no ambiente. A leitura seguira apenas com FolderSecurity/TreeAccessObjects.
2026-06-17 10:59:01 | INFO | Total consolidado de acessos encontrados: 14
2026-06-17 10:59:01 | INFO | Projeto 'Acesso 7° Ano - km 124+420 - BR153/GO' carregado para arvore. Groups=12 | UserLists=1 | Outros=1
2026-06-17 10:59:01 | INFO | Iniciando leitura da seguranca do projeto 'Acesso 7°Ano 141+870' (ID: 240092)
2026-06-17 10:59:02 | INFO | Get-PWFolderSecurity retornou 29 item(ns).
2026-06-17 10:59:02 | INFO | Get-PWFolderTreeAccessObjects retornou 1 item(ns).
2026-06-17 10:59:03 | WARN | Cmdlet Get-PWProjectSecurity nao encontrado no ambiente. A leitura seguira apenas com FolderSecurity/TreeAccessObjects.
2026-06-17 10:59:03 | INFO | Total consolidado de acessos encontrados: 14
2026-06-17 10:59:03 | INFO | Projeto 'Acesso 7° Ano - km 141+870 - BR153/GO' carregado para arvore. Groups=12 | UserLists=1 | Outros=1
2026-06-17 10:59:03 | INFO | Iniciando leitura da seguranca do projeto 'Acesso 7°Ano 91+280' (ID: 238530)
2026-06-17 10:59:04 | INFO | Get-PWFolderSecurity retornou 29 item(ns).
2026-06-17 10:59:04 | INFO | Get-PWFolderTreeAccessObjects retornou 1 item(ns).
2026-06-17 10:59:04 | WARN | Cmdlet Get-PWProjectSecurity nao encontrado no ambiente. A leitura seguira apenas com FolderSecurity/TreeAccessObjects.
2026-06-17 10:59:04 | INFO | Total consolidado de acessos encontrados: 14
2026-06-17 10:59:04 | INFO | Projeto 'Acesso 7° Ano - km 91+280 - BR153/GO' carregado para arvore. Groups=12 | UserLists=1 | Outros=1
2026-06-17 10:59:04 | INFO | Iniciando leitura da seguranca do projeto 'Acesso 8°Ano 31+50' (ID: 240874)
2026-06-17 10:59:05 | INFO | Get-PWFolderSecurity retornou 29 item(ns).
2026-06-17 10:59:05 | INFO | Get-PWFolderTreeAccessObjects retornou 1 item(ns).
2026-06-17 10:59:05 | WARN | Cmdlet Get-PWProjectSecurity nao encontrado no ambiente. A leitura seguira apenas com FolderSecurity/TreeAccessObjects.
2026-06-17 10:59:05 | INFO | Total consolidado de acessos encontrados: 14
2026-06-17 10:59:05 | INFO | Projeto 'Acesso 8° Ano - km 31+50 - BR153/GO' carregado para arvore. Groups=12 | UserLists=1 | Outros=1
2026-06-17 10:59:05 | INFO | Iniciando leitura da seguranca do projeto 'Acesso 8°Ano 72+48' (ID: 241681)
2026-06-17 10:59:06 | INFO | Get-PWFolderSecurity retornou 29 item(ns).
2026-06-17 10:59:07 | INFO | Get-PWFolderTreeAccessObjects retornou 1 item(ns).
2026-06-17 10:59:07 | WARN | Cmdlet Get-PWProjectSecurity nao encontrado no ambiente. A leitura seguira apenas com FolderSecurity/TreeAccessObjects.
2026-06-17 10:59:07 | INFO | Total consolidado de acessos encontrados: 14
2026-06-17 10:59:07 | INFO | Projeto 'Acesso 8° Ano - km 72+48 - BR153/GO' carregado para arvore. Groups=12 | UserLists=1 | Outros=1
2026-06-17 10:59:07 | INFO | Iniciando leitura da seguranca do projeto 'Acesso km 35 - BR414/GO' (ID: 298790)
2026-06-17 10:59:08 | INFO | Get-PWFolderSecurity retornou 29 item(ns).
2026-06-17 10:59:08 | INFO | Get-PWFolderTreeAccessObjects retornou 1 item(ns).
2026-06-17 10:59:08 | WARN | Cmdlet Get-PWProjectSecurity nao encontrado no ambiente. A leitura seguira apenas com FolderSecurity/TreeAccessObjects.
2026-06-17 10:59:08 | INFO | Total consolidado de acessos encontrados: 14
2026-06-17 10:59:08 | INFO | Projeto 'Acesso km 435+000 - BR414/GO' carregado para arvore. Groups=12 | UserLists=1 | Outros=1
2026-06-17 10:59:08 | INFO | Iniciando leitura da seguranca do projeto 'Adequação Faixa BR-080' (ID: 210381)
2026-06-17 10:59:09 | INFO | Get-PWFolderSecurity retornou 29 item(ns).
2026-06-17 10:59:09 | INFO | Get-PWFolderTreeAccessObjects retornou 1 item(ns).
2026-06-17 10:59:09 | WARN | Cmdlet Get-PWProjectSecurity nao encontrado no ambiente. A leitura seguira apenas com FolderSecurity/TreeAccessObjects.
2026-06-17 10:59:09 | INFO | Total consolidado de acessos encontrados: 14
2026-06-17 10:59:09 | INFO | Projeto 'Adequação Largura de Faixa Existente 8° Ano - BR080/GO' carregado para arvore. Groups=12 | UserLists=1 | Outros=1
2026-06-17 10:59:09 | INFO | Iniciando leitura da seguranca do projeto 'Adequação Faixa BR-414' (ID: 209600)
2026-06-17 10:59:10 | INFO | Get-PWFolderSecurity retornou 29 item(ns).
2026-06-17 10:59:10 | INFO | Get-PWFolderTreeAccessObjects retornou 1 item(ns).
2026-06-17 10:59:10 | WARN | Cmdlet Get-PWProjectSecurity nao encontrado no ambiente. A leitura seguira apenas com FolderSecurity/TreeAccessObjects.
2026-06-17 10:59:10 | INFO | Total consolidado de acessos encontrados: 14
2026-06-17 10:59:10 | INFO | Projeto 'Adequação Largura de Faixa Existente 8° Ano - BR414/GO' carregado para arvore. Groups=12 | UserLists=1 | Outros=1
2026-06-17 10:59:10 | INFO | Iniciando leitura da seguranca do projeto 'Agulha 11' (ID: 330034)
2026-06-17 10:59:12 | INFO | Get-PWFolderSecurity retornou 29 item(ns).
2026-06-17 10:59:12 | INFO | Get-PWFolderTreeAccessObjects retornou 1 item(ns).
2026-06-17 10:59:12 | WARN | Cmdlet Get-PWProjectSecurity nao encontrado no ambiente. A leitura seguira apenas com FolderSecurity/TreeAccessObjects.
2026-06-17 10:59:12 | INFO | Total consolidado de acessos encontrados: 14
2026-06-17 10:59:12 | INFO | Projeto 'Agulha 11 - km 672+200 - BR153/TO' carregado para arvore. Groups=12 | UserLists=1 | Outros=1
2026-06-17 10:59:12 | INFO | Iniciando leitura da seguranca do projeto 'Agulha 12, 14 e 15' (ID: 331602)
2026-06-17 10:59:13 | INFO | Get-PWFolderSecurity retornou 29 item(ns).
2026-06-17 10:59:13 | INFO | Get-PWFolderTreeAccessObjects retornou 1 item(ns).
2026-06-17 10:59:13 | WARN | Cmdlet Get-PWProjectSecurity nao encontrado no ambiente. A leitura seguira apenas com FolderSecurity/TreeAccessObjects.
2026-06-17 10:59:13 | INFO | Total consolidado de acessos encontrados: 14
2026-06-17 10:59:13 | INFO | Projeto 'Agulha 12, 14 e 15 - km 671+672 - BR153/TO' carregado para arvore. Groups=12 | UserLists=1 | Outros=1
2026-06-17 10:59:13 | INFO | Iniciando leitura da seguranca do projeto 'Agulha 13' (ID: 330821)
2026-06-17 10:59:14 | INFO | Get-PWFolderSecurity retornou 29 item(ns).
2026-06-17 10:59:14 | INFO | Get-PWFolderTreeAccessObjects retornou 1 item(ns).
2026-06-17 10:59:14 | WARN | Cmdlet Get-PWProjectSecurity nao encontrado no ambiente. A leitura seguira apenas com FolderSecurity/TreeAccessObjects.
2026-06-17 10:59:14 | INFO | Total consolidado de acessos encontrados: 14
2026-06-17 10:59:14 | INFO | Projeto 'Agulha 13 - km 675+400 - BR153/TO' carregado para arvore. Groups=12 | UserLists=1 | Outros=1
2026-06-17 10:59:14 | INFO | Iniciando leitura da seguranca do projeto 'Alças Viadutos km 432+441' (ID: 211162)
2026-06-17 10:59:16 | INFO | Get-PWFolderSecurity retornou 29 item(ns).
2026-06-17 10:59:16 | INFO | Get-PWFolderTreeAccessObjects retornou 1 item(ns).
2026-06-17 10:59:16 | WARN | Cmdlet Get-PWProjectSecurity nao encontrado no ambiente. A leitura seguira apenas com FolderSecurity/TreeAccessObjects.
2026-06-17 10:59:16 | INFO | Total consolidado de acessos encontrados: 14
2026-06-17 10:59:16 | INFO | Projeto 'Alças Viadutos - km 432+441 - BR153/GO' carregado para arvore. Groups=12 | UserLists=1 | Outros=1
2026-06-17 10:59:16 | INFO | Iniciando leitura da seguranca do projeto 'Ampliações 10°Ano SH 10' (ID: 236186)
2026-06-17 10:59:17 | INFO | Get-PWFolderSecurity retornou 29 item(ns).
2026-06-17 10:59:17 | INFO | Get-PWFolderTreeAccessObjects retornou 1 item(ns).
2026-06-17 10:59:17 | WARN | Cmdlet Get-PWProjectSecurity nao encontrado no ambiente. A leitura seguira apenas com FolderSecurity/TreeAccessObjects.
2026-06-17 10:59:17 | INFO | Total consolidado de acessos encontrados: 14
2026-06-17 10:59:17 | INFO | Projeto 'Ampliações 10° Ano SH 10 - km 71+08 - 107+120 - BR153/GO' carregado para arvore. Groups=12 | UserLists=1 | Outros=1
2026-06-17 10:59:17 | INFO | Iniciando leitura da seguranca do projeto 'Ampliações 10°Ano SH 12' (ID: 236967)
2026-06-17 10:59:18 | INFO | Get-PWFolderSecurity retornou 29 item(ns).
2026-06-17 10:59:18 | INFO | Get-PWFolderTreeAccessObjects retornou 1 item(ns).
2026-06-17 10:59:18 | WARN | Cmdlet Get-PWProjectSecurity nao encontrado no ambiente. A leitura seguira apenas com FolderSecurity/TreeAccessObjects.
2026-06-17 10:59:18 | INFO | Total consolidado de acessos encontrados: 14
2026-06-17 10:59:18 | INFO | Projeto 'Ampliações 10° Ano SH 12 -  km 124+420 - 141+850 - BR153/GO' carregado para arvore. Groups=12 | UserLists=1 | Outros=1
2026-06-17 10:59:18 | INFO | Iniciando leitura da seguranca do projeto 'Ampliações 20°Ano SH 1' (ID: 75414)
2026-06-17 10:59:19 | INFO | Get-PWFolderSecurity retornou 29 item(ns).
2026-06-17 10:59:19 | INFO | Get-PWFolderTreeAccessObjects retornou 1 item(ns).
2026-06-17 10:59:19 | WARN | Cmdlet Get-PWProjectSecurity nao encontrado no ambiente. A leitura seguira apenas com FolderSecurity/TreeAccessObjects.
2026-06-17 10:59:19 | INFO | Total consolidado de acessos encontrados: 14
2026-06-17 10:59:19 | INFO | Projeto 'Ampliações 20° Ano SH 1 - km 624+300 - 663+000 - BR153/TO' carregado para arvore. Groups=12 | UserLists=1 | Outros=1
2026-06-17 10:59:19 | INFO | Iniciando leitura da seguranca do projeto 'Ampliações 23°Ano SH 6' (ID: 74633)
2026-06-17 10:59:20 | INFO | Get-PWFolderSecurity retornou 29 item(ns).
2026-06-17 10:59:20 | INFO | Get-PWFolderTreeAccessObjects retornou 1 item(ns).
2026-06-17 10:59:20 | WARN | Cmdlet Get-PWProjectSecurity nao encontrado no ambiente. A leitura seguira apenas com FolderSecurity/TreeAccessObjects.
2026-06-17 10:59:20 | INFO | Total consolidado de acessos encontrados: 14
2026-06-17 10:59:20 | INFO | Projeto 'Ampliações 23° Ano SH 6 - km 800+000 - 802+531 - BR153/TO' carregado para arvore. Groups=12 | UserLists=1 | Outros=1
2026-06-17 10:59:20 | INFO | Iniciando leitura da seguranca do projeto 'Ampliações 3° Ano SH 1' (ID: 306343)
2026-06-17 10:59:23 | INFO | Get-PWFolderSecurity retornou 29 item(ns).
2026-06-17 10:59:23 | INFO | Get-PWFolderTreeAccessObjects retornou 1 item(ns).
2026-06-17 10:59:23 | WARN | Cmdlet Get-PWProjectSecurity nao encontrado no ambiente. A leitura seguira apenas com FolderSecurity/TreeAccessObjects.
2026-06-17 10:59:23 | INFO | Total consolidado de acessos encontrados: 14
2026-06-17 10:59:23 | INFO | Projeto 'Ampliações 3° Ano SH 1* - km 622+700 - 624+300 - BR153/TO' carregado para arvore. Groups=12 | UserLists=1 | Outros=1
2026-06-17 10:59:23 | INFO | Iniciando leitura da seguranca do projeto 'Ampliações 3°Ano SH 1,5' (ID: 76195)
2026-06-17 10:59:27 | INFO | Get-PWFolderSecurity retornou 29 item(ns).
2026-06-17 10:59:27 | INFO | Get-PWFolderTreeAccessObjects retornou 1 item(ns).
2026-06-17 10:59:27 | WARN | Cmdlet Get-PWProjectSecurity nao encontrado no ambiente. A leitura seguira apenas com FolderSecurity/TreeAccessObjects.
2026-06-17 10:59:27 | INFO | Total consolidado de acessos encontrados: 14
2026-06-17 10:59:27 | INFO | Projeto 'Ampliações 3° Ano SH 1,5 - km 663+000 - 671+190 - BR153/TO' carregado para arvore. Groups=12 | UserLists=1 | Outros=1
2026-06-17 10:59:27 | INFO | Iniciando leitura da seguranca do projeto 'Ampliações 3°Ano SH 2*' (ID: 100581)
2026-06-17 10:59:28 | INFO | Get-PWFolderSecurity retornou 20 item(ns).
2026-06-17 10:59:28 | INFO | Get-PWFolderTreeAccessObjects retornou 1 item(ns).
2026-06-17 10:59:28 | WARN | Cmdlet Get-PWProjectSecurity nao encontrado no ambiente. A leitura seguira apenas com FolderSecurity/TreeAccessObjects.
2026-06-17 10:59:28 | INFO | Total consolidado de acessos encontrados: 5
2026-06-17 10:59:28 | INFO | Projeto 'Ampliações 3° Ano SH 2* - km 671+190 - 677+000 - BR153/TO' carregado para arvore. Groups=3 | UserLists=1 | Outros=1
2026-06-17 10:59:28 | INFO | Iniciando leitura da seguranca do projeto 'Ampliações 4°Ano SH 14' (ID: 63697)
2026-06-17 10:59:29 | INFO | Get-PWFolderSecurity retornou 29 item(ns).
2026-06-17 10:59:29 | INFO | Get-PWFolderTreeAccessObjects retornou 1 item(ns).
2026-06-17 10:59:29 | WARN | Cmdlet Get-PWProjectSecurity nao encontrado no ambiente. A leitura seguira apenas com FolderSecurity/TreeAccessObjects.
2026-06-17 10:59:29 | INFO | Total consolidado de acessos encontrados: 14
2026-06-17 10:59:29 | INFO | Projeto 'Ampliações 4° Ano SH 14 - km 176+030 - 199+430 - BR153/GO' carregado para arvore. Groups=12 | UserLists=1 | Outros=1
2026-06-17 10:59:29 | INFO | Iniciando leitura da seguranca do projeto 'Ampliações 4°Ano SH 20 e 21' (ID: 64479)
2026-06-17 10:59:31 | INFO | Get-PWFolderSecurity retornou 29 item(ns).
2026-06-17 10:59:31 | INFO | Get-PWFolderTreeAccessObjects retornou 1 item(ns).
2026-06-17 10:59:31 | WARN | Cmdlet Get-PWProjectSecurity nao encontrado no ambiente. A leitura seguira apenas com FolderSecurity/TreeAccessObjects.
2026-06-17 10:59:31 | INFO | Total consolidado de acessos encontrados: 14
2026-06-17 10:59:31 | INFO | Projeto 'Ampliações 4° Ano SH 20 e 21 - km 288+500 - 319+240 - BR153/GO' carregado para arvore. Groups=12 | UserLists=1 | Outros=1
2026-06-17 10:59:31 | INFO | Iniciando leitura da seguranca do projeto 'Ampliações 4°Ano SH 3* e 4*' (ID: 65260)
2026-06-17 10:59:32 | INFO | Get-PWFolderSecurity retornou 29 item(ns).
2026-06-17 10:59:33 | INFO | Get-PWFolderTreeAccessObjects retornou 1 item(ns).
2026-06-17 10:59:33 | WARN | Cmdlet Get-PWProjectSecurity nao encontrado no ambiente. A leitura seguira apenas com FolderSecurity/TreeAccessObjects.
2026-06-17 10:59:33 | INFO | Total consolidado de acessos encontrados: 14
2026-06-17 10:59:33 | INFO | Projeto 'Ampliações 4°Ano SH 3* e 4*- km 720+800 - 724+000 - BR153/TO' carregado para arvore. Groups=12 | UserLists=1 | Outros=1
2026-06-17 10:59:33 | INFO | Iniciando leitura da seguranca do projeto 'Ampliações 4°Ano SH 4*' (ID: 66041)
2026-06-17 10:59:36 | INFO | Get-PWFolderSecurity retornou 29 item(ns).
2026-06-17 10:59:36 | INFO | Get-PWFolderTreeAccessObjects retornou 1 item(ns).
2026-06-17 10:59:36 | WARN | Cmdlet Get-PWProjectSecurity nao encontrado no ambiente. A leitura seguira apenas com FolderSecurity/TreeAccessObjects.
2026-06-17 10:59:36 | INFO | Total consolidado de acessos encontrados: 14
2026-06-17 10:59:36 | INFO | Projeto 'Ampliações 4°Ano SH 4* - km 721+905 - 760+644 - BR153/TO' carregado para arvore. Groups=12 | UserLists=1 | Outros=1
2026-06-17 10:59:36 | INFO | Iniciando leitura da seguranca do projeto 'Ampliações 4°Ano SH 5* e 6*' (ID: 62916)
2026-06-17 10:59:38 | INFO | Get-PWFolderSecurity retornou 29 item(ns).
2026-06-17 10:59:38 | INFO | Get-PWFolderTreeAccessObjects retornou 1 item(ns).
2026-06-17 10:59:38 | WARN | Cmdlet Get-PWProjectSecurity nao encontrado no ambiente. A leitura seguira apenas com FolderSecurity/TreeAccessObjects.
2026-06-17 10:59:38 | INFO | Total consolidado de acessos encontrados: 14
2026-06-17 10:59:38 | INFO | Projeto 'Ampliações 4° Ano SH 5* e 6* - km 797+300 - 800+000 - BR153/TO' carregado para arvore. Groups=12 | UserLists=1 | Outros=1
2026-06-17 10:59:38 | INFO | Iniciando leitura da seguranca do projeto 'Ampliações 5°Ano SH 18 e 19' (ID: 69165)
2026-06-17 10:59:39 | INFO | Get-PWFolderSecurity retornou 29 item(ns).
2026-06-17 10:59:40 | INFO | Get-PWFolderTreeAccessObjects retornou 1 item(ns).
2026-06-17 10:59:40 | WARN | Cmdlet Get-PWProjectSecurity nao encontrado no ambiente. A leitura seguira apenas com FolderSecurity/TreeAccessObjects.
2026-06-17 10:59:40 | INFO | Total consolidado de acessos encontrados: 14
2026-06-17 10:59:40 | INFO | Projeto 'Ampliações 5°Ano SH 18 e 19 - km 274+940 - 288+500 - BR153/GO' carregado para arvore. Groups=12 | UserLists=1 | Outros=1
2026-06-17 10:59:40 | INFO | Iniciando leitura da seguranca do projeto 'Ampliações 5°Ano SH 2' (ID: 69946)
2026-06-17 10:59:41 | INFO | Get-PWFolderSecurity retornou 29 item(ns).
2026-06-17 10:59:41 | INFO | Get-PWFolderTreeAccessObjects retornou 1 item(ns).
2026-06-17 10:59:41 | WARN | Cmdlet Get-PWProjectSecurity nao encontrado no ambiente. A leitura seguira apenas com FolderSecurity/TreeAccessObjects.
2026-06-17 10:59:41 | INFO | Total consolidado de acessos encontrados: 14
2026-06-17 10:59:41 | INFO | Projeto 'Ampliações 5°Ano SH 2 - km 677+000 - 701+900 - BR153/TO' carregado para arvore. Groups=12 | UserLists=1 | Outros=1
2026-06-17 10:59:41 | INFO | Iniciando leitura da seguranca do projeto 'Ampliações 5°Ano SH 22' (ID: 70727)
2026-06-17 10:59:42 | INFO | Get-PWFolderSecurity retornou 29 item(ns).
2026-06-17 10:59:42 | INFO | Get-PWFolderTreeAccessObjects retornou 1 item(ns).
2026-06-17 10:59:43 | WARN | Cmdlet Get-PWProjectSecurity nao encontrado no ambiente. A leitura seguira apenas com FolderSecurity/TreeAccessObjects.
2026-06-17 10:59:43 | INFO | Total consolidado de acessos encontrados: 14
2026-06-17 10:59:43 | INFO | Projeto 'Ampliações 5°Ano SH 22 - km 319+240 - 321+850 - BR153/GO' carregado para arvore. Groups=12 | UserLists=1 | Outros=1
2026-06-17 10:59:43 | INFO | Iniciando leitura da seguranca do projeto 'Ampliações 6°Ano SH 16 e 17' (ID: 72290)
2026-06-17 10:59:44 | INFO | Get-PWFolderSecurity retornou 29 item(ns).
2026-06-17 10:59:44 | INFO | Get-PWFolderTreeAccessObjects retornou 1 item(ns).
2026-06-17 10:59:44 | WARN | Cmdlet Get-PWProjectSecurity nao encontrado no ambiente. A leitura seguira apenas com FolderSecurity/TreeAccessObjects.
2026-06-17 10:59:44 | INFO | Total consolidado de acessos encontrados: 14
2026-06-17 10:59:44 | INFO | Projeto 'Ampliações 6° Ano SH 16 e 17 - km 212+450 - 274+940 - BR153/GO' carregado para arvore. Groups=12 | UserLists=1 | Outros=1
2026-06-17 10:59:44 | INFO | Iniciando leitura da seguranca do projeto 'Ampliações 6°Ano SH 23' (ID: 73071)
2026-06-17 10:59:45 | INFO | Get-PWFolderSecurity retornou 29 item(ns).
2026-06-17 10:59:45 | INFO | Get-PWFolderTreeAccessObjects retornou 1 item(ns).
2026-06-17 10:59:45 | WARN | Cmdlet Get-PWProjectSecurity nao encontrado no ambiente. A leitura seguira apenas com FolderSecurity/TreeAccessObjects.
2026-06-17 10:59:45 | INFO | Total consolidado de acessos encontrados: 14
2026-06-17 10:59:45 | INFO | Projeto 'Ampliações 6° Ano SH 23 - km 321+850 - 357+290 - BR153/GO' carregado para arvore. Groups=12 | UserLists=1 | Outros=1
2026-06-17 10:59:45 | INFO | Iniciando leitura da seguranca do projeto 'Ampliações 7°Ano SH 11' (ID: 211943)
2026-06-17 10:59:47 | INFO | Get-PWFolderSecurity retornou 29 item(ns).
2026-06-17 10:59:47 | INFO | Get-PWFolderTreeAccessObjects retornou 1 item(ns).
2026-06-17 10:59:47 | WARN | Cmdlet Get-PWProjectSecurity nao encontrado no ambiente. A leitura seguira apenas com FolderSecurity/TreeAccessObjects.
2026-06-17 10:59:47 | INFO | Total consolidado de acessos encontrados: 14
2026-06-17 10:59:47 | INFO | Projeto 'Ampliações 7° Ano SH 11 - km 107+120 - 124+420 - BR153/GO' carregado para arvore. Groups=12 | UserLists=1 | Outros=1
2026-06-17 10:59:47 | INFO | Iniciando leitura da seguranca do projeto 'Ampliações 7°Ano SH 15' (ID: 73852)
2026-06-17 10:59:48 | INFO | Get-PWFolderSecurity retornou 29 item(ns).
2026-06-17 10:59:48 | INFO | Get-PWFolderTreeAccessObjects retornou 1 item(ns).
2026-06-17 10:59:48 | WARN | Cmdlet Get-PWProjectSecurity nao encontrado no ambiente. A leitura seguira apenas com FolderSecurity/TreeAccessObjects.
2026-06-17 10:59:48 | INFO | Total consolidado de acessos encontrados: 14
2026-06-17 10:59:48 | INFO | Projeto 'Ampliações 7° Ano SH 15 - km 199+430 - 212+450 - BR153/GO' carregado para arvore. Groups=12 | UserLists=1 | Outros=1
2026-06-17 10:59:48 | INFO | Iniciando leitura da seguranca do projeto 'Ampliações 7°Ano SH 24 a 26' (ID: 212724)
2026-06-17 10:59:49 | INFO | Get-PWFolderSecurity retornou 29 item(ns).
2026-06-17 10:59:49 | INFO | Get-PWFolderTreeAccessObjects retornou 1 item(ns).
2026-06-17 10:59:49 | WARN | Cmdlet Get-PWProjectSecurity nao encontrado no ambiente. A leitura seguira apenas com FolderSecurity/TreeAccessObjects.
2026-06-17 10:59:49 | INFO | Total consolidado de acessos encontrados: 14
2026-06-17 10:59:49 | INFO | Projeto 'Ampliações 7° Ano SH 24 a 26 - km 357+292 - 377+170 - BR153/GO' carregado para arvore. Groups=12 | UserLists=1 | Outros=1
2026-06-17 10:59:49 | INFO | Iniciando leitura da seguranca do projeto 'Ampliações 8°Ano SH 27 e 28' (ID: 213506)
2026-06-17 10:59:51 | INFO | Get-PWFolderSecurity retornou 29 item(ns).
2026-06-17 10:59:51 | INFO | Get-PWFolderTreeAccessObjects retornou 1 item(ns).
2026-06-17 10:59:51 | WARN | Cmdlet Get-PWProjectSecurity nao encontrado no ambiente. A leitura seguira apenas com FolderSecurity/TreeAccessObjects.
2026-06-17 10:59:51 | INFO | Total consolidado de acessos encontrados: 14
2026-06-17 10:59:51 | INFO | Projeto 'Ampliações 8° Ano SH 27 e 28 - km 377+170 - 420+530 - BR153/GO' carregado para arvore. Groups=12 | UserLists=1 | Outros=1
2026-06-17 10:59:51 | INFO | Iniciando leitura da seguranca do projeto 'Ampliações 8°Ano SH 29 e 30' (ID: 214287)
2026-06-17 10:59:52 | INFO | Get-PWFolderSecurity retornou 29 item(ns).
2026-06-17 10:59:52 | INFO | Get-PWFolderTreeAccessObjects retornou 1 item(ns).
2026-06-17 10:59:52 | WARN | Cmdlet Get-PWProjectSecurity nao encontrado no ambiente. A leitura seguira apenas com FolderSecurity/TreeAccessObjects.
2026-06-17 10:59:52 | INFO | Total consolidado de acessos encontrados: 14
2026-06-17 10:59:52 | INFO | Projeto 'Ampliações 8° Ano SH 29 a 30 - km 429+725 - 438+50 - BR153/GO' carregado para arvore. Groups=12 | UserLists=1 | Outros=1
2026-06-17 10:59:52 | INFO | Iniciando leitura da seguranca do projeto 'Ampliações 9°Ano SH 30' (ID: 215068)
2026-06-17 10:59:53 | INFO | Get-PWFolderSecurity retornou 29 item(ns).
2026-06-17 10:59:54 | INFO | Get-PWFolderTreeAccessObjects retornou 1 item(ns).
2026-06-17 10:59:54 | WARN | Cmdlet Get-PWProjectSecurity nao encontrado no ambiente. A leitura seguira apenas com FolderSecurity/TreeAccessObjects.
2026-06-17 10:59:54 | INFO | Total consolidado de acessos encontrados: 14
2026-06-17 10:59:54 | INFO | Projeto 'Ampliações 9° Ano SH 30 - km 435+50 - 444+132 - BR153/GO' carregado para arvore. Groups=12 | UserLists=1 | Outros=1
2026-06-17 10:59:54 | INFO | Iniciando leitura da seguranca do projeto 'Ampliações 9°Ano SH 42' (ID: 235405)
2026-06-17 10:59:55 | INFO | Get-PWFolderSecurity retornou 29 item(ns).
2026-06-17 10:59:55 | INFO | Get-PWFolderTreeAccessObjects retornou 1 item(ns).
2026-06-17 10:59:55 | WARN | Cmdlet Get-PWProjectSecurity nao encontrado no ambiente. A leitura seguira apenas com FolderSecurity/TreeAccessObjects.
2026-06-17 10:59:55 | INFO | Total consolidado de acessos encontrados: 14
2026-06-17 10:59:55 | INFO | Projeto 'Ampliações 9° Ano SH 42 - km 395+890 - 409+05 - BR414/GO' carregado para arvore. Groups=12 | UserLists=1 | Outros=1
2026-06-17 10:59:55 | INFO | Iniciando leitura da seguranca do projeto 'Atendimento classe 1A' (ID: 395024)
2026-06-17 10:59:56 | INFO | Get-PWFolderSecurity retornou 29 item(ns).
2026-06-17 10:59:56 | INFO | Get-PWFolderTreeAccessObjects retornou 1 item(ns).
2026-06-17 10:59:56 | WARN | Cmdlet Get-PWProjectSecurity nao encontrado no ambiente. A leitura seguira apenas com FolderSecurity/TreeAccessObjects.
2026-06-17 10:59:56 | INFO | Total consolidado de acessos encontrados: 14
2026-06-17 10:59:56 | INFO | Projeto 'Adequação Largura de Faixa Existente - Atendimento classe 1A' carregado para arvore. Groups=12 | UserLists=1 | Outros=1
2026-06-17 10:59:56 | INFO | Iniciando leitura da seguranca do projeto 'BSO 01 km 422+420' (ID: 269955)
2026-06-17 10:59:57 | INFO | Get-PWFolderSecurity retornou 29 item(ns).
2026-06-17 10:59:57 | INFO | Get-PWFolderTreeAccessObjects retornou 1 item(ns).
2026-06-17 10:59:57 | WARN | Cmdlet Get-PWProjectSecurity nao encontrado no ambiente. A leitura seguira apenas com FolderSecurity/TreeAccessObjects.
2026-06-17 10:59:57 | INFO | Total consolidado de acessos encontrados: 14
2026-06-17 10:59:57 | INFO | Projeto 'BSO 1 (sem SAU) - Anápolis - km 422+420 Norte - BR153/GO' carregado para arvore. Groups=12 | UserLists=1 | Outros=1
2026-06-17 10:59:57 | INFO | Iniciando leitura da seguranca do projeto 'BSO 02 -  km 380+080' (ID: 271731)
2026-06-17 10:59:59 | INFO | Get-PWFolderSecurity retornou 29 item(ns).
2026-06-17 10:59:59 | INFO | Get-PWFolderTreeAccessObjects retornou 1 item(ns).
2026-06-17 10:59:59 | WARN | Cmdlet Get-PWProjectSecurity nao encontrado no ambiente. A leitura seguira apenas com FolderSecurity/TreeAccessObjects.
2026-06-17 10:59:59 | INFO | Total consolidado de acessos encontrados: 14
2026-06-17 10:59:59 | INFO | Projeto 'BSO 2 (sem SAU) - São Francisco de Goiás - km 380+080 Sul - BR153/GO' carregado para arvore. Groups=12 | UserLists=1 | Outros=1
2026-06-17 10:59:59 | INFO | Iniciando leitura da seguranca do projeto 'BSO 03 km 342+000' (ID: 273475)
2026-06-17 11:00:00 | INFO | Get-PWFolderSecurity retornou 29 item(ns).
2026-06-17 11:00:00 | INFO | Get-PWFolderTreeAccessObjects retornou 1 item(ns).
2026-06-17 11:00:00 | WARN | Cmdlet Get-PWProjectSecurity nao encontrado no ambiente. A leitura seguira apenas com FolderSecurity/TreeAccessObjects.
2026-06-17 11:00:00 | INFO | Total consolidado de acessos encontrados: 14
2026-06-17 11:00:00 | INFO | Projeto 'BSO 3 (com SAU) - Jaraguá - km 342+000 Norte - BR153/GO' carregado para arvore. Groups=12 | UserLists=1 | Outros=1
2026-06-17 11:00:00 | INFO | Iniciando leitura da seguranca do projeto 'BSO 04 km 295+280' (ID: 275236)
2026-06-17 11:00:01 | INFO | Get-PWFolderSecurity retornou 29 item(ns).
2026-06-17 11:00:01 | INFO | Get-PWFolderTreeAccessObjects retornou 1 item(ns).
2026-06-17 11:00:01 | WARN | Cmdlet Get-PWProjectSecurity nao encontrado no ambiente. A leitura seguira apenas com FolderSecurity/TreeAccessObjects.
2026-06-17 11:00:02 | INFO | Total consolidado de acessos encontrados: 14
2026-06-17 11:00:02 | INFO | Projeto 'BSO 4 (com SAU) - Rialma - km 295+280 Sul - BR153/GO' carregado para arvore. Groups=12 | UserLists=1 | Outros=1
2026-06-17 11:00:02 | INFO | Iniciando leitura da seguranca do projeto 'BSO 05 km 256+660' (ID: 276197)
2026-06-17 11:00:03 | INFO | Get-PWFolderSecurity retornou 29 item(ns).
2026-06-17 11:00:03 | INFO | Get-PWFolderTreeAccessObjects retornou 1 item(ns).
2026-06-17 11:00:03 | WARN | Cmdlet Get-PWProjectSecurity nao encontrado no ambiente. A leitura seguira apenas com FolderSecurity/TreeAccessObjects.
2026-06-17 11:00:03 | INFO | Total consolidado de acessos encontrados: 14
2026-06-17 11:00:03 | INFO | Projeto 'BSO 5 (sem SAU) - São Luiz do Norte - km 256+660 Norte - BR153/GO' carregado para arvore. Groups=12 | UserLists=1 | Outros=1
2026-06-17 11:00:03 | INFO | Iniciando leitura da seguranca do projeto 'BSO 06 km 212+760' (ID: 276978)
2026-06-17 11:00:04 | INFO | Get-PWFolderSecurity retornou 29 item(ns).
2026-06-17 11:00:04 | INFO | Get-PWFolderTreeAccessObjects retornou 1 item(ns).
2026-06-17 11:00:04 | WARN | Cmdlet Get-PWProjectSecurity nao encontrado no ambiente. A leitura seguira apenas com FolderSecurity/TreeAccessObjects.
2026-06-17 11:00:04 | INFO | Total consolidado de acessos encontrados: 14
2026-06-17 11:00:04 | INFO | Projeto 'BSO 6 (sem SAU) - Uruaçu - km 212+760 Sul - BR153/GO' carregado para arvore. Groups=12 | UserLists=1 | Outros=1
2026-06-17 11:00:04 | INFO | Iniciando leitura da seguranca do projeto 'BSO 07 km 170+980' (ID: 277759)
2026-06-17 11:00:05 | INFO | Get-PWFolderSecurity retornou 29 item(ns).
2026-06-17 11:00:05 | INFO | Get-PWFolderTreeAccessObjects retornou 1 item(ns).
2026-06-17 11:00:05 | WARN | Cmdlet Get-PWProjectSecurity nao encontrado no ambiente. A leitura seguira apenas com FolderSecurity/TreeAccessObjects.
2026-06-17 11:00:05 | INFO | Total consolidado de acessos encontrados: 14
2026-06-17 11:00:05 | INFO | Projeto 'BSO 7 (com SAU) - Campinorte - km 170+980 Norte - BR153/GO' carregado para arvore. Groups=12 | UserLists=1 | Outros=1
2026-06-17 11:00:05 | INFO | Iniciando leitura da seguranca do projeto 'BSO 08 km 129+880' (ID: 278540)
2026-06-17 11:00:07 | INFO | Get-PWFolderSecurity retornou 29 item(ns).
2026-06-17 11:00:07 | INFO | Get-PWFolderTreeAccessObjects retornou 1 item(ns).
2026-06-17 11:00:07 | WARN | Cmdlet Get-PWProjectSecurity nao encontrado no ambiente. A leitura seguira apenas com FolderSecurity/TreeAccessObjects.
2026-06-17 11:00:07 | INFO | Total consolidado de acessos encontrados: 14
2026-06-17 11:00:07 | INFO | Projeto 'BSO 08 (com SAU) - km 129+880 Sul - BR153/GO' carregado para arvore. Groups=12 | UserLists=1 | Outros=1
2026-06-17 11:00:07 | INFO | Iniciando leitura da seguranca do projeto 'BSO 09 km 087+040' (ID: 279321)
2026-06-17 11:00:08 | INFO | Get-PWFolderSecurity retornou 29 item(ns).
2026-06-17 11:00:09 | INFO | Get-PWFolderTreeAccessObjects retornou 1 item(ns).
2026-06-17 11:00:09 | WARN | Cmdlet Get-PWProjectSecurity nao encontrado no ambiente. A leitura seguira apenas com FolderSecurity/TreeAccessObjects.
2026-06-17 11:00:09 | INFO | Total consolidado de acessos encontrados: 14
2026-06-17 11:00:09 | INFO | Projeto 'BSO 09 (sem SAU) - km 087+040 Norte - BR153/GO' carregado para arvore. Groups=12 | UserLists=1 | Outros=1
2026-06-17 11:00:09 | INFO | Iniciando leitura da seguranca do projeto 'BSO 10 km 046+870' (ID: 280102)
2026-06-17 11:00:10 | INFO | Get-PWFolderSecurity retornou 29 item(ns).
2026-06-17 11:00:10 | INFO | Get-PWFolderTreeAccessObjects retornou 1 item(ns).
2026-06-17 11:00:10 | WARN | Cmdlet Get-PWProjectSecurity nao encontrado no ambiente. A leitura seguira apenas com FolderSecurity/TreeAccessObjects.
2026-06-17 11:00:10 | INFO | Total consolidado de acessos encontrados: 14
2026-06-17 11:00:10 | INFO | Projeto 'BSO 10 (sem SAU) - km 046+870 Sul - BR153/GO' carregado para arvore. Groups=12 | UserLists=1 | Outros=1
2026-06-17 11:00:10 | INFO | Iniciando leitura da seguranca do projeto 'BSO 11 km 409+260' (ID: 280883)
2026-06-17 11:00:12 | INFO | Get-PWFolderSecurity retornou 29 item(ns).
2026-06-17 11:00:12 | INFO | Get-PWFolderTreeAccessObjects retornou 1 item(ns).
2026-06-17 11:00:12 | WARN | Cmdlet Get-PWProjectSecurity nao encontrado no ambiente. A leitura seguira apenas com FolderSecurity/TreeAccessObjects.
2026-06-17 11:00:12 | INFO | Total consolidado de acessos encontrados: 14
2026-06-17 11:00:12 | INFO | Projeto 'BSO 11 (com SAU) - km 409+260 Norte - BR153/GO' carregado para arvore. Groups=12 | UserLists=1 | Outros=1
2026-06-17 11:00:12 | INFO | Iniciando leitura da seguranca do projeto 'BSO 12 km 765+220' (ID: 281664)
2026-06-17 11:00:13 | INFO | Get-PWFolderSecurity retornou 29 item(ns).
2026-06-17 11:00:13 | INFO | Get-PWFolderTreeAccessObjects retornou 1 item(ns).
2026-06-17 11:00:13 | WARN | Cmdlet Get-PWProjectSecurity nao encontrado no ambiente. A leitura seguira apenas com FolderSecurity/TreeAccessObjects.
2026-06-17 11:00:13 | INFO | Total consolidado de acessos encontrados: 14
2026-06-17 11:00:13 | INFO | Projeto 'BSO 12 (com SAU) - km 765+220 Sul - BR153/TO' carregado para arvore. Groups=12 | UserLists=1 | Outros=1
2026-06-17 11:00:13 | INFO | Iniciando leitura da seguranca do projeto 'BSO 13 km 717+200' (ID: 282445)
2026-06-17 11:00:14 | INFO | Get-PWFolderSecurity retornou 29 item(ns).
2026-06-17 11:00:14 | INFO | Get-PWFolderTreeAccessObjects retornou 1 item(ns).
2026-06-17 11:00:14 | WARN | Cmdlet Get-PWProjectSecurity nao encontrado no ambiente. A leitura seguira apenas com FolderSecurity/TreeAccessObjects.
2026-06-17 11:00:15 | INFO | Total consolidado de acessos encontrados: 14
2026-06-17 11:00:15 | INFO | Projeto 'BSO 13 (sem SAU) - km 717+200 Norte - BR153/TO' carregado para arvore. Groups=12 | UserLists=1 | Outros=1
2026-06-17 11:00:15 | INFO | Iniciando leitura da seguranca do projeto 'BSO 14 km 677+200' (ID: 283230)
2026-06-17 11:00:16 | INFO | Get-PWFolderSecurity retornou 29 item(ns).
2026-06-17 11:00:16 | INFO | Get-PWFolderTreeAccessObjects retornou 1 item(ns).
2026-06-17 11:00:16 | WARN | Cmdlet Get-PWProjectSecurity nao encontrado no ambiente. A leitura seguira apenas com FolderSecurity/TreeAccessObjects.
2026-06-17 11:00:16 | INFO | Total consolidado de acessos encontrados: 14
2026-06-17 11:00:16 | INFO | Projeto 'BSO 14 (sem SAU) - km 677+200 Sul - BR153/TO' carregado para arvore. Groups=12 | UserLists=1 | Outros=1
2026-06-17 11:00:16 | INFO | Iniciando leitura da seguranca do projeto 'BSO 15 km 637+500' (ID: 284011)
2026-06-17 11:00:17 | INFO | Get-PWFolderSecurity retornou 29 item(ns).
2026-06-17 11:00:17 | INFO | Get-PWFolderTreeAccessObjects retornou 1 item(ns).
2026-06-17 11:00:17 | WARN | Cmdlet Get-PWProjectSecurity nao encontrado no ambiente. A leitura seguira apenas com FolderSecurity/TreeAccessObjects.
2026-06-17 11:00:17 | INFO | Total consolidado de acessos encontrados: 14
2026-06-17 11:00:17 | INFO | Projeto 'BSO 15 (com SAU) -  km 637+500 Norte - BR153/TO' carregado para arvore. Groups=12 | UserLists=1 | Outros=1
2026-06-17 11:00:17 | INFO | Iniciando leitura da seguranca do projeto 'BSO 16 km 409+260' (ID: 284792)
2026-06-17 11:00:18 | INFO | Get-PWFolderSecurity retornou 29 item(ns).
2026-06-17 11:00:18 | INFO | Get-PWFolderTreeAccessObjects retornou 1 item(ns).
2026-06-17 11:00:18 | WARN | Cmdlet Get-PWProjectSecurity nao encontrado no ambiente. A leitura seguira apenas com FolderSecurity/TreeAccessObjects.
2026-06-17 11:00:18 | INFO | Total consolidado de acessos encontrados: 14
2026-06-17 11:00:18 | INFO | Projeto 'BSO 16 (sem SAU) - km 409+260 Norte - BR414/GO' carregado para arvore. Groups=12 | UserLists=1 | Outros=1
2026-06-17 11:00:18 | INFO | Iniciando leitura da seguranca do projeto 'BSO 17 km 360+120' (ID: 285573)
2026-06-17 11:00:19 | INFO | Get-PWFolderSecurity retornou 29 item(ns).
2026-06-17 11:00:20 | INFO | Get-PWFolderTreeAccessObjects retornou 1 item(ns).
2026-06-17 11:00:20 | WARN | Cmdlet Get-PWProjectSecurity nao encontrado no ambiente. A leitura seguira apenas com FolderSecurity/TreeAccessObjects.
2026-06-17 11:00:20 | INFO | Total consolidado de acessos encontrados: 14
2026-06-17 11:00:20 | INFO | Projeto 'BSO 17 (com SAU) - km 360+120 Sul - BR414/GO' carregado para arvore. Groups=12 | UserLists=1 | Outros=1
2026-06-17 11:00:20 | INFO | Iniciando leitura da seguranca do projeto 'BSO 18 km 305+460' (ID: 286354)
2026-06-17 11:00:21 | INFO | Get-PWFolderSecurity retornou 29 item(ns).
2026-06-17 11:00:21 | INFO | Get-PWFolderTreeAccessObjects retornou 1 item(ns).
2026-06-17 11:00:21 | WARN | Cmdlet Get-PWProjectSecurity nao encontrado no ambiente. A leitura seguira apenas com FolderSecurity/TreeAccessObjects.
2026-06-17 11:00:21 | INFO | Total consolidado de acessos encontrados: 14
2026-06-17 11:00:21 | INFO | Projeto 'BSO 18 (com SAU) - km 305+460 Norte - BR414/GO' carregado para arvore. Groups=12 | UserLists=1 | Outros=1
2026-06-17 11:00:21 | INFO | Iniciando leitura da seguranca do projeto 'BSO 19 km 141+950' (ID: 287135)
2026-06-17 11:00:22 | INFO | Get-PWFolderSecurity retornou 29 item(ns).
2026-06-17 11:00:22 | INFO | Get-PWFolderTreeAccessObjects retornou 1 item(ns).
2026-06-17 11:00:22 | WARN | Cmdlet Get-PWProjectSecurity nao encontrado no ambiente. A leitura seguira apenas com FolderSecurity/TreeAccessObjects.
2026-06-17 11:00:22 | INFO | Total consolidado de acessos encontrados: 14
2026-06-17 11:00:22 | INFO | Projeto 'BSO 19 (sem SAU) - km 141+950 Sul - BR080/GO' carregado para arvore. Groups=12 | UserLists=1 | Outros=1
2026-06-17 11:00:22 | INFO | Iniciando leitura da seguranca do projeto 'Dispositivo 9°Ano' (ID: 54554)
2026-06-17 11:00:24 | INFO | Get-PWFolderSecurity retornou 29 item(ns).
2026-06-17 11:00:24 | INFO | Get-PWFolderTreeAccessObjects retornou 1 item(ns).
2026-06-17 11:00:24 | WARN | Cmdlet Get-PWProjectSecurity nao encontrado no ambiente. A leitura seguira apenas com FolderSecurity/TreeAccessObjects.
2026-06-17 11:00:24 | INFO | Total consolidado de acessos encontrados: 14
2026-06-17 11:00:24 | INFO | Projeto 'Dispositivo 9°Ano - km 444+122 - BR153/GO' carregado para arvore. Groups=12 | UserLists=1 | Outros=1
2026-06-17 11:00:24 | INFO | Iniciando leitura da seguranca do projeto 'HS-WIM 1 km169+067' (ID: 291834)
2026-06-17 11:00:26 | INFO | Get-PWFolderSecurity retornou 29 item(ns).
2026-06-17 11:00:26 | INFO | Get-PWFolderTreeAccessObjects retornou 1 item(ns).
2026-06-17 11:00:26 | WARN | Cmdlet Get-PWProjectSecurity nao encontrado no ambiente. A leitura seguira apenas com FolderSecurity/TreeAccessObjects.
2026-06-17 11:00:26 | INFO | Total consolidado de acessos encontrados: 14
2026-06-17 11:00:26 | INFO | Projeto 'HS-WIM Campinorte - km 169+067 - BR153/GO' carregado para arvore. Groups=12 | UserLists=1 | Outros=1
2026-06-17 11:00:26 | INFO | Iniciando leitura da seguranca do projeto 'HS-WIM 2 km432+174' (ID: 292616)
2026-06-17 11:00:28 | INFO | Get-PWFolderSecurity retornou 29 item(ns).
2026-06-17 11:00:28 | INFO | Get-PWFolderTreeAccessObjects retornou 1 item(ns).
2026-06-17 11:00:28 | WARN | Cmdlet Get-PWProjectSecurity nao encontrado no ambiente. A leitura seguira apenas com FolderSecurity/TreeAccessObjects.
2026-06-17 11:00:28 | INFO | Total consolidado de acessos encontrados: 14
2026-06-17 11:00:28 | INFO | Projeto 'HS-WIM Abadiânia - km 432+174 - BR414/GO' carregado para arvore. Groups=12 | UserLists=1 | Outros=1
2026-06-17 11:00:28 | INFO | Iniciando leitura da seguranca do projeto 'Marginal sul km 671-677' (ID: 310242)
2026-06-17 11:00:29 | INFO | Get-PWFolderSecurity retornou 29 item(ns).
2026-06-17 11:00:29 | INFO | Get-PWFolderTreeAccessObjects retornou 1 item(ns).
2026-06-17 11:00:29 | WARN | Cmdlet Get-PWProjectSecurity nao encontrado no ambiente. A leitura seguira apenas com FolderSecurity/TreeAccessObjects.
2026-06-17 11:00:29 | INFO | Total consolidado de acessos encontrados: 14
2026-06-17 11:00:29 | INFO | Projeto 'Marginal sul - km 671 - 677 - BR153/TO' carregado para arvore. Groups=12 | UserLists=1 | Outros=1
2026-06-17 11:00:29 | INFO | Iniciando leitura da seguranca do projeto 'Passarela Aliança km 623' (ID: 347970)
2026-06-17 11:00:31 | INFO | Get-PWFolderSecurity retornou 29 item(ns).
2026-06-17 11:00:31 | INFO | Get-PWFolderTreeAccessObjects retornou 1 item(ns).
2026-06-17 11:00:31 | WARN | Cmdlet Get-PWProjectSecurity nao encontrado no ambiente. A leitura seguira apenas com FolderSecurity/TreeAccessObjects.
2026-06-17 11:00:31 | INFO | Total consolidado de acessos encontrados: 14
2026-06-17 11:00:31 | INFO | Projeto 'Passarela 4 Aliança 4° Ano - km 623+500 - BR153/TO' carregado para arvore. Groups=12 | UserLists=1 | Outros=1
2026-06-17 11:00:31 | INFO | Iniciando leitura da seguranca do projeto 'Passarela Alvorada Km 759' (ID: 336554)
2026-06-17 11:00:32 | INFO | Get-PWFolderSecurity retornou 29 item(ns).
2026-06-17 11:00:32 | INFO | Get-PWFolderTreeAccessObjects retornou 1 item(ns).
2026-06-17 11:00:32 | WARN | Cmdlet Get-PWProjectSecurity nao encontrado no ambiente. A leitura seguira apenas com FolderSecurity/TreeAccessObjects.
2026-06-17 11:00:32 | INFO | Total consolidado de acessos encontrados: 14
2026-06-17 11:00:32 | INFO | Projeto 'Passarela 3 Alvorada 4° Ano - Km 759+700 - BR153/GO' carregado para arvore. Groups=12 | UserLists=1 | Outros=1
2026-06-17 11:00:32 | INFO | Iniciando leitura da seguranca do projeto 'Passarela Uruaçu km 197' (ID: 334989)
2026-06-17 11:00:34 | INFO | Get-PWFolderSecurity retornou 29 item(ns).
2026-06-17 11:00:34 | INFO | Get-PWFolderTreeAccessObjects retornou 1 item(ns).
2026-06-17 11:00:34 | WARN | Cmdlet Get-PWProjectSecurity nao encontrado no ambiente. A leitura seguira apenas com FolderSecurity/TreeAccessObjects.
2026-06-17 11:00:34 | INFO | Total consolidado de acessos encontrados: 14
2026-06-17 11:00:34 | INFO | Projeto 'Passarela 1 Uruaçu 4° Ano - km 197+800 - BR153/GO' carregado para arvore. Groups=12 | UserLists=1 | Outros=1
2026-06-17 11:00:34 | INFO | Iniciando leitura da seguranca do projeto 'Passarela Uruaçu km 198' (ID: 335770)
2026-06-17 11:00:35 | INFO | Get-PWFolderSecurity retornou 29 item(ns).
2026-06-17 11:00:35 | INFO | Get-PWFolderTreeAccessObjects retornou 1 item(ns).
2026-06-17 11:00:35 | WARN | Cmdlet Get-PWProjectSecurity nao encontrado no ambiente. A leitura seguira apenas com FolderSecurity/TreeAccessObjects.
2026-06-17 11:00:35 | INFO | Total consolidado de acessos encontrados: 14
2026-06-17 11:00:35 | INFO | Projeto 'Passarela 2 Uruaçu 4° Ano - Km 198+430 - BR153/GO' carregado para arvore. Groups=12 | UserLists=1 | Outros=1
2026-06-17 11:00:35 | INFO | Iniciando leitura da seguranca do projeto 'Pontos de ônibus' (ID: 370792)
2026-06-17 11:00:37 | INFO | Get-PWFolderSecurity retornou 29 item(ns).
2026-06-17 11:00:37 | INFO | Get-PWFolderTreeAccessObjects retornou 1 item(ns).
2026-06-17 11:00:37 | WARN | Cmdlet Get-PWProjectSecurity nao encontrado no ambiente. A leitura seguira apenas com FolderSecurity/TreeAccessObjects.
2026-06-17 11:00:37 | INFO | Total consolidado de acessos encontrados: 14
2026-06-17 11:00:37 | INFO | Projeto 'Pontos de ônibus 3° e 4° Ano - BR-153' carregado para arvore. Groups=12 | UserLists=1 | Outros=1
2026-06-17 11:00:37 | INFO | Iniciando leitura da seguranca do projeto 'PPD 01 km 801+020' (ID: 287916)
2026-06-17 11:00:38 | INFO | Get-PWFolderSecurity retornou 29 item(ns).
2026-06-17 11:00:38 | INFO | Get-PWFolderTreeAccessObjects retornou 1 item(ns).
2026-06-17 11:00:38 | WARN | Cmdlet Get-PWProjectSecurity nao encontrado no ambiente. A leitura seguira apenas com FolderSecurity/TreeAccessObjects.
2026-06-17 11:00:38 | INFO | Total consolidado de acessos encontrados: 14
2026-06-17 11:00:38 | INFO | Projeto 'PPD Talismã - km 801+020 Norte - BR153/TO' carregado para arvore. Groups=12 | UserLists=1 | Outros=1
2026-06-17 11:00:38 | INFO | Iniciando leitura da seguranca do projeto 'PPD 02 km 210+900' (ID: 288697)
2026-06-17 11:00:39 | INFO | Get-PWFolderSecurity retornou 29 item(ns).
2026-06-17 11:00:39 | INFO | Get-PWFolderTreeAccessObjects retornou 1 item(ns).
2026-06-17 11:00:39 | WARN | Cmdlet Get-PWProjectSecurity nao encontrado no ambiente. A leitura seguira apenas com FolderSecurity/TreeAccessObjects.
2026-06-17 11:00:39 | INFO | Total consolidado de acessos encontrados: 14
2026-06-17 11:00:39 | INFO | Projeto 'PPD Uruaçu - km 210+900 Sul - BR153/GO' carregado para arvore. Groups=12 | UserLists=1 | Outros=1
2026-06-17 11:00:39 | INFO | Iniciando leitura da seguranca do projeto 'PPF km 168+000' (ID: 289478)
2026-06-17 11:00:41 | INFO | Get-PWFolderSecurity retornou 29 item(ns).
2026-06-17 11:00:41 | INFO | Get-PWFolderTreeAccessObjects retornou 1 item(ns).
2026-06-17 11:00:41 | WARN | Cmdlet Get-PWProjectSecurity nao encontrado no ambiente. A leitura seguira apenas com FolderSecurity/TreeAccessObjects.
2026-06-17 11:00:41 | INFO | Total consolidado de acessos encontrados: 14
2026-06-17 11:00:41 | INFO | Projeto 'Posto de Pesagem - km 168+000 - BR153/GO' carregado para arvore. Groups=12 | UserLists=1 | Outros=1
2026-06-17 11:00:41 | INFO | Iniciando leitura da seguranca do projeto 'PPF km 171+000' (ID: 290259)
2026-06-17 11:00:42 | INFO | Get-PWFolderSecurity retornou 29 item(ns).
2026-06-17 11:00:42 | INFO | Get-PWFolderTreeAccessObjects retornou 1 item(ns).
2026-06-17 11:00:42 | WARN | Cmdlet Get-PWProjectSecurity nao encontrado no ambiente. A leitura seguira apenas com FolderSecurity/TreeAccessObjects.
2026-06-17 11:00:42 | INFO | Total consolidado de acessos encontrados: 14
2026-06-17 11:00:42 | INFO | Projeto 'Posto de Pesagem - km 171+000 - BR153/GO' carregado para arvore. Groups=12 | UserLists=1 | Outros=1
2026-06-17 11:00:42 | INFO | Iniciando leitura da seguranca do projeto 'PPF km 431+300' (ID: 291040)
2026-06-17 11:00:43 | INFO | Get-PWFolderSecurity retornou 29 item(ns).
2026-06-17 11:00:43 | INFO | Get-PWFolderTreeAccessObjects retornou 1 item(ns).
2026-06-17 11:00:43 | WARN | Cmdlet Get-PWProjectSecurity nao encontrado no ambiente. A leitura seguira apenas com FolderSecurity/TreeAccessObjects.
2026-06-17 11:00:43 | INFO | Total consolidado de acessos encontrados: 14
2026-06-17 11:00:43 | INFO | Projeto 'Posto de Pesagem - km 431+300 - BR414/GO' carregado para arvore. Groups=12 | UserLists=1 | Outros=1
2026-06-17 11:00:43 | INFO | Iniciando leitura da seguranca do projeto 'Praça 01 km 640+000' (ID: 253195)
2026-06-17 11:00:45 | INFO | Get-PWFolderSecurity retornou 29 item(ns).
2026-06-17 11:00:45 | INFO | Get-PWFolderTreeAccessObjects retornou 1 item(ns).
2026-06-17 11:00:45 | WARN | Cmdlet Get-PWProjectSecurity nao encontrado no ambiente. A leitura seguira apenas com FolderSecurity/TreeAccessObjects.
2026-06-17 11:00:45 | INFO | Total consolidado de acessos encontrados: 14
2026-06-17 11:00:45 | INFO | Projeto 'Praça de Pedágio Aliança do Tocantins - km 640+000 - BR153/TO' carregado para arvore. Groups=12 | UserLists=1 | Outros=1
2026-06-17 11:00:45 | INFO | Iniciando leitura da seguranca do projeto 'Praça 02 km 745+555' (ID: 255070)
2026-06-17 11:00:46 | INFO | Get-PWFolderSecurity retornou 29 item(ns).
2026-06-17 11:00:46 | INFO | Get-PWFolderTreeAccessObjects retornou 1 item(ns).
2026-06-17 11:00:46 | WARN | Cmdlet Get-PWProjectSecurity nao encontrado no ambiente. A leitura seguira apenas com FolderSecurity/TreeAccessObjects.
2026-06-17 11:00:46 | INFO | Total consolidado de acessos encontrados: 14
2026-06-17 11:00:46 | INFO | Projeto 'Praça de Pedágio Alvorada - km 745+555 - BR153/TO' carregado para arvore. Groups=12 | UserLists=1 | Outros=1
2026-06-17 11:00:46 | INFO | Iniciando leitura da seguranca do projeto 'Praça 03 km 012+500' (ID: 256892)
2026-06-17 11:00:47 | INFO | Get-PWFolderSecurity retornou 29 item(ns).
2026-06-17 11:00:47 | INFO | Get-PWFolderTreeAccessObjects retornou 1 item(ns).
2026-06-17 11:00:47 | WARN | Cmdlet Get-PWProjectSecurity nao encontrado no ambiente. A leitura seguira apenas com FolderSecurity/TreeAccessObjects.
2026-06-17 11:00:47 | INFO | Total consolidado de acessos encontrados: 14
2026-06-17 11:00:47 | INFO | Projeto 'Praça de Pedágio Porangatu - km 012+500 - BR153/GO' carregado para arvore. Groups=12 | UserLists=1 | Outros=1
2026-06-17 11:00:47 | INFO | Iniciando leitura da seguranca do projeto 'Praça 04 km 116+120' (ID: 258782)
2026-06-17 11:00:49 | INFO | Get-PWFolderSecurity retornou 29 item(ns).
2026-06-17 11:00:49 | INFO | Get-PWFolderTreeAccessObjects retornou 1 item(ns).
2026-06-17 11:00:49 | WARN | Cmdlet Get-PWProjectSecurity nao encontrado no ambiente. A leitura seguira apenas com FolderSecurity/TreeAccessObjects.
2026-06-17 11:00:49 | INFO | Total consolidado de acessos encontrados: 14
2026-06-17 11:00:49 | INFO | Projeto 'Praça de Pedágio Estrela do Norte -  km 116+120 - BR153/GO' carregado para arvore. Groups=12 | UserLists=1 | Outros=1
2026-06-17 11:00:49 | INFO | Iniciando leitura da seguranca do projeto 'Praça 05 km 182+040' (ID: 260616)
2026-06-17 11:00:50 | INFO | Get-PWFolderSecurity retornou 29 item(ns).
2026-06-17 11:00:51 | INFO | Get-PWFolderTreeAccessObjects retornou 1 item(ns).
2026-06-17 11:00:51 | WARN | Cmdlet Get-PWProjectSecurity nao encontrado no ambiente. A leitura seguira apenas com FolderSecurity/TreeAccessObjects.
2026-06-17 11:00:51 | INFO | Total consolidado de acessos encontrados: 14
2026-06-17 11:00:51 | INFO | Projeto 'Praça de Pedágio Campinorte - km 182+040 - BR153/GO' carregado para arvore. Groups=12 | UserLists=1 | Outros=1
2026-06-17 11:00:51 | INFO | Iniciando leitura da seguranca do projeto 'Praça 06 km 233+400' (ID: 262525)
2026-06-17 11:00:52 | INFO | Get-PWFolderSecurity retornou 29 item(ns).
2026-06-17 11:00:52 | INFO | Get-PWFolderTreeAccessObjects retornou 1 item(ns).
2026-06-17 11:00:52 | WARN | Cmdlet Get-PWProjectSecurity nao encontrado no ambiente. A leitura seguira apenas com FolderSecurity/TreeAccessObjects.
2026-06-17 11:00:52 | INFO | Total consolidado de acessos encontrados: 14
2026-06-17 11:00:52 | INFO | Projeto 'Praça de Pedágio Hidrolina - km 233+400 - BR153/GO' carregado para arvore. Groups=12 | UserLists=1 | Outros=1
2026-06-17 11:00:52 | INFO | Iniciando leitura da seguranca do projeto 'Praça 07 km 367+500' (ID: 264434)
2026-06-17 11:00:54 | INFO | Get-PWFolderSecurity retornou 29 item(ns).
2026-06-17 11:00:54 | INFO | Get-PWFolderTreeAccessObjects retornou 1 item(ns).
2026-06-17 11:00:54 | WARN | Cmdlet Get-PWProjectSecurity nao encontrado no ambiente. A leitura seguira apenas com FolderSecurity/TreeAccessObjects.
2026-06-17 11:00:54 | INFO | Total consolidado de acessos encontrados: 14
2026-06-17 11:00:54 | INFO | Projeto 'Praça de Pedágio Jaraguá - km 367+500 - BR153/GO' carregado para arvore. Groups=12 | UserLists=1 | Outros=1
2026-06-17 11:00:54 | INFO | Iniciando leitura da seguranca do projeto 'Praça 08 km 155+500' (ID: 266226)
2026-06-17 11:00:57 | INFO | Get-PWFolderSecurity retornou 29 item(ns).
2026-06-17 11:00:57 | INFO | Get-PWFolderTreeAccessObjects retornou 1 item(ns).
2026-06-17 11:00:57 | WARN | Cmdlet Get-PWProjectSecurity nao encontrado no ambiente. A leitura seguira apenas com FolderSecurity/TreeAccessObjects.
2026-06-17 11:00:57 | INFO | Total consolidado de acessos encontrados: 14
2026-06-17 11:00:57 | INFO | Projeto 'Praça de Pedágio Santa Rita do Novo Destino - km 155+500 - BR080/GO' carregado para arvore. Groups=12 | UserLists=1 | Outros=1
2026-06-17 11:00:57 | INFO | Iniciando leitura da seguranca do projeto 'Praça 09 km 404+080' (ID: 268129)
2026-06-17 11:00:58 | INFO | Get-PWFolderSecurity retornou 29 item(ns).
2026-06-17 11:00:58 | INFO | Get-PWFolderTreeAccessObjects retornou 1 item(ns).
2026-06-17 11:00:58 | WARN | Cmdlet Get-PWProjectSecurity nao encontrado no ambiente. A leitura seguira apenas com FolderSecurity/TreeAccessObjects.
2026-06-17 11:00:58 | INFO | Total consolidado de acessos encontrados: 14
2026-06-17 11:00:58 | INFO | Projeto 'Praça de Pedágio Corumbá de Goiás - km 404+080 - BR414/GO' carregado para arvore. Groups=12 | UserLists=1 | Outros=1
2026-06-17 11:00:58 | INFO | Iniciando leitura da seguranca do projeto 'Retorno em U km 668' (ID: 361738)
2026-06-17 11:00:59 | INFO | Get-PWFolderSecurity retornou 29 item(ns).
2026-06-17 11:00:59 | INFO | Get-PWFolderTreeAccessObjects retornou 1 item(ns).
2026-06-17 11:00:59 | WARN | Cmdlet Get-PWProjectSecurity nao encontrado no ambiente. A leitura seguira apenas com FolderSecurity/TreeAccessObjects.
2026-06-17 11:00:59 | INFO | Total consolidado de acessos encontrados: 14
2026-06-17 11:00:59 | INFO | Projeto 'Retorno em U - km 668 - BR-153/TO' carregado para arvore. Groups=12 | UserLists=1 | Outros=1
2026-06-17 11:00:59 | INFO | Iniciando leitura da seguranca do projeto 'Retorno km 1+238' (ID: 208819)
2026-06-17 11:01:01 | INFO | Get-PWFolderSecurity retornou 29 item(ns).
2026-06-17 11:01:01 | INFO | Get-PWFolderTreeAccessObjects retornou 1 item(ns).
2026-06-17 11:01:01 | WARN | Cmdlet Get-PWProjectSecurity nao encontrado no ambiente. A leitura seguira apenas com FolderSecurity/TreeAccessObjects.
2026-06-17 11:01:01 | INFO | Total consolidado de acessos encontrados: 14
2026-06-17 11:01:01 | INFO | Projeto 'Retornos em U 24° Ano - km 1+238 - BR153/GO' carregado para arvore. Groups=12 | UserLists=1 | Outros=1
2026-06-17 11:01:01 | INFO | Iniciando leitura da seguranca do projeto 'Retornos em “U” 20' (ID: 307124)
2026-06-17 11:01:02 | INFO | Get-PWFolderSecurity retornou 29 item(ns).
2026-06-17 11:01:02 | INFO | Get-PWFolderTreeAccessObjects retornou 1 item(ns).
2026-06-17 11:01:02 | WARN | Cmdlet Get-PWProjectSecurity nao encontrado no ambiente. A leitura seguira apenas com FolderSecurity/TreeAccessObjects.
2026-06-17 11:01:02 | INFO | Total consolidado de acessos encontrados: 14
2026-06-17 11:01:02 | INFO | Projeto 'Retornos em U 20° Ano - km 624+500 - 624+700 - BR153/TO' carregado para arvore. Groups=12 | UserLists=1 | Outros=1
2026-06-17 11:01:50 | INFO | Resumo final da execução | Total=92 | Sucesso=92 | JaExiste=0 | Erro=0
2026-06-17 11:01:54 | INFO | Listando pastas da raiz por Root.
2026-06-17 11:01:57 | INFO | Listando filhos da pasta ID: 56
2026-06-17 11:02:01 | INFO | Listando filhos da pasta ID: 292
2026-06-17 11:02:01 | INFO | Listando filhos da pasta ID: 14120
2026-06-17 11:02:02 | INFO | Iniciando leitura da seguranca do projeto 'Alteamento de Greide' (ID: 245710)
2026-06-17 11:02:04 | INFO | Get-PWFolderSecurity retornou 28 item(ns).
2026-06-17 11:02:04 | INFO | Get-PWFolderTreeAccessObjects retornou 1 item(ns).
2026-06-17 11:02:04 | WARN | Cmdlet Get-PWProjectSecurity nao encontrado no ambiente. A leitura seguira apenas com FolderSecurity/TreeAccessObjects.
2026-06-17 11:02:04 | INFO | Total consolidado de acessos encontrados: 14
2026-06-17 11:02:04 | INFO | Projeto 'Alteamento de Greide - km 163 - BR101/ES' carregado para arvore. Groups=12 | UserLists=1 | Outros=1
2026-06-17 11:02:04 | INFO | Iniciando leitura da seguranca do projeto 'Ciclovia de Linhares' (ID: 244929)
2026-06-17 11:02:06 | INFO | Get-PWFolderSecurity retornou 28 item(ns).
2026-06-17 11:02:06 | INFO | Get-PWFolderTreeAccessObjects retornou 1 item(ns).
2026-06-17 11:02:06 | WARN | Cmdlet Get-PWProjectSecurity nao encontrado no ambiente. A leitura seguira apenas com FolderSecurity/TreeAccessObjects.
2026-06-17 11:02:06 | INFO | Total consolidado de acessos encontrados: 14
2026-06-17 11:02:06 | INFO | Projeto 'Ciclovia de Linhares - km 138,794 +144,750 - BR101/ES' carregado para arvore. Groups=12 | UserLists=1 | Outros=1
2026-06-17 11:02:06 | INFO | Iniciando leitura da seguranca do projeto 'Contorno de Fundão' (ID: 242586)
2026-06-17 11:02:08 | INFO | Get-PWFolderSecurity retornou 28 item(ns).
2026-06-17 11:02:08 | INFO | Get-PWFolderTreeAccessObjects retornou 1 item(ns).
2026-06-17 11:02:08 | WARN | Cmdlet Get-PWProjectSecurity nao encontrado no ambiente. A leitura seguira apenas com FolderSecurity/TreeAccessObjects.
2026-06-17 11:02:08 | INFO | Total consolidado de acessos encontrados: 14
2026-06-17 11:02:08 | INFO | Projeto 'Contorno de Fundão - km 227 + 232 - BR101/ES' carregado para arvore. Groups=12 | UserLists=1 | Outros=1
2026-06-17 11:02:08 | INFO | Iniciando leitura da seguranca do projeto 'Contorno de Ibiraçu' (ID: 244148)
2026-06-17 11:02:09 | INFO | Get-PWFolderSecurity retornou 28 item(ns).
2026-06-17 11:02:09 | INFO | Get-PWFolderTreeAccessObjects retornou 1 item(ns).
2026-06-17 11:02:09 | WARN | Cmdlet Get-PWProjectSecurity nao encontrado no ambiente. A leitura seguira apenas com FolderSecurity/TreeAccessObjects.
2026-06-17 11:02:09 | INFO | Total consolidado de acessos encontrados: 14
2026-06-17 11:02:09 | INFO | Projeto 'Contorno de Ibiraçu - km 212 + 215 - BR101/ES' carregado para arvore. Groups=12 | UserLists=1 | Outros=1
2026-06-17 11:02:09 | INFO | Iniciando leitura da seguranca do projeto 'Contorno de Vitória' (ID: 243367)
2026-06-17 11:02:11 | INFO | Get-PWFolderSecurity retornou 28 item(ns).
2026-06-17 11:02:11 | INFO | Get-PWFolderTreeAccessObjects retornou 1 item(ns).
2026-06-17 11:02:11 | WARN | Cmdlet Get-PWProjectSecurity nao encontrado no ambiente. A leitura seguira apenas com FolderSecurity/TreeAccessObjects.
2026-06-17 11:02:11 | INFO | Total consolidado de acessos encontrados: 14
2026-06-17 11:02:11 | INFO | Projeto 'Contorno de Vitória Dispositivo 1 - km 284,710 - BR101/ES' carregado para arvore. Groups=12 | UserLists=1 | Outros=1
2026-06-17 11:02:11 | INFO | Iniciando leitura da seguranca do projeto 'Contorno Dis.' (ID: 332794)
2026-06-17 11:02:12 | INFO | Get-PWFolderSecurity retornou 28 item(ns).
2026-06-17 11:02:12 | INFO | Get-PWFolderTreeAccessObjects retornou 1 item(ns).
2026-06-17 11:02:12 | WARN | Cmdlet Get-PWProjectSecurity nao encontrado no ambiente. A leitura seguira apenas com FolderSecurity/TreeAccessObjects.
2026-06-17 11:02:12 | INFO | Total consolidado de acessos encontrados: 14
2026-06-17 11:02:12 | INFO | Projeto 'Contorno de Vitória Dispositivo 2 - km 287,730 - BR101/ES' carregado para arvore. Groups=12 | UserLists=1 | Outros=1
2026-06-17 11:02:12 | INFO | Iniciando leitura da seguranca do projeto 'Contorno Marg.' (ID: 333576)
2026-06-17 11:02:14 | INFO | Get-PWFolderSecurity retornou 28 item(ns).
2026-06-17 11:02:14 | INFO | Get-PWFolderTreeAccessObjects retornou 1 item(ns).
2026-06-17 11:02:14 | WARN | Cmdlet Get-PWProjectSecurity nao encontrado no ambiente. A leitura seguira apenas com FolderSecurity/TreeAccessObjects.
2026-06-17 11:02:14 | INFO | Total consolidado de acessos encontrados: 14
2026-06-17 11:02:14 | INFO | Projeto 'Contorno de Vitória Marginais - km 278,900 + 291,000 - BR101/ES' carregado para arvore. Groups=12 | UserLists=1 | Outros=1
2026-06-17 11:02:14 | INFO | Iniciando leitura da seguranca do projeto 'Dupli. Contor. de Fundão' (ID: 351230)
2026-06-17 11:02:15 | INFO | Get-PWFolderSecurity retornou 28 item(ns).
2026-06-17 11:02:15 | INFO | Get-PWFolderTreeAccessObjects retornou 1 item(ns).
2026-06-17 11:02:15 | WARN | Cmdlet Get-PWProjectSecurity nao encontrado no ambiente. A leitura seguira apenas com FolderSecurity/TreeAccessObjects.
2026-06-17 11:02:15 | INFO | Total consolidado de acessos encontrados: 14
2026-06-17 11:02:15 | INFO | Projeto 'Duplicação SH C (Contorno de Fundão) - km 222,9 + 227 - BR101/ES' carregado para arvore. Groups=12 | UserLists=1 | Outros=1
2026-06-17 11:02:15 | INFO | Iniciando leitura da seguranca do projeto 'Dupli. Contor. de Ibiraçu' (ID: 350448)
2026-06-17 11:02:17 | INFO | Get-PWFolderSecurity retornou 28 item(ns).
2026-06-17 11:02:17 | INFO | Get-PWFolderTreeAccessObjects retornou 1 item(ns).
2026-06-17 11:02:17 | WARN | Cmdlet Get-PWProjectSecurity nao encontrado no ambiente. A leitura seguira apenas com FolderSecurity/TreeAccessObjects.
2026-06-17 11:02:17 | INFO | Total consolidado de acessos encontrados: 14
2026-06-17 11:02:17 | INFO | Projeto 'Duplicação SH C (Contorno de Ibiraçu) - km 210,9 + 212 - BR101/ES' carregado para arvore. Groups=12 | UserLists=1 | Outros=1
2026-06-17 11:02:17 | INFO | Iniciando leitura da seguranca do projeto 'Duplicação C' (ID: 248054)
2026-06-17 11:02:19 | INFO | Get-PWFolderSecurity retornou 28 item(ns).
2026-06-17 11:02:19 | INFO | Get-PWFolderTreeAccessObjects retornou 1 item(ns).
2026-06-17 11:02:19 | WARN | Cmdlet Get-PWProjectSecurity nao encontrado no ambiente. A leitura seguira apenas com FolderSecurity/TreeAccessObjects.
2026-06-17 11:02:19 | INFO | Total consolidado de acessos encontrados: 14
2026-06-17 11:02:19 | INFO | Projeto 'Duplicação SH C - km 203,6 + 222,9 - BR101/ES' carregado para arvore. Groups=12 | UserLists=1 | Outros=1
2026-06-17 11:02:19 | INFO | Iniciando leitura da seguranca do projeto 'Duplicação D1' (ID: 248835)
2026-06-17 11:02:20 | INFO | Get-PWFolderSecurity retornou 28 item(ns).
2026-06-17 11:02:20 | INFO | Get-PWFolderTreeAccessObjects retornou 1 item(ns).
2026-06-17 11:02:20 | WARN | Cmdlet Get-PWProjectSecurity nao encontrado no ambiente. A leitura seguira apenas com FolderSecurity/TreeAccessObjects.
2026-06-17 11:02:20 | INFO | Total consolidado de acessos encontrados: 14
2026-06-17 11:02:20 | INFO | Projeto 'Duplicação SH D1 - km 242 + 247 - BR101/ES' carregado para arvore. Groups=12 | UserLists=1 | Outros=1
2026-06-17 11:02:20 | INFO | Iniciando leitura da seguranca do projeto 'Duplicação D2' (ID: 249616)
2026-06-17 11:02:22 | INFO | Get-PWFolderSecurity retornou 28 item(ns).
2026-06-17 11:02:22 | INFO | Get-PWFolderTreeAccessObjects retornou 1 item(ns).
2026-06-17 11:02:22 | WARN | Cmdlet Get-PWProjectSecurity nao encontrado no ambiente. A leitura seguira apenas com FolderSecurity/TreeAccessObjects.
2026-06-17 11:02:22 | INFO | Total consolidado de acessos encontrados: 14
2026-06-17 11:02:22 | INFO | Projeto 'Duplicação SH D2 - km 231,9 + 242 - BR101/ES' carregado para arvore. Groups=12 | UserLists=1 | Outros=1
2026-06-17 11:02:22 | INFO | Iniciando leitura da seguranca do projeto 'Duplicação F' (ID: 259324)
2026-06-17 11:02:23 | INFO | Get-PWFolderSecurity retornou 28 item(ns).
2026-06-17 11:02:23 | INFO | Get-PWFolderTreeAccessObjects retornou 1 item(ns).
2026-06-17 11:02:23 | WARN | Cmdlet Get-PWProjectSecurity nao encontrado no ambiente. A leitura seguira apenas com FolderSecurity/TreeAccessObjects.
2026-06-17 11:02:23 | INFO | Total consolidado de acessos encontrados: 14
2026-06-17 11:02:23 | INFO | Projeto 'Duplicação SH F - km 308,1 + 359,2 - BR101/ES' carregado para arvore. Groups=12 | UserLists=1 | Outros=1
2026-06-17 11:02:23 | INFO | Iniciando leitura da seguranca do projeto 'Duplicação G1A' (ID: 250397)
2026-06-17 11:02:24 | INFO | Get-PWFolderSecurity retornou 28 item(ns).
2026-06-17 11:02:24 | INFO | Get-PWFolderTreeAccessObjects retornou 1 item(ns).
2026-06-17 11:02:24 | WARN | Cmdlet Get-PWProjectSecurity nao encontrado no ambiente. A leitura seguira apenas com FolderSecurity/TreeAccessObjects.
2026-06-17 11:02:24 | INFO | Total consolidado de acessos encontrados: 14
2026-06-17 11:02:24 | INFO | Projeto 'Duplicação SH G1A (Obras) -  km 357,7 + 373,5 - BR101/ES' carregado para arvore. Groups=12 | UserLists=1 | Outros=1
2026-06-17 11:02:24 | INFO | Iniciando leitura da seguranca do projeto 'Duplicação G1A ANTT' (ID: 360783)
2026-06-17 11:02:25 | INFO | Get-PWFolderSecurity retornou 28 item(ns).
2026-06-17 11:02:26 | INFO | Get-PWFolderTreeAccessObjects retornou 1 item(ns).
2026-06-17 11:02:26 | WARN | Cmdlet Get-PWProjectSecurity nao encontrado no ambiente. A leitura seguira apenas com FolderSecurity/TreeAccessObjects.
2026-06-17 11:02:26 | INFO | Total consolidado de acessos encontrados: 14
2026-06-17 11:02:26 | INFO | Projeto 'Duplicação SH G1A (ANTT) -  km 357,7 + 373,5 - BR101/ES' carregado para arvore. Groups=12 | UserLists=1 | Outros=1
2026-06-17 11:02:26 | INFO | Iniciando leitura da seguranca do projeto 'Duplicação G1B' (ID: 251178)
2026-06-17 11:02:27 | INFO | Get-PWFolderSecurity retornou 28 item(ns).
2026-06-17 11:02:27 | INFO | Get-PWFolderTreeAccessObjects retornou 1 item(ns).
2026-06-17 11:02:27 | WARN | Cmdlet Get-PWProjectSecurity nao encontrado no ambiente. A leitura seguira apenas com FolderSecurity/TreeAccessObjects.
2026-06-17 11:02:27 | INFO | Total consolidado de acessos encontrados: 14
2026-06-17 11:02:27 | INFO | Projeto 'Duplicação SH G1B - km 380,3 + 396,8 - BR101/ES' carregado para arvore. Groups=12 | UserLists=1 | Outros=1
2026-06-17 11:02:27 | INFO | Iniciando leitura da seguranca do projeto 'Duplicação G2' (ID: 251959)
2026-06-17 11:02:28 | INFO | Get-PWFolderSecurity retornou 28 item(ns).
2026-06-17 11:02:28 | INFO | Get-PWFolderTreeAccessObjects retornou 1 item(ns).
2026-06-17 11:02:28 | WARN | Cmdlet Get-PWProjectSecurity nao encontrado no ambiente. A leitura seguira apenas com FolderSecurity/TreeAccessObjects.
2026-06-17 11:02:28 | INFO | Total consolidado de acessos encontrados: 14
2026-06-17 11:02:28 | INFO | Projeto 'Duplicação SH G2 -  km 396,8 + 426,7 - BR101/ES' carregado para arvore. Groups=12 | UserLists=1 | Outros=1
2026-06-17 11:02:28 | INFO | Iniciando leitura da seguranca do projeto 'HS-WIM' (ID: 258071)
2026-06-17 11:02:29 | INFO | Get-PWFolderSecurity retornou 28 item(ns).
2026-06-17 11:02:29 | INFO | Get-PWFolderTreeAccessObjects retornou 1 item(ns).
2026-06-17 11:02:29 | WARN | Cmdlet Get-PWProjectSecurity nao encontrado no ambiente. A leitura seguira apenas com FolderSecurity/TreeAccessObjects.
2026-06-17 11:02:29 | INFO | Total consolidado de acessos encontrados: 14
2026-06-17 11:02:29 | INFO | Projeto 'HS-WIM - Ibiraçu - km 224 - BR101/ES' carregado para arvore. Groups=12 | UserLists=1 | Outros=1
2026-06-17 11:02:29 | INFO | Iniciando leitura da seguranca do projeto 'Marginais de Viana' (ID: 252740)
2026-06-17 11:02:31 | INFO | Get-PWFolderSecurity retornou 28 item(ns).
2026-06-17 11:02:31 | INFO | Get-PWFolderTreeAccessObjects retornou 1 item(ns).
2026-06-17 11:02:31 | WARN | Cmdlet Get-PWProjectSecurity nao encontrado no ambiente. A leitura seguira apenas com FolderSecurity/TreeAccessObjects.
2026-06-17 11:02:31 | INFO | Total consolidado de acessos encontrados: 14
2026-06-17 11:02:31 | INFO | Projeto 'Marginais de Viana -  km 291,5 + 304,8 - BR101/ES' carregado para arvore. Groups=12 | UserLists=1 | Outros=1
2026-06-17 11:02:31 | INFO | Iniciando leitura da seguranca do projeto 'Passarelas 6 km' (ID: 246491)
2026-06-17 11:02:33 | INFO | Get-PWFolderSecurity retornou 28 item(ns).
2026-06-17 11:02:33 | INFO | Get-PWFolderTreeAccessObjects retornou 1 item(ns).
2026-06-17 11:02:33 | WARN | Cmdlet Get-PWProjectSecurity nao encontrado no ambiente. A leitura seguira apenas com FolderSecurity/TreeAccessObjects.
2026-06-17 11:02:33 | INFO | Total consolidado de acessos encontrados: 14
2026-06-17 11:02:33 | INFO | Projeto 'Passarelas - km 6 - BR101/ES' carregado para arvore. Groups=12 | UserLists=1 | Outros=1
2026-06-17 11:02:33 | INFO | Iniciando leitura da seguranca do projeto 'Pedro Canário' (ID: 253973)
2026-06-17 11:02:34 | INFO | Get-PWFolderSecurity retornou 28 item(ns).
2026-06-17 11:02:34 | INFO | Get-PWFolderTreeAccessObjects retornou 1 item(ns).
2026-06-17 11:02:34 | WARN | Cmdlet Get-PWProjectSecurity nao encontrado no ambiente. A leitura seguira apenas com FolderSecurity/TreeAccessObjects.
2026-06-17 11:02:34 | INFO | Total consolidado de acessos encontrados: 14
2026-06-17 11:02:34 | INFO | Projeto 'Pedro Canário (km 15 + 17) / Linhares (km 146 + 150) / Timbuí (km 237 + 239) - BR101/ES' carregado para arvore. Groups=12 | UserLists=1 | Outros=1
2026-06-17 11:02:34 | INFO | Iniciando leitura da seguranca do projeto 'PPD Norte' (ID: 255227)
2026-06-17 11:02:35 | INFO | Get-PWFolderSecurity retornou 28 item(ns).
2026-06-17 11:02:35 | INFO | Get-PWFolderTreeAccessObjects retornou 1 item(ns).
2026-06-17 11:02:35 | WARN | Cmdlet Get-PWProjectSecurity nao encontrado no ambiente. A leitura seguira apenas com FolderSecurity/TreeAccessObjects.
2026-06-17 11:02:35 | INFO | Total consolidado de acessos encontrados: 14
2026-06-17 11:02:35 | INFO | Projeto 'PPD Trecho Norte - Linhares - km 169+900 - BR101/ES' carregado para arvore. Groups=12 | UserLists=1 | Outros=1
2026-06-17 11:02:35 | INFO | Iniciando leitura da seguranca do projeto 'PPD Sul' (ID: 256672)
2026-06-17 11:02:36 | INFO | Get-PWFolderSecurity retornou 28 item(ns).
2026-06-17 11:02:36 | INFO | Get-PWFolderTreeAccessObjects retornou 1 item(ns).
2026-06-17 11:02:36 | WARN | Cmdlet Get-PWProjectSecurity nao encontrado no ambiente. A leitura seguira apenas com FolderSecurity/TreeAccessObjects.
2026-06-17 11:02:36 | INFO | Total consolidado de acessos encontrados: 14
2026-06-17 11:02:36 | INFO | Projeto 'PPD Trecho Sul - Serra - km 425+300 - BR101/ES' carregado para arvore. Groups=12 | UserLists=1 | Outros=1
2026-06-17 11:02:36 | INFO | Iniciando leitura da seguranca do projeto 'Vias Marginais' (ID: 247272)
2026-06-17 11:02:37 | INFO | Get-PWFolderSecurity retornou 28 item(ns).
2026-06-17 11:02:37 | INFO | Get-PWFolderTreeAccessObjects retornou 1 item(ns).
2026-06-17 11:02:38 | WARN | Cmdlet Get-PWProjectSecurity nao encontrado no ambiente. A leitura seguira apenas com FolderSecurity/TreeAccessObjects.
2026-06-17 11:02:38 | INFO | Total consolidado de acessos encontrados: 14
2026-06-17 11:02:38 | INFO | Projeto 'Marginais de Vitória - km 278,200 - 291,500 - BR101/ES' carregado para arvore. Groups=12 | UserLists=1 | Outros=1
2026-06-17 11:03:01 | INFO | Resumo final da execução | Total=24 | Sucesso=24 | JaExiste=0 | Erro=0
2026-06-17 11:03:06 | INFO | Listando pastas da raiz por Root.
2026-06-17 11:03:06 | INFO | Listando filhos da pasta ID: 56
2026-06-17 11:03:10 | INFO | Listando filhos da pasta ID: 286
2026-06-17 11:03:10 | INFO | Listando filhos da pasta ID: 14023
2026-06-17 11:03:11 | INFO | Iniciando leitura da seguranca do projeto 'Acesso 13° Ano 736+555' (ID: 322419)
2026-06-17 11:03:12 | INFO | Get-PWFolderSecurity retornou 28 item(ns).
2026-06-17 11:03:12 | INFO | Get-PWFolderTreeAccessObjects retornou 1 item(ns).
2026-06-17 11:03:12 | WARN | Cmdlet Get-PWProjectSecurity nao encontrado no ambiente. A leitura seguira apenas com FolderSecurity/TreeAccessObjects.
2026-06-17 11:03:12 | INFO | Total consolidado de acessos encontrados: 14
2026-06-17 11:03:12 | INFO | Projeto 'Acesso 13° Ano - km 736+555 - BR365/MG' carregado para arvore. Groups=12 | UserLists=1 | Outros=1
2026-06-17 11:03:12 | INFO | Iniciando leitura da seguranca do projeto 'Acesso 13° Ano 736+735' (ID: 323203)
2026-06-17 11:03:13 | INFO | Get-PWFolderSecurity retornou 28 item(ns).
2026-06-17 11:03:13 | INFO | Get-PWFolderTreeAccessObjects retornou 1 item(ns).
2026-06-17 11:03:13 | WARN | Cmdlet Get-PWProjectSecurity nao encontrado no ambiente. A leitura seguira apenas com FolderSecurity/TreeAccessObjects.
2026-06-17 11:03:13 | INFO | Total consolidado de acessos encontrados: 14
2026-06-17 11:03:13 | INFO | Projeto 'Acesso 13° Ano - km 736+735 - BR365/MG' carregado para arvore. Groups=12 | UserLists=1 | Outros=1
2026-06-17 11:03:13 | INFO | Iniciando leitura da seguranca do projeto 'Acesso 13° Ano 745+420' (ID: 323963)
2026-06-17 11:03:14 | INFO | Get-PWFolderSecurity retornou 28 item(ns).
2026-06-17 11:03:14 | INFO | Get-PWFolderTreeAccessObjects retornou 1 item(ns).
2026-06-17 11:03:14 | WARN | Cmdlet Get-PWProjectSecurity nao encontrado no ambiente. A leitura seguira apenas com FolderSecurity/TreeAccessObjects.
2026-06-17 11:03:14 | INFO | Total consolidado de acessos encontrados: 14
2026-06-17 11:03:14 | INFO | Projeto 'Acesso 13° Ano - km 745+420 - BR365/MG' carregado para arvore. Groups=12 | UserLists=1 | Outros=1
2026-06-17 11:03:14 | INFO | Iniciando leitura da seguranca do projeto 'Acesso 5° Ano 167+140' (ID: 313954)
2026-06-17 11:03:16 | INFO | Get-PWFolderSecurity retornou 28 item(ns).
2026-06-17 11:03:16 | INFO | Get-PWFolderTreeAccessObjects retornou 1 item(ns).
2026-06-17 11:03:16 | WARN | Cmdlet Get-PWProjectSecurity nao encontrado no ambiente. A leitura seguira apenas com FolderSecurity/TreeAccessObjects.
2026-06-17 11:03:16 | INFO | Total consolidado de acessos encontrados: 14
2026-06-17 11:03:16 | INFO | Projeto 'Acesso 5° Ano - km 167+140 - BR364/GO' carregado para arvore. Groups=12 | UserLists=1 | Outros=1
2026-06-17 11:03:16 | INFO | Iniciando leitura da seguranca do projeto 'Acesso 5° Ano 626+050' (ID: 314740)
2026-06-17 11:03:17 | INFO | Get-PWFolderSecurity retornou 28 item(ns).
2026-06-17 11:03:17 | INFO | Get-PWFolderTreeAccessObjects retornou 1 item(ns).
2026-06-17 11:03:17 | WARN | Cmdlet Get-PWProjectSecurity nao encontrado no ambiente. A leitura seguira apenas com FolderSecurity/TreeAccessObjects.
2026-06-17 11:03:17 | INFO | Total consolidado de acessos encontrados: 14
2026-06-17 11:03:17 | INFO | Projeto 'Acesso 5° Ano - km 626+050 - BR365/MG' carregado para arvore. Groups=12 | UserLists=1 | Outros=1
2026-06-17 11:03:17 | INFO | Iniciando leitura da seguranca do projeto 'Acesso 5° Ano 630+312' (ID: 315526)
2026-06-17 11:03:18 | INFO | Get-PWFolderSecurity retornou 28 item(ns).
2026-06-17 11:03:18 | INFO | Get-PWFolderTreeAccessObjects retornou 1 item(ns).
2026-06-17 11:03:18 | WARN | Cmdlet Get-PWProjectSecurity nao encontrado no ambiente. A leitura seguira apenas com FolderSecurity/TreeAccessObjects.
2026-06-17 11:03:18 | INFO | Total consolidado de acessos encontrados: 14
2026-06-17 11:03:18 | INFO | Projeto 'Acesso 5° Ano - km 630+312 - BR365/MG' carregado para arvore. Groups=12 | UserLists=1 | Outros=1
2026-06-17 11:03:18 | INFO | Iniciando leitura da seguranca do projeto 'Acesso 5° Ano 637+000' (ID: 316309)
2026-06-17 11:03:20 | INFO | Get-PWFolderSecurity retornou 28 item(ns).
2026-06-17 11:03:20 | INFO | Get-PWFolderTreeAccessObjects retornou 1 item(ns).
2026-06-17 11:03:20 | WARN | Cmdlet Get-PWProjectSecurity nao encontrado no ambiente. A leitura seguira apenas com FolderSecurity/TreeAccessObjects.
2026-06-17 11:03:20 | INFO | Total consolidado de acessos encontrados: 14
2026-06-17 11:03:20 | INFO | Projeto 'Acesso 5° Ano - km 637+000 - BR365/MG' carregado para arvore. Groups=12 | UserLists=1 | Outros=1
2026-06-17 11:03:20 | INFO | Iniciando leitura da seguranca do projeto 'Acesso 5° Ano 642+340' (ID: 317095)
2026-06-17 11:03:21 | INFO | Get-PWFolderSecurity retornou 28 item(ns).
2026-06-17 11:03:21 | INFO | Get-PWFolderTreeAccessObjects retornou 1 item(ns).
2026-06-17 11:03:21 | WARN | Cmdlet Get-PWProjectSecurity nao encontrado no ambiente. A leitura seguira apenas com FolderSecurity/TreeAccessObjects.
2026-06-17 11:03:21 | INFO | Total consolidado de acessos encontrados: 14
2026-06-17 11:03:21 | INFO | Projeto 'Acesso 5° Ano - km 642+340 - BR365/MG' carregado para arvore. Groups=12 | UserLists=1 | Outros=1
2026-06-17 11:03:21 | INFO | Iniciando leitura da seguranca do projeto 'Acesso 5° Ano 642+726' (ID: 317877)
2026-06-17 11:03:23 | INFO | Get-PWFolderSecurity retornou 28 item(ns).
2026-06-17 11:03:23 | INFO | Get-PWFolderTreeAccessObjects retornou 1 item(ns).
2026-06-17 11:03:23 | WARN | Cmdlet Get-PWProjectSecurity nao encontrado no ambiente. A leitura seguira apenas com FolderSecurity/TreeAccessObjects.
2026-06-17 11:03:23 | INFO | Total consolidado de acessos encontrados: 14
2026-06-17 11:03:23 | INFO | Projeto 'Acesso 5° Ano - km 642+726 - BR365/MG' carregado para arvore. Groups=12 | UserLists=1 | Outros=1
2026-06-17 11:03:23 | INFO | Iniciando leitura da seguranca do projeto 'Acesso 5° Ano 648+345' (ID: 318658)
2026-06-17 11:03:24 | INFO | Get-PWFolderSecurity retornou 28 item(ns).
2026-06-17 11:03:24 | INFO | Get-PWFolderTreeAccessObjects retornou 1 item(ns).
2026-06-17 11:03:24 | WARN | Cmdlet Get-PWProjectSecurity nao encontrado no ambiente. A leitura seguira apenas com FolderSecurity/TreeAccessObjects.
2026-06-17 11:03:24 | INFO | Total consolidado de acessos encontrados: 14
2026-06-17 11:03:24 | INFO | Projeto 'Acesso 5° Ano - km 648+345 - BR365/MG' carregado para arvore. Groups=12 | UserLists=1 | Outros=1
2026-06-17 11:03:24 | INFO | Iniciando leitura da seguranca do projeto 'Acesso 5° Ano 655+320' (ID: 319295)
2026-06-17 11:03:25 | INFO | Get-PWFolderSecurity retornou 28 item(ns).
2026-06-17 11:03:25 | INFO | Get-PWFolderTreeAccessObjects retornou 1 item(ns).
2026-06-17 11:03:25 | WARN | Cmdlet Get-PWProjectSecurity nao encontrado no ambiente. A leitura seguira apenas com FolderSecurity/TreeAccessObjects.
2026-06-17 11:03:25 | INFO | Total consolidado de acessos encontrados: 14
2026-06-17 11:03:25 | INFO | Projeto 'Acesso 5° Ano - km 655+320 - BR365/MG' carregado para arvore. Groups=12 | UserLists=1 | Outros=1
2026-06-17 11:03:25 | INFO | Iniciando leitura da seguranca do projeto 'Acesso 5° Ano 668+288' (ID: 320076)
2026-06-17 11:03:27 | INFO | Get-PWFolderSecurity retornou 28 item(ns).
2026-06-17 11:03:27 | INFO | Get-PWFolderTreeAccessObjects retornou 1 item(ns).
2026-06-17 11:03:27 | WARN | Cmdlet Get-PWProjectSecurity nao encontrado no ambiente. A leitura seguira apenas com FolderSecurity/TreeAccessObjects.
2026-06-17 11:03:27 | INFO | Total consolidado de acessos encontrados: 14
2026-06-17 11:03:27 | INFO | Projeto 'Acesso 5° Ano - km 668+288 - BR365/MG' carregado para arvore. Groups=12 | UserLists=1 | Outros=1
2026-06-17 11:03:27 | INFO | Iniciando leitura da seguranca do projeto 'Acesso 5° Ano 694+848' (ID: 320857)
2026-06-17 11:03:28 | INFO | Get-PWFolderSecurity retornou 28 item(ns).
2026-06-17 11:03:28 | INFO | Get-PWFolderTreeAccessObjects retornou 1 item(ns).
2026-06-17 11:03:28 | WARN | Cmdlet Get-PWProjectSecurity nao encontrado no ambiente. A leitura seguira apenas com FolderSecurity/TreeAccessObjects.
2026-06-17 11:03:28 | INFO | Total consolidado de acessos encontrados: 14
2026-06-17 11:03:28 | INFO | Projeto 'Acesso 5° Ano - km 694+848 - BR365/MG' carregado para arvore. Groups=12 | UserLists=1 | Outros=1
2026-06-17 11:03:28 | INFO | Iniciando leitura da seguranca do projeto 'Acesso 5° Ano 697+300' (ID: 321638)
2026-06-17 11:03:29 | INFO | Get-PWFolderSecurity retornou 28 item(ns).
2026-06-17 11:03:29 | INFO | Get-PWFolderTreeAccessObjects retornou 1 item(ns).
2026-06-17 11:03:29 | WARN | Cmdlet Get-PWProjectSecurity nao encontrado no ambiente. A leitura seguira apenas com FolderSecurity/TreeAccessObjects.
2026-06-17 11:03:29 | INFO | Total consolidado de acessos encontrados: 14
2026-06-17 11:03:29 | INFO | Projeto 'Acesso 5° Ano - km 697+300 - BR365/MG' carregado para arvore. Groups=12 | UserLists=1 | Outros=1
2026-06-17 11:03:29 | INFO | Iniciando leitura da seguranca do projeto 'Acesso 5° Ano 759+400' (ID: 324744)
2026-06-17 11:03:30 | INFO | Get-PWFolderSecurity retornou 28 item(ns).
2026-06-17 11:03:31 | INFO | Get-PWFolderTreeAccessObjects retornou 1 item(ns).
2026-06-17 11:03:31 | WARN | Cmdlet Get-PWProjectSecurity nao encontrado no ambiente. A leitura seguira apenas com FolderSecurity/TreeAccessObjects.
2026-06-17 11:03:31 | INFO | Total consolidado de acessos encontrados: 14
2026-06-17 11:03:31 | INFO | Projeto 'Acesso 5° Ano - km 759+400 - BR365/MG' carregado para arvore. Groups=12 | UserLists=1 | Outros=1
2026-06-17 11:03:31 | INFO | Iniciando leitura da seguranca do projeto 'Acesso 5° Ano 772+640' (ID: 325722)
2026-06-17 11:03:32 | INFO | Get-PWFolderSecurity retornou 28 item(ns).
2026-06-17 11:03:32 | INFO | Get-PWFolderTreeAccessObjects retornou 1 item(ns).
2026-06-17 11:03:32 | WARN | Cmdlet Get-PWProjectSecurity nao encontrado no ambiente. A leitura seguira apenas com FolderSecurity/TreeAccessObjects.
2026-06-17 11:03:32 | INFO | Total consolidado de acessos encontrados: 14
2026-06-17 11:03:32 | INFO | Projeto 'Acesso 5° Ano - km 772+640 - BR365/MG' carregado para arvore. Groups=12 | UserLists=1 | Outros=1
2026-06-17 11:03:32 | INFO | Iniciando leitura da seguranca do projeto 'Duplicação TH 13 e 14' (ID: 274303)
2026-06-17 11:03:33 | INFO | Get-PWFolderSecurity retornou 28 item(ns).
2026-06-17 11:03:34 | INFO | Get-PWFolderTreeAccessObjects retornou 1 item(ns).
2026-06-17 11:03:34 | WARN | Cmdlet Get-PWProjectSecurity nao encontrado no ambiente. A leitura seguira apenas com FolderSecurity/TreeAccessObjects.
2026-06-17 11:03:34 | INFO | Total consolidado de acessos encontrados: 14
2026-06-17 11:03:34 | INFO | Projeto 'Duplicação TH 13 e 14 - km 735,6 + 753,2 - BR-365/MG' carregado para arvore. Groups=12 | UserLists=1 | Outros=1
2026-06-17 11:03:34 | INFO | Iniciando leitura da seguranca do projeto 'Faixas Adicionais - TH 05' (ID: 272917)
2026-06-17 11:03:35 | INFO | Get-PWFolderSecurity retornou 28 item(ns).
2026-06-17 11:03:35 | INFO | Get-PWFolderTreeAccessObjects retornou 1 item(ns).
2026-06-17 11:03:35 | WARN | Cmdlet Get-PWProjectSecurity nao encontrado no ambiente. A leitura seguira apenas com FolderSecurity/TreeAccessObjects.
2026-06-17 11:03:35 | INFO | Total consolidado de acessos encontrados: 14
2026-06-17 11:03:35 | INFO | Projeto 'Faixas adicionais TH 05 - km 64,700 + 113,200 - BR364/GO' carregado para arvore. Groups=12 | UserLists=1 | Outros=1
2026-06-17 11:04:06 | INFO | Resumo final da execução | Total=18 | Sucesso=18 | JaExiste=0 | Erro=0
2026-06-17 11:04:08 | INFO | Listando pastas da raiz por Root.
2026-06-17 11:04:09 | INFO | Listando filhos da pasta ID: 56
2026-06-17 11:04:13 | INFO | Listando filhos da pasta ID: 759
2026-06-17 11:04:13 | INFO | Listando filhos da pasta ID: 933
2026-06-17 11:04:17 | INFO | Iniciando leitura da seguranca do projeto '105-Estação Elevatória km 64' (ID: 358826)
2026-06-17 11:04:18 | INFO | Get-PWFolderSecurity retornou 24 item(ns).
2026-06-17 11:04:18 | INFO | Get-PWFolderTreeAccessObjects retornou 1 item(ns).
2026-06-17 11:04:18 | WARN | Cmdlet Get-PWProjectSecurity nao encontrado no ambiente. A leitura seguira apenas com FolderSecurity/TreeAccessObjects.
2026-06-17 11:04:18 | INFO | Total consolidado de acessos encontrados: 14
2026-06-17 11:04:18 | INFO | Projeto '105 - Estação Elevatória - km 64 - SP-150' carregado para arvore. Groups=12 | UserLists=1 | Outros=1
2026-06-17 11:04:18 | INFO | Iniciando leitura da seguranca do projeto '126-Iluminação' (ID: 395240)
2026-06-17 11:04:19 | INFO | Get-PWFolderSecurity retornou 24 item(ns).
2026-06-17 11:04:19 | INFO | Get-PWFolderTreeAccessObjects retornou 1 item(ns).
2026-06-17 11:04:19 | WARN | Cmdlet Get-PWProjectSecurity nao encontrado no ambiente. A leitura seguira apenas com FolderSecurity/TreeAccessObjects.
2026-06-17 11:04:19 | INFO | Total consolidado de acessos encontrados: 14
2026-06-17 11:04:19 | INFO | Projeto '126 - Iluminação km 0 - 8 SPA- 248-055 km 0 ao 8' carregado para arvore. Groups=12 | UserLists=1 | Outros=1
2026-06-17 11:04:19 | INFO | Iniciando leitura da seguranca do projeto '132 - Curva do S - Adequação Viária Dispositivo' (ID: 296000)
2026-06-17 11:04:19 | INFO | Get-PWFolderSecurity retornou 10 item(ns).
2026-06-17 11:04:19 | INFO | Get-PWFolderTreeAccessObjects retornou 0 item(ns).
2026-06-17 11:04:19 | WARN | Cmdlet Get-PWProjectSecurity nao encontrado no ambiente. A leitura seguira apenas com FolderSecurity/TreeAccessObjects.
2026-06-17 11:04:19 | INFO | Total consolidado de acessos encontrados: 
2026-06-17 11:04:19 | WARN | Projeto '132 - Curva do S - Dispositivos - Km 291 - SP-055' retornou apenas 1 group(s) pela API. Tentando fallback por nome...
2026-06-17 11:04:19 | INFO | Cache de grupos carregado via Get-PWGroups: 6001 item(ns).
2026-06-17 11:04:34 | WARN | Fallback por nome encontrou 10 group(s) para projeto '132 - Curva do S - Dispositivos - Km 291 - SP-055'. Apelidos usados: 132 - curva do s - dispositivos - km 291 - sp-055 | 132 - curva do s - adequacao viaria dispositivo | 132 - curva do s - dispositivos | 132 - curva do s | 132 curva do s
2026-06-17 11:04:34 | WARN |     [GROUP INFERIDO] IMI-132 - Curva do S-ASSISTENTE ENG
2026-06-17 11:04:34 | WARN |     [GROUP INFERIDO] IMI-132 - Curva do S-CONSULTA TODAS REV
2026-06-17 11:04:34 | WARN |     [GROUP INFERIDO] IMI-132 - Curva do S-CONSULTA ULTIMA REV
2026-06-17 11:04:34 | WARN |     [GROUP INFERIDO] IMI-132 - Curva do S-ENG CONSULTA TODAS REV
2026-06-17 11:04:34 | WARN |     [GROUP INFERIDO] IMI-132 - Curva do S-ENG CONSULTA ULTIMA REV
2026-06-17 11:04:34 | WARN |     [GROUP INFERIDO] IMI-132 - Curva do S-ESPECIALISTA
2026-06-17 11:04:34 | WARN |     [GROUP INFERIDO] IMI-132 - Curva do S-GESTOR ENG
2026-06-17 11:04:34 | WARN |     [GROUP INFERIDO] IMI-132 - Curva do S-GESTOR UNIDADE
2026-06-17 11:04:34 | WARN |     [GROUP INFERIDO] IMI-132 - Curva do S-PODER CONCEDENTE
2026-06-17 11:04:34 | WARN |     [GROUP INFERIDO] IMI-132 - Curva do S-PROJETISTA
2026-06-17 11:04:34 | INFO | Projeto '132 - Curva do S - Dispositivos - Km 291 - SP-055' carregado para arvore. Groups=11 | UserLists=0 | Outros=0
2026-06-17 11:04:34 | INFO | Iniciando leitura da seguranca do projeto '133-Marginal Hidro-3ªPista' (ID: 398253)
2026-06-17 11:04:35 | INFO | Get-PWFolderSecurity retornou 24 item(ns).
2026-06-17 11:04:35 | INFO | Get-PWFolderTreeAccessObjects retornou 1 item(ns).
2026-06-17 11:04:35 | WARN | Cmdlet Get-PWProjectSecurity nao encontrado no ambiente. A leitura seguira apenas com FolderSecurity/TreeAccessObjects.
2026-06-17 11:04:35 | INFO | Total consolidado de acessos encontrados: 14
2026-06-17 11:04:35 | INFO | Projeto '133-Marg. Hidromar-3ª Pista-km 264 ao 265-SP-055' carregado para arvore. Groups=12 | UserLists=1 | Outros=1
2026-06-17 11:04:35 | INFO | Iniciando leitura da seguranca do projeto '137 - Curva 1 - km 41+700' (ID: 358892)
2026-06-17 11:04:36 | INFO | Get-PWFolderSecurity retornou 24 item(ns).
2026-06-17 11:04:36 | INFO | Get-PWFolderTreeAccessObjects retornou 1 item(ns).
2026-06-17 11:04:36 | WARN | Cmdlet Get-PWProjectSecurity nao encontrado no ambiente. A leitura seguira apenas com FolderSecurity/TreeAccessObjects.
2026-06-17 11:04:36 | INFO | Total consolidado de acessos encontrados: 14
2026-06-17 11:04:36 | INFO | Projeto '137 - Curva 1 - km 41+700 - SP-150' carregado para arvore. Groups=12 | UserLists=1 | Outros=1
2026-06-17 11:04:36 | INFO | Iniciando leitura da seguranca do projeto '137 - Curva 2 - km 44+580' (ID: 358925)
2026-06-17 11:04:37 | INFO | Get-PWFolderSecurity retornou 24 item(ns).
2026-06-17 11:04:37 | INFO | Get-PWFolderTreeAccessObjects retornou 1 item(ns).
2026-06-17 11:04:37 | WARN | Cmdlet Get-PWProjectSecurity nao encontrado no ambiente. A leitura seguira apenas com FolderSecurity/TreeAccessObjects.
2026-06-17 11:04:37 | INFO | Total consolidado de acessos encontrados: 14
2026-06-17 11:04:37 | INFO | Projeto '137 - Curva 2 - km 44+580 - SP-150' carregado para arvore. Groups=12 | UserLists=1 | Outros=1
2026-06-17 11:04:37 | INFO | Iniciando leitura da seguranca do projeto '137 - Curva 3 - km 46+920' (ID: 358958)
2026-06-17 11:04:38 | INFO | Get-PWFolderSecurity retornou 24 item(ns).
2026-06-17 11:04:38 | INFO | Get-PWFolderTreeAccessObjects retornou 1 item(ns).
2026-06-17 11:04:38 | WARN | Cmdlet Get-PWProjectSecurity nao encontrado no ambiente. A leitura seguira apenas com FolderSecurity/TreeAccessObjects.
2026-06-17 11:04:38 | INFO | Total consolidado de acessos encontrados: 14
2026-06-17 11:04:38 | INFO | Projeto '137 - Curva 3 - km 46+920 - SP-150' carregado para arvore. Groups=12 | UserLists=1 | Outros=1
2026-06-17 11:04:38 | INFO | Iniciando leitura da seguranca do projeto '137 - Curva 4 - km 44+410' (ID: 358991)
2026-06-17 11:04:39 | INFO | Get-PWFolderSecurity retornou 24 item(ns).
2026-06-17 11:04:39 | INFO | Get-PWFolderTreeAccessObjects retornou 1 item(ns).
2026-06-17 11:04:39 | WARN | Cmdlet Get-PWProjectSecurity nao encontrado no ambiente. A leitura seguira apenas com FolderSecurity/TreeAccessObjects.
2026-06-17 11:04:39 | INFO | Total consolidado de acessos encontrados: 14
2026-06-17 11:04:39 | INFO | Projeto '137 - Curva 4 - km 44+410 - SP-150' carregado para arvore. Groups=12 | UserLists=1 | Outros=1
2026-06-17 11:04:39 | INFO | Iniciando leitura da seguranca do projeto '137 - Curva 5 - km 43+260' (ID: 359024)
2026-06-17 11:04:40 | INFO | Get-PWFolderSecurity retornou 24 item(ns).
2026-06-17 11:04:40 | INFO | Get-PWFolderTreeAccessObjects retornou 1 item(ns).
2026-06-17 11:04:40 | WARN | Cmdlet Get-PWProjectSecurity nao encontrado no ambiente. A leitura seguira apenas com FolderSecurity/TreeAccessObjects.
2026-06-17 11:04:40 | INFO | Total consolidado de acessos encontrados: 14
2026-06-17 11:04:40 | INFO | Projeto '137 - Curva 5 - km 43+260 - SP-150' carregado para arvore. Groups=12 | UserLists=1 | Outros=1
2026-06-17 11:04:40 | INFO | Iniciando leitura da seguranca do projeto '137 - Curva 6 - km 41+730' (ID: 359057)
2026-06-17 11:04:41 | INFO | Get-PWFolderSecurity retornou 24 item(ns).
2026-06-17 11:04:41 | INFO | Get-PWFolderTreeAccessObjects retornou 1 item(ns).
2026-06-17 11:04:41 | WARN | Cmdlet Get-PWProjectSecurity nao encontrado no ambiente. A leitura seguira apenas com FolderSecurity/TreeAccessObjects.
2026-06-17 11:04:41 | INFO | Total consolidado de acessos encontrados: 14
2026-06-17 11:04:41 | INFO | Projeto '137 - Curva 6 - km 41+730 - SP-150' carregado para arvore. Groups=12 | UserLists=1 | Outros=1
2026-06-17 11:04:41 | INFO | Iniciando leitura da seguranca do projeto '140  - ANPC - Dispositivos' (ID: 102795)
2026-06-17 11:04:43 | INFO | Get-PWFolderSecurity retornou 32 item(ns).
2026-06-17 11:04:43 | INFO | Get-PWFolderTreeAccessObjects retornou 1 item(ns).
2026-06-17 11:04:43 | WARN | Cmdlet Get-PWProjectSecurity nao encontrado no ambiente. A leitura seguira apenas com FolderSecurity/TreeAccessObjects.
2026-06-17 11:04:43 | INFO | Total consolidado de acessos encontrados: 12
2026-06-17 11:04:43 | INFO | Projeto '140 - ANPC - Dispositivo 1 - km 16 - SP-150' carregado para arvore. Groups=12 | UserLists=0 | Outros=0
2026-06-17 11:04:43 | INFO | Iniciando leitura da seguranca do projeto '140 - ANPC - Disp 3' (ID: 345859)
2026-06-17 11:04:45 | INFO | Get-PWFolderSecurity retornou 32 item(ns).
2026-06-17 11:04:45 | INFO | Get-PWFolderTreeAccessObjects retornou 1 item(ns).
2026-06-17 11:04:45 | WARN | Cmdlet Get-PWProjectSecurity nao encontrado no ambiente. A leitura seguira apenas com FolderSecurity/TreeAccessObjects.
2026-06-17 11:04:45 | INFO | Total consolidado de acessos encontrados: 12
2026-06-17 11:04:45 | INFO | Projeto '140 - ANPC - Dispositivo 2 - km 18 - SP-150' carregado para arvore. Groups=12 | UserLists=0 | Outros=0
2026-06-17 11:04:45 | INFO | Iniciando leitura da seguranca do projeto '140 - ANPC - Dispositivo de Segurança' (ID: 299988)
2026-06-17 11:04:46 | INFO | Get-PWFolderSecurity retornou 30 item(ns).
2026-06-17 11:04:46 | INFO | Get-PWFolderTreeAccessObjects retornou 1 item(ns).
2026-06-17 11:04:46 | WARN | Cmdlet Get-PWProjectSecurity nao encontrado no ambiente. A leitura seguira apenas com FolderSecurity/TreeAccessObjects.
2026-06-17 11:04:46 | INFO | Total consolidado de acessos encontrados: 11
2026-06-17 11:04:46 | INFO | Projeto 'ANPC - Dispositivo de Segurança 1 - Km 12 - 24 - SP-160' carregado para arvore. Groups=11 | UserLists=0 | Outros=0
2026-06-17 11:04:46 | INFO | Iniciando leitura da seguranca do projeto '140 - ANPC - Iluminação e EPS-SP-160' (ID: 298379)
2026-06-17 11:04:47 | INFO | Get-PWFolderSecurity retornou 10 item(ns).
2026-06-17 11:04:47 | INFO | Get-PWFolderTreeAccessObjects retornou 0 item(ns).
2026-06-17 11:04:47 | WARN | Cmdlet Get-PWProjectSecurity nao encontrado no ambiente. A leitura seguira apenas com FolderSecurity/TreeAccessObjects.
2026-06-17 11:04:47 | INFO | Total consolidado de acessos encontrados: 
2026-06-17 11:04:47 | WARN | Projeto '140 - ANPC - Iluminação e EPS - km 12 - 24 - SP-160' retornou apenas 1 group(s) pela API. Tentando fallback por nome...
2026-06-17 11:05:01 | WARN | Fallback por nome nao encontrou groups para projeto '140 - ANPC - Iluminação e EPS - km 12 - 24 - SP-160'. Apelidos usados: 140 - anpc - iluminacao e eps - km 12 - 24 - sp-160 | 140 - anpc - iluminacao e eps-sp-160 | 140 - anpc - iluminacao e eps | 140 - anpc | 140 anpc
2026-06-17 11:05:01 | INFO | Projeto '140 - ANPC - Iluminação e EPS - km 12 - 24 - SP-160' carregado para arvore. Groups=1 | UserLists=0 | Outros=0
2026-06-17 11:05:01 | INFO | Iniciando leitura da seguranca do projeto '147-FIP-Novo Acesso Porto' (ID: 394974)
2026-06-17 11:05:02 | INFO | Get-PWFolderSecurity retornou 24 item(ns).
2026-06-17 11:05:02 | INFO | Get-PWFolderTreeAccessObjects retornou 1 item(ns).
2026-06-17 11:05:02 | WARN | Cmdlet Get-PWProjectSecurity nao encontrado no ambiente. A leitura seguira apenas com FolderSecurity/TreeAccessObjects.
2026-06-17 11:05:02 | INFO | Total consolidado de acessos encontrados: 14
2026-06-17 11:05:02 | INFO | Projeto '147 - Porto de Santos  - FIPS km 64 - SP - 150' carregado para arvore. Groups=12 | UserLists=1 | Outros=1
2026-06-17 11:05:02 | INFO | Iniciando leitura da seguranca do projeto 'Acesso Reprinco km 22' (ID: 358859)
2026-06-17 11:05:03 | INFO | Get-PWFolderSecurity retornou 24 item(ns).
2026-06-17 11:05:03 | INFO | Get-PWFolderTreeAccessObjects retornou 1 item(ns).
2026-06-17 11:05:03 | WARN | Cmdlet Get-PWProjectSecurity nao encontrado no ambiente. A leitura seguira apenas com FolderSecurity/TreeAccessObjects.
2026-06-17 11:05:03 | INFO | Total consolidado de acessos encontrados: 14
2026-06-17 11:05:03 | INFO | Projeto 'Acesso Reprinco - km 22 - SP-150' carregado para arvore. Groups=12 | UserLists=1 | Outros=1
2026-06-17 11:05:03 | INFO | Iniciando leitura da seguranca do projeto 'ADC Sul' (ID: 343227)
2026-06-17 11:05:04 | INFO | Get-PWFolderSecurity retornou 24 item(ns).
2026-06-17 11:05:04 | INFO | Get-PWFolderTreeAccessObjects retornou 1 item(ns).
2026-06-17 11:05:04 | WARN | Cmdlet Get-PWProjectSecurity nao encontrado no ambiente. A leitura seguira apenas com FolderSecurity/TreeAccessObjects.
2026-06-17 11:05:04 | INFO | Total consolidado de acessos encontrados: 14
2026-06-17 11:05:04 | INFO | Projeto 'ADC - km 40,8 Sul - SP-160' carregado para arvore. Groups=12 | UserLists=1 | Outros=1
2026-06-17 11:05:04 | INFO | Iniciando leitura da seguranca do projeto 'Alemoa 3ª Faixa' (ID: 359090)
2026-06-17 11:05:05 | INFO | Get-PWFolderSecurity retornou 24 item(ns).
2026-06-17 11:05:05 | INFO | Get-PWFolderTreeAccessObjects retornou 1 item(ns).
2026-06-17 11:05:05 | WARN | Cmdlet Get-PWProjectSecurity nao encontrado no ambiente. A leitura seguira apenas com FolderSecurity/TreeAccessObjects.
2026-06-17 11:05:05 | INFO | Total consolidado de acessos encontrados: 14
2026-06-17 11:05:05 | INFO | Projeto 'Ligação Alemoa 3ª Faixa - km 59+000 - 61+000 - SP-150' carregado para arvore. Groups=12 | UserLists=1 | Outros=1
2026-06-17 11:05:05 | INFO | Iniciando leitura da seguranca do projeto 'Alemoa Dispositivo' (ID: 359189)
2026-06-17 11:05:06 | INFO | Get-PWFolderSecurity retornou 24 item(ns).
2026-06-17 11:05:06 | INFO | Get-PWFolderTreeAccessObjects retornou 1 item(ns).
2026-06-17 11:05:06 | WARN | Cmdlet Get-PWProjectSecurity nao encontrado no ambiente. A leitura seguira apenas com FolderSecurity/TreeAccessObjects.
2026-06-17 11:05:06 | INFO | Total consolidado de acessos encontrados: 14
2026-06-17 11:05:06 | INFO | Projeto 'Ligação Alemoa Dispositivo - km 61+000 - SP-150' carregado para arvore. Groups=12 | UserLists=1 | Outros=1
2026-06-17 11:05:06 | INFO | Iniciando leitura da seguranca do projeto 'Alemoa Passarela' (ID: 359156)
2026-06-17 11:05:07 | INFO | Get-PWFolderSecurity retornou 24 item(ns).
2026-06-17 11:05:07 | INFO | Get-PWFolderTreeAccessObjects retornou 1 item(ns).
2026-06-17 11:05:07 | WARN | Cmdlet Get-PWProjectSecurity nao encontrado no ambiente. A leitura seguira apenas com FolderSecurity/TreeAccessObjects.
2026-06-17 11:05:07 | INFO | Total consolidado de acessos encontrados: 14
2026-06-17 11:05:07 | INFO | Projeto 'Ligação Alemoa Passarela - km 60+520 - SP-150' carregado para arvore. Groups=12 | UserLists=1 | Outros=1
2026-06-17 11:05:07 | INFO | Iniciando leitura da seguranca do projeto 'Alemoa Rotatória' (ID: 359123)
2026-06-17 11:05:08 | INFO | Get-PWFolderSecurity retornou 24 item(ns).
2026-06-17 11:05:08 | INFO | Get-PWFolderTreeAccessObjects retornou 1 item(ns).
2026-06-17 11:05:08 | WARN | Cmdlet Get-PWProjectSecurity nao encontrado no ambiente. A leitura seguira apenas com FolderSecurity/TreeAccessObjects.
2026-06-17 11:05:08 | INFO | Total consolidado de acessos encontrados: 14
2026-06-17 11:05:08 | INFO | Projeto 'Ligação Alemoa Rotatória - km 62+000 - SP-150' carregado para arvore. Groups=12 | UserLists=1 | Outros=1
2026-06-17 11:05:08 | INFO | Iniciando leitura da seguranca do projeto 'ANPC - Área de Escape' (ID: 356474)
2026-06-17 11:05:09 | INFO | Get-PWFolderSecurity retornou 24 item(ns).
2026-06-17 11:05:09 | INFO | Get-PWFolderTreeAccessObjects retornou 1 item(ns).
2026-06-17 11:05:09 | WARN | Cmdlet Get-PWProjectSecurity nao encontrado no ambiente. A leitura seguira apenas com FolderSecurity/TreeAccessObjects.
2026-06-17 11:05:09 | INFO | Total consolidado de acessos encontrados: 14
2026-06-17 11:05:09 | INFO | Projeto 'ANPC - Área de Escape - km 45+46 - SP-150' carregado para arvore. Groups=12 | UserLists=1 | Outros=1
2026-06-17 11:05:09 | INFO | Iniciando leitura da seguranca do projeto 'ANPC - BSO (Com SAU)' (ID: 356507)
2026-06-17 11:05:10 | INFO | Get-PWFolderSecurity retornou 24 item(ns).
2026-06-17 11:05:10 | INFO | Get-PWFolderTreeAccessObjects retornou 1 item(ns).
2026-06-17 11:05:10 | WARN | Cmdlet Get-PWProjectSecurity nao encontrado no ambiente. A leitura seguira apenas com FolderSecurity/TreeAccessObjects.
2026-06-17 11:05:10 | INFO | Total consolidado de acessos encontrados: 14
2026-06-17 11:05:10 | INFO | Projeto 'ANPC - BSO (Com SAU) - km 47+750 - SP-150' carregado para arvore. Groups=12 | UserLists=1 | Outros=1
2026-06-17 11:05:10 | INFO | Iniciando leitura da seguranca do projeto 'Ciclovia Baixada Santista' (ID: 100224)
2026-06-17 11:05:11 | INFO | Get-PWFolderSecurity retornou 24 item(ns).
2026-06-17 11:05:11 | INFO | Get-PWFolderTreeAccessObjects retornou 1 item(ns).
2026-06-17 11:05:11 | WARN | Cmdlet Get-PWProjectSecurity nao encontrado no ambiente. A leitura seguira apenas com FolderSecurity/TreeAccessObjects.
2026-06-17 11:05:11 | INFO | Total consolidado de acessos encontrados: 14
2026-06-17 11:05:11 | INFO | Projeto 'Ciclovia Trecho 1 - km 59 - 65 - SP-160' carregado para arvore. Groups=12 | UserLists=1 | Outros=1
2026-06-17 11:05:11 | INFO | Iniciando leitura da seguranca do projeto 'Ciclovia Norte' (ID: 342816)
2026-06-17 11:05:12 | INFO | Get-PWFolderSecurity retornou 24 item(ns).
2026-06-17 11:05:12 | INFO | Get-PWFolderTreeAccessObjects retornou 1 item(ns).
2026-06-17 11:05:12 | WARN | Cmdlet Get-PWProjectSecurity nao encontrado no ambiente. A leitura seguira apenas com FolderSecurity/TreeAccessObjects.
2026-06-17 11:05:12 | INFO | Total consolidado de acessos encontrados: 14
2026-06-17 11:05:12 | INFO | Projeto 'Ciclovia - km 41,8 - 44,5 Norte - SP-160' carregado para arvore. Groups=12 | UserLists=1 | Outros=1
2026-06-17 11:05:12 | INFO | Iniciando leitura da seguranca do projeto 'Ciclovia Trecho 2' (ID: 347096)
2026-06-17 11:05:13 | INFO | Get-PWFolderSecurity retornou 10 item(ns).
2026-06-17 11:05:13 | INFO | Get-PWFolderTreeAccessObjects retornou 0 item(ns).
2026-06-17 11:05:13 | WARN | Cmdlet Get-PWProjectSecurity nao encontrado no ambiente. A leitura seguira apenas com FolderSecurity/TreeAccessObjects.
2026-06-17 11:05:13 | INFO | Total consolidado de acessos encontrados: 
2026-06-17 11:05:13 | WARN | Projeto 'Ciclovia Trecho 2 - km 56 - 60 - SP-150' retornou apenas 1 group(s) pela API. Tentando fallback por nome...
2026-06-17 11:05:24 | WARN | Fallback por nome encontrou 10 group(s) para projeto 'Ciclovia Trecho 2 - km 56 - 60 - SP-150'. Apelidos usados: ciclovia trecho 2 - km 56 - 60 - sp-150 | ciclovia trecho 2 - km 56 | ciclovia trecho 2 km 56 | ciclovia trecho 2
2026-06-17 11:05:24 | WARN |     [GROUP INFERIDO] ECVI-Ciclovia Trecho 2-ASSISTENTE ENG
2026-06-17 11:05:24 | WARN |     [GROUP INFERIDO] ECVI-Ciclovia Trecho 2-CONSULTA TODAS REV
2026-06-17 11:05:24 | WARN |     [GROUP INFERIDO] ECVI-Ciclovia Trecho 2-CONSULTA ULTIMA REV
2026-06-17 11:05:24 | WARN |     [GROUP INFERIDO] ECVI-Ciclovia Trecho 2-ENG CONSULTA TODAS REV
2026-06-17 11:05:24 | WARN |     [GROUP INFERIDO] ECVI-Ciclovia Trecho 2-ENG CONSULTA ULTIMA REV
2026-06-17 11:05:24 | WARN |     [GROUP INFERIDO] ECVI-Ciclovia Trecho 2-ESPECIALISTA
2026-06-17 11:05:24 | WARN |     [GROUP INFERIDO] ECVI-Ciclovia Trecho 2-GESTOR ENG
2026-06-17 11:05:24 | WARN |     [GROUP INFERIDO] ECVI-Ciclovia Trecho 2-GESTOR UNIDADE
2026-06-17 11:05:24 | WARN |     [GROUP INFERIDO] ECVI-Ciclovia Trecho 2-PODER CONCEDENTE
2026-06-17 11:05:24 | WARN |     [GROUP INFERIDO] ECVI-Ciclovia Trecho 2-PROJETISTA
2026-06-17 11:05:24 | INFO | Projeto 'Ciclovia Trecho 2 - km 56 - 60 - SP-150' carregado para arvore. Groups=11 | UserLists=0 | Outros=0
2026-06-17 11:05:24 | INFO | Iniciando leitura da seguranca do projeto 'Ciclovia Trecho 3' (ID: 347507)
2026-06-17 11:05:24 | INFO | Get-PWFolderSecurity retornou 10 item(ns).
2026-06-17 11:05:24 | INFO | Get-PWFolderTreeAccessObjects retornou 0 item(ns).
2026-06-17 11:05:25 | WARN | Cmdlet Get-PWProjectSecurity nao encontrado no ambiente. A leitura seguira apenas com FolderSecurity/TreeAccessObjects.
2026-06-17 11:05:25 | INFO | Total consolidado de acessos encontrados: 
2026-06-17 11:05:25 | WARN | Projeto 'Ciclovia Trecho 3 - km 0 - 2 - SPI-059' retornou apenas 1 group(s) pela API. Tentando fallback por nome...
2026-06-17 11:05:36 | WARN | Fallback por nome encontrou 10 group(s) para projeto 'Ciclovia Trecho 3 - km 0 - 2 - SPI-059'. Apelidos usados: ciclovia trecho 3 - km 0 - 2 - spi-059 | ciclovia trecho 3 - km 0 | ciclovia trecho 3 km 0 | ciclovia trecho 3
2026-06-17 11:05:36 | WARN |     [GROUP INFERIDO] ECVI-Ciclovia Trecho 3-ASSISTENTE ENG
2026-06-17 11:05:36 | WARN |     [GROUP INFERIDO] ECVI-Ciclovia Trecho 3-CONSULTA TODAS REV
2026-06-17 11:05:36 | WARN |     [GROUP INFERIDO] ECVI-Ciclovia Trecho 3-CONSULTA ULTIMA REV
2026-06-17 11:05:36 | WARN |     [GROUP INFERIDO] ECVI-Ciclovia Trecho 3-ENG CONSULTA TODAS REV
2026-06-17 11:05:36 | WARN |     [GROUP INFERIDO] ECVI-Ciclovia Trecho 3-ENG CONSULTA ULTIMA REV
2026-06-17 11:05:36 | WARN |     [GROUP INFERIDO] ECVI-Ciclovia Trecho 3-ESPECIALISTA
2026-06-17 11:05:36 | WARN |     [GROUP INFERIDO] ECVI-Ciclovia Trecho 3-GESTOR ENG
2026-06-17 11:05:36 | WARN |     [GROUP INFERIDO] ECVI-Ciclovia Trecho 3-GESTOR UNIDADE
2026-06-17 11:05:36 | WARN |     [GROUP INFERIDO] ECVI-Ciclovia Trecho 3-PODER CONCEDENTE
2026-06-17 11:05:36 | WARN |     [GROUP INFERIDO] ECVI-Ciclovia Trecho 3-PROJETISTA
2026-06-17 11:05:36 | INFO | Projeto 'Ciclovia Trecho 3 - km 0 - 2 - SPI-059' carregado para arvore. Groups=11 | UserLists=0 | Outros=0
2026-06-17 11:05:36 | INFO | Iniciando leitura da seguranca do projeto 'Corpo de Bombeiro' (ID: 359222)
2026-06-17 11:05:37 | INFO | Get-PWFolderSecurity retornou 24 item(ns).
2026-06-17 11:05:37 | INFO | Get-PWFolderTreeAccessObjects retornou 1 item(ns).
2026-06-17 11:05:37 | WARN | Cmdlet Get-PWProjectSecurity nao encontrado no ambiente. A leitura seguira apenas com FolderSecurity/TreeAccessObjects.
2026-06-17 11:05:37 | INFO | Total consolidado de acessos encontrados: 14
2026-06-17 11:05:37 | INFO | Projeto 'Ligação Planalto - Baixada - Corpo de Bombeiro - SP-160' carregado para arvore. Groups=12 | UserLists=1 | Outros=1
2026-06-17 11:05:37 | INFO | Iniciando leitura da seguranca do projeto 'Correção 6 Curvas' (ID: 101056)
2026-06-17 11:05:38 | INFO | Get-PWFolderSecurity retornou 24 item(ns).
2026-06-17 11:05:38 | INFO | Get-PWFolderTreeAccessObjects retornou 1 item(ns).
2026-06-17 11:05:38 | WARN | Cmdlet Get-PWProjectSecurity nao encontrado no ambiente. A leitura seguira apenas com FolderSecurity/TreeAccessObjects.
2026-06-17 11:05:38 | INFO | Total consolidado de acessos encontrados: 14
2026-06-17 11:05:38 | INFO | Projeto 'Correção 6 Curvas Trecho Serra- km 40 - 54 - SP-150' carregado para arvore. Groups=12 | UserLists=1 | Outros=1
2026-06-17 11:05:38 | INFO | Iniciando leitura da seguranca do projeto 'Estação de bombeamento' (ID: 345282)
2026-06-17 11:05:39 | INFO | Get-PWFolderSecurity retornou 24 item(ns).
2026-06-17 11:05:39 | INFO | Get-PWFolderTreeAccessObjects retornou 1 item(ns).
2026-06-17 11:05:39 | WARN | Cmdlet Get-PWProjectSecurity nao encontrado no ambiente. A leitura seguira apenas com FolderSecurity/TreeAccessObjects.
2026-06-17 11:05:39 | INFO | Total consolidado de acessos encontrados: 14
2026-06-17 11:05:39 | INFO | Projeto 'Estação de bombeamento - km 42+43 - SP-160' carregado para arvore. Groups=12 | UserLists=1 | Outros=1
2026-06-17 11:05:39 | INFO | Iniciando leitura da seguranca do projeto 'Gabarito Vertical km 12' (ID: 98356)
2026-06-17 11:05:40 | INFO | Get-PWFolderSecurity retornou 24 item(ns).
2026-06-17 11:05:40 | INFO | Get-PWFolderTreeAccessObjects retornou 1 item(ns).
2026-06-17 11:05:40 | WARN | Cmdlet Get-PWProjectSecurity nao encontrado no ambiente. A leitura seguira apenas com FolderSecurity/TreeAccessObjects.
2026-06-17 11:05:40 | INFO | Total consolidado de acessos encontrados: 14
2026-06-17 11:05:40 | INFO | Projeto 'Gabarito Vertical -  km 12 - SP-160' carregado para arvore. Groups=12 | UserLists=1 | Outros=1
2026-06-17 11:05:40 | INFO | Iniciando leitura da seguranca do projeto 'HS-WIM Leste' (ID: 344460)
2026-06-17 11:05:41 | INFO | Get-PWFolderSecurity retornou 24 item(ns).
2026-06-17 11:05:41 | INFO | Get-PWFolderTreeAccessObjects retornou 1 item(ns).
2026-06-17 11:05:41 | WARN | Cmdlet Get-PWProjectSecurity nao encontrado no ambiente. A leitura seguira apenas com FolderSecurity/TreeAccessObjects.
2026-06-17 11:05:41 | INFO | Total consolidado de acessos encontrados: 14
2026-06-17 11:05:41 | INFO | Projeto 'HS-WIM - km 265,50 Leste - SP-160' carregado para arvore. Groups=12 | UserLists=1 | Outros=1
2026-06-17 11:05:41 | INFO | Iniciando leitura da seguranca do projeto 'HS-WIM Oeste' (ID: 344871)
2026-06-17 11:05:42 | INFO | Get-PWFolderSecurity retornou 24 item(ns).
2026-06-17 11:05:42 | INFO | Get-PWFolderTreeAccessObjects retornou 1 item(ns).
2026-06-17 11:05:42 | WARN | Cmdlet Get-PWProjectSecurity nao encontrado no ambiente. A leitura seguira apenas com FolderSecurity/TreeAccessObjects.
2026-06-17 11:05:42 | INFO | Total consolidado de acessos encontrados: 14
2026-06-17 11:05:42 | INFO | Projeto 'HS-WIM - km 264,50 Oeste - SP-160' carregado para arvore. Groups=12 | UserLists=1 | Outros=1
2026-06-17 11:05:42 | INFO | Iniciando leitura da seguranca do projeto 'Ligação Alemoa' (ID: 98767)
2026-06-17 11:05:43 | INFO | Get-PWFolderSecurity retornou 24 item(ns).
2026-06-17 11:05:43 | INFO | Get-PWFolderTreeAccessObjects retornou 1 item(ns).
2026-06-17 11:05:44 | WARN | Cmdlet Get-PWProjectSecurity nao encontrado no ambiente. A leitura seguira apenas com FolderSecurity/TreeAccessObjects.
2026-06-17 11:05:44 | INFO | Total consolidado de acessos encontrados: 14
2026-06-17 11:05:44 | INFO | Projeto 'Ligação Alemoa - km 64 - SP-150' carregado para arvore. Groups=12 | UserLists=1 | Outros=1
2026-06-17 11:05:44 | INFO | Iniciando leitura da seguranca do projeto 'Ligação Planalto - Baixada' (ID: 49632)
2026-06-17 11:05:44 | INFO | Get-PWFolderSecurity retornou 24 item(ns).
2026-06-17 11:05:44 | INFO | Get-PWFolderTreeAccessObjects retornou 1 item(ns).
2026-06-17 11:05:44 | WARN | Cmdlet Get-PWProjectSecurity nao encontrado no ambiente. A leitura seguira apenas com FolderSecurity/TreeAccessObjects.
2026-06-17 11:05:44 | INFO | Total consolidado de acessos encontrados: 14
2026-06-17 11:05:44 | INFO | Projeto 'Ligação Planalto - Baixada - SP-160' carregado para arvore. Groups=12 | UserLists=1 | Outros=1
2026-06-17 11:05:44 | INFO | Iniciando leitura da seguranca do projeto 'Marginal Hidromar' (ID: 334483)
2026-06-17 11:05:45 | INFO | Get-PWFolderSecurity retornou 24 item(ns).
2026-06-17 11:05:45 | INFO | Get-PWFolderTreeAccessObjects retornou 1 item(ns).
2026-06-17 11:05:46 | WARN | Cmdlet Get-PWProjectSecurity nao encontrado no ambiente. A leitura seguira apenas com FolderSecurity/TreeAccessObjects.
2026-06-17 11:05:46 | INFO | Total consolidado de acessos encontrados: 14
2026-06-17 11:05:46 | INFO | Projeto 'Marginal Hidromar - Km 263 + 268 - SP-055' carregado para arvore. Groups=12 | UserLists=1 | Outros=1
2026-06-17 11:05:46 | INFO | Iniciando leitura da seguranca do projeto 'PMRv + Retorno' (ID: 344049)
2026-06-17 11:05:47 | INFO | Get-PWFolderSecurity retornou 24 item(ns).
2026-06-17 11:05:47 | INFO | Get-PWFolderTreeAccessObjects retornou 1 item(ns).
2026-06-17 11:05:47 | WARN | Cmdlet Get-PWProjectSecurity nao encontrado no ambiente. A leitura seguira apenas com FolderSecurity/TreeAccessObjects.
2026-06-17 11:05:47 | INFO | Total consolidado de acessos encontrados: 14
2026-06-17 11:05:47 | INFO | Projeto 'PMRv + Retorno - km 43,25 Sul - SP-160' carregado para arvore. Groups=12 | UserLists=1 | Outros=1
2026-06-17 11:05:47 | INFO | Iniciando leitura da seguranca do projeto 'SAU Sul' (ID: 343638)
2026-06-17 11:05:48 | INFO | Get-PWFolderSecurity retornou 24 item(ns).
2026-06-17 11:05:48 | INFO | Get-PWFolderTreeAccessObjects retornou 1 item(ns).
2026-06-17 11:05:48 | WARN | Cmdlet Get-PWProjectSecurity nao encontrado no ambiente. A leitura seguira apenas com FolderSecurity/TreeAccessObjects.
2026-06-17 11:05:48 | INFO | Total consolidado de acessos encontrados: 14
2026-06-17 11:05:48 | INFO | Projeto 'SAU - km 40,8 Sul - SP-160' carregado para arvore. Groups=12 | UserLists=1 | Outros=1
2026-06-17 11:05:48 | INFO | Iniciando leitura da seguranca do projeto 'TA-001 - AVCB Túneis' (ID: 355902)
2026-06-17 11:05:49 | INFO | Get-PWFolderSecurity retornou 24 item(ns).
2026-06-17 11:05:49 | INFO | Get-PWFolderTreeAccessObjects retornou 1 item(ns).
2026-06-17 11:05:49 | WARN | Cmdlet Get-PWProjectSecurity nao encontrado no ambiente. A leitura seguira apenas com FolderSecurity/TreeAccessObjects.
2026-06-17 11:05:49 | INFO | Total consolidado de acessos encontrados: 14
2026-06-17 11:05:49 | INFO | Projeto 'TA-01 - AVCB Túneis -SCI - Km 46+410 - SP-160' carregado para arvore. Groups=12 | UserLists=1 | Outros=1
2026-06-17 11:05:49 | INFO | Iniciando leitura da seguranca do projeto 'TA-002 - AVCB Túneis' (ID: 355935)
2026-06-17 11:05:50 | INFO | Get-PWFolderSecurity retornou 24 item(ns).
2026-06-17 11:05:50 | INFO | Get-PWFolderTreeAccessObjects retornou 1 item(ns).
2026-06-17 11:05:50 | WARN | Cmdlet Get-PWProjectSecurity nao encontrado no ambiente. A leitura seguira apenas com FolderSecurity/TreeAccessObjects.
2026-06-17 11:05:50 | INFO | Total consolidado de acessos encontrados: 14
2026-06-17 11:05:50 | INFO | Projeto 'TA-02 - AVCB Túneis -SCI - Km 46+893 - SP-160' carregado para arvore. Groups=12 | UserLists=1 | Outros=1
2026-06-17 11:05:50 | INFO | Iniciando leitura da seguranca do projeto 'TA-01 - AVCB Túneis' (ID: 355373)
2026-06-17 11:05:51 | INFO | Get-PWFolderSecurity retornou 24 item(ns).
2026-06-17 11:05:51 | INFO | Get-PWFolderTreeAccessObjects retornou 1 item(ns).
2026-06-17 11:05:51 | WARN | Cmdlet Get-PWProjectSecurity nao encontrado no ambiente. A leitura seguira apenas com FolderSecurity/TreeAccessObjects.
2026-06-17 11:05:51 | INFO | Total consolidado de acessos encontrados: 14
2026-06-17 11:05:51 | INFO | Projeto 'TA-01 - AVCB Túneis -SCI - Km 45+468 - SP-150' carregado para arvore. Groups=12 | UserLists=1 | Outros=1
2026-06-17 11:05:51 | INFO | Iniciando leitura da seguranca do projeto 'TA-02 - AVCB Túneis' (ID: 355406)
2026-06-17 11:05:52 | INFO | Get-PWFolderSecurity retornou 24 item(ns).
2026-06-17 11:05:52 | INFO | Get-PWFolderTreeAccessObjects retornou 1 item(ns).
2026-06-17 11:05:52 | WARN | Cmdlet Get-PWProjectSecurity nao encontrado no ambiente. A leitura seguira apenas com FolderSecurity/TreeAccessObjects.
2026-06-17 11:05:52 | INFO | Total consolidado de acessos encontrados: 14
2026-06-17 11:05:52 | INFO | Projeto 'TA-02 - AVCB Túneis -SCI - Km 46+462 - SP-150' carregado para arvore. Groups=12 | UserLists=1 | Outros=1
2026-06-17 11:05:52 | INFO | Iniciando leitura da seguranca do projeto 'TA-03 - AVCB Túneis' (ID: 355836)
2026-06-17 11:05:53 | INFO | Get-PWFolderSecurity retornou 24 item(ns).
2026-06-17 11:05:53 | INFO | Get-PWFolderTreeAccessObjects retornou 1 item(ns).
2026-06-17 11:05:53 | WARN | Cmdlet Get-PWProjectSecurity nao encontrado no ambiente. A leitura seguira apenas com FolderSecurity/TreeAccessObjects.
2026-06-17 11:05:53 | INFO | Total consolidado de acessos encontrados: 14
2026-06-17 11:05:53 | INFO | Projeto 'TA-03 - AVCB Túneis -SCI - Km 47+828 - SP-150' carregado para arvore. Groups=12 | UserLists=1 | Outros=1
2026-06-17 11:05:53 | INFO | Iniciando leitura da seguranca do projeto 'TA-04 - AVCB Túneis' (ID: 355439)
2026-06-17 11:05:54 | INFO | Get-PWFolderSecurity retornou 24 item(ns).
2026-06-17 11:05:55 | INFO | Get-PWFolderTreeAccessObjects retornou 1 item(ns).
2026-06-17 11:05:55 | WARN | Cmdlet Get-PWProjectSecurity nao encontrado no ambiente. A leitura seguira apenas com FolderSecurity/TreeAccessObjects.
2026-06-17 11:05:55 | INFO | Total consolidado de acessos encontrados: 14
2026-06-17 11:05:55 | INFO | Projeto 'TA-04 - AVCB Túneis -SCI - Km 47+793 - SP-160' carregado para arvore. Groups=12 | UserLists=1 | Outros=1
2026-06-17 11:05:55 | INFO | Iniciando leitura da seguranca do projeto 'TA-05 - AVCB Túneis' (ID: 355472)
2026-06-17 11:05:56 | INFO | Get-PWFolderSecurity retornou 24 item(ns).
2026-06-17 11:05:56 | INFO | Get-PWFolderTreeAccessObjects retornou 1 item(ns).
2026-06-17 11:05:56 | WARN | Cmdlet Get-PWProjectSecurity nao encontrado no ambiente. A leitura seguira apenas com FolderSecurity/TreeAccessObjects.
2026-06-17 11:05:56 | INFO | Total consolidado de acessos encontrados: 14
2026-06-17 11:05:56 | INFO | Projeto 'TA-05 - AVCB Túneis -SCI - Km 48+366 - SP-160' carregado para arvore. Groups=12 | UserLists=1 | Outros=1
2026-06-17 11:05:56 | INFO | Iniciando leitura da seguranca do projeto 'TA-06 - AVCB Túneis' (ID: 355505)
2026-06-17 11:05:57 | INFO | Get-PWFolderSecurity retornou 24 item(ns).
2026-06-17 11:05:57 | INFO | Get-PWFolderTreeAccessObjects retornou 1 item(ns).
2026-06-17 11:05:57 | WARN | Cmdlet Get-PWProjectSecurity nao encontrado no ambiente. A leitura seguira apenas com FolderSecurity/TreeAccessObjects.
2026-06-17 11:05:57 | INFO | Total consolidado de acessos encontrados: 14
2026-06-17 11:05:57 | INFO | Projeto 'TA-06 - AVCB Túneis -SCI - Km 48+816 - SP-160' carregado para arvore. Groups=12 | UserLists=1 | Outros=1
2026-06-17 11:05:57 | INFO | Iniciando leitura da seguranca do projeto 'TA-07 - AVCB Túneis' (ID: 355538)
2026-06-17 11:05:58 | INFO | Get-PWFolderSecurity retornou 24 item(ns).
2026-06-17 11:05:58 | INFO | Get-PWFolderTreeAccessObjects retornou 1 item(ns).
2026-06-17 11:05:58 | WARN | Cmdlet Get-PWProjectSecurity nao encontrado no ambiente. A leitura seguira apenas com FolderSecurity/TreeAccessObjects.
2026-06-17 11:05:58 | INFO | Total consolidado de acessos encontrados: 14
2026-06-17 11:05:58 | INFO | Projeto 'TA-07 - AVCB Túneis -SCI - Km 49+336 - SP-160' carregado para arvore. Groups=12 | UserLists=1 | Outros=1
2026-06-17 11:05:58 | INFO | Iniciando leitura da seguranca do projeto 'TA-09 - AVCB Túneis' (ID: 355571)
2026-06-17 11:05:59 | INFO | Get-PWFolderSecurity retornou 24 item(ns).
2026-06-17 11:05:59 | INFO | Get-PWFolderTreeAccessObjects retornou 1 item(ns).
2026-06-17 11:05:59 | WARN | Cmdlet Get-PWProjectSecurity nao encontrado no ambiente. A leitura seguira apenas com FolderSecurity/TreeAccessObjects.
2026-06-17 11:05:59 | INFO | Total consolidado de acessos encontrados: 14
2026-06-17 11:05:59 | INFO | Projeto 'TA-09 - AVCB Túneis -SCI - Km 50+473 - SP-160' carregado para arvore. Groups=12 | UserLists=1 | Outros=1
2026-06-17 11:05:59 | INFO | Iniciando leitura da seguranca do projeto 'TA-10/11 - AVCB Túneis' (ID: 355604)
2026-06-17 11:06:01 | INFO | Get-PWFolderSecurity retornou 24 item(ns).
2026-06-17 11:06:01 | INFO | Get-PWFolderTreeAccessObjects retornou 1 item(ns).
2026-06-17 11:06:01 | WARN | Cmdlet Get-PWProjectSecurity nao encontrado no ambiente. A leitura seguira apenas com FolderSecurity/TreeAccessObjects.
2026-06-17 11:06:01 | INFO | Total consolidado de acessos encontrados: 14
2026-06-17 11:06:01 | INFO | Projeto 'TA-10/11 - AVCB Túneis -SCI - Km 51+495 - SP-160' carregado para arvore. Groups=12 | UserLists=1 | Outros=1
2026-06-17 11:06:01 | INFO | Iniciando leitura da seguranca do projeto 'TA-12 - AVCB Túneis' (ID: 355637)
2026-06-17 11:06:02 | INFO | Get-PWFolderSecurity retornou 24 item(ns).
2026-06-17 11:06:02 | INFO | Get-PWFolderTreeAccessObjects retornou 1 item(ns).
2026-06-17 11:06:02 | WARN | Cmdlet Get-PWProjectSecurity nao encontrado no ambiente. A leitura seguira apenas com FolderSecurity/TreeAccessObjects.
2026-06-17 11:06:02 | INFO | Total consolidado de acessos encontrados: 14
2026-06-17 11:06:02 | INFO | Projeto 'TA-12 - AVCB Túneis -SCI - Km 52+842 - SP-160' carregado para arvore. Groups=12 | UserLists=1 | Outros=1
2026-06-17 11:06:02 | INFO | Iniciando leitura da seguranca do projeto 'TA-13 - AVCB Túneis' (ID: 355671)
2026-06-17 11:06:03 | INFO | Get-PWFolderSecurity retornou 24 item(ns).
2026-06-17 11:06:03 | INFO | Get-PWFolderTreeAccessObjects retornou 1 item(ns).
2026-06-17 11:06:03 | WARN | Cmdlet Get-PWProjectSecurity nao encontrado no ambiente. A leitura seguira apenas com FolderSecurity/TreeAccessObjects.
2026-06-17 11:06:03 | INFO | Total consolidado de acessos encontrados: 14
2026-06-17 11:06:03 | INFO | Projeto 'TA-13 - AVCB Túneis -SCI - Km 53+511 - SP-160' carregado para arvore. Groups=12 | UserLists=1 | Outros=1
2026-06-17 11:06:03 | INFO | Iniciando leitura da seguranca do projeto 'TA-14 - AVCB Túneis' (ID: 355704)
2026-06-17 11:06:04 | INFO | Get-PWFolderSecurity retornou 24 item(ns).
2026-06-17 11:06:04 | INFO | Get-PWFolderTreeAccessObjects retornou 1 item(ns).
2026-06-17 11:06:04 | WARN | Cmdlet Get-PWProjectSecurity nao encontrado no ambiente. A leitura seguira apenas com FolderSecurity/TreeAccessObjects.
2026-06-17 11:06:04 | INFO | Total consolidado de acessos encontrados: 14
2026-06-17 11:06:04 | INFO | Projeto 'TA-14 - AVCB Túneis -SCI - Km 54+339 - SP-160' carregado para arvore. Groups=12 | UserLists=1 | Outros=1
2026-06-17 11:06:04 | INFO | Iniciando leitura da seguranca do projeto 'TD-00 - AVCB Túneis' (ID: 368109)
2026-06-17 11:06:06 | INFO | Get-PWFolderSecurity retornou 24 item(ns).
2026-06-17 11:06:06 | INFO | Get-PWFolderTreeAccessObjects retornou 1 item(ns).
2026-06-17 11:06:06 | WARN | Cmdlet Get-PWProjectSecurity nao encontrado no ambiente. A leitura seguira apenas com FolderSecurity/TreeAccessObjects.
2026-06-17 11:06:06 | INFO | Total consolidado de acessos encontrados: 14
2026-06-17 11:06:06 | INFO | Projeto 'TD-00 - AVCB Túneis - SCI - Km 47+383 - SP-160' carregado para arvore. Groups=12 | UserLists=1 | Outros=1
2026-06-17 11:06:06 | INFO | Iniciando leitura da seguranca do projeto 'TD-01 - AVCB' (ID: 368076)
2026-06-17 11:06:07 | INFO | Get-PWFolderSecurity retornou 24 item(ns).
2026-06-17 11:06:07 | INFO | Get-PWFolderTreeAccessObjects retornou 1 item(ns).
2026-06-17 11:06:07 | WARN | Cmdlet Get-PWProjectSecurity nao encontrado no ambiente. A leitura seguira apenas com FolderSecurity/TreeAccessObjects.
2026-06-17 11:06:07 | INFO | Total consolidado de acessos encontrados: 14
2026-06-17 11:06:07 | INFO | Projeto 'TD-01 - AVCB Túneis - SCI - Km 45+693 - SP-150' carregado para arvore. Groups=12 | UserLists=1 | Outros=1
2026-06-17 11:06:07 | INFO | Iniciando leitura da seguranca do projeto 'TD-01 - AVCB Túneis' (ID: 355770)
2026-06-17 11:06:08 | INFO | Get-PWFolderSecurity retornou 24 item(ns).
2026-06-17 11:06:08 | INFO | Get-PWFolderTreeAccessObjects retornou 1 item(ns).
2026-06-17 11:06:08 | WARN | Cmdlet Get-PWProjectSecurity nao encontrado no ambiente. A leitura seguira apenas com FolderSecurity/TreeAccessObjects.
2026-06-17 11:06:08 | INFO | Total consolidado de acessos encontrados: 14
2026-06-17 11:06:08 | INFO | Projeto 'TD-01 - AVCB Túneis -SCI - Km 47+383 - SP-160' carregado para arvore. Groups=12 | UserLists=1 | Outros=1
2026-06-17 11:06:08 | INFO | Iniciando leitura da seguranca do projeto 'TD-02 - AVCB Túneis' (ID: 355803)
2026-06-17 11:06:09 | INFO | Get-PWFolderSecurity retornou 24 item(ns).
2026-06-17 11:06:09 | INFO | Get-PWFolderTreeAccessObjects retornou 1 item(ns).
2026-06-17 11:06:09 | WARN | Cmdlet Get-PWProjectSecurity nao encontrado no ambiente. A leitura seguira apenas com FolderSecurity/TreeAccessObjects.
2026-06-17 11:06:09 | INFO | Total consolidado de acessos encontrados: 14
2026-06-17 11:06:09 | INFO | Projeto 'TD-02 - AVCB Túneis -SCI - Km 46+758 - SP-150' carregado para arvore. Groups=12 | UserLists=1 | Outros=1
2026-06-17 11:06:09 | INFO | Iniciando leitura da seguranca do projeto 'Túnel Quilombo' (ID: 355869)
2026-06-17 11:06:10 | INFO | Get-PWFolderSecurity retornou 24 item(ns).
2026-06-17 11:06:10 | INFO | Get-PWFolderTreeAccessObjects retornou 1 item(ns).
2026-06-17 11:06:10 | WARN | Cmdlet Get-PWProjectSecurity nao encontrado no ambiente. A leitura seguira apenas com FolderSecurity/TreeAccessObjects.
2026-06-17 11:06:10 | INFO | Total consolidado de acessos encontrados: 14
2026-06-17 11:06:10 | INFO | Projeto 'Túnel Quilombo - Km 252+980 - SP-055' carregado para arvore. Groups=12 | UserLists=1 | Outros=1
2026-06-17 11:06:33 | INFO | Resumo final da execução | Total=56 | Sucesso=55 | JaExiste=1 | Erro=0
2026-06-17 11:06:43 | INFO | Listando pastas da raiz por Root.
2026-06-17 11:06:43 | INFO | Listando filhos da pasta ID: 56
2026-06-17 11:06:49 | INFO | Listando filhos da pasta ID: 760
2026-06-17 11:06:49 | INFO | Listando filhos da pasta ID: 103206
2026-06-17 11:06:50 | INFO | Iniciando leitura da seguranca do projeto '062-Iluminação' (ID: 387189)
2026-06-17 11:06:50 | INFO | Get-PWFolderSecurity retornou 14 item(ns).
2026-06-17 11:06:50 | INFO | Get-PWFolderTreeAccessObjects retornou 1 item(ns).
2026-06-17 11:06:50 | WARN | Cmdlet Get-PWProjectSecurity nao encontrado no ambiente. A leitura seguira apenas com FolderSecurity/TreeAccessObjects.
2026-06-17 11:06:50 | INFO | Total consolidado de acessos encontrados: 13
2026-06-17 11:06:50 | INFO | Projeto '062 - Iluminação km 11 - 45 - SP-070' carregado para arvore. Groups=11 | UserLists=1 | Outros=1
2026-06-17 11:06:50 | INFO | Iniciando leitura da seguranca do projeto 'Marginais km 19-29' (ID: 104029)
2026-06-17 11:06:51 | INFO | Get-PWFolderSecurity retornou 14 item(ns).
2026-06-17 11:06:51 | INFO | Get-PWFolderTreeAccessObjects retornou 1 item(ns).
2026-06-17 11:06:51 | WARN | Cmdlet Get-PWProjectSecurity nao encontrado no ambiente. A leitura seguira apenas com FolderSecurity/TreeAccessObjects.
2026-06-17 11:06:51 | INFO | Total consolidado de acessos encontrados: 13
2026-06-17 11:06:51 | INFO | Projeto 'Retornos e Implantação/Ampliação de Marginais km 19-29' carregado para arvore. Groups=11 | UserLists=1 | Outros=1
2026-06-17 11:06:51 | INFO | Iniciando leitura da seguranca do projeto 'Marginal Taboão' (ID: 103618)
2026-06-17 11:06:52 | INFO | Get-PWFolderSecurity retornou 14 item(ns).
2026-06-17 11:06:52 | INFO | Get-PWFolderTreeAccessObjects retornou 1 item(ns).
2026-06-17 11:06:52 | WARN | Cmdlet Get-PWProjectSecurity nao encontrado no ambiente. A leitura seguira apenas com FolderSecurity/TreeAccessObjects.
2026-06-17 11:06:52 | INFO | Total consolidado de acessos encontrados: 13
2026-06-17 11:06:52 | INFO | Projeto 'Marginal Taboão km 45-51 + Alças km 36 e 38' carregado para arvore. Groups=11 | UserLists=1 | Outros=1
2026-06-17 11:06:52 | INFO | Iniciando leitura da seguranca do projeto 'Prolon Carvalho Pinto' (ID: 326919)
2026-06-17 11:06:52 | INFO | Get-PWFolderSecurity retornou 14 item(ns).
2026-06-17 11:06:52 | INFO | Get-PWFolderTreeAccessObjects retornou 1 item(ns).
2026-06-17 11:06:52 | WARN | Cmdlet Get-PWProjectSecurity nao encontrado no ambiente. A leitura seguira apenas com FolderSecurity/TreeAccessObjects.
2026-06-17 11:06:52 | INFO | Total consolidado de acessos encontrados: 13
2026-06-17 11:06:52 | INFO | Projeto 'Prolongamento Carvalho Pinto - km 134 - SP 070' carregado para arvore. Groups=11 | UserLists=1 | Outros=1
2026-06-17 11:06:53 | INFO | Iniciando leitura da seguranca do projeto 'Viaduto Imigrante' (ID: 103207)
2026-06-17 11:06:53 | INFO | Get-PWFolderSecurity retornou 14 item(ns).
2026-06-17 11:06:53 | INFO | Get-PWFolderTreeAccessObjects retornou 1 item(ns).
2026-06-17 11:06:53 | WARN | Cmdlet Get-PWProjectSecurity nao encontrado no ambiente. A leitura seguira apenas com FolderSecurity/TreeAccessObjects.
2026-06-17 11:06:53 | INFO | Total consolidado de acessos encontrados: 13
2026-06-17 11:06:53 | INFO | Projeto 'Viaduto Imigrante Nordestino e Monteiro Lobato' carregado para arvore. Groups=11 | UserLists=1 | Outros=1
2026-06-17 11:08:56 | INFO | Resumo final da execução | Total=5 | Sucesso=5 | JaExiste=0 | Erro=0
2026-06-17 11:09:00 | INFO | Listando pastas da raiz por Root.
2026-06-17 11:09:00 | INFO | Listando filhos da pasta ID: 56
2026-06-17 11:09:17 | INFO | Listando filhos da pasta ID: 758
2026-06-17 11:09:17 | INFO | Listando filhos da pasta ID: 2126
2026-06-17 11:09:18 | INFO | Iniciando leitura da seguranca do projeto 'Adequação do Dispositivo - Km 180' (ID: 364435)
2026-06-17 11:09:18 | INFO | Get-PWFolderSecurity retornou 1 item(ns).
2026-06-17 11:09:18 | INFO | Get-PWFolderTreeAccessObjects retornou 0 item(ns).
2026-06-17 11:09:18 | WARN | Cmdlet Get-PWProjectSecurity nao encontrado no ambiente. A leitura seguira apenas com FolderSecurity/TreeAccessObjects.
2026-06-17 11:09:18 | INFO | Total consolidado de acessos encontrados: 
2026-06-17 11:09:18 | WARN | Projeto 'Adequação do Dispositivo - km 180 - BR050/MG' retornou apenas 0 group(s) pela API. Tentando fallback por nome...
2026-06-17 11:09:29 | WARN | Fallback por nome nao encontrou groups para projeto 'Adequação do Dispositivo - km 180 - BR050/MG'. Apelidos usados: adequacao do dispositivo - km 180 - br050/mg | adequacao do dispositivo - km 180 | adequacao do dispositivo km 180 | adequacao do dispositivo
2026-06-17 11:09:29 | WARN | Projeto 'Adequação do Dispositivo - km 180 - BR050/MG' possui apenas outros acessos. Sera exibido somente para diagnostico visual.
2026-06-17 11:09:29 | INFO | Projeto 'Adequação do Dispositivo - km 180 - BR050/MG' carregado para arvore. Groups=0 | UserLists=0 | Outros=1
2026-06-17 11:09:29 | INFO | Iniciando leitura da seguranca do projeto 'Adequações Viárias' (ID: 268721)
2026-06-17 11:09:30 | INFO | Get-PWFolderSecurity retornou 14 item(ns).
2026-06-17 11:09:30 | INFO | Get-PWFolderTreeAccessObjects retornou 1 item(ns).
2026-06-17 11:09:30 | WARN | Cmdlet Get-PWProjectSecurity nao encontrado no ambiente. A leitura seguira apenas com FolderSecurity/TreeAccessObjects.
2026-06-17 11:09:30 | INFO | Total consolidado de acessos encontrados: 13
2026-06-17 11:09:30 | INFO | Projeto 'Adequações Viárias Uberaba - km 178,150 + 179,500 - BR050/MG' carregado para arvore. Groups=11 | UserLists=1 | Outros=1
2026-06-17 11:09:30 | INFO | Iniciando leitura da seguranca do projeto 'Duplicação Catalão' (ID: 260577)
2026-06-17 11:09:31 | INFO | Get-PWFolderSecurity retornou 14 item(ns).
2026-06-17 11:09:31 | INFO | Get-PWFolderTreeAccessObjects retornou 1 item(ns).
2026-06-17 11:09:31 | WARN | Cmdlet Get-PWProjectSecurity nao encontrado no ambiente. A leitura seguira apenas com FolderSecurity/TreeAccessObjects.
2026-06-17 11:09:31 | INFO | Total consolidado de acessos encontrados: 13
2026-06-17 11:09:31 | INFO | Projeto 'Duplicação Catalão - km 275,400 + 286,800 - BR050/GO' carregado para arvore. Groups=11 | UserLists=1 | Outros=1
2026-06-17 11:09:31 | INFO | Iniciando leitura da seguranca do projeto 'Duplicação Cristalina' (ID: 262139)
2026-06-17 11:09:31 | INFO | Get-PWFolderSecurity retornou 14 item(ns).
2026-06-17 11:09:31 | INFO | Get-PWFolderTreeAccessObjects retornou 1 item(ns).
2026-06-17 11:09:31 | WARN | Cmdlet Get-PWProjectSecurity nao encontrado no ambiente. A leitura seguira apenas com FolderSecurity/TreeAccessObjects.
2026-06-17 11:09:31 | INFO | Total consolidado de acessos encontrados: 13
2026-06-17 11:09:31 | INFO | Projeto 'Duplicação Cristalina - km 95,700 + 101,200 - BR050/GO' carregado para arvore. Groups=11 | UserLists=1 | Outros=1
2026-06-17 11:09:31 | INFO | Iniciando leitura da seguranca do projeto 'Escape km 54+300' (ID: 263373)
2026-06-17 11:09:32 | INFO | Get-PWFolderSecurity retornou 14 item(ns).
2026-06-17 11:09:32 | INFO | Get-PWFolderTreeAccessObjects retornou 1 item(ns).
2026-06-17 11:09:32 | WARN | Cmdlet Get-PWProjectSecurity nao encontrado no ambiente. A leitura seguira apenas com FolderSecurity/TreeAccessObjects.
2026-06-17 11:09:32 | INFO | Total consolidado de acessos encontrados: 13
2026-06-17 11:09:32 | INFO | Projeto 'Área de Escape - km 54+300 - BR050/MG' carregado para arvore. Groups=11 | UserLists=1 | Outros=1
2026-06-17 11:09:32 | INFO | Iniciando leitura da seguranca do projeto 'Escape km 56+100' (ID: 264613)
2026-06-17 11:09:33 | INFO | Get-PWFolderSecurity retornou 14 item(ns).
2026-06-17 11:09:33 | INFO | Get-PWFolderTreeAccessObjects retornou 1 item(ns).
2026-06-17 11:09:33 | WARN | Cmdlet Get-PWProjectSecurity nao encontrado no ambiente. A leitura seguira apenas com FolderSecurity/TreeAccessObjects.
2026-06-17 11:09:33 | INFO | Total consolidado de acessos encontrados: 13
2026-06-17 11:09:33 | INFO | Projeto 'Área de Escape - km 56+100 - BR050/MG' carregado para arvore. Groups=11 | UserLists=1 | Outros=1
2026-06-17 11:09:33 | INFO | Iniciando leitura da seguranca do projeto 'PPD km 6+500' (ID: 267486)
2026-06-17 11:09:33 | INFO | Get-PWFolderSecurity retornou 14 item(ns).
2026-06-17 11:09:33 | INFO | Get-PWFolderTreeAccessObjects retornou 1 item(ns).
2026-06-17 11:09:33 | WARN | Cmdlet Get-PWProjectSecurity nao encontrado no ambiente. A leitura seguira apenas com FolderSecurity/TreeAccessObjects.
2026-06-17 11:09:33 | INFO | Total consolidado de acessos encontrados: 13
2026-06-17 11:09:33 | INFO | Projeto 'PPD - km 6+500 - BR050/MG' carregado para arvore. Groups=11 | UserLists=1 | Outros=1
2026-06-17 11:09:33 | INFO | Iniciando leitura da seguranca do projeto 'Recuperação Uberaba' (ID: 269949)
2026-06-17 11:09:34 | INFO | Get-PWFolderSecurity retornou 14 item(ns).
2026-06-17 11:09:34 | INFO | Get-PWFolderTreeAccessObjects retornou 1 item(ns).
2026-06-17 11:09:34 | WARN | Cmdlet Get-PWProjectSecurity nao encontrado no ambiente. A leitura seguira apenas com FolderSecurity/TreeAccessObjects.
2026-06-17 11:09:34 | INFO | Total consolidado de acessos encontrados: 13
2026-06-17 11:09:34 | INFO | Projeto 'Recuperação Uberaba - km 178,150 + 179,500 - BR050/MG' carregado para arvore. Groups=11 | UserLists=1 | Outros=1
2026-06-17 11:09:34 | INFO | Iniciando leitura da seguranca do projeto 'Retorno em Nível' (ID: 266044)
2026-06-17 11:09:35 | INFO | Get-PWFolderSecurity retornou 14 item(ns).
2026-06-17 11:09:35 | INFO | Get-PWFolderTreeAccessObjects retornou 1 item(ns).
2026-06-17 11:09:35 | WARN | Cmdlet Get-PWProjectSecurity nao encontrado no ambiente. A leitura seguira apenas com FolderSecurity/TreeAccessObjects.
2026-06-17 11:09:35 | INFO | Total consolidado de acessos encontrados: 13
2026-06-17 11:09:35 | INFO | Projeto 'Retorno em Nível - km 302+500 - BR050/GO' carregado para arvore. Groups=11 | UserLists=1 | Outros=1
2026-06-17 11:09:48 | INFO | Resumo final da execução | Total=8 | Sucesso=8 | JaExiste=0 | Erro=0
2026-06-17 11:09:51 | INFO | Listando pastas da raiz por Root.
2026-06-17 11:09:52 | INFO | Listando filhos da pasta ID: 56
2026-06-17 11:09:55 | INFO | Listando filhos da pasta ID: 761
2026-06-17 11:09:55 | INFO | Listando filhos da pasta ID: 2607
2026-06-17 11:10:03 | INFO | Iniciando leitura da seguranca do projeto '01.01.01.01' (ID: 131175)
2026-06-17 11:10:03 | INFO | Get-PWFolderSecurity retornou 14 item(ns).
2026-06-17 11:10:03 | INFO | Get-PWFolderTreeAccessObjects retornou 1 item(ns).
2026-06-17 11:10:03 | WARN | Cmdlet Get-PWProjectSecurity nao encontrado no ambiente. A leitura seguira apenas com FolderSecurity/TreeAccessObjects.
2026-06-17 11:10:03 | INFO | Total consolidado de acessos encontrados: 13
2026-06-17 11:10:03 | INFO | Projeto '01.01.01.01 - Duplicação TH 39 - km 157,6 + 159,6 - SP-333' carregado para arvore. Groups=11 | UserLists=1 | Outros=1
2026-06-17 11:10:03 | INFO | Iniciando leitura da seguranca do projeto '01.01.01.02' (ID: 131586)
2026-06-17 11:10:04 | INFO | Get-PWFolderSecurity retornou 14 item(ns).
2026-06-17 11:10:04 | INFO | Get-PWFolderTreeAccessObjects retornou 1 item(ns).
2026-06-17 11:10:04 | WARN | Cmdlet Get-PWProjectSecurity nao encontrado no ambiente. A leitura seguira apenas com FolderSecurity/TreeAccessObjects.
2026-06-17 11:10:04 | INFO | Total consolidado de acessos encontrados: 13
2026-06-17 11:10:04 | INFO | Projeto '01.01.01.02 - Duplicação TH 40 - km 159,6 + 173,5 - SP-333' carregado para arvore. Groups=11 | UserLists=1 | Outros=1
2026-06-17 11:10:04 | INFO | Iniciando leitura da seguranca do projeto '01.01.01.03' (ID: 131997)
2026-06-17 11:10:04 | INFO | Get-PWFolderSecurity retornou 14 item(ns).
2026-06-17 11:10:04 | INFO | Get-PWFolderTreeAccessObjects retornou 1 item(ns).
2026-06-17 11:10:04 | WARN | Cmdlet Get-PWProjectSecurity nao encontrado no ambiente. A leitura seguira apenas com FolderSecurity/TreeAccessObjects.
2026-06-17 11:10:04 | INFO | Total consolidado de acessos encontrados: 13
2026-06-17 11:10:04 | INFO | Projeto '01.01.01.03 - Duplicação TH 41 - km 173,5 + 182,2 - SP-333' carregado para arvore. Groups=11 | UserLists=1 | Outros=1
2026-06-17 11:10:04 | INFO | Iniciando leitura da seguranca do projeto '01.01.01.04' (ID: 132408)
2026-06-17 11:10:05 | INFO | Get-PWFolderSecurity retornou 14 item(ns).
2026-06-17 11:10:05 | INFO | Get-PWFolderTreeAccessObjects retornou 1 item(ns).
2026-06-17 11:10:05 | WARN | Cmdlet Get-PWProjectSecurity nao encontrado no ambiente. A leitura seguira apenas com FolderSecurity/TreeAccessObjects.
2026-06-17 11:10:05 | INFO | Total consolidado de acessos encontrados: 13
2026-06-17 11:10:05 | INFO | Projeto '01.01.01.04 - Duplicação TH 42 - km 182,2 + 212,5 - SP-333' carregado para arvore. Groups=11 | UserLists=1 | Outros=1
2026-06-17 11:10:05 | INFO | Iniciando leitura da seguranca do projeto '01.01.01.05' (ID: 132819)
2026-06-17 11:10:06 | INFO | Get-PWFolderSecurity retornou 14 item(ns).
2026-06-17 11:10:06 | INFO | Get-PWFolderTreeAccessObjects retornou 1 item(ns).
2026-06-17 11:10:06 | WARN | Cmdlet Get-PWProjectSecurity nao encontrado no ambiente. A leitura seguira apenas com FolderSecurity/TreeAccessObjects.
2026-06-17 11:10:06 | INFO | Total consolidado de acessos encontrados: 13
2026-06-17 11:10:06 | INFO | Projeto '01.01.01.05 - Duplicação TH 44- km 155,6 + 156,2 - SP-351' carregado para arvore. Groups=11 | UserLists=1 | Outros=1
2026-06-17 11:10:06 | INFO | Iniciando leitura da seguranca do projeto '01.01.01.06' (ID: 133230)
2026-06-17 11:10:06 | INFO | Get-PWFolderSecurity retornou 14 item(ns).
2026-06-17 11:10:06 | INFO | Get-PWFolderTreeAccessObjects retornou 1 item(ns).
2026-06-17 11:10:06 | WARN | Cmdlet Get-PWProjectSecurity nao encontrado no ambiente. A leitura seguira apenas com FolderSecurity/TreeAccessObjects.
2026-06-17 11:10:06 | INFO | Total consolidado de acessos encontrados: 13
2026-06-17 11:10:06 | INFO | Projeto '01.01.01.06 - Duplicação TH 45 - km 157,3 + 166,3 - SP-351' carregado para arvore. Groups=11 | UserLists=1 | Outros=1
2026-06-17 11:10:06 | INFO | Iniciando leitura da seguranca do projeto '01.01.01.07' (ID: 133641)
2026-06-17 11:10:07 | INFO | Get-PWFolderSecurity retornou 14 item(ns).
2026-06-17 11:10:07 | INFO | Get-PWFolderTreeAccessObjects retornou 1 item(ns).
2026-06-17 11:10:07 | WARN | Cmdlet Get-PWProjectSecurity nao encontrado no ambiente. A leitura seguira apenas com FolderSecurity/TreeAccessObjects.
2026-06-17 11:10:07 | INFO | Total consolidado de acessos encontrados: 13
2026-06-17 11:10:07 | INFO | Projeto '01.01.01.07 - Duplicação TH 46 - km 166,3 + 186,0 - SP-351' carregado para arvore. Groups=11 | UserLists=1 | Outros=1
2026-06-17 11:10:07 | INFO | Iniciando leitura da seguranca do projeto '01.01.01.08' (ID: 134052)
2026-06-17 11:10:08 | INFO | Get-PWFolderSecurity retornou 14 item(ns).
2026-06-17 11:10:08 | INFO | Get-PWFolderTreeAccessObjects retornou 1 item(ns).
2026-06-17 11:10:08 | WARN | Cmdlet Get-PWProjectSecurity nao encontrado no ambiente. A leitura seguira apenas com FolderSecurity/TreeAccessObjects.
2026-06-17 11:10:08 | INFO | Total consolidado de acessos encontrados: 13
2026-06-17 11:10:08 | INFO | Projeto '01.01.01.08 - Duplicação TH 47 - km 186,0 + 193,8 - SP-351' carregado para arvore. Groups=11 | UserLists=1 | Outros=1
2026-06-17 11:10:08 | INFO | Iniciando leitura da seguranca do projeto '01.01.01.09' (ID: 134463)
2026-06-17 11:10:08 | INFO | Get-PWFolderSecurity retornou 14 item(ns).
2026-06-17 11:10:08 | INFO | Get-PWFolderTreeAccessObjects retornou 1 item(ns).
2026-06-17 11:10:08 | WARN | Cmdlet Get-PWProjectSecurity nao encontrado no ambiente. A leitura seguira apenas com FolderSecurity/TreeAccessObjects.
2026-06-17 11:10:08 | INFO | Total consolidado de acessos encontrados: 13
2026-06-17 11:10:08 | INFO | Projeto '01.01.01.09 - Duplicação TH 48 - km 193,8 + 210,8 - SP-351' carregado para arvore. Groups=11 | UserLists=1 | Outros=1
2026-06-17 11:10:08 | INFO | Iniciando leitura da seguranca do projeto '01.01.02.01' (ID: 176586)
2026-06-17 11:10:09 | INFO | Get-PWFolderSecurity retornou 14 item(ns).
2026-06-17 11:10:09 | INFO | Get-PWFolderTreeAccessObjects retornou 1 item(ns).
2026-06-17 11:10:09 | WARN | Cmdlet Get-PWProjectSecurity nao encontrado no ambiente. A leitura seguira apenas com FolderSecurity/TreeAccessObjects.
2026-06-17 11:10:09 | INFO | Total consolidado de acessos encontrados: 13
2026-06-17 11:10:09 | INFO | Projeto '01.01.02.01 - Faixas Adicionais TH 02 - km 241,8 + 267,7 - SP-310' carregado para arvore. Groups=11 | UserLists=1 | Outros=1
2026-06-17 11:10:09 | INFO | Iniciando leitura da seguranca do projeto '01.01.02.02' (ID: 176998)
2026-06-17 11:10:09 | INFO | Get-PWFolderSecurity retornou 14 item(ns).
2026-06-17 11:10:10 | INFO | Get-PWFolderTreeAccessObjects retornou 1 item(ns).
2026-06-17 11:10:10 | WARN | Cmdlet Get-PWProjectSecurity nao encontrado no ambiente. A leitura seguira apenas com FolderSecurity/TreeAccessObjects.
2026-06-17 11:10:10 | INFO | Total consolidado de acessos encontrados: 13
2026-06-17 11:10:10 | INFO | Projeto '01.01.02.02 - Faixas Adicionais TH 03 - km 267,7 + 282,4 - SP-310' carregado para arvore. Groups=11 | UserLists=1 | Outros=1
2026-06-17 11:10:10 | INFO | Iniciando leitura da seguranca do projeto '01.01.02.03' (ID: 177410)
2026-06-17 11:10:10 | INFO | Get-PWFolderSecurity retornou 14 item(ns).
2026-06-17 11:10:10 | INFO | Get-PWFolderTreeAccessObjects retornou 1 item(ns).
2026-06-17 11:10:10 | WARN | Cmdlet Get-PWProjectSecurity nao encontrado no ambiente. A leitura seguira apenas com FolderSecurity/TreeAccessObjects.
2026-06-17 11:10:10 | INFO | Total consolidado de acessos encontrados: 13
2026-06-17 11:10:10 | INFO | Projeto '01.01.02.03 - Faixas Adicionais TH 04 - km 282,4 + 293,0 - SP-310' carregado para arvore. Groups=11 | UserLists=1 | Outros=1
2026-06-17 11:10:10 | INFO | Iniciando leitura da seguranca do projeto '01.01.02.04' (ID: 177822)
2026-06-17 11:10:11 | INFO | Get-PWFolderSecurity retornou 14 item(ns).
2026-06-17 11:10:11 | INFO | Get-PWFolderTreeAccessObjects retornou 1 item(ns).
2026-06-17 11:10:11 | WARN | Cmdlet Get-PWProjectSecurity nao encontrado no ambiente. A leitura seguira apenas com FolderSecurity/TreeAccessObjects.
2026-06-17 11:10:11 | INFO | Total consolidado de acessos encontrados: 13
2026-06-17 11:10:11 | INFO | Projeto '01.01.02.04 - Faixas Adicionais TH-09 - 320,4 + 321,6 - SP-310' carregado para arvore. Groups=11 | UserLists=1 | Outros=1
2026-06-17 11:10:11 | INFO | Iniciando leitura da seguranca do projeto '01.02.01.01' (ID: 178234)
2026-06-17 11:10:11 | INFO | Get-PWFolderSecurity retornou 14 item(ns).
2026-06-17 11:10:11 | INFO | Get-PWFolderTreeAccessObjects retornou 1 item(ns).
2026-06-17 11:10:11 | WARN | Cmdlet Get-PWProjectSecurity nao encontrado no ambiente. A leitura seguira apenas com FolderSecurity/TreeAccessObjects.
2026-06-17 11:10:11 | INFO | Total consolidado de acessos encontrados: 13
2026-06-17 11:10:11 | INFO | Projeto '01.02.01.01 - OAE / OACs TH 40 - km 159,6 + 173,5 - SP-333' carregado para arvore. Groups=11 | UserLists=1 | Outros=1
2026-06-17 11:10:11 | INFO | Iniciando leitura da seguranca do projeto '01.02.01.02' (ID: 178646)
2026-06-17 11:10:12 | INFO | Get-PWFolderSecurity retornou 14 item(ns).
2026-06-17 11:10:12 | INFO | Get-PWFolderTreeAccessObjects retornou 1 item(ns).
2026-06-17 11:10:12 | WARN | Cmdlet Get-PWProjectSecurity nao encontrado no ambiente. A leitura seguira apenas com FolderSecurity/TreeAccessObjects.
2026-06-17 11:10:13 | INFO | Total consolidado de acessos encontrados: 13
2026-06-17 11:10:13 | INFO | Projeto '01.02.01.02 - OAE / OACs TH 41 - km 173,5 + 182,2 - SP-333' carregado para arvore. Groups=11 | UserLists=1 | Outros=1
2026-06-17 11:10:13 | INFO | Iniciando leitura da seguranca do projeto '01.02.01.03' (ID: 179058)
2026-06-17 11:10:14 | INFO | Get-PWFolderSecurity retornou 14 item(ns).
2026-06-17 11:10:14 | INFO | Get-PWFolderTreeAccessObjects retornou 1 item(ns).
2026-06-17 11:10:14 | WARN | Cmdlet Get-PWProjectSecurity nao encontrado no ambiente. A leitura seguira apenas com FolderSecurity/TreeAccessObjects.
2026-06-17 11:10:14 | INFO | Total consolidado de acessos encontrados: 13
2026-06-17 11:10:14 | INFO | Projeto '01.02.01.03 - OAE / OACs TH 42 - km 182,2 + 212,5 - SP-333' carregado para arvore. Groups=11 | UserLists=1 | Outros=1
2026-06-17 11:10:14 | INFO | Iniciando leitura da seguranca do projeto '01.02.01.04' (ID: 179470)
2026-06-17 11:10:15 | INFO | Get-PWFolderSecurity retornou 14 item(ns).
2026-06-17 11:10:15 | INFO | Get-PWFolderTreeAccessObjects retornou 1 item(ns).
2026-06-17 11:10:15 | WARN | Cmdlet Get-PWProjectSecurity nao encontrado no ambiente. A leitura seguira apenas com FolderSecurity/TreeAccessObjects.
2026-06-17 11:10:15 | INFO | Total consolidado de acessos encontrados: 13
2026-06-17 11:10:15 | INFO | Projeto '01.02.01.04 - OAE / OACs TH 45 - km 157,3 +166,3 - SP-351' carregado para arvore. Groups=11 | UserLists=1 | Outros=1
2026-06-17 11:10:15 | INFO | Iniciando leitura da seguranca do projeto '01.02.01.05' (ID: 179882)
2026-06-17 11:10:17 | INFO | Get-PWFolderSecurity retornou 14 item(ns).
2026-06-17 11:10:17 | INFO | Get-PWFolderTreeAccessObjects retornou 1 item(ns).
2026-06-17 11:10:17 | WARN | Cmdlet Get-PWProjectSecurity nao encontrado no ambiente. A leitura seguira apenas com FolderSecurity/TreeAccessObjects.
2026-06-17 11:10:17 | INFO | Total consolidado de acessos encontrados: 13
2026-06-17 11:10:17 | INFO | Projeto '01.02.01.05 - OAE / OACs TH-46 - km 166,3 + 186,0 - SP-351' carregado para arvore. Groups=11 | UserLists=1 | Outros=1
2026-06-17 11:10:17 | INFO | Iniciando leitura da seguranca do projeto '01.02.01.06-OAE/OACs TH-47' (ID: 394084)
2026-06-17 11:10:18 | INFO | Get-PWFolderSecurity retornou 14 item(ns).
2026-06-17 11:10:18 | INFO | Get-PWFolderTreeAccessObjects retornou 1 item(ns).
2026-06-17 11:10:18 | WARN | Cmdlet Get-PWProjectSecurity nao encontrado no ambiente. A leitura seguira apenas com FolderSecurity/TreeAccessObjects.
2026-06-17 11:10:18 | INFO | Total consolidado de acessos encontrados: 13
2026-06-17 11:10:18 | INFO | Projeto '01.02.01.06 - OAE / OACs TH-47 - km 186,0 + 193,8 - SP-351' carregado para arvore. Groups=11 | UserLists=1 | Outros=1
2026-06-17 11:10:18 | INFO | Iniciando leitura da seguranca do projeto '01.02.01.07' (ID: 180706)
2026-06-17 11:10:18 | INFO | Get-PWFolderSecurity retornou 14 item(ns).
2026-06-17 11:10:18 | INFO | Get-PWFolderTreeAccessObjects retornou 1 item(ns).
2026-06-17 11:10:18 | WARN | Cmdlet Get-PWProjectSecurity nao encontrado no ambiente. A leitura seguira apenas com FolderSecurity/TreeAccessObjects.
2026-06-17 11:10:18 | INFO | Total consolidado de acessos encontrados: 13
2026-06-17 11:10:18 | INFO | Projeto '01.02.01.07 - OAE / OACs TH 48 - km 193,8 + 210,8 - SP-351' carregado para arvore. Groups=11 | UserLists=1 | Outros=1
2026-06-17 11:10:18 | INFO | Iniciando leitura da seguranca do projeto '01.02.02.01' (ID: 181118)
2026-06-17 11:10:19 | INFO | Get-PWFolderSecurity retornou 14 item(ns).
2026-06-17 11:10:19 | INFO | Get-PWFolderTreeAccessObjects retornou 1 item(ns).
2026-06-17 11:10:19 | WARN | Cmdlet Get-PWProjectSecurity nao encontrado no ambiente. A leitura seguira apenas com FolderSecurity/TreeAccessObjects.
2026-06-17 11:10:19 | INFO | Total consolidado de acessos encontrados: 13
2026-06-17 11:10:19 | INFO | Projeto '01.02.02.01 - Ampliações TH 02 - km 241,8 + 267,7 - SP-310' carregado para arvore. Groups=11 | UserLists=1 | Outros=1
2026-06-17 11:10:19 | INFO | Iniciando leitura da seguranca do projeto '01.02.02.02' (ID: 181530)
2026-06-17 11:10:20 | INFO | Get-PWFolderSecurity retornou 14 item(ns).
2026-06-17 11:10:20 | INFO | Get-PWFolderTreeAccessObjects retornou 1 item(ns).
2026-06-17 11:10:20 | WARN | Cmdlet Get-PWProjectSecurity nao encontrado no ambiente. A leitura seguira apenas com FolderSecurity/TreeAccessObjects.
2026-06-17 11:10:20 | INFO | Total consolidado de acessos encontrados: 13
2026-06-17 11:10:20 | INFO | Projeto '01.02.02.02 - Ampliações OAE / OAC TH 03  - km 267,7 + 282,4 - SP-310' carregado para arvore. Groups=11 | UserLists=1 | Outros=1
2026-06-17 11:10:20 | INFO | Iniciando leitura da seguranca do projeto '01.02.02.03' (ID: 181942)
2026-06-17 11:10:20 | INFO | Get-PWFolderSecurity retornou 14 item(ns).
2026-06-17 11:10:20 | INFO | Get-PWFolderTreeAccessObjects retornou 1 item(ns).
2026-06-17 11:10:20 | WARN | Cmdlet Get-PWProjectSecurity nao encontrado no ambiente. A leitura seguira apenas com FolderSecurity/TreeAccessObjects.
2026-06-17 11:10:20 | INFO | Total consolidado de acessos encontrados: 13
2026-06-17 11:10:20 | INFO | Projeto '01.02.02.03 - OAE / OACs TH 04 - km 282,4 + 293,0 - SP-310' carregado para arvore. Groups=11 | UserLists=1 | Outros=1
2026-06-17 11:10:20 | INFO | Iniciando leitura da seguranca do projeto '01.03.01' (ID: 48324)
2026-06-17 11:10:21 | INFO | Get-PWFolderSecurity retornou 14 item(ns).
2026-06-17 11:10:21 | INFO | Get-PWFolderTreeAccessObjects retornou 1 item(ns).
2026-06-17 11:10:21 | WARN | Cmdlet Get-PWProjectSecurity nao encontrado no ambiente. A leitura seguira apenas com FolderSecurity/TreeAccessObjects.
2026-06-17 11:10:21 | INFO | Total consolidado de acessos encontrados: 13
2026-06-17 11:10:21 | INFO | Projeto '01.03.01 - Intervenções TH 16 - km 425,000 + 454,300 - SP-310' carregado para arvore. Groups=11 | UserLists=1 | Outros=1
2026-06-17 11:10:21 | INFO | Iniciando leitura da seguranca do projeto '01.03.02' (ID: 48735)
2026-06-17 11:10:22 | INFO | Get-PWFolderSecurity retornou 14 item(ns).
2026-06-17 11:10:22 | INFO | Get-PWFolderTreeAccessObjects retornou 1 item(ns).
2026-06-17 11:10:22 | WARN | Cmdlet Get-PWProjectSecurity nao encontrado no ambiente. A leitura seguira apenas com FolderSecurity/TreeAccessObjects.
2026-06-17 11:10:22 | INFO | Total consolidado de acessos encontrados: 13
2026-06-17 11:10:22 | INFO | Projeto '01.03.02 - Intervenções TH 01 - km 227,800 + 242,500 - SP-310' carregado para arvore. Groups=11 | UserLists=1 | Outros=1
2026-06-17 11:10:22 | INFO | Iniciando leitura da seguranca do projeto '01.03.03' (ID: 130763)
2026-06-17 11:10:22 | INFO | Get-PWFolderSecurity retornou 14 item(ns).
2026-06-17 11:10:22 | INFO | Get-PWFolderTreeAccessObjects retornou 1 item(ns).
2026-06-17 11:10:22 | WARN | Cmdlet Get-PWProjectSecurity nao encontrado no ambiente. A leitura seguira apenas com FolderSecurity/TreeAccessObjects.
2026-06-17 11:10:22 | INFO | Total consolidado de acessos encontrados: 13
2026-06-17 11:10:22 | INFO | Projeto '01.03.03 - Duplicação TH 36/37/38 -  km 144,000 + 158,000 - SP-333' carregado para arvore. Groups=11 | UserLists=1 | Outros=1
2026-06-17 11:10:22 | INFO | Iniciando leitura da seguranca do projeto '01.03.04' (ID: 49146)
2026-06-17 11:10:23 | INFO | Get-PWFolderSecurity retornou 14 item(ns).
2026-06-17 11:10:23 | INFO | Get-PWFolderTreeAccessObjects retornou 1 item(ns).
2026-06-17 11:10:23 | WARN | Cmdlet Get-PWProjectSecurity nao encontrado no ambiente. A leitura seguira apenas com FolderSecurity/TreeAccessObjects.
2026-06-17 11:10:23 | INFO | Total consolidado de acessos encontrados: 13
2026-06-17 11:10:23 | INFO | Projeto '01.03.04 - Viaduto TH 16 - km 439+700 - SP-310' carregado para arvore. Groups=11 | UserLists=1 | Outros=1
2026-06-17 11:10:23 | INFO | Iniciando leitura da seguranca do projeto '02.01.01.01' (ID: 182359)
2026-06-17 11:10:23 | INFO | Get-PWFolderSecurity retornou 14 item(ns).
2026-06-17 11:10:23 | INFO | Get-PWFolderTreeAccessObjects retornou 1 item(ns).
2026-06-17 11:10:23 | WARN | Cmdlet Get-PWProjectSecurity nao encontrado no ambiente. A leitura seguira apenas com FolderSecurity/TreeAccessObjects.
2026-06-17 11:10:23 | INFO | Total consolidado de acessos encontrados: 13
2026-06-17 11:10:23 | INFO | Projeto '02.01.01.01 - Adequação de OAEs SP-310' carregado para arvore. Groups=11 | UserLists=1 | Outros=1
2026-06-17 11:10:23 | INFO | Iniciando leitura da seguranca do projeto '02.01.01.02' (ID: 182771)
2026-06-17 11:10:24 | INFO | Get-PWFolderSecurity retornou 14 item(ns).
2026-06-17 11:10:24 | INFO | Get-PWFolderTreeAccessObjects retornou 1 item(ns).
2026-06-17 11:10:24 | WARN | Cmdlet Get-PWProjectSecurity nao encontrado no ambiente. A leitura seguira apenas com FolderSecurity/TreeAccessObjects.
2026-06-17 11:10:24 | INFO | Total consolidado de acessos encontrados: 13
2026-06-17 11:10:24 | INFO | Projeto '02.01.01.02 - Adequação de OAEs SP-323' carregado para arvore. Groups=11 | UserLists=1 | Outros=1
2026-06-17 11:10:24 | INFO | Iniciando leitura da seguranca do projeto '02.01.01.03' (ID: 183183)
2026-06-17 11:10:25 | INFO | Get-PWFolderSecurity retornou 14 item(ns).
2026-06-17 11:10:25 | INFO | Get-PWFolderTreeAccessObjects retornou 1 item(ns).
2026-06-17 11:10:25 | WARN | Cmdlet Get-PWProjectSecurity nao encontrado no ambiente. A leitura seguira apenas com FolderSecurity/TreeAccessObjects.
2026-06-17 11:10:25 | INFO | Total consolidado de acessos encontrados: 13
2026-06-17 11:10:25 | INFO | Projeto '02.01.01.03 - Adequação de OAEs SP-326' carregado para arvore. Groups=11 | UserLists=1 | Outros=1
2026-06-17 11:10:25 | INFO | Iniciando leitura da seguranca do projeto '02.01.01.04' (ID: 183595)
2026-06-17 11:10:25 | INFO | Get-PWFolderSecurity retornou 14 item(ns).
2026-06-17 11:10:25 | INFO | Get-PWFolderTreeAccessObjects retornou 1 item(ns).
2026-06-17 11:10:25 | WARN | Cmdlet Get-PWProjectSecurity nao encontrado no ambiente. A leitura seguira apenas com FolderSecurity/TreeAccessObjects.
2026-06-17 11:10:25 | INFO | Total consolidado de acessos encontrados: 13
2026-06-17 11:10:25 | INFO | Projeto '02.01.01.04 - Adequações de OAEs SP-333' carregado para arvore. Groups=11 | UserLists=1 | Outros=1
2026-06-17 11:10:25 | INFO | Iniciando leitura da seguranca do projeto '02.01.01.05' (ID: 184007)
2026-06-17 11:10:26 | INFO | Get-PWFolderSecurity retornou 14 item(ns).
2026-06-17 11:10:26 | INFO | Get-PWFolderTreeAccessObjects retornou 1 item(ns).
2026-06-17 11:10:26 | WARN | Cmdlet Get-PWProjectSecurity nao encontrado no ambiente. A leitura seguira apenas com FolderSecurity/TreeAccessObjects.
2026-06-17 11:10:26 | INFO | Total consolidado de acessos encontrados: 13
2026-06-17 11:10:26 | INFO | Projeto '02.01.01.05 - Adequações de OAEs SP-351' carregado para arvore. Groups=11 | UserLists=1 | Outros=1
2026-06-17 11:10:26 | INFO | Iniciando leitura da seguranca do projeto '02.02.01.01' (ID: 184419)
2026-06-17 11:10:27 | INFO | Get-PWFolderSecurity retornou 14 item(ns).
2026-06-17 11:10:27 | INFO | Get-PWFolderTreeAccessObjects retornou 1 item(ns).
2026-06-17 11:10:27 | WARN | Cmdlet Get-PWProjectSecurity nao encontrado no ambiente. A leitura seguira apenas com FolderSecurity/TreeAccessObjects.
2026-06-17 11:10:27 | INFO | Total consolidado de acessos encontrados: 13
2026-06-17 11:10:27 | INFO | Projeto '02.02.01.01 - Dispositivo - km 301+308,42 - SP-310' carregado para arvore. Groups=11 | UserLists=1 | Outros=1
2026-06-17 11:10:27 | INFO | Iniciando leitura da seguranca do projeto '02.02.01.01.01' (ID: 130352)
2026-06-17 11:10:27 | INFO | Get-PWFolderSecurity retornou 14 item(ns).
2026-06-17 11:10:27 | INFO | Get-PWFolderTreeAccessObjects retornou 1 item(ns).
2026-06-17 11:10:27 | WARN | Cmdlet Get-PWProjectSecurity nao encontrado no ambiente. A leitura seguira apenas com FolderSecurity/TreeAccessObjects.
2026-06-17 11:10:27 | INFO | Total consolidado de acessos encontrados: 13
2026-06-17 11:10:27 | INFO | Projeto '02.02.01.01.01 - Dispositivo TH 07 - km 304,7 - SP-310' carregado para arvore. Groups=11 | UserLists=1 | Outros=1
2026-06-17 11:10:27 | INFO | Iniciando leitura da seguranca do projeto '02.02.01.02.01' (ID: 173642)
2026-06-17 11:10:28 | INFO | Get-PWFolderSecurity retornou 14 item(ns).
2026-06-17 11:10:28 | INFO | Get-PWFolderTreeAccessObjects retornou 1 item(ns).
2026-06-17 11:10:28 | WARN | Cmdlet Get-PWProjectSecurity nao encontrado no ambiente. A leitura seguira apenas com FolderSecurity/TreeAccessObjects.
2026-06-17 11:10:28 | INFO | Total consolidado de acessos encontrados: 13
2026-06-17 11:10:28 | INFO | Projeto '02.02.01.02.01 - Dispositivo TH 18 - km 13,3 - SP-323' carregado para arvore. Groups=11 | UserLists=1 | Outros=1
2026-06-17 11:10:28 | INFO | Iniciando leitura da seguranca do projeto '02.02.01.02.02' (ID: 174053)
2026-06-17 11:10:29 | INFO | Get-PWFolderSecurity retornou 14 item(ns).
2026-06-17 11:10:29 | INFO | Get-PWFolderTreeAccessObjects retornou 1 item(ns).
2026-06-17 11:10:29 | WARN | Cmdlet Get-PWProjectSecurity nao encontrado no ambiente. A leitura seguira apenas com FolderSecurity/TreeAccessObjects.
2026-06-17 11:10:29 | INFO | Total consolidado de acessos encontrados: 13
2026-06-17 11:10:29 | INFO | Projeto '02.02.01.02.02 - Dispositivo TH 19 - km 15,2 - SP-323' carregado para arvore. Groups=11 | UserLists=1 | Outros=1
2026-06-17 11:10:29 | INFO | Iniciando leitura da seguranca do projeto '02.02.01.03.01' (ID: 174464)
2026-06-17 11:10:29 | INFO | Get-PWFolderSecurity retornou 14 item(ns).
2026-06-17 11:10:29 | INFO | Get-PWFolderTreeAccessObjects retornou 1 item(ns).
2026-06-17 11:10:30 | WARN | Cmdlet Get-PWProjectSecurity nao encontrado no ambiente. A leitura seguira apenas com FolderSecurity/TreeAccessObjects.
2026-06-17 11:10:30 | INFO | Total consolidado de acessos encontrados: 13
2026-06-17 11:10:30 | INFO | Projeto '02.02.01.03.01 - Dispositivo TH 20 - km 20,4 - SP-323' carregado para arvore. Groups=11 | UserLists=1 | Outros=1
2026-06-17 11:10:30 | INFO | Iniciando leitura da seguranca do projeto '02.02.01.04.01' (ID: 186071)
2026-06-17 11:10:30 | INFO | Get-PWFolderSecurity retornou 14 item(ns).
2026-06-17 11:10:30 | INFO | Get-PWFolderTreeAccessObjects retornou 1 item(ns).
2026-06-17 11:10:30 | WARN | Cmdlet Get-PWProjectSecurity nao encontrado no ambiente. A leitura seguira apenas com FolderSecurity/TreeAccessObjects.
2026-06-17 11:10:30 | INFO | Total consolidado de acessos encontrados: 13
2026-06-17 11:10:30 | INFO | Projeto '02.02.01.04.01 - Dispositivo TH 21 - km 25,5 - SP-323' carregado para arvore. Groups=11 | UserLists=1 | Outros=1
2026-06-17 11:10:30 | INFO | Iniciando leitura da seguranca do projeto '02.02.01.04.02' (ID: 186483)
2026-06-17 11:10:31 | INFO | Get-PWFolderSecurity retornou 14 item(ns).
2026-06-17 11:10:31 | INFO | Get-PWFolderTreeAccessObjects retornou 1 item(ns).
2026-06-17 11:10:31 | WARN | Cmdlet Get-PWProjectSecurity nao encontrado no ambiente. A leitura seguira apenas com FolderSecurity/TreeAccessObjects.
2026-06-17 11:10:31 | INFO | Total consolidado de acessos encontrados: 13
2026-06-17 11:10:31 | INFO | Projeto '02.02.01.04.02 - Dispositivo TH 21 - km 26,1 - SP-323' carregado para arvore. Groups=11 | UserLists=1 | Outros=1
2026-06-17 11:10:31 | INFO | Iniciando leitura da seguranca do projeto '02.02.01.05.01' (ID: 187307)
2026-06-17 11:10:32 | INFO | Get-PWFolderSecurity retornou 14 item(ns).
2026-06-17 11:10:32 | INFO | Get-PWFolderTreeAccessObjects retornou 1 item(ns).
2026-06-17 11:10:32 | WARN | Cmdlet Get-PWProjectSecurity nao encontrado no ambiente. A leitura seguira apenas com FolderSecurity/TreeAccessObjects.
2026-06-17 11:10:32 | INFO | Total consolidado de acessos encontrados: 13
2026-06-17 11:10:32 | INFO | Projeto '02.02.01.05.01 - Dispositivo TH 22 - km 33,0 - SP-323' carregado para arvore. Groups=11 | UserLists=1 | Outros=1
2026-06-17 11:10:32 | INFO | Iniciando leitura da seguranca do projeto '02.02.01.06.01' (ID: 188131)
2026-06-17 11:10:32 | INFO | Get-PWFolderSecurity retornou 14 item(ns).
2026-06-17 11:10:32 | INFO | Get-PWFolderTreeAccessObjects retornou 1 item(ns).
2026-06-17 11:10:32 | WARN | Cmdlet Get-PWProjectSecurity nao encontrado no ambiente. A leitura seguira apenas com FolderSecurity/TreeAccessObjects.
2026-06-17 11:10:32 | INFO | Total consolidado de acessos encontrados: 13
2026-06-17 11:10:32 | INFO | Projeto '02.02.01.06.01 - Dispositivo TH 24 - km 40,6 - SP-323' carregado para arvore. Groups=11 | UserLists=1 | Outros=1
2026-06-17 11:10:32 | INFO | Iniciando leitura da seguranca do projeto '02.02.01.07.01' (ID: 188955)
2026-06-17 11:10:33 | INFO | Get-PWFolderSecurity retornou 14 item(ns).
2026-06-17 11:10:33 | INFO | Get-PWFolderTreeAccessObjects retornou 1 item(ns).
2026-06-17 11:10:33 | WARN | Cmdlet Get-PWProjectSecurity nao encontrado no ambiente. A leitura seguira apenas com FolderSecurity/TreeAccessObjects.
2026-06-17 11:10:33 | INFO | Total consolidado de acessos encontrados: 13
2026-06-17 11:10:33 | INFO | Projeto '02.02.01.07.01 - Dispositivo TH 40 - km 159,8 - SP-333' carregado para arvore. Groups=11 | UserLists=1 | Outros=1
2026-06-17 11:10:33 | INFO | Iniciando leitura da seguranca do projeto '02.02.01.08.01' (ID: 189779)
2026-06-17 11:10:34 | INFO | Get-PWFolderSecurity retornou 14 item(ns).
2026-06-17 11:10:34 | INFO | Get-PWFolderTreeAccessObjects retornou 1 item(ns).
2026-06-17 11:10:34 | WARN | Cmdlet Get-PWProjectSecurity nao encontrado no ambiente. A leitura seguira apenas com FolderSecurity/TreeAccessObjects.
2026-06-17 11:10:34 | INFO | Total consolidado de acessos encontrados: 13
2026-06-17 11:10:34 | INFO | Projeto '02.02.01.08.01 - Dispositivo TH 40 - km 168,3 - SP-333' carregado para arvore. Groups=11 | UserLists=1 | Outros=1
2026-06-17 11:10:34 | INFO | Iniciando leitura da seguranca do projeto '02.02.01.08.02' (ID: 190191)
2026-06-17 11:10:34 | INFO | Get-PWFolderSecurity retornou 14 item(ns).
2026-06-17 11:10:34 | INFO | Get-PWFolderTreeAccessObjects retornou 1 item(ns).
2026-06-17 11:10:34 | WARN | Cmdlet Get-PWProjectSecurity nao encontrado no ambiente. A leitura seguira apenas com FolderSecurity/TreeAccessObjects.
2026-06-17 11:10:34 | INFO | Total consolidado de acessos encontrados: 13
2026-06-17 11:10:34 | INFO | Projeto '02.02.01.08.02 - Dispositivo TH 40 - km 173,4 - SP-333' carregado para arvore. Groups=11 | UserLists=1 | Outros=1
2026-06-17 11:10:34 | INFO | Iniciando leitura da seguranca do projeto '02.02.01.09.01' (ID: 191015)
2026-06-17 11:10:35 | INFO | Get-PWFolderSecurity retornou 14 item(ns).
2026-06-17 11:10:35 | INFO | Get-PWFolderTreeAccessObjects retornou 1 item(ns).
2026-06-17 11:10:35 | WARN | Cmdlet Get-PWProjectSecurity nao encontrado no ambiente. A leitura seguira apenas com FolderSecurity/TreeAccessObjects.
2026-06-17 11:10:35 | INFO | Total consolidado de acessos encontrados: 13
2026-06-17 11:10:35 | INFO | Projeto '02.02.01.09.01 - Dispositivo TH 41 - km 179,9 - SP 333' carregado para arvore. Groups=11 | UserLists=1 | Outros=1
2026-06-17 11:10:35 | INFO | Iniciando leitura da seguranca do projeto '02.02.01.10.01' (ID: 191839)
2026-06-17 11:10:36 | INFO | Get-PWFolderSecurity retornou 14 item(ns).
2026-06-17 11:10:36 | INFO | Get-PWFolderTreeAccessObjects retornou 1 item(ns).
2026-06-17 11:10:36 | WARN | Cmdlet Get-PWProjectSecurity nao encontrado no ambiente. A leitura seguira apenas com FolderSecurity/TreeAccessObjects.
2026-06-17 11:10:36 | INFO | Total consolidado de acessos encontrados: 13
2026-06-17 11:10:36 | INFO | Projeto '02.02.01.10.01 - Dispositivo TH 42 - km 190,0 - SP 333' carregado para arvore. Groups=11 | UserLists=1 | Outros=1
2026-06-17 11:10:36 | INFO | Iniciando leitura da seguranca do projeto '02.02.01.11.01' (ID: 192663)
2026-06-17 11:10:36 | INFO | Get-PWFolderSecurity retornou 14 item(ns).
2026-06-17 11:10:36 | INFO | Get-PWFolderTreeAccessObjects retornou 1 item(ns).
2026-06-17 11:10:36 | WARN | Cmdlet Get-PWProjectSecurity nao encontrado no ambiente. A leitura seguira apenas com FolderSecurity/TreeAccessObjects.
2026-06-17 11:10:36 | INFO | Total consolidado de acessos encontrados: 13
2026-06-17 11:10:36 | INFO | Projeto '02.02.01.11.01 - Dispositivo TH 42 - km 203,4 - SP 333' carregado para arvore. Groups=11 | UserLists=1 | Outros=1
2026-06-17 11:10:36 | INFO | Iniciando leitura da seguranca do projeto '02.02.01.12.01' (ID: 176108)
2026-06-17 11:10:37 | INFO | Get-PWFolderSecurity retornou 14 item(ns).
2026-06-17 11:10:37 | INFO | Get-PWFolderTreeAccessObjects retornou 1 item(ns).
2026-06-17 11:10:37 | WARN | Cmdlet Get-PWProjectSecurity nao encontrado no ambiente. A leitura seguira apenas com FolderSecurity/TreeAccessObjects.
2026-06-17 11:10:37 | INFO | Total consolidado de acessos encontrados: 13
2026-06-17 11:10:37 | INFO | Projeto '02.02.01.12.01 - Dispositivo TH 44 - km 158,3 - SP-351' carregado para arvore. Groups=11 | UserLists=1 | Outros=1
2026-06-17 11:10:37 | INFO | Iniciando leitura da seguranca do projeto '02.02.01.13.01' (ID: 193900)
2026-06-17 11:10:38 | INFO | Get-PWFolderSecurity retornou 14 item(ns).
2026-06-17 11:10:38 | INFO | Get-PWFolderTreeAccessObjects retornou 1 item(ns).
2026-06-17 11:10:38 | WARN | Cmdlet Get-PWProjectSecurity nao encontrado no ambiente. A leitura seguira apenas com FolderSecurity/TreeAccessObjects.
2026-06-17 11:10:38 | INFO | Total consolidado de acessos encontrados: 13
2026-06-17 11:10:38 | INFO | Projeto '02.02.01.13.01 - Dispositivo TH 45 - km 158,3 - SP-351' carregado para arvore. Groups=11 | UserLists=1 | Outros=1
2026-06-17 11:10:38 | INFO | Iniciando leitura da seguranca do projeto '02.02.01.14.01' (ID: 194724)
2026-06-17 11:10:38 | INFO | Get-PWFolderSecurity retornou 14 item(ns).
2026-06-17 11:10:38 | INFO | Get-PWFolderTreeAccessObjects retornou 1 item(ns).
2026-06-17 11:10:38 | WARN | Cmdlet Get-PWProjectSecurity nao encontrado no ambiente. A leitura seguira apenas com FolderSecurity/TreeAccessObjects.
2026-06-17 11:10:38 | INFO | Total consolidado de acessos encontrados: 13
2026-06-17 11:10:38 | INFO | Projeto '02.02.01.14.01 - Dispositivo TH 45 - km 163,5 - SP-351' carregado para arvore. Groups=11 | UserLists=1 | Outros=1
2026-06-17 11:10:38 | INFO | Iniciando leitura da seguranca do projeto '02.02.01.15.01' (ID: 195548)
2026-06-17 11:10:39 | INFO | Get-PWFolderSecurity retornou 14 item(ns).
2026-06-17 11:10:39 | INFO | Get-PWFolderTreeAccessObjects retornou 1 item(ns).
2026-06-17 11:10:39 | WARN | Cmdlet Get-PWProjectSecurity nao encontrado no ambiente. A leitura seguira apenas com FolderSecurity/TreeAccessObjects.
2026-06-17 11:10:39 | INFO | Total consolidado de acessos encontrados: 13
2026-06-17 11:10:39 | INFO | Projeto '02.02.01.15.01 - Dispositivo TH 46 - km 167,4 - SP-351' carregado para arvore. Groups=11 | UserLists=1 | Outros=1
2026-06-17 11:10:39 | INFO | Iniciando leitura da seguranca do projeto '02.02.01.15.02' (ID: 195960)
2026-06-17 11:10:39 | INFO | Get-PWFolderSecurity retornou 14 item(ns).
2026-06-17 11:10:40 | INFO | Get-PWFolderTreeAccessObjects retornou 1 item(ns).
2026-06-17 11:10:40 | WARN | Cmdlet Get-PWProjectSecurity nao encontrado no ambiente. A leitura seguira apenas com FolderSecurity/TreeAccessObjects.
2026-06-17 11:10:40 | INFO | Total consolidado de acessos encontrados: 13
2026-06-17 11:10:40 | INFO | Projeto '02.02.01.15.02 - Dispositivo TH 46 - km 174,6 - SP-351' carregado para arvore. Groups=11 | UserLists=1 | Outros=1
2026-06-17 11:10:40 | INFO | Iniciando leitura da seguranca do projeto '02.02.01.16.01' (ID: 196784)
2026-06-17 11:10:40 | INFO | Get-PWFolderSecurity retornou 14 item(ns).
2026-06-17 11:10:40 | INFO | Get-PWFolderTreeAccessObjects retornou 1 item(ns).
2026-06-17 11:10:40 | WARN | Cmdlet Get-PWProjectSecurity nao encontrado no ambiente. A leitura seguira apenas com FolderSecurity/TreeAccessObjects.
2026-06-17 11:10:40 | INFO | Total consolidado de acessos encontrados: 13
2026-06-17 11:10:40 | INFO | Projeto '02.02.01.16.01 - Dispositivo TH 46 - km 185,5 - SP-351' carregado para arvore. Groups=11 | UserLists=1 | Outros=1
2026-06-17 11:10:40 | INFO | Iniciando leitura da seguranca do projeto '02.02.01.17.01' (ID: 197608)
2026-06-17 11:10:41 | INFO | Get-PWFolderSecurity retornou 14 item(ns).
2026-06-17 11:10:41 | INFO | Get-PWFolderTreeAccessObjects retornou 1 item(ns).
2026-06-17 11:10:41 | WARN | Cmdlet Get-PWProjectSecurity nao encontrado no ambiente. A leitura seguira apenas com FolderSecurity/TreeAccessObjects.
2026-06-17 11:10:41 | INFO | Total consolidado de acessos encontrados: 13
2026-06-17 11:10:41 | INFO | Projeto '02.02.01.17.01 - Dispositivo TH 48 - km 193,9 - SP-351' carregado para arvore. Groups=11 | UserLists=1 | Outros=1
2026-06-17 11:10:41 | INFO | Iniciando leitura da seguranca do projeto '02.02.01.17.02' (ID: 198020)
2026-06-17 11:10:41 | INFO | Get-PWFolderSecurity retornou 14 item(ns).
2026-06-17 11:10:41 | INFO | Get-PWFolderTreeAccessObjects retornou 1 item(ns).
2026-06-17 11:10:41 | WARN | Cmdlet Get-PWProjectSecurity nao encontrado no ambiente. A leitura seguira apenas com FolderSecurity/TreeAccessObjects.
2026-06-17 11:10:41 | INFO | Total consolidado de acessos encontrados: 13
2026-06-17 11:10:41 | INFO | Projeto '02.02.01.17.02 - Dispositivo TH 48 - km 196,2 - SP-351' carregado para arvore. Groups=11 | UserLists=1 | Outros=1
2026-06-17 11:10:41 | INFO | Iniciando leitura da seguranca do projeto '02.02.01.18.01' (ID: 198844)
2026-06-17 11:10:42 | INFO | Get-PWFolderSecurity retornou 14 item(ns).
2026-06-17 11:10:42 | INFO | Get-PWFolderTreeAccessObjects retornou 1 item(ns).
2026-06-17 11:10:42 | WARN | Cmdlet Get-PWProjectSecurity nao encontrado no ambiente. A leitura seguira apenas com FolderSecurity/TreeAccessObjects.
2026-06-17 11:10:42 | INFO | Total consolidado de acessos encontrados: 13
2026-06-17 11:10:42 | INFO | Projeto '02.02.01.18.01 - Dispositivo TH 48 - km 206,9 - SP 351' carregado para arvore. Groups=11 | UserLists=1 | Outros=1
2026-06-17 11:10:42 | INFO | Iniciando leitura da seguranca do projeto '02.02.02.01.01' (ID: 200080)
2026-06-17 11:10:43 | INFO | Get-PWFolderSecurity retornou 14 item(ns).
2026-06-17 11:10:43 | INFO | Get-PWFolderTreeAccessObjects retornou 1 item(ns).
2026-06-17 11:10:43 | WARN | Cmdlet Get-PWProjectSecurity nao encontrado no ambiente. A leitura seguira apenas com FolderSecurity/TreeAccessObjects.
2026-06-17 11:10:43 | INFO | Total consolidado de acessos encontrados: 13
2026-06-17 11:10:43 | INFO | Projeto '02.02.02.01.01 - Ampliação Dispositivo TH 03 - km 268,3 - SP-310' carregado para arvore. Groups=11 | UserLists=1 | Outros=1
2026-06-17 11:10:43 | INFO | Iniciando leitura da seguranca do projeto '02.02.02.01.02' (ID: 200492)
2026-06-17 11:10:43 | INFO | Get-PWFolderSecurity retornou 14 item(ns).
2026-06-17 11:10:43 | INFO | Get-PWFolderTreeAccessObjects retornou 1 item(ns).
2026-06-17 11:10:43 | WARN | Cmdlet Get-PWProjectSecurity nao encontrado no ambiente. A leitura seguira apenas com FolderSecurity/TreeAccessObjects.
2026-06-17 11:10:43 | INFO | Total consolidado de acessos encontrados: 13
2026-06-17 11:10:43 | INFO | Projeto '02.02.02.01.02 - Ampliação Dispositivo TH 03 - km 271,6 - SP-310' carregado para arvore. Groups=11 | UserLists=1 | Outros=1
2026-06-17 11:10:43 | INFO | Iniciando leitura da seguranca do projeto '02.02.02.02.01' (ID: 201316)
2026-06-17 11:10:44 | INFO | Get-PWFolderSecurity retornou 14 item(ns).
2026-06-17 11:10:44 | INFO | Get-PWFolderTreeAccessObjects retornou 1 item(ns).
2026-06-17 11:10:44 | WARN | Cmdlet Get-PWProjectSecurity nao encontrado no ambiente. A leitura seguira apenas com FolderSecurity/TreeAccessObjects.
2026-06-17 11:10:44 | INFO | Total consolidado de acessos encontrados: 13
2026-06-17 11:10:44 | INFO | Projeto '02.02.02.02.01 - Ampliação Dispositivo TH 04 - km 293,5 - SP 310' carregado para arvore. Groups=11 | UserLists=1 | Outros=1
2026-06-17 11:10:44 | INFO | Iniciando leitura da seguranca do projeto '02.02.02.03.01' (ID: 129941)
2026-06-17 11:10:45 | INFO | Get-PWFolderSecurity retornou 14 item(ns).
2026-06-17 11:10:45 | INFO | Get-PWFolderTreeAccessObjects retornou 1 item(ns).
2026-06-17 11:10:45 | WARN | Cmdlet Get-PWProjectSecurity nao encontrado no ambiente. A leitura seguira apenas com FolderSecurity/TreeAccessObjects.
2026-06-17 11:10:45 | INFO | Total consolidado de acessos encontrados: 13
2026-06-17 11:10:45 | INFO | Projeto '02.02.02.03.01 - Ampliação Dispositivo TH 06 - km 296,5 - SP-310' carregado para arvore. Groups=11 | UserLists=1 | Outros=1
2026-06-17 11:10:45 | INFO | Iniciando leitura da seguranca do projeto '02.02.02.04.01' (ID: 202553)
2026-06-17 11:10:45 | INFO | Get-PWFolderSecurity retornou 14 item(ns).
2026-06-17 11:10:45 | INFO | Get-PWFolderTreeAccessObjects retornou 1 item(ns).
2026-06-17 11:10:45 | WARN | Cmdlet Get-PWProjectSecurity nao encontrado no ambiente. A leitura seguira apenas com FolderSecurity/TreeAccessObjects.
2026-06-17 11:10:45 | INFO | Total consolidado de acessos encontrados: 13
2026-06-17 11:10:45 | INFO | Projeto '02.02.02.04.01 - Ampliação Dispositivo TH 30  - km 379,0 - SP-326' carregado para arvore. Groups=11 | UserLists=1 | Outros=1
2026-06-17 11:10:45 | INFO | Iniciando leitura da seguranca do projeto '02.02.02.05.00' (ID: 174875)
2026-06-17 11:10:46 | INFO | Get-PWFolderSecurity retornou 14 item(ns).
2026-06-17 11:10:46 | INFO | Get-PWFolderTreeAccessObjects retornou 1 item(ns).
2026-06-17 11:10:46 | WARN | Cmdlet Get-PWProjectSecurity nao encontrado no ambiente. A leitura seguira apenas com FolderSecurity/TreeAccessObjects.
2026-06-17 11:10:46 | INFO | Total consolidado de acessos encontrados: 13
2026-06-17 11:10:46 | INFO | Projeto '02.02.02.05.01 - Dispositivo TH 39 -  km 157,5 - SP-333' carregado para arvore. Groups=11 | UserLists=1 | Outros=1
2026-06-17 11:10:46 | INFO | Iniciando leitura da seguranca do projeto '02.02.02.05.01' (ID: 203377)
2026-06-17 11:10:47 | INFO | Get-PWFolderSecurity retornou 14 item(ns).
2026-06-17 11:10:47 | INFO | Get-PWFolderTreeAccessObjects retornou 1 item(ns).
2026-06-17 11:10:47 | WARN | Cmdlet Get-PWProjectSecurity nao encontrado no ambiente. A leitura seguira apenas com FolderSecurity/TreeAccessObjects.
2026-06-17 11:10:47 | INFO | Total consolidado de acessos encontrados: 13
2026-06-17 11:10:47 | INFO | Projeto '02.02.02.05.01 - Ampliação Dispositivo TH 39  - km 157,6 - SP-333' carregado para arvore. Groups=11 | UserLists=1 | Outros=1
2026-06-17 11:10:47 | INFO | Iniciando leitura da seguranca do projeto '02.02.02.06.01' (ID: 204201)
2026-06-17 11:10:47 | INFO | Get-PWFolderSecurity retornou 14 item(ns).
2026-06-17 11:10:47 | INFO | Get-PWFolderTreeAccessObjects retornou 1 item(ns).
2026-06-17 11:10:47 | WARN | Cmdlet Get-PWProjectSecurity nao encontrado no ambiente. A leitura seguira apenas com FolderSecurity/TreeAccessObjects.
2026-06-17 11:10:47 | INFO | Total consolidado de acessos encontrados: 13
2026-06-17 11:10:47 | INFO | Projeto '02.02.02.06.01 - Ampliação Dispositivo TH 41 - km 182,2 - SP-333' carregado para arvore. Groups=11 | UserLists=1 | Outros=1
2026-06-17 11:10:47 | INFO | Iniciando leitura da seguranca do projeto '02.02.02.07.01' (ID: 205025)
2026-06-17 11:10:48 | INFO | Get-PWFolderSecurity retornou 14 item(ns).
2026-06-17 11:10:48 | INFO | Get-PWFolderTreeAccessObjects retornou 1 item(ns).
2026-06-17 11:10:48 | WARN | Cmdlet Get-PWProjectSecurity nao encontrado no ambiente. A leitura seguira apenas com FolderSecurity/TreeAccessObjects.
2026-06-17 11:10:48 | INFO | Total consolidado de acessos encontrados: 13
2026-06-17 11:10:48 | INFO | Projeto '02.02.02.07.01 - Ampliação Dispositivo TH 42 - km 209,3 - SP-333' carregado para arvore. Groups=11 | UserLists=1 | Outros=1
2026-06-17 11:10:48 | INFO | Iniciando leitura da seguranca do projeto '02.02.02.07.02' (ID: 205437)
2026-06-17 11:10:49 | INFO | Get-PWFolderSecurity retornou 14 item(ns).
2026-06-17 11:10:49 | INFO | Get-PWFolderTreeAccessObjects retornou 1 item(ns).
2026-06-17 11:10:49 | WARN | Cmdlet Get-PWProjectSecurity nao encontrado no ambiente. A leitura seguira apenas com FolderSecurity/TreeAccessObjects.
2026-06-17 11:10:49 | INFO | Total consolidado de acessos encontrados: 13
2026-06-17 11:10:49 | INFO | Projeto '02.02.02.07.02 - Ampliação Dispositivo TH 42 - km 212,6 - SP-333' carregado para arvore. Groups=11 | UserLists=1 | Outros=1
2026-06-17 11:10:49 | INFO | Iniciando leitura da seguranca do projeto '02.02.02.08.01' (ID: 175286)
2026-06-17 11:10:49 | INFO | Get-PWFolderSecurity retornou 14 item(ns).
2026-06-17 11:10:49 | INFO | Get-PWFolderTreeAccessObjects retornou 1 item(ns).
2026-06-17 11:10:49 | WARN | Cmdlet Get-PWProjectSecurity nao encontrado no ambiente. A leitura seguira apenas com FolderSecurity/TreeAccessObjects.
2026-06-17 11:10:49 | INFO | Total consolidado de acessos encontrados: 13
2026-06-17 11:10:49 | INFO | Projeto '02.02.02.08.01 - Ampliação Dispositivo TH 43 - km 151,5 - SP-351' carregado para arvore. Groups=11 | UserLists=1 | Outros=1
2026-06-17 11:10:49 | INFO | Iniciando leitura da seguranca do projeto '02.02.02.09.01' (ID: 175697)
2026-06-17 11:10:50 | INFO | Get-PWFolderSecurity retornou 14 item(ns).
2026-06-17 11:10:50 | INFO | Get-PWFolderTreeAccessObjects retornou 1 item(ns).
2026-06-17 11:10:50 | WARN | Cmdlet Get-PWProjectSecurity nao encontrado no ambiente. A leitura seguira apenas com FolderSecurity/TreeAccessObjects.
2026-06-17 11:10:50 | INFO | Total consolidado de acessos encontrados: 13
2026-06-17 11:10:50 | INFO | Projeto '02.02.02.09.01 - Ampliação Dispositivo TH 44 - km 155,7 - SP-351' carregado para arvore. Groups=11 | UserLists=1 | Outros=1
2026-06-17 11:10:50 | INFO | Iniciando leitura da seguranca do projeto '02.02.02.10' (ID: 206675)
2026-06-17 11:10:50 | INFO | Get-PWFolderSecurity retornou 14 item(ns).
2026-06-17 11:10:51 | INFO | Get-PWFolderTreeAccessObjects retornou 1 item(ns).
2026-06-17 11:10:51 | WARN | Cmdlet Get-PWProjectSecurity nao encontrado no ambiente. A leitura seguira apenas com FolderSecurity/TreeAccessObjects.
2026-06-17 11:10:51 | INFO | Total consolidado de acessos encontrados: 13
2026-06-17 11:10:51 | INFO | Projeto '02.02.02.10 - Ampliação Dispositivo - km 177,75 - SP-351' carregado para arvore. Groups=11 | UserLists=1 | Outros=1
2026-06-17 11:10:51 | INFO | Iniciando leitura da seguranca do projeto '02.02.02.10.01' (ID: 207087)
2026-06-17 11:10:51 | INFO | Get-PWFolderSecurity retornou 14 item(ns).
2026-06-17 11:10:51 | INFO | Get-PWFolderTreeAccessObjects retornou 1 item(ns).
2026-06-17 11:10:51 | WARN | Cmdlet Get-PWProjectSecurity nao encontrado no ambiente. A leitura seguira apenas com FolderSecurity/TreeAccessObjects.
2026-06-17 11:10:51 | INFO | Total consolidado de acessos encontrados: 13
2026-06-17 11:10:51 | INFO | Projeto '02.02.02.10.01 - Ampliação Dispositivo TH 46 - km 182,8 - SP-351' carregado para arvore. Groups=11 | UserLists=1 | Outros=1
2026-06-17 11:10:51 | INFO | Iniciando leitura da seguranca do projeto '02.02.02.11.01' (ID: 207911)
2026-06-17 11:10:52 | INFO | Get-PWFolderSecurity retornou 14 item(ns).
2026-06-17 11:10:52 | INFO | Get-PWFolderTreeAccessObjects retornou 1 item(ns).
2026-06-17 11:10:52 | WARN | Cmdlet Get-PWProjectSecurity nao encontrado no ambiente. A leitura seguira apenas com FolderSecurity/TreeAccessObjects.
2026-06-17 11:10:52 | INFO | Total consolidado de acessos encontrados: 13
2026-06-17 11:10:52 | INFO | Projeto '02.02.02.11.01 - Dispositivo TH 48 - km 194,5 - SP-351' carregado para arvore. Groups=11 | UserLists=1 | Outros=1
2026-06-17 11:10:52 | INFO | Iniciando leitura da seguranca do projeto '02.04.03.01.01' (ID: 163629)
2026-06-17 11:10:52 | INFO | Get-PWFolderSecurity retornou 14 item(ns).
2026-06-17 11:10:52 | INFO | Get-PWFolderTreeAccessObjects retornou 1 item(ns).
2026-06-17 11:10:52 | WARN | Cmdlet Get-PWProjectSecurity nao encontrado no ambiente. A leitura seguira apenas com FolderSecurity/TreeAccessObjects.
2026-06-17 11:10:52 | INFO | Total consolidado de acessos encontrados: 13
2026-06-17 11:10:53 | INFO | Projeto '02.04.03.01.01 - Acostamento TH 51 - km 0,000 + 0,450 - SPA-276 310' carregado para arvore. Groups=11 | UserLists=1 | Outros=1
2026-06-17 11:10:53 | INFO | Iniciando leitura da seguranca do projeto '02.04.03.01.02' (ID: 164040)
2026-06-17 11:10:53 | INFO | Get-PWFolderSecurity retornou 14 item(ns).
2026-06-17 11:10:53 | INFO | Get-PWFolderTreeAccessObjects retornou 1 item(ns).
2026-06-17 11:10:53 | WARN | Cmdlet Get-PWProjectSecurity nao encontrado no ambiente. A leitura seguira apenas com FolderSecurity/TreeAccessObjects.
2026-06-17 11:10:53 | INFO | Total consolidado de acessos encontrados: 13
2026-06-17 11:10:53 | INFO | Projeto '02.04.03.01.02 - Acostamento TH 52 - Km 0,000 + 0,090 - SPA-119  333' carregado para arvore. Groups=11 | UserLists=1 | Outros=1
2026-06-17 11:10:53 | INFO | Iniciando leitura da seguranca do projeto '02.04.03.02.01' (ID: 293433)
2026-06-17 11:10:54 | INFO | Get-PWFolderSecurity retornou 14 item(ns).
2026-06-17 11:10:54 | INFO | Get-PWFolderTreeAccessObjects retornou 1 item(ns).
2026-06-17 11:10:54 | WARN | Cmdlet Get-PWProjectSecurity nao encontrado no ambiente. A leitura seguira apenas com FolderSecurity/TreeAccessObjects.
2026-06-17 11:10:54 | INFO | Total consolidado de acessos encontrados: 13
2026-06-17 11:10:54 | INFO | Projeto '02.04.03.02.01 - Acostamentos - km 227,800 + 454,300 - SP-310' carregado para arvore. Groups=11 | UserLists=1 | Outros=1
2026-06-17 11:10:54 | INFO | Iniciando leitura da seguranca do projeto '02.04.03.02.02' (ID: 293844)
2026-06-17 11:10:54 | INFO | Get-PWFolderSecurity retornou 14 item(ns).
2026-06-17 11:10:54 | INFO | Get-PWFolderTreeAccessObjects retornou 1 item(ns).
2026-06-17 11:10:54 | WARN | Cmdlet Get-PWProjectSecurity nao encontrado no ambiente. A leitura seguira apenas com FolderSecurity/TreeAccessObjects.
2026-06-17 11:10:54 | INFO | Total consolidado de acessos encontrados: 13
2026-06-17 11:10:54 | INFO | Projeto '02.04.03.02.02 - Acostamentos - km 0,000 + 44,100 - SP-323' carregado para arvore. Groups=11 | UserLists=1 | Outros=1
2026-06-17 11:10:54 | INFO | Iniciando leitura da seguranca do projeto '02.04.03.02.03' (ID: 294255)
2026-06-17 11:10:55 | INFO | Get-PWFolderSecurity retornou 14 item(ns).
2026-06-17 11:10:55 | INFO | Get-PWFolderTreeAccessObjects retornou 1 item(ns).
2026-06-17 11:10:55 | WARN | Cmdlet Get-PWProjectSecurity nao encontrado no ambiente. A leitura seguira apenas com FolderSecurity/TreeAccessObjects.
2026-06-17 11:10:55 | INFO | Total consolidado de acessos encontrados: 13
2026-06-17 11:10:55 | INFO | Projeto '02.04.03.02.03 - Acostamentos - km 293 ao 427 - SP-326' carregado para arvore. Groups=11 | UserLists=1 | Outros=1
2026-06-17 11:10:55 | INFO | Iniciando leitura da seguranca do projeto '02.04.03.02.04' (ID: 294666)
2026-06-17 11:10:56 | INFO | Get-PWFolderSecurity retornou 14 item(ns).
2026-06-17 11:10:56 | INFO | Get-PWFolderTreeAccessObjects retornou 1 item(ns).
2026-06-17 11:10:56 | WARN | Cmdlet Get-PWProjectSecurity nao encontrado no ambiente. A leitura seguira apenas com FolderSecurity/TreeAccessObjects.
2026-06-17 11:10:56 | INFO | Total consolidado de acessos encontrados: 13
2026-06-17 11:10:56 | INFO | Projeto '02.04.03.02.04 - Acostamentos - km 83,020 + 212,450 - SP-333' carregado para arvore. Groups=11 | UserLists=1 | Outros=1
2026-06-17 11:10:56 | INFO | Iniciando leitura da seguranca do projeto '02.04.03.02.05' (ID: 295077)
2026-06-17 11:10:56 | INFO | Get-PWFolderSecurity retornou 14 item(ns).
2026-06-17 11:10:56 | INFO | Get-PWFolderTreeAccessObjects retornou 1 item(ns).
2026-06-17 11:10:56 | WARN | Cmdlet Get-PWProjectSecurity nao encontrado no ambiente. A leitura seguira apenas com FolderSecurity/TreeAccessObjects.
2026-06-17 11:10:56 | INFO | Total consolidado de acessos encontrados: 13
2026-06-17 11:10:56 | INFO | Projeto '02.04.03.02.05 - Acostamentos - km 151,530 + 218,020 - SP-351' carregado para arvore. Groups=11 | UserLists=1 | Outros=1
2026-06-17 11:10:56 | INFO | Iniciando leitura da seguranca do projeto '02.06.02.06' (ID: 45849)
2026-06-17 11:10:57 | INFO | Get-PWFolderSecurity retornou 15 item(ns).
2026-06-17 11:10:57 | INFO | Get-PWFolderTreeAccessObjects retornou 1 item(ns).
2026-06-17 11:10:57 | WARN | Cmdlet Get-PWProjectSecurity nao encontrado no ambiente. A leitura seguira apenas com FolderSecurity/TreeAccessObjects.
2026-06-17 11:10:57 | INFO | Total consolidado de acessos encontrados: 14
2026-06-17 11:10:57 | INFO | Projeto '02.06.02.06 - BSO 1 - km 009+470 - SP-323' carregado para arvore. Groups=11 | UserLists=1 | Outros=2
2026-06-17 11:10:57 | INFO | Iniciando leitura da seguranca do projeto '02.06.02.07' (ID: 46260)
2026-06-17 11:10:58 | INFO | Get-PWFolderSecurity retornou 14 item(ns).
2026-06-17 11:10:58 | INFO | Get-PWFolderTreeAccessObjects retornou 1 item(ns).
2026-06-17 11:10:58 | WARN | Cmdlet Get-PWProjectSecurity nao encontrado no ambiente. A leitura seguira apenas com FolderSecurity/TreeAccessObjects.
2026-06-17 11:10:58 | INFO | Total consolidado de acessos encontrados: 13
2026-06-17 11:10:58 | INFO | Projeto '02.06.02.07 - BSO 2 - km 036+800 - SP-323' carregado para arvore. Groups=11 | UserLists=1 | Outros=1
2026-06-17 11:10:58 | INFO | Iniciando leitura da seguranca do projeto '02.06.02.11' (ID: 46671)
2026-06-17 11:10:58 | INFO | Get-PWFolderSecurity retornou 14 item(ns).
2026-06-17 11:10:58 | INFO | Get-PWFolderTreeAccessObjects retornou 1 item(ns).
2026-06-17 11:10:58 | WARN | Cmdlet Get-PWProjectSecurity nao encontrado no ambiente. A leitura seguira apenas com FolderSecurity/TreeAccessObjects.
2026-06-17 11:10:58 | INFO | Total consolidado de acessos encontrados: 13
2026-06-17 11:10:58 | INFO | Projeto '02.06.02.11 - BSO 3 - km 391+200 - SP-326' carregado para arvore. Groups=11 | UserLists=1 | Outros=1
2026-06-17 11:10:58 | INFO | Iniciando leitura da seguranca do projeto '02.06.02.12' (ID: 47082)
2026-06-17 11:10:59 | INFO | Get-PWFolderSecurity retornou 14 item(ns).
2026-06-17 11:10:59 | INFO | Get-PWFolderTreeAccessObjects retornou 1 item(ns).
2026-06-17 11:10:59 | WARN | Cmdlet Get-PWProjectSecurity nao encontrado no ambiente. A leitura seguira apenas com FolderSecurity/TreeAccessObjects.
2026-06-17 11:10:59 | INFO | Total consolidado de acessos encontrados: 13
2026-06-17 11:10:59 | INFO | Projeto '02.06.02.12 - BSO 4 - km 409+200 - SP-326' carregado para arvore. Groups=11 | UserLists=1 | Outros=1
2026-06-17 11:10:59 | INFO | Iniciando leitura da seguranca do projeto '02.06.02.16' (ID: 47493)
2026-06-17 11:11:00 | INFO | Get-PWFolderSecurity retornou 14 item(ns).
2026-06-17 11:11:00 | INFO | Get-PWFolderTreeAccessObjects retornou 1 item(ns).
2026-06-17 11:11:00 | WARN | Cmdlet Get-PWProjectSecurity nao encontrado no ambiente. A leitura seguira apenas com FolderSecurity/TreeAccessObjects.
2026-06-17 11:11:00 | INFO | Total consolidado de acessos encontrados: 13
2026-06-17 11:11:00 | INFO | Projeto '02.06.02.16 - BSO 5 - km 161+750 - SP-351' carregado para arvore. Groups=11 | UserLists=1 | Outros=1
2026-06-17 11:11:00 | INFO | Iniciando leitura da seguranca do projeto '02.06.02.17' (ID: 47904)
2026-06-17 11:11:00 | INFO | Get-PWFolderSecurity retornou 14 item(ns).
2026-06-17 11:11:00 | INFO | Get-PWFolderTreeAccessObjects retornou 1 item(ns).
2026-06-17 11:11:00 | WARN | Cmdlet Get-PWProjectSecurity nao encontrado no ambiente. A leitura seguira apenas com FolderSecurity/TreeAccessObjects.
2026-06-17 11:11:00 | INFO | Total consolidado de acessos encontrados: 13
2026-06-17 11:11:00 | INFO | Projeto '02.06.02.17 - BSO 6 - km 198+000 - SP-351' carregado para arvore. Groups=11 | UserLists=1 | Outros=1
2026-06-17 11:11:00 | INFO | Iniciando leitura da seguranca do projeto '02.10.01.01' (ID: 51751)
2026-06-17 11:11:01 | INFO | Get-PWFolderSecurity retornou 17 item(ns).
2026-06-17 11:11:01 | INFO | Get-PWFolderTreeAccessObjects retornou 1 item(ns).
2026-06-17 11:11:01 | WARN | Cmdlet Get-PWProjectSecurity nao encontrado no ambiente. A leitura seguira apenas com FolderSecurity/TreeAccessObjects.
2026-06-17 11:11:01 | INFO | Total consolidado de acessos encontrados: 16
2026-06-17 11:11:01 | INFO | Projeto '02.10.01.01 - Marginal TH 31 - km 420,290 + 424,800 - SP-326' carregado para arvore. Groups=11 | UserLists=1 | Outros=4
2026-06-17 11:11:01 | INFO | Iniciando leitura da seguranca do projeto '02.11.01.01 km 252' (ID: 168238)
2026-06-17 11:11:02 | INFO | Get-PWFolderSecurity retornou 14 item(ns).
2026-06-17 11:11:02 | INFO | Get-PWFolderTreeAccessObjects retornou 1 item(ns).
2026-06-17 11:11:02 | WARN | Cmdlet Get-PWProjectSecurity nao encontrado no ambiente. A leitura seguira apenas com FolderSecurity/TreeAccessObjects.
2026-06-17 11:11:02 | INFO | Total consolidado de acessos encontrados: 13
2026-06-17 11:11:02 | INFO | Projeto '02.11.01.01 - ADC Ibaté - km 252 - SP-310' carregado para arvore. Groups=11 | UserLists=1 | Outros=1
2026-06-17 11:11:02 | INFO | Iniciando leitura da seguranca do projeto '02.11.01.01 km 291' (ID: 168649)
2026-06-17 11:11:02 | INFO | Get-PWFolderSecurity retornou 14 item(ns).
2026-06-17 11:11:03 | INFO | Get-PWFolderTreeAccessObjects retornou 1 item(ns).
2026-06-17 11:11:03 | WARN | Cmdlet Get-PWProjectSecurity nao encontrado no ambiente. A leitura seguira apenas com FolderSecurity/TreeAccessObjects.
2026-06-17 11:11:03 | INFO | Total consolidado de acessos encontrados: 13
2026-06-17 11:11:03 | INFO | Projeto '02.11.01.01 - ADC Matão - km 291 - SP-310' carregado para arvore. Groups=11 | UserLists=1 | Outros=1
2026-06-17 11:11:03 | INFO | Iniciando leitura da seguranca do projeto '02.11.01.01 km 407' (ID: 169060)
2026-06-17 11:11:03 | INFO | Get-PWFolderSecurity retornou 14 item(ns).
2026-06-17 11:11:03 | INFO | Get-PWFolderTreeAccessObjects retornou 1 item(ns).
2026-06-17 11:11:03 | WARN | Cmdlet Get-PWProjectSecurity nao encontrado no ambiente. A leitura seguira apenas com FolderSecurity/TreeAccessObjects.
2026-06-17 11:11:03 | INFO | Total consolidado de acessos encontrados: 13
2026-06-17 11:11:03 | INFO | Projeto '02.11.01.01 - ADC Uchôa - km 407 - SP-310' carregado para arvore. Groups=11 | UserLists=1 | Outros=1
2026-06-17 11:11:03 | INFO | Iniciando leitura da seguranca do projeto '02.12.01.02' (ID: 308506)
2026-06-17 11:11:04 | INFO | Get-PWFolderSecurity retornou 17 item(ns).
2026-06-17 11:11:04 | INFO | Get-PWFolderTreeAccessObjects retornou 1 item(ns).
2026-06-17 11:11:04 | WARN | Cmdlet Get-PWProjectSecurity nao encontrado no ambiente. A leitura seguira apenas com FolderSecurity/TreeAccessObjects.
2026-06-17 11:11:04 | INFO | Total consolidado de acessos encontrados: 16
2026-06-17 11:11:04 | INFO | Projeto '02.12.01.02 - PMRv SJRP - km 443,000 + 443,000 - SP-310' carregado para arvore. Groups=14 | UserLists=1 | Outros=1
2026-06-17 11:11:04 | INFO | Iniciando leitura da seguranca do projeto '02.12.01.02 - PMRv Canil' (ID: 353557)
2026-06-17 11:11:05 | INFO | Get-PWFolderSecurity retornou 14 item(ns).
2026-06-17 11:11:05 | INFO | Get-PWFolderTreeAccessObjects retornou 1 item(ns).
2026-06-17 11:11:05 | WARN | Cmdlet Get-PWProjectSecurity nao encontrado no ambiente. A leitura seguira apenas com FolderSecurity/TreeAccessObjects.
2026-06-17 11:11:05 | INFO | Total consolidado de acessos encontrados: 13
2026-06-17 11:11:05 | INFO | Projeto '02.12.01.02 - PMRv Canil SJRP - km 443,000 + 443,000 - SP-310' carregado para arvore. Groups=11 | UserLists=1 | Outros=1
2026-06-17 11:11:05 | INFO | Iniciando leitura da seguranca do projeto '02.12.02.02 - PMRV' (ID: 305332)
2026-06-17 11:11:06 | INFO | Get-PWFolderSecurity retornou 15 item(ns).
2026-06-17 11:11:06 | INFO | Get-PWFolderTreeAccessObjects retornou 1 item(ns).
2026-06-17 11:11:06 | WARN | Cmdlet Get-PWProjectSecurity nao encontrado no ambiente. A leitura seguira apenas com FolderSecurity/TreeAccessObjects.
2026-06-17 11:11:06 | INFO | Total consolidado de acessos encontrados: 14
2026-06-17 11:11:06 | INFO | Projeto '02.12.02.02 - PMRV Araraquara - km 273+400 - SP-310' carregado para arvore. Groups=12 | UserLists=1 | Outros=1
2026-06-17 11:11:06 | INFO | Iniciando leitura da seguranca do projeto '02.13.02 - Ponto de Ônibus' (ID: 419731)
2026-06-17 11:11:06 | INFO | Get-PWFolderSecurity retornou 14 item(ns).
2026-06-17 11:11:06 | INFO | Get-PWFolderTreeAccessObjects retornou 1 item(ns).
2026-06-17 11:11:06 | WARN | Cmdlet Get-PWProjectSecurity nao encontrado no ambiente. A leitura seguira apenas com FolderSecurity/TreeAccessObjects.
2026-06-17 11:11:06 | INFO | Total consolidado de acessos encontrados: 13
2026-06-17 11:11:06 | INFO | Projeto '02.13.02 - Ponto de Ônibus - km 84+300 - SP-333' carregado para arvore. Groups=11 | UserLists=1 | Outros=1
2026-06-17 11:11:06 | INFO | Iniciando leitura da seguranca do projeto '02.13.02 - Ponto Ônibus 2' (ID: 419831)
2026-06-17 11:11:07 | INFO | Get-PWFolderSecurity retornou 14 item(ns).
2026-06-17 11:11:07 | INFO | Get-PWFolderTreeAccessObjects retornou 1 item(ns).
2026-06-17 11:11:07 | WARN | Cmdlet Get-PWProjectSecurity nao encontrado no ambiente. A leitura seguira apenas com FolderSecurity/TreeAccessObjects.
2026-06-17 11:11:07 | INFO | Total consolidado de acessos encontrados: 13
2026-06-17 11:11:07 | INFO | Projeto '02.13.02 - Ponto de Ônibus - km 96+500 - SP-333' carregado para arvore. Groups=11 | UserLists=1 | Outros=1
2026-06-17 11:11:07 | INFO | Iniciando leitura da seguranca do projeto '02.13.02 - Ponto Ônibus 3' (ID: 419864)
2026-06-17 11:11:08 | INFO | Get-PWFolderSecurity retornou 14 item(ns).
2026-06-17 11:11:08 | INFO | Get-PWFolderTreeAccessObjects retornou 1 item(ns).
2026-06-17 11:11:08 | WARN | Cmdlet Get-PWProjectSecurity nao encontrado no ambiente. A leitura seguira apenas com FolderSecurity/TreeAccessObjects.
2026-06-17 11:11:08 | INFO | Total consolidado de acessos encontrados: 13
2026-06-17 11:11:08 | INFO | Projeto '02.13.02 - Ponto de Ônibus - km 84+300 - SP-310' carregado para arvore. Groups=11 | UserLists=1 | Outros=1
2026-06-17 11:11:08 | INFO | Iniciando leitura da seguranca do projeto '02.14.01.03 - Ciclovias' (ID: 311031)
2026-06-17 11:11:08 | INFO | Get-PWFolderSecurity retornou 14 item(ns).
2026-06-17 11:11:09 | INFO | Get-PWFolderTreeAccessObjects retornou 1 item(ns).
2026-06-17 11:11:09 | WARN | Cmdlet Get-PWProjectSecurity nao encontrado no ambiente. A leitura seguira apenas com FolderSecurity/TreeAccessObjects.
2026-06-17 11:11:09 | INFO | Total consolidado de acessos encontrados: 13
2026-06-17 11:11:09 | INFO | Projeto '02.14.01.03 - Ciclovias - km 17 - SP-326' carregado para arvore. Groups=11 | UserLists=1 | Outros=1
2026-06-17 11:11:09 | INFO | Iniciando leitura da seguranca do projeto '03.03.03  - Itápolis' (ID: 309761)
2026-06-17 11:11:10 | INFO | Get-PWFolderSecurity retornou 14 item(ns).
2026-06-17 11:11:10 | INFO | Get-PWFolderTreeAccessObjects retornou 1 item(ns).
2026-06-17 11:11:10 | WARN | Cmdlet Get-PWProjectSecurity nao encontrado no ambiente. A leitura seguira apenas com FolderSecurity/TreeAccessObjects.
2026-06-17 11:11:10 | INFO | Total consolidado de acessos encontrados: 13
2026-06-17 11:11:10 | INFO | Projeto '03.03.03 - Free Flow Itápolis - km 178 - SP-333' carregado para arvore. Groups=11 | UserLists=1 | Outros=1
2026-06-17 11:11:10 | INFO | Iniciando leitura da seguranca do projeto '03.03.03 - Colina' (ID: 368247)
2026-06-17 11:11:10 | INFO | Get-PWFolderSecurity retornou 14 item(ns).
2026-06-17 11:11:10 | INFO | Get-PWFolderTreeAccessObjects retornou 1 item(ns).
2026-06-17 11:11:10 | WARN | Cmdlet Get-PWProjectSecurity nao encontrado no ambiente. A leitura seguira apenas com FolderSecurity/TreeAccessObjects.
2026-06-17 11:11:10 | INFO | Total consolidado de acessos encontrados: 13
2026-06-17 11:11:10 | INFO | Projeto '03.03.03 - Free Flow Colina - km 407 - SP-326' carregado para arvore. Groups=11 | UserLists=1 | Outros=1
2026-06-17 11:11:10 | INFO | Iniciando leitura da seguranca do projeto '03.03.03 - Dobrada' (ID: 308937)
2026-06-17 11:11:11 | INFO | Get-PWFolderSecurity retornou 14 item(ns).
2026-06-17 11:11:11 | INFO | Get-PWFolderTreeAccessObjects retornou 1 item(ns).
2026-06-17 11:11:11 | WARN | Cmdlet Get-PWProjectSecurity nao encontrado no ambiente. A leitura seguira apenas com FolderSecurity/TreeAccessObjects.
2026-06-17 11:11:11 | INFO | Total consolidado de acessos encontrados: 13
2026-06-17 11:11:11 | INFO | Projeto '03.03.03 - Free Flow Dobrada - km 307 - SP-326' carregado para arvore. Groups=11 | UserLists=1 | Outros=1
2026-06-17 11:11:11 | INFO | Iniciando leitura da seguranca do projeto '03.03.03 - Free Flow' (ID: 419689)
2026-06-17 11:11:12 | INFO | Get-PWFolderSecurity retornou 14 item(ns).
2026-06-17 11:11:12 | INFO | Get-PWFolderTreeAccessObjects retornou 1 item(ns).
2026-06-17 11:11:12 | WARN | Cmdlet Get-PWProjectSecurity nao encontrado no ambiente. A leitura seguira apenas com FolderSecurity/TreeAccessObjects.
2026-06-17 11:11:12 | INFO | Total consolidado de acessos encontrados: 13
2026-06-17 11:11:12 | INFO | Projeto '03.03.03 - Free Flow Agulha - km 346 - SP-310' carregado para arvore. Groups=11 | UserLists=1 | Outros=1
2026-06-17 11:11:12 | INFO | Iniciando leitura da seguranca do projeto '03.03.03 - Free Flow - Ara' (ID: 419798)
2026-06-17 11:11:12 | INFO | Get-PWFolderSecurity retornou 14 item(ns).
2026-06-17 11:11:12 | INFO | Get-PWFolderTreeAccessObjects retornou 1 item(ns).
2026-06-17 11:11:12 | WARN | Cmdlet Get-PWProjectSecurity nao encontrado no ambiente. A leitura seguira apenas com FolderSecurity/TreeAccessObjects.
2026-06-17 11:11:12 | INFO | Total consolidado de acessos encontrados: 13
2026-06-17 11:11:12 | INFO | Projeto '03.03.03 - Free Flow Araraquara - km 282 - SP-310' carregado para arvore. Groups=11 | UserLists=1 | Outros=1
2026-06-17 11:11:12 | INFO | Iniciando leitura da seguranca do projeto '03.03.03 - Free Flow - cat' (ID: 419764)
2026-06-17 11:11:13 | INFO | Get-PWFolderSecurity retornou 14 item(ns).
2026-06-17 11:11:13 | INFO | Get-PWFolderTreeAccessObjects retornou 1 item(ns).
2026-06-17 11:11:13 | WARN | Cmdlet Get-PWProjectSecurity nao encontrado no ambiente. A leitura seguira apenas com FolderSecurity/TreeAccessObjects.
2026-06-17 11:11:13 | INFO | Total consolidado de acessos encontrados: 13
2026-06-17 11:11:13 | INFO | Projeto '03.03.03 - Free Flow Catiguá - km 398 - SP-310' carregado para arvore. Groups=11 | UserLists=1 | Outros=1
2026-06-17 11:11:13 | INFO | Iniciando leitura da seguranca do projeto '03.03.03 - Monte Alto' (ID: 368214)
2026-06-17 11:11:14 | INFO | Get-PWFolderSecurity retornou 14 item(ns).
2026-06-17 11:11:14 | INFO | Get-PWFolderTreeAccessObjects retornou 1 item(ns).
2026-06-17 11:11:14 | WARN | Cmdlet Get-PWProjectSecurity nao encontrado no ambiente. A leitura seguira apenas com FolderSecurity/TreeAccessObjects.
2026-06-17 11:11:14 | INFO | Total consolidado de acessos encontrados: 13
2026-06-17 11:11:14 | INFO | Projeto '03.03.03 - Free Flow Monte Alto - km 19 - SP-323' carregado para arvore. Groups=11 | UserLists=1 | Outros=1
2026-06-17 11:11:14 | INFO | Iniciando leitura da seguranca do projeto '03.03.03 - Piragi' (ID: 368280)
2026-06-17 11:11:14 | INFO | Get-PWFolderSecurity retornou 14 item(ns).
2026-06-17 11:11:14 | INFO | Get-PWFolderTreeAccessObjects retornou 1 item(ns).
2026-06-17 11:11:14 | WARN | Cmdlet Get-PWProjectSecurity nao encontrado no ambiente. A leitura seguira apenas com FolderSecurity/TreeAccessObjects.
2026-06-17 11:11:14 | INFO | Total consolidado de acessos encontrados: 13
2026-06-17 11:11:14 | INFO | Projeto '03.03.03 - Free Flow Piragi - km 184 - SP-351' carregado para arvore. Groups=11 | UserLists=1 | Outros=1
2026-06-17 11:11:14 | INFO | Iniciando leitura da seguranca do projeto '03.03.03 - Taiúva' (ID: 309349)
2026-06-17 11:11:15 | INFO | Get-PWFolderSecurity retornou 14 item(ns).
2026-06-17 11:11:15 | INFO | Get-PWFolderTreeAccessObjects retornou 1 item(ns).
2026-06-17 11:11:15 | WARN | Cmdlet Get-PWProjectSecurity nao encontrado no ambiente. A leitura seguira apenas com FolderSecurity/TreeAccessObjects.
2026-06-17 11:11:15 | INFO | Total consolidado de acessos encontrados: 13
2026-06-17 11:11:15 | INFO | Projeto '03.03.03 - Free Flow Taiúva - km 356 - SP-326' carregado para arvore. Groups=11 | UserLists=1 | Outros=1
2026-06-17 11:11:15 | INFO | Iniciando leitura da seguranca do projeto '03.03.03 Jaboticabal' (ID: 311038)
2026-06-17 11:11:16 | INFO | Get-PWFolderSecurity retornou 14 item(ns).
2026-06-17 11:11:16 | INFO | Get-PWFolderTreeAccessObjects retornou 1 item(ns).
2026-06-17 11:11:16 | WARN | Cmdlet Get-PWProjectSecurity nao encontrado no ambiente. A leitura seguira apenas com FolderSecurity/TreeAccessObjects.
2026-06-17 11:11:16 | INFO | Total consolidado de acessos encontrados: 13
2026-06-17 11:11:16 | INFO | Projeto '03.03.03 - Free Flow Jaboticabal - km 111 - SP-333' carregado para arvore. Groups=11 | UserLists=1 | Outros=1
2026-06-17 11:11:16 | INFO | Iniciando leitura da seguranca do projeto 'CCPP - Bebedouro' (ID: 303271)
2026-06-17 11:11:16 | INFO | Get-PWFolderSecurity retornou 14 item(ns).
2026-06-17 11:11:16 | INFO | Get-PWFolderTreeAccessObjects retornou 1 item(ns).
2026-06-17 11:11:16 | WARN | Cmdlet Get-PWProjectSecurity nao encontrado no ambiente. A leitura seguira apenas com FolderSecurity/TreeAccessObjects.
2026-06-17 11:11:16 | INFO | Total consolidado de acessos encontrados: 13
2026-06-17 11:11:16 | INFO | Projeto 'CCPP - Bebedouro - km 375+850 - SP-310' carregado para arvore. Groups=11 | UserLists=1 | Outros=1
2026-06-17 11:11:16 | INFO | Iniciando leitura da seguranca do projeto 'CCPP - Itápolis' (ID: 303682)
2026-06-17 11:11:17 | INFO | Get-PWFolderSecurity retornou 14 item(ns).
2026-06-17 11:11:17 | INFO | Get-PWFolderTreeAccessObjects retornou 1 item(ns).
2026-06-17 11:11:17 | WARN | Cmdlet Get-PWProjectSecurity nao encontrado no ambiente. A leitura seguira apenas com FolderSecurity/TreeAccessObjects.
2026-06-17 11:11:17 | INFO | Total consolidado de acessos encontrados: 13
2026-06-17 11:11:17 | INFO | Projeto 'CCPP - Itápolis - km 181+500 - SP-310' carregado para arvore. Groups=11 | UserLists=1 | Outros=1
2026-06-17 11:11:17 | INFO | Iniciando leitura da seguranca do projeto 'CCPP - Jaboticabal' (ID: 304097)
2026-06-17 11:11:17 | INFO | Get-PWFolderSecurity retornou 14 item(ns).
2026-06-17 11:11:18 | INFO | Get-PWFolderTreeAccessObjects retornou 1 item(ns).
2026-06-17 11:11:18 | WARN | Cmdlet Get-PWProjectSecurity nao encontrado no ambiente. A leitura seguira apenas com FolderSecurity/TreeAccessObjects.
2026-06-17 11:11:18 | INFO | Total consolidado de acessos encontrados: 13
2026-06-17 11:11:18 | INFO | Projeto 'CCPP - Jaboticabal - km 335+260 - SP-310' carregado para arvore. Groups=11 | UserLists=1 | Outros=1
2026-06-17 11:11:18 | INFO | Iniciando leitura da seguranca do projeto 'CCPP - São Carlos' (ID: 304508)
2026-06-17 11:11:18 | INFO | Get-PWFolderSecurity retornou 14 item(ns).
2026-06-17 11:11:18 | INFO | Get-PWFolderTreeAccessObjects retornou 1 item(ns).
2026-06-17 11:11:18 | WARN | Cmdlet Get-PWProjectSecurity nao encontrado no ambiente. A leitura seguira apenas com FolderSecurity/TreeAccessObjects.
2026-06-17 11:11:18 | INFO | Total consolidado de acessos encontrados: 13
2026-06-17 11:11:18 | INFO | Projeto 'CCPP - São Carlos - km 233+900 - SP-310' carregado para arvore. Groups=11 | UserLists=1 | Outros=1
2026-06-17 11:11:18 | INFO | Iniciando leitura da seguranca do projeto 'CCPP - São José' (ID: 304919)
2026-06-17 11:11:19 | INFO | Get-PWFolderSecurity retornou 14 item(ns).
2026-06-17 11:11:19 | INFO | Get-PWFolderTreeAccessObjects retornou 1 item(ns).
2026-06-17 11:11:19 | WARN | Cmdlet Get-PWProjectSecurity nao encontrado no ambiente. A leitura seguira apenas com FolderSecurity/TreeAccessObjects.
2026-06-17 11:11:19 | INFO | Total consolidado de acessos encontrados: 13
2026-06-17 11:11:19 | INFO | Projeto 'CCPP - São José - km 434+700 - SP-310' carregado para arvore. Groups=11 | UserLists=1 | Outros=1
2026-06-17 11:11:19 | INFO | Iniciando leitura da seguranca do projeto 'CCPP - Uchôa' (ID: 302857)
2026-06-17 11:11:19 | INFO | Get-PWFolderSecurity retornou 14 item(ns).
2026-06-17 11:11:19 | INFO | Get-PWFolderTreeAccessObjects retornou 1 item(ns).
2026-06-17 11:11:19 | WARN | Cmdlet Get-PWProjectSecurity nao encontrado no ambiente. A leitura seguira apenas com FolderSecurity/TreeAccessObjects.
2026-06-17 11:11:19 | INFO | Total consolidado de acessos encontrados: 13
2026-06-17 11:11:19 | INFO | Projeto 'CCPP -  Uchôa - km 415+200 - SP-310' carregado para arvore. Groups=11 | UserLists=1 | Outros=1
2026-06-17 11:11:19 | INFO | Iniciando leitura da seguranca do projeto 'HS-WIM - Km 250' (ID: 166594)
2026-06-17 11:11:20 | INFO | Get-PWFolderSecurity retornou 14 item(ns).
2026-06-17 11:11:20 | INFO | Get-PWFolderTreeAccessObjects retornou 1 item(ns).
2026-06-17 11:11:20 | WARN | Cmdlet Get-PWProjectSecurity nao encontrado no ambiente. A leitura seguira apenas com FolderSecurity/TreeAccessObjects.
2026-06-17 11:11:20 | INFO | Total consolidado de acessos encontrados: 13
2026-06-17 11:11:20 | INFO | Projeto 'HS-WIM 01 - km 250 - SP-310' carregado para arvore. Groups=11 | UserLists=1 | Outros=1
2026-06-17 11:11:20 | INFO | Iniciando leitura da seguranca do projeto 'HS-WIN - Km 263' (ID: 167005)
2026-06-17 11:11:21 | INFO | Get-PWFolderSecurity retornou 14 item(ns).
2026-06-17 11:11:21 | INFO | Get-PWFolderTreeAccessObjects retornou 1 item(ns).
2026-06-17 11:11:21 | WARN | Cmdlet Get-PWProjectSecurity nao encontrado no ambiente. A leitura seguira apenas com FolderSecurity/TreeAccessObjects.
2026-06-17 11:11:21 | INFO | Total consolidado de acessos encontrados: 13
2026-06-17 11:11:21 | INFO | Projeto 'HS-WIM 02 - km 264 - SP-310' carregado para arvore. Groups=11 | UserLists=1 | Outros=1
2026-06-17 11:11:21 | INFO | Iniciando leitura da seguranca do projeto 'HS-WIN - Km 373' (ID: 167827)
2026-06-17 11:11:21 | INFO | Get-PWFolderSecurity retornou 14 item(ns).
2026-06-17 11:11:21 | INFO | Get-PWFolderTreeAccessObjects retornou 1 item(ns).
2026-06-17 11:11:21 | WARN | Cmdlet Get-PWProjectSecurity nao encontrado no ambiente. A leitura seguira apenas com FolderSecurity/TreeAccessObjects.
2026-06-17 11:11:21 | INFO | Total consolidado de acessos encontrados: 13
2026-06-17 11:11:21 | INFO | Projeto 'HS-WIM 03 - km 373 - SP-326' carregado para arvore. Groups=11 | UserLists=1 | Outros=1
2026-06-17 11:11:21 | INFO | Iniciando leitura da seguranca do projeto 'HS-WIN - Km 388' (ID: 167416)
2026-06-17 11:11:22 | INFO | Get-PWFolderSecurity retornou 14 item(ns).
2026-06-17 11:11:22 | INFO | Get-PWFolderTreeAccessObjects retornou 1 item(ns).
2026-06-17 11:11:22 | WARN | Cmdlet Get-PWProjectSecurity nao encontrado no ambiente. A leitura seguira apenas com FolderSecurity/TreeAccessObjects.
2026-06-17 11:11:22 | INFO | Total consolidado de acessos encontrados: 13
2026-06-17 11:11:22 | INFO | Projeto 'HS-WIM 04 - km 388 - SP-310' carregado para arvore. Groups=11 | UserLists=1 | Outros=1
2026-06-17 11:11:22 | INFO | Iniciando leitura da seguranca do projeto 'NOP01 - Faixa Adicional SC' (ID: 396194)
2026-06-17 11:11:23 | INFO | Get-PWFolderSecurity retornou 14 item(ns).
2026-06-17 11:11:23 | INFO | Get-PWFolderTreeAccessObjects retornou 1 item(ns).
2026-06-17 11:11:23 | WARN | Cmdlet Get-PWProjectSecurity nao encontrado no ambiente. A leitura seguira apenas com FolderSecurity/TreeAccessObjects.
2026-06-17 11:11:23 | INFO | Total consolidado de acessos encontrados: 13
2026-06-17 11:11:23 | INFO | Projeto 'NOP01 - Faixa Adicional SC - km 227+800 - 231+320- SP-310' carregado para arvore. Groups=11 | UserLists=1 | Outros=1
2026-06-17 11:11:23 | INFO | Iniciando leitura da seguranca do projeto 'NOP02 - Faixa Adicional SC' (ID: 396217)
2026-06-17 11:11:23 | INFO | Get-PWFolderSecurity retornou 14 item(ns).
2026-06-17 11:11:23 | INFO | Get-PWFolderTreeAccessObjects retornou 1 item(ns).
2026-06-17 11:11:23 | WARN | Cmdlet Get-PWProjectSecurity nao encontrado no ambiente. A leitura seguira apenas com FolderSecurity/TreeAccessObjects.
2026-06-17 11:11:23 | INFO | Total consolidado de acessos encontrados: 13
2026-06-17 11:11:23 | INFO | Projeto 'NOP02 - Faixa Adicional SC - km 227+800 - 230+750 - SP-310' carregado para arvore. Groups=11 | UserLists=1 | Outros=1
2026-06-17 11:11:23 | INFO | Iniciando leitura da seguranca do projeto 'NOP03 - Dispositivo SC' (ID: 397080)
2026-06-17 11:11:24 | INFO | Get-PWFolderSecurity retornou 14 item(ns).
2026-06-17 11:11:24 | INFO | Get-PWFolderTreeAccessObjects retornou 1 item(ns).
2026-06-17 11:11:24 | WARN | Cmdlet Get-PWProjectSecurity nao encontrado no ambiente. A leitura seguira apenas com FolderSecurity/TreeAccessObjects.
2026-06-17 11:11:24 | INFO | Total consolidado de acessos encontrados: 13
2026-06-17 11:11:24 | INFO | Projeto 'NOP03 - Melhoria do Dispositivo SC - km 235+000 - SP-310' carregado para arvore. Groups=11 | UserLists=1 | Outros=1
2026-06-17 11:11:24 | INFO | Iniciando leitura da seguranca do projeto 'NOP04 - Dispositivo SC' (ID: 397103)
2026-06-17 11:11:24 | INFO | Get-PWFolderSecurity retornou 14 item(ns).
2026-06-17 11:11:25 | INFO | Get-PWFolderTreeAccessObjects retornou 1 item(ns).
2026-06-17 11:11:25 | WARN | Cmdlet Get-PWProjectSecurity nao encontrado no ambiente. A leitura seguira apenas com FolderSecurity/TreeAccessObjects.
2026-06-17 11:11:25 | INFO | Total consolidado de acessos encontrados: 13
2026-06-17 11:11:25 | INFO | Projeto 'NOP04 - Melhoria do Dispositivo SC - km 236+100 - SP-310' carregado para arvore. Groups=11 | UserLists=1 | Outros=1
2026-06-17 11:11:25 | INFO | Iniciando leitura da seguranca do projeto 'NOP05 - Dispositivo SC' (ID: 397126)
2026-06-17 11:11:25 | INFO | Get-PWFolderSecurity retornou 14 item(ns).
2026-06-17 11:11:25 | INFO | Get-PWFolderTreeAccessObjects retornou 1 item(ns).
2026-06-17 11:11:25 | WARN | Cmdlet Get-PWProjectSecurity nao encontrado no ambiente. A leitura seguira apenas com FolderSecurity/TreeAccessObjects.
2026-06-17 11:11:25 | INFO | Total consolidado de acessos encontrados: 13
2026-06-17 11:11:25 | INFO | Projeto 'NOP05 - Implantação de Dispositivo SC - km 238+200 - SP-310' carregado para arvore. Groups=11 | UserLists=1 | Outros=1
2026-06-17 11:11:25 | INFO | Iniciando leitura da seguranca do projeto 'NOP06 - Faixa Adicional SC' (ID: 396240)
2026-06-17 11:11:26 | INFO | Get-PWFolderSecurity retornou 14 item(ns).
2026-06-17 11:11:26 | INFO | Get-PWFolderTreeAccessObjects retornou 1 item(ns).
2026-06-17 11:11:26 | WARN | Cmdlet Get-PWProjectSecurity nao encontrado no ambiente. A leitura seguira apenas com FolderSecurity/TreeAccessObjects.
2026-06-17 11:11:26 | INFO | Total consolidado de acessos encontrados: 13
2026-06-17 11:11:26 | INFO | Projeto 'NOP06 - Faixa Adicional - km 238+524 - 240+370 - SP-310 Excluir' carregado para arvore. Groups=11 | UserLists=1 | Outros=1
2026-06-17 11:11:26 | INFO | Iniciando leitura da seguranca do projeto 'NOP07 - Dispositivo SC' (ID: 397149)
2026-06-17 11:11:27 | INFO | Get-PWFolderSecurity retornou 14 item(ns).
2026-06-17 11:11:27 | INFO | Get-PWFolderTreeAccessObjects retornou 1 item(ns).
2026-06-17 11:11:27 | WARN | Cmdlet Get-PWProjectSecurity nao encontrado no ambiente. A leitura seguira apenas com FolderSecurity/TreeAccessObjects.
2026-06-17 11:11:27 | INFO | Total consolidado de acessos encontrados: 13
2026-06-17 11:11:27 | INFO | Projeto 'NOP07 - Melhoria do Dispositivo SC - km 240+000 - SP-310' carregado para arvore. Groups=11 | UserLists=1 | Outros=1
2026-06-17 11:11:27 | INFO | Iniciando leitura da seguranca do projeto 'NOP11 - Dispositivo RP' (ID: 397172)
2026-06-17 11:11:27 | INFO | Get-PWFolderSecurity retornou 14 item(ns).
2026-06-17 11:11:27 | INFO | Get-PWFolderTreeAccessObjects retornou 1 item(ns).
2026-06-17 11:11:27 | WARN | Cmdlet Get-PWProjectSecurity nao encontrado no ambiente. A leitura seguira apenas com FolderSecurity/TreeAccessObjects.
2026-06-17 11:11:27 | INFO | Total consolidado de acessos encontrados: 13
2026-06-17 11:11:27 | INFO | Projeto 'NOP11 - Ampliação de Dispositivo SJRP - km 432+200 - SP-310' carregado para arvore. Groups=11 | UserLists=1 | Outros=1
2026-06-17 11:11:27 | INFO | Iniciando leitura da seguranca do projeto 'NOP12 - Faixa Adicional RP' (ID: 396286)
2026-06-17 11:11:28 | INFO | Get-PWFolderSecurity retornou 14 item(ns).
2026-06-17 11:11:28 | INFO | Get-PWFolderTreeAccessObjects retornou 1 item(ns).
2026-06-17 11:11:28 | WARN | Cmdlet Get-PWProjectSecurity nao encontrado no ambiente. A leitura seguira apenas com FolderSecurity/TreeAccessObjects.
2026-06-17 11:11:28 | INFO | Total consolidado de acessos encontrados: 13
2026-06-17 11:11:28 | INFO | Projeto 'NOP12 - Faixa Adicional SJRP- km 451+780 - 454+740 - SP-310' carregado para arvore. Groups=11 | UserLists=1 | Outros=1
2026-06-17 11:11:28 | INFO | Iniciando leitura da seguranca do projeto 'NOP13 - Viaduto MR' (ID: 396516)
2026-06-17 11:11:28 | INFO | Get-PWFolderSecurity retornou 14 item(ns).
2026-06-17 11:11:28 | INFO | Get-PWFolderTreeAccessObjects retornou 1 item(ns).
2026-06-17 11:11:28 | WARN | Cmdlet Get-PWProjectSecurity nao encontrado no ambiente. A leitura seguira apenas com FolderSecurity/TreeAccessObjects.
2026-06-17 11:11:28 | INFO | Total consolidado de acessos encontrados: 13
2026-06-17 11:11:28 | INFO | Projeto 'NOP13 - Implantação de Viaduto MR - km 448+000 - SP-310' carregado para arvore. Groups=11 | UserLists=1 | Outros=1
2026-06-17 11:11:28 | INFO | Iniciando leitura da seguranca do projeto 'NOP15 - Viaduto MR' (ID: 396539)
2026-06-17 11:11:29 | INFO | Get-PWFolderSecurity retornou 14 item(ns).
2026-06-17 11:11:29 | INFO | Get-PWFolderTreeAccessObjects retornou 1 item(ns).
2026-06-17 11:11:29 | WARN | Cmdlet Get-PWProjectSecurity nao encontrado no ambiente. A leitura seguira apenas com FolderSecurity/TreeAccessObjects.
2026-06-17 11:11:29 | INFO | Total consolidado de acessos encontrados: 13
2026-06-17 11:11:29 | INFO | Projeto 'NOP15 - Implantação de Viaduto MR - km 453+180 - SP-310' carregado para arvore. Groups=11 | UserLists=1 | Outros=1
2026-06-17 11:11:29 | INFO | Iniciando leitura da seguranca do projeto 'NOP16 - Interseção PP' (ID: 396585)
2026-06-17 11:11:30 | INFO | Get-PWFolderSecurity retornou 14 item(ns).
2026-06-17 11:11:30 | INFO | Get-PWFolderTreeAccessObjects retornou 1 item(ns).
2026-06-17 11:11:30 | WARN | Cmdlet Get-PWProjectSecurity nao encontrado no ambiente. A leitura seguira apenas com FolderSecurity/TreeAccessObjects.
2026-06-17 11:11:30 | INFO | Total consolidado de acessos encontrados: 13
2026-06-17 11:11:30 | INFO | Projeto 'NOP16 - Interseção PP' carregado para arvore. Groups=11 | UserLists=1 | Outros=1
2026-06-17 11:11:30 | INFO | Iniciando leitura da seguranca do projeto 'NOP17 - Marginais PP' (ID: 396608)
2026-06-17 11:11:30 | INFO | Get-PWFolderSecurity retornou 14 item(ns).
2026-06-17 11:11:31 | INFO | Get-PWFolderTreeAccessObjects retornou 1 item(ns).
2026-06-17 11:11:31 | WARN | Cmdlet Get-PWProjectSecurity nao encontrado no ambiente. A leitura seguira apenas com FolderSecurity/TreeAccessObjects.
2026-06-17 11:11:31 | INFO | Total consolidado de acessos encontrados: 13
2026-06-17 11:11:31 | INFO | Projeto 'NOP17 - Marginais PP' carregado para arvore. Groups=11 | UserLists=1 | Outros=1
2026-06-17 11:11:31 | INFO | Iniciando leitura da seguranca do projeto 'NOP18 - Dispositivo PP' (ID: 397195)
2026-06-17 11:11:31 | INFO | Get-PWFolderSecurity retornou 14 item(ns).
2026-06-17 11:11:31 | INFO | Get-PWFolderTreeAccessObjects retornou 1 item(ns).
2026-06-17 11:11:31 | WARN | Cmdlet Get-PWProjectSecurity nao encontrado no ambiente. A leitura seguira apenas com FolderSecurity/TreeAccessObjects.
2026-06-17 11:11:31 | INFO | Total consolidado de acessos encontrados: 13
2026-06-17 11:11:31 | INFO | Projeto 'NOP18 - Implantação de Dispositivo PP - km 203+210 - SP-351' carregado para arvore. Groups=11 | UserLists=1 | Outros=1
2026-06-17 11:11:31 | INFO | Iniciando leitura da seguranca do projeto 'NOP19 - Alça de Acesso JT' (ID: 396631)
2026-06-17 11:11:32 | INFO | Get-PWFolderSecurity retornou 14 item(ns).
2026-06-17 11:11:32 | INFO | Get-PWFolderTreeAccessObjects retornou 1 item(ns).
2026-06-17 11:11:32 | WARN | Cmdlet Get-PWProjectSecurity nao encontrado no ambiente. A leitura seguira apenas com FolderSecurity/TreeAccessObjects.
2026-06-17 11:11:32 | INFO | Total consolidado de acessos encontrados: 13
2026-06-17 11:11:32 | INFO | Projeto 'NOP19 - Alça de Acesso JT' carregado para arvore. Groups=11 | UserLists=1 | Outros=1
2026-06-17 11:11:32 | INFO | Iniciando leitura da seguranca do projeto 'NOP20 - Dispositivo JT' (ID: 397218)
2026-06-17 11:11:32 | INFO | Get-PWFolderSecurity retornou 14 item(ns).
2026-06-17 11:11:33 | INFO | Get-PWFolderTreeAccessObjects retornou 1 item(ns).
2026-06-17 11:11:33 | WARN | Cmdlet Get-PWProjectSecurity nao encontrado no ambiente. A leitura seguira apenas com FolderSecurity/TreeAccessObjects.
2026-06-17 11:11:33 | INFO | Total consolidado de acessos encontrados: 13
2026-06-17 11:11:33 | INFO | Projeto 'NOP20 - Melhoria do dispositivo JT - km 341+000 - SP-326' carregado para arvore. Groups=11 | UserLists=1 | Outros=1
2026-06-17 11:11:33 | INFO | Iniciando leitura da seguranca do projeto 'NOP21 - Implant de Acesso CO' (ID: 396654)
2026-06-17 11:11:33 | INFO | Get-PWFolderSecurity retornou 1 item(ns).
2026-06-17 11:11:33 | INFO | Get-PWFolderTreeAccessObjects retornou 0 item(ns).
2026-06-17 11:11:33 | WARN | Cmdlet Get-PWProjectSecurity nao encontrado no ambiente. A leitura seguira apenas com FolderSecurity/TreeAccessObjects.
2026-06-17 11:11:33 | INFO | Total consolidado de acessos encontrados: 
2026-06-17 11:11:33 | WARN | Projeto 'NOP21 - Implant de Acesso CO' retornou apenas 0 group(s) pela API. Tentando fallback por nome...
2026-06-17 11:11:40 | WARN | Fallback por nome encontrou 20 group(s) para projeto 'NOP21 - Implant de Acesso CO'. Apelidos usados: nop21 - implant de acesso co | nop21 implant de acesso co
2026-06-17 11:11:40 | WARN |     [GROUP INFERIDO] NP-NOP21 - Implant de Acesso CO-ASSISTENTE ENG
2026-06-17 11:11:40 | WARN |     [GROUP INFERIDO] NP-NOP21 - Implant de Acesso CO-CONSULTA TODAS REV
2026-06-17 11:11:40 | WARN |     [GROUP INFERIDO] NP-NOP21 - Implant de Acesso CO-CONSULTA ULTIMA REV
2026-06-17 11:11:40 | WARN |     [GROUP INFERIDO] NP-NOP21 - Implant de Acesso CO-ENG CONSULTA TODAS REV
2026-06-17 11:11:40 | WARN |     [GROUP INFERIDO] NP-NOP21 - Implant de Acesso CO-ENG CONSULTA ULTIMA REV
2026-06-17 11:11:40 | WARN |     [GROUP INFERIDO] NP-NOP21 - Implant de Acesso CO-ESPECIALISTA
2026-06-17 11:11:40 | WARN |     [GROUP INFERIDO] NP-NOP21 - Implant de Acesso CO-GESTOR ENG
2026-06-17 11:11:40 | WARN |     [GROUP INFERIDO] NP-NOP21 - Implant de Acesso CO-GESTOR UNIDADE
2026-06-17 11:11:40 | WARN |     [GROUP INFERIDO] NP-NOP21 - Implant de Acesso CO-PODER CONCEDENTE
2026-06-17 11:11:40 | WARN |     [GROUP INFERIDO] NP-NOP21 - Implant de Acesso CO-PROJETISTA
2026-06-17 11:11:40 | WARN |     [GROUP INFERIDO] NP-NOP21-Implant de Acesso CO-ASSISTENTE ENG
2026-06-17 11:11:40 | WARN |     [GROUP INFERIDO] NP-NOP21-Implant de Acesso CO-CONSULTA TODAS REV
2026-06-17 11:11:40 | WARN |     [GROUP INFERIDO] NP-NOP21-Implant de Acesso CO-CONSULTA ULTIMA REV
2026-06-17 11:11:40 | WARN |     [GROUP INFERIDO] NP-NOP21-Implant de Acesso CO-ENG CONSULTA TODAS REV
2026-06-17 11:11:40 | WARN |     [GROUP INFERIDO] NP-NOP21-Implant de Acesso CO-ENG CONSULTA ULTIMA REV
2026-06-17 11:11:40 | WARN |     [GROUP INFERIDO] NP-NOP21-Implant de Acesso CO-ESPECIALISTA
2026-06-17 11:11:40 | WARN |     [GROUP INFERIDO] NP-NOP21-Implant de Acesso CO-GESTOR ENG
2026-06-17 11:11:40 | WARN |     [GROUP INFERIDO] NP-NOP21-Implant de Acesso CO-GESTOR UNIDADE
2026-06-17 11:11:40 | WARN |     [GROUP INFERIDO] NP-NOP21-Implant de Acesso CO-PODER CONCEDENTE
2026-06-17 11:11:40 | WARN |     [GROUP INFERIDO] NP-NOP21-Implant de Acesso CO-PROJETISTA
2026-06-17 11:11:40 | INFO | Projeto 'NOP21 - Implant de Acesso CO' carregado para arvore. Groups=20 | UserLists=0 | Outros=1
2026-06-17 11:11:40 | INFO | Iniciando leitura da seguranca do projeto 'NOP21-Implant de Acesso CO' (ID: 418200)
2026-06-17 11:11:40 | INFO | Get-PWFolderSecurity retornou 14 item(ns).
2026-06-17 11:11:40 | INFO | Get-PWFolderTreeAccessObjects retornou 1 item(ns).
2026-06-17 11:11:40 | WARN | Cmdlet Get-PWProjectSecurity nao encontrado no ambiente. A leitura seguira apenas com FolderSecurity/TreeAccessObjects.
2026-06-17 11:11:40 | INFO | Total consolidado de acessos encontrados: 13
2026-06-17 11:11:40 | INFO | Projeto 'NOP21 - Implant de Acesso CO' carregado para arvore. Groups=11 | UserLists=1 | Outros=1
2026-06-17 11:11:40 | INFO | Iniciando leitura da seguranca do projeto 'NOP22 - Dispositivo BA' (ID: 397241)
2026-06-17 11:11:41 | INFO | Get-PWFolderSecurity retornou 14 item(ns).
2026-06-17 11:11:41 | INFO | Get-PWFolderTreeAccessObjects retornou 1 item(ns).
2026-06-17 11:11:41 | WARN | Cmdlet Get-PWProjectSecurity nao encontrado no ambiente. A leitura seguira apenas com FolderSecurity/TreeAccessObjects.
2026-06-17 11:11:41 | INFO | Total consolidado de acessos encontrados: 13
2026-06-17 11:11:41 | INFO | Projeto 'NOP22 - Adequação de Dispositivo BA - km 423+100 - SP-326' carregado para arvore. Groups=11 | UserLists=1 | Outros=1
2026-06-17 11:11:41 | INFO | Iniciando leitura da seguranca do projeto 'NOP23 - Implant de Acesso CA' (ID: 396677)
2026-06-17 11:11:41 | INFO | Get-PWFolderSecurity retornou 1 item(ns).
2026-06-17 11:11:41 | INFO | Get-PWFolderTreeAccessObjects retornou 0 item(ns).
2026-06-17 11:11:41 | WARN | Cmdlet Get-PWProjectSecurity nao encontrado no ambiente. A leitura seguira apenas com FolderSecurity/TreeAccessObjects.
2026-06-17 11:11:41 | INFO | Total consolidado de acessos encontrados: 
2026-06-17 11:11:41 | WARN | Projeto 'NOP21 - Implant de Acesso CA' retornou apenas 0 group(s) pela API. Tentando fallback por nome...
2026-06-17 11:11:52 | WARN | Fallback por nome encontrou 20 group(s) para projeto 'NOP21 - Implant de Acesso CA'. Apelidos usados: nop23 - implant de acesso ca | nop21 - implant de acesso ca | nop23 implant de acesso ca | nop21 implant de acesso ca
2026-06-17 11:11:52 | WARN |     [GROUP INFERIDO] NP-NOP23 - Implant de Acesso CA-ASSISTENTE ENG
2026-06-17 11:11:52 | WARN |     [GROUP INFERIDO] NP-NOP23 - Implant de Acesso CA-CONSULTA TODAS REV
2026-06-17 11:11:52 | WARN |     [GROUP INFERIDO] NP-NOP23 - Implant de Acesso CA-CONSULTA ULTIMA REV
2026-06-17 11:11:52 | WARN |     [GROUP INFERIDO] NP-NOP23 - Implant de Acesso CA-ENG CONSULTA TODAS REV
2026-06-17 11:11:52 | WARN |     [GROUP INFERIDO] NP-NOP23 - Implant de Acesso CA-ENG CONSULTA ULTIMA REV
2026-06-17 11:11:52 | WARN |     [GROUP INFERIDO] NP-NOP23 - Implant de Acesso CA-ESPECIALISTA
2026-06-17 11:11:52 | WARN |     [GROUP INFERIDO] NP-NOP23 - Implant de Acesso CA-GESTOR ENG
2026-06-17 11:11:52 | WARN |     [GROUP INFERIDO] NP-NOP23 - Implant de Acesso CA-GESTOR UNIDADE
2026-06-17 11:11:52 | WARN |     [GROUP INFERIDO] NP-NOP23 - Implant de Acesso CA-PODER CONCEDENTE
2026-06-17 11:11:52 | WARN |     [GROUP INFERIDO] NP-NOP23 - Implant de Acesso CA-PROJETISTA
2026-06-17 11:11:52 | WARN |     [GROUP INFERIDO] NP-NOP23-Implant de Acesso CA-ASSISTENTE ENG
2026-06-17 11:11:52 | WARN |     [GROUP INFERIDO] NP-NOP23-Implant de Acesso CA-CONSULTA TODAS REV
2026-06-17 11:11:52 | WARN |     [GROUP INFERIDO] NP-NOP23-Implant de Acesso CA-CONSULTA ULTIMA REV
2026-06-17 11:11:52 | WARN |     [GROUP INFERIDO] NP-NOP23-Implant de Acesso CA-ENG CONSULTA TODAS REV
2026-06-17 11:11:52 | WARN |     [GROUP INFERIDO] NP-NOP23-Implant de Acesso CA-ENG CONSULTA ULTIMA REV
2026-06-17 11:11:52 | WARN |     [GROUP INFERIDO] NP-NOP23-Implant de Acesso CA-ESPECIALISTA
2026-06-17 11:11:52 | WARN |     [GROUP INFERIDO] NP-NOP23-Implant de Acesso CA-GESTOR ENG
2026-06-17 11:11:52 | WARN |     [GROUP INFERIDO] NP-NOP23-Implant de Acesso CA-GESTOR UNIDADE
2026-06-17 11:11:52 | WARN |     [GROUP INFERIDO] NP-NOP23-Implant de Acesso CA-PODER CONCEDENTE
2026-06-17 11:11:52 | WARN |     [GROUP INFERIDO] NP-NOP23-Implant de Acesso CA-PROJETISTA
2026-06-17 11:11:52 | INFO | Projeto 'NOP21 - Implant de Acesso CA' carregado para arvore. Groups=20 | UserLists=0 | Outros=1
2026-06-17 11:11:52 | INFO | Iniciando leitura da seguranca do projeto 'NOP23-Implant de Acesso CA' (ID: 418627)
2026-06-17 11:11:53 | INFO | Get-PWFolderSecurity retornou 14 item(ns).
2026-06-17 11:11:53 | INFO | Get-PWFolderTreeAccessObjects retornou 1 item(ns).
2026-06-17 11:11:53 | WARN | Cmdlet Get-PWProjectSecurity nao encontrado no ambiente. A leitura seguira apenas com FolderSecurity/TreeAccessObjects.
2026-06-17 11:11:53 | INFO | Total consolidado de acessos encontrados: 13
2026-06-17 11:11:53 | INFO | Projeto 'NOP21 - Implant de Acesso CA' carregado para arvore. Groups=11 | UserLists=1 | Outros=1
2026-06-17 11:11:53 | INFO | Iniciando leitura da seguranca do projeto 'NOP24 - Viaduto CA' (ID: 396562)
2026-06-17 11:11:54 | INFO | Get-PWFolderSecurity retornou 14 item(ns).
2026-06-17 11:11:54 | INFO | Get-PWFolderTreeAccessObjects retornou 1 item(ns).
2026-06-17 11:11:54 | WARN | Cmdlet Get-PWProjectSecurity nao encontrado no ambiente. A leitura seguira apenas com FolderSecurity/TreeAccessObjects.
2026-06-17 11:11:54 | INFO | Total consolidado de acessos encontrados: 13
2026-06-17 11:11:54 | INFO | Projeto 'NOP24 - Implantação de Viaduto CA - km 217+245 - SP-351' carregado para arvore. Groups=11 | UserLists=1 | Outros=1
2026-06-17 11:11:54 | INFO | Iniciando leitura da seguranca do projeto 'NOP8910 - Faixa Adicional RP' (ID: 396263)
2026-06-17 11:11:54 | INFO | Get-PWFolderSecurity retornou 1 item(ns).
2026-06-17 11:11:54 | INFO | Get-PWFolderTreeAccessObjects retornou 0 item(ns).
2026-06-17 11:11:54 | WARN | Cmdlet Get-PWProjectSecurity nao encontrado no ambiente. A leitura seguira apenas com FolderSecurity/TreeAccessObjects.
2026-06-17 11:11:54 | INFO | Total consolidado de acessos encontrados: 
2026-06-17 11:11:54 | WARN | Projeto 'NOP8910 - Faixa Adicional SJRP - 425+000 - 432+900 - SP-310' retornou apenas 0 group(s) pela API. Tentando fallback por nome...
2026-06-17 11:12:09 | WARN | Fallback por nome encontrou 20 group(s) para projeto 'NOP8910 - Faixa Adicional SJRP - 425+000 - 432+900 - SP-310'. Apelidos usados: nop8910 - faixa adicional sjrp - 425+000 - 432+900 - sp-310 | nop8910 - faixa adicional sjrp - 425+000 - 432+900 | nop8910 - faixa adicional sjrp | nop8910 - faixa adicional rp | nop8910 faixa adicional sjrp | nop8910 faixa adicional rp
2026-06-17 11:12:09 | WARN |     [GROUP INFERIDO] NP-NOP8910 - Faixa Adicional RP-ASSISTENTE ENG
2026-06-17 11:12:09 | WARN |     [GROUP INFERIDO] NP-NOP8910 - Faixa Adicional RP-CONSULTA TODAS REV
2026-06-17 11:12:09 | WARN |     [GROUP INFERIDO] NP-NOP8910 - Faixa Adicional RP-CONSULTA ULTIMA REV
2026-06-17 11:12:09 | WARN |     [GROUP INFERIDO] NP-NOP8910 - Faixa Adicional RP-ENG CONSULTA TODAS REV
2026-06-17 11:12:09 | WARN |     [GROUP INFERIDO] NP-NOP8910 - Faixa Adicional RP-ENG CONSULTA ULTIMA REV
2026-06-17 11:12:09 | WARN |     [GROUP INFERIDO] NP-NOP8910 - Faixa Adicional RP-ESPECIALISTA
2026-06-17 11:12:09 | WARN |     [GROUP INFERIDO] NP-NOP8910 - Faixa Adicional RP-GESTOR ENG
2026-06-17 11:12:09 | WARN |     [GROUP INFERIDO] NP-NOP8910 - Faixa Adicional RP-GESTOR UNIDADE
2026-06-17 11:12:09 | WARN |     [GROUP INFERIDO] NP-NOP8910 - Faixa Adicional RP-PODER CONCEDENTE
2026-06-17 11:12:09 | WARN |     [GROUP INFERIDO] NP-NOP8910 - Faixa Adicional RP-PROJETISTA
2026-06-17 11:12:09 | WARN |     [GROUP INFERIDO] NP-NOP8910-Faixa Adicional RP-ASSISTENTE ENG
2026-06-17 11:12:09 | WARN |     [GROUP INFERIDO] NP-NOP8910-Faixa Adicional RP-CONSULTA TODAS REV
2026-06-17 11:12:09 | WARN |     [GROUP INFERIDO] NP-NOP8910-Faixa Adicional RP-CONSULTA ULTIMA REV
2026-06-17 11:12:09 | WARN |     [GROUP INFERIDO] NP-NOP8910-Faixa Adicional RP-ENG CONSULTA TODAS REV
2026-06-17 11:12:09 | WARN |     [GROUP INFERIDO] NP-NOP8910-Faixa Adicional RP-ENG CONSULTA ULTIMA REV
2026-06-17 11:12:09 | WARN |     [GROUP INFERIDO] NP-NOP8910-Faixa Adicional RP-ESPECIALISTA
2026-06-17 11:12:09 | WARN |     [GROUP INFERIDO] NP-NOP8910-Faixa Adicional RP-GESTOR ENG
2026-06-17 11:12:09 | WARN |     [GROUP INFERIDO] NP-NOP8910-Faixa Adicional RP-GESTOR UNIDADE
2026-06-17 11:12:09 | WARN |     [GROUP INFERIDO] NP-NOP8910-Faixa Adicional RP-PODER CONCEDENTE
2026-06-17 11:12:09 | WARN |     [GROUP INFERIDO] NP-NOP8910-Faixa Adicional RP-PROJETISTA
2026-06-17 11:12:09 | INFO | Projeto 'NOP8910 - Faixa Adicional SJRP - 425+000 - 432+900 - SP-310' carregado para arvore. Groups=20 | UserLists=0 | Outros=1
2026-06-17 11:12:09 | INFO | Iniciando leitura da seguranca do projeto 'NOP8910-Faixa Adicional RP' (ID: 419042)
2026-06-17 11:12:10 | INFO | Get-PWFolderSecurity retornou 14 item(ns).
2026-06-17 11:12:10 | INFO | Get-PWFolderTreeAccessObjects retornou 1 item(ns).
2026-06-17 11:12:10 | WARN | Cmdlet Get-PWProjectSecurity nao encontrado no ambiente. A leitura seguira apenas com FolderSecurity/TreeAccessObjects.
2026-06-17 11:12:10 | INFO | Total consolidado de acessos encontrados: 13
2026-06-17 11:12:10 | INFO | Projeto 'NOP8910 - Faixa Adicional SJRP - 425+000 - 432+900 - SP-310' carregado para arvore. Groups=11 | UserLists=1 | Outros=1
2026-06-17 11:12:10 | INFO | Iniciando leitura da seguranca do projeto 'Teste GIR' (ID: 362192)
2026-06-17 11:12:11 | INFO | Get-PWFolderSecurity retornou 14 item(ns).
2026-06-17 11:12:11 | INFO | Get-PWFolderTreeAccessObjects retornou 1 item(ns).
2026-06-17 11:12:11 | WARN | Cmdlet Get-PWProjectSecurity nao encontrado no ambiente. A leitura seguira apenas com FolderSecurity/TreeAccessObjects.
2026-06-17 11:12:11 | INFO | Total consolidado de acessos encontrados: 13
2026-06-17 11:12:11 | INFO | Projeto 'Teste GIR' carregado para arvore. Groups=11 | UserLists=1 | Outros=1
2026-06-17 11:15:12 | INFO | Resumo final da execução | Total=140 | Sucesso=140 | JaExiste=0 | Erro=0
2026-06-17 11:15:15 | INFO | Listando pastas da raiz por Root.
2026-06-17 11:15:23 | INFO | Listando filhos da pasta ID: 56
2026-06-17 11:16:33 | INFO | Listando filhos da pasta ID: 915
2026-06-17 11:16:33 | INFO | Listando filhos da pasta ID: 56667
2026-06-17 11:16:34 | INFO | Iniciando leitura da seguranca do projeto 'Acostamentos do SH8' (ID: 56668)
2026-06-17 11:16:34 | INFO | Get-PWFolderSecurity retornou 14 item(ns).
2026-06-17 11:16:34 | INFO | Get-PWFolderTreeAccessObjects retornou 1 item(ns).
2026-06-17 11:16:34 | WARN | Cmdlet Get-PWProjectSecurity nao encontrado no ambiente. A leitura seguira apenas com FolderSecurity/TreeAccessObjects.
2026-06-17 11:16:34 | INFO | Total consolidado de acessos encontrados: 13
2026-06-17 11:16:34 | INFO | Projeto 'Acostamentos do SH8 - km 002 - 043 - LMG-754' carregado para arvore. Groups=11 | UserLists=1 | Outros=1
2026-06-17 11:16:34 | INFO | Iniciando leitura da seguranca do projeto 'Contor. Montes Claros' (ID: 349667)
2026-06-17 11:16:35 | INFO | Get-PWFolderSecurity retornou 14 item(ns).
2026-06-17 11:16:35 | INFO | Get-PWFolderTreeAccessObjects retornou 1 item(ns).
2026-06-17 11:16:35 | WARN | Cmdlet Get-PWProjectSecurity nao encontrado no ambiente. A leitura seguira apenas com FolderSecurity/TreeAccessObjects.
2026-06-17 11:16:35 | INFO | Total consolidado de acessos encontrados: 13
2026-06-17 11:16:35 | INFO | Projeto 'Contorno de Montes Claros - Trecho D - (km á definir)' carregado para arvore. Groups=11 | UserLists=1 | Outros=1
2026-06-17 11:16:35 | INFO | Iniciando leitura da seguranca do projeto 'Faixas Adicionais SH 4' (ID: 354473)
2026-06-17 11:16:35 | INFO | Get-PWFolderSecurity retornou 14 item(ns).
2026-06-17 11:16:35 | INFO | Get-PWFolderTreeAccessObjects retornou 1 item(ns).
2026-06-17 11:16:35 | WARN | Cmdlet Get-PWProjectSecurity nao encontrado no ambiente. A leitura seguira apenas com FolderSecurity/TreeAccessObjects.
2026-06-17 11:16:35 | INFO | Total consolidado de acessos encontrados: 13
2026-06-17 11:16:35 | INFO | Projeto 'Faixas Adicionais SH 4 - km 473+870 - 473+310 - BR135/MG' carregado para arvore. Groups=11 | UserLists=1 | Outros=1
2026-06-17 11:16:35 | INFO | Iniciando leitura da seguranca do projeto 'Faixas Adicionais SH 5' (ID: 354509)
2026-06-17 11:16:36 | INFO | Get-PWFolderSecurity retornou 14 item(ns).
2026-06-17 11:16:36 | INFO | Get-PWFolderTreeAccessObjects retornou 1 item(ns).
2026-06-17 11:16:36 | WARN | Cmdlet Get-PWProjectSecurity nao encontrado no ambiente. A leitura seguira apenas com FolderSecurity/TreeAccessObjects.
2026-06-17 11:16:36 | INFO | Total consolidado de acessos encontrados: 13
2026-06-17 11:16:36 | INFO | Projeto 'Faixas Adicionais SH 5 - km 427+300 - 427+900 - BR135/MG' carregado para arvore. Groups=11 | UserLists=1 | Outros=1
2026-06-17 11:16:36 | INFO | Iniciando leitura da seguranca do projeto 'Retorno km 386' (ID: 172831)
2026-06-17 11:16:37 | INFO | Get-PWFolderSecurity retornou 14 item(ns).
2026-06-17 11:16:37 | INFO | Get-PWFolderTreeAccessObjects retornou 1 item(ns).
2026-06-17 11:16:37 | WARN | Cmdlet Get-PWProjectSecurity nao encontrado no ambiente. A leitura seguira apenas com FolderSecurity/TreeAccessObjects.
2026-06-17 11:16:37 | INFO | Total consolidado de acessos encontrados: 13
2026-06-17 11:16:37 | INFO | Projeto 'Retorno Operacional -  km 386+387 - BR135/MG' carregado para arvore. Groups=11 | UserLists=1 | Outros=1
2026-06-17 11:16:57 | ERROR | Erro ao confirmar selecoes. Detalhe: Nenhum group ou user list foi marcado na arvore.
2026-06-17 11:17:05 | INFO | Resumo final da execução | Total=5 | Sucesso=5 | JaExiste=0 | Erro=0
2026-06-17 11:17:17 | INFO | Listando pastas da raiz por Root.
2026-06-17 11:17:17 | INFO | Listando filhos da pasta ID: 56
2026-06-17 11:17:22 | INFO | Listando filhos da pasta ID: 28913
2026-06-17 11:17:23 | INFO | Listando filhos da pasta ID: 30100
2026-06-17 11:17:27 | INFO | Iniciando leitura da seguranca do projeto '01.01.02-Dupli-Cotia-Embu' (ID: 397906)
2026-06-17 11:17:28 | INFO | Get-PWFolderSecurity retornou 14 item(ns).
2026-06-17 11:17:28 | INFO | Get-PWFolderTreeAccessObjects retornou 1 item(ns).
2026-06-17 11:17:28 | WARN | Cmdlet Get-PWProjectSecurity nao encontrado no ambiente. A leitura seguira apenas com FolderSecurity/TreeAccessObjects.
2026-06-17 11:17:28 | INFO | Total consolidado de acessos encontrados: 13
2026-06-17 11:17:28 | INFO | Projeto '01.01.02 - Duplicação - Cotia-Embu' carregado para arvore. Groups=11 | UserLists=1 | Outros=1
2026-06-17 11:17:28 | INFO | Iniciando leitura da seguranca do projeto '02.02.02.01 BSO 1' (ID: 311855)
2026-06-17 11:17:28 | INFO | Get-PWFolderSecurity retornou 14 item(ns).
2026-06-17 11:17:28 | INFO | Get-PWFolderTreeAccessObjects retornou 1 item(ns).
2026-06-17 11:17:28 | WARN | Cmdlet Get-PWProjectSecurity nao encontrado no ambiente. A leitura seguira apenas com FolderSecurity/TreeAccessObjects.
2026-06-17 11:17:28 | INFO | Total consolidado de acessos encontrados: 13
2026-06-17 11:17:28 | INFO | Projeto '02.02.02.01 - BSO 1 - km 39,5 - SP-280 - Leste' carregado para arvore. Groups=11 | UserLists=1 | Outros=1
2026-06-17 11:17:28 | INFO | Iniciando leitura da seguranca do projeto '02.02.02.02 BSO 2' (ID: 312266)
2026-06-17 11:17:29 | INFO | Get-PWFolderSecurity retornou 16 item(ns).
2026-06-17 11:17:29 | INFO | Get-PWFolderTreeAccessObjects retornou 1 item(ns).
2026-06-17 11:17:29 | WARN | Cmdlet Get-PWProjectSecurity nao encontrado no ambiente. A leitura seguira apenas com FolderSecurity/TreeAccessObjects.
2026-06-17 11:17:29 | INFO | Total consolidado de acessos encontrados: 14
2026-06-17 11:17:29 | INFO | Projeto '02.02.02.02 - BSO 2 - km 17,000 - SP-270 - Oeste' carregado para arvore. Groups=11 | UserLists=1 | Outros=2
2026-06-17 11:17:29 | INFO | Iniciando leitura da seguranca do projeto '02.02.02.03 BSO 3' (ID: 312677)
2026-06-17 11:17:30 | INFO | Get-PWFolderSecurity retornou 16 item(ns).
2026-06-17 11:17:30 | INFO | Get-PWFolderTreeAccessObjects retornou 1 item(ns).
2026-06-17 11:17:30 | WARN | Cmdlet Get-PWProjectSecurity nao encontrado no ambiente. A leitura seguira apenas com FolderSecurity/TreeAccessObjects.
2026-06-17 11:17:30 | INFO | Total consolidado de acessos encontrados: 15
2026-06-17 11:17:30 | INFO | Projeto '02.02.02.03 - BSO 3 - km 27,3 - SP-270 - Leste' carregado para arvore. Groups=12 | UserLists=1 | Outros=2
2026-06-17 11:17:30 | INFO | Iniciando leitura da seguranca do projeto '02.02.02.04 BSO 4' (ID: 313088)
2026-06-17 11:17:30 | INFO | Get-PWFolderSecurity retornou 14 item(ns).
2026-06-17 11:17:30 | INFO | Get-PWFolderTreeAccessObjects retornou 1 item(ns).
2026-06-17 11:17:30 | WARN | Cmdlet Get-PWProjectSecurity nao encontrado no ambiente. A leitura seguira apenas com FolderSecurity/TreeAccessObjects.
2026-06-17 11:17:30 | INFO | Total consolidado de acessos encontrados: 13
2026-06-17 11:17:30 | INFO | Projeto '02.02.02.04 - BSO 4 - km 27,8 - SP-280 - Leste' carregado para arvore. Groups=11 | UserLists=1 | Outros=1
2026-06-17 11:17:30 | INFO | Iniciando leitura da seguranca do projeto '02.02.02.05 BSO 5' (ID: 313499)
2026-06-17 11:17:31 | INFO | Get-PWFolderSecurity retornou 17 item(ns).
2026-06-17 11:17:31 | INFO | Get-PWFolderTreeAccessObjects retornou 1 item(ns).
2026-06-17 11:17:31 | WARN | Cmdlet Get-PWProjectSecurity nao encontrado no ambiente. A leitura seguira apenas com FolderSecurity/TreeAccessObjects.
2026-06-17 11:17:31 | INFO | Total consolidado de acessos encontrados: 15
2026-06-17 11:17:31 | INFO | Projeto '02.02.02.05 - BSO 5 - (Localização á definir) - SP-280' carregado para arvore. Groups=11 | UserLists=2 | Outros=2
2026-06-17 11:17:31 | INFO | Iniciando leitura da seguranca do projeto '02.02.03 - PPD 1' (ID: 327363)
2026-06-17 11:17:32 | INFO | Get-PWFolderSecurity retornou 14 item(ns).
2026-06-17 11:17:32 | INFO | Get-PWFolderTreeAccessObjects retornou 1 item(ns).
2026-06-17 11:17:32 | WARN | Cmdlet Get-PWProjectSecurity nao encontrado no ambiente. A leitura seguira apenas com FolderSecurity/TreeAccessObjects.
2026-06-17 11:17:32 | INFO | Total consolidado de acessos encontrados: 13
2026-06-17 11:17:32 | INFO | Projeto '02.02.03 - PPD 1 - km 20 - SP-280 - Leste' carregado para arvore. Groups=11 | UserLists=1 | Outros=1
2026-06-17 11:17:32 | INFO | Iniciando leitura da seguranca do projeto '02.02.03 - PPD 2' (ID: 327774)
2026-06-17 11:17:34 | INFO | Get-PWFolderSecurity retornou 14 item(ns).
2026-06-17 11:17:34 | INFO | Get-PWFolderTreeAccessObjects retornou 1 item(ns).
2026-06-17 11:17:34 | WARN | Cmdlet Get-PWProjectSecurity nao encontrado no ambiente. A leitura seguira apenas com FolderSecurity/TreeAccessObjects.
2026-06-17 11:17:34 | INFO | Total consolidado de acessos encontrados: 13
2026-06-17 11:17:34 | INFO | Projeto '02.02.03 - PPD 2 - km 33 - SP-280 - Oeste' carregado para arvore. Groups=11 | UserLists=1 | Outros=1
2026-06-17 11:17:34 | INFO | Iniciando leitura da seguranca do projeto '02.02.04 - PMRv' (ID: 328185)
2026-06-17 11:17:35 | INFO | Get-PWFolderSecurity retornou 14 item(ns).
2026-06-17 11:17:35 | INFO | Get-PWFolderTreeAccessObjects retornou 1 item(ns).
2026-06-17 11:17:35 | WARN | Cmdlet Get-PWProjectSecurity nao encontrado no ambiente. A leitura seguira apenas com FolderSecurity/TreeAccessObjects.
2026-06-17 11:17:35 | INFO | Total consolidado de acessos encontrados: 13
2026-06-17 11:17:35 | INFO | Projeto '02.02.04 - PMRV - Araçariguama - SP-280' carregado para arvore. Groups=11 | UserLists=1 | Outros=1
2026-06-17 11:17:35 | INFO | Iniciando leitura da seguranca do projeto '02.05.19 - Dispositivo' (ID: 397749)
2026-06-17 11:17:36 | INFO | Get-PWFolderSecurity retornou 14 item(ns).
2026-06-17 11:17:36 | INFO | Get-PWFolderTreeAccessObjects retornou 1 item(ns).
2026-06-17 11:17:36 | WARN | Cmdlet Get-PWProjectSecurity nao encontrado no ambiente. A leitura seguira apenas com FolderSecurity/TreeAccessObjects.
2026-06-17 11:17:36 | INFO | Total consolidado de acessos encontrados: 13
2026-06-17 11:17:36 | INFO | Projeto '02.05.19 - Dispositivo de Conexão - BR-116' carregado para arvore. Groups=11 | UserLists=1 | Outros=1
2026-06-17 11:17:36 | INFO | Iniciando leitura da seguranca do projeto '02.05.22 - Alça' (ID: 394768)
2026-06-17 11:17:37 | INFO | Get-PWFolderSecurity retornou 14 item(ns).
2026-06-17 11:17:37 | INFO | Get-PWFolderTreeAccessObjects retornou 1 item(ns).
2026-06-17 11:17:37 | WARN | Cmdlet Get-PWProjectSecurity nao encontrado no ambiente. A leitura seguira apenas com FolderSecurity/TreeAccessObjects.
2026-06-17 11:17:37 | INFO | Total consolidado de acessos encontrados: 13
2026-06-17 11:17:37 | INFO | Projeto '02.05.22 - Alça - km 22,20 - SP-280' carregado para arvore. Groups=11 | UserLists=1 | Outros=1
2026-06-17 11:17:37 | INFO | Iniciando leitura da seguranca do projeto '02.05.23 - Diamante' (ID: 394559)
2026-06-17 11:17:38 | INFO | Get-PWFolderSecurity retornou 15 item(ns).
2026-06-17 11:17:38 | INFO | Get-PWFolderTreeAccessObjects retornou 1 item(ns).
2026-06-17 11:17:38 | WARN | Cmdlet Get-PWProjectSecurity nao encontrado no ambiente. A leitura seguira apenas com FolderSecurity/TreeAccessObjects.
2026-06-17 11:17:38 | INFO | Total consolidado de acessos encontrados: 13
2026-06-17 11:17:38 | INFO | Projeto '02.05.23 - Diamante - km 36,00 SP-280' carregado para arvore. Groups=11 | UserLists=1 | Outros=1
2026-06-17 11:17:38 | INFO | Iniciando leitura da seguranca do projeto '02.05.24 - Trombeta' (ID: 394721)
2026-06-17 11:17:39 | INFO | Get-PWFolderSecurity retornou 14 item(ns).
2026-06-17 11:17:39 | INFO | Get-PWFolderTreeAccessObjects retornou 1 item(ns).
2026-06-17 11:17:39 | WARN | Cmdlet Get-PWProjectSecurity nao encontrado no ambiente. A leitura seguira apenas com FolderSecurity/TreeAccessObjects.
2026-06-17 11:17:39 | INFO | Total consolidado de acessos encontrados: 13
2026-06-17 11:17:39 | INFO | Projeto '02.05.24 - Trombeta - km 46,62 - SP-280' carregado para arvore. Groups=11 | UserLists=1 | Outros=1
2026-06-17 11:17:39 | INFO | Iniciando leitura da seguranca do projeto '02.05.26 - Alça' (ID: 397701)
2026-06-17 11:17:39 | INFO | Get-PWFolderSecurity retornou 14 item(ns).
2026-06-17 11:17:39 | INFO | Get-PWFolderTreeAccessObjects retornou 1 item(ns).
2026-06-17 11:17:39 | WARN | Cmdlet Get-PWProjectSecurity nao encontrado no ambiente. A leitura seguira apenas com FolderSecurity/TreeAccessObjects.
2026-06-17 11:17:39 | INFO | Total consolidado de acessos encontrados: 13
2026-06-17 11:17:39 | INFO | Projeto '02.05.26 - Alça - km 22,80 - SP-280' carregado para arvore. Groups=11 | UserLists=1 | Outros=1
2026-06-17 11:17:39 | INFO | Iniciando leitura da seguranca do projeto '02.06.11-  Marginal' (ID: 394745)
2026-06-17 11:17:40 | INFO | Get-PWFolderSecurity retornou 14 item(ns).
2026-06-17 11:17:40 | INFO | Get-PWFolderTreeAccessObjects retornou 1 item(ns).
2026-06-17 11:17:40 | WARN | Cmdlet Get-PWProjectSecurity nao encontrado no ambiente. A leitura seguira apenas com FolderSecurity/TreeAccessObjects.
2026-06-17 11:17:40 | INFO | Total consolidado de acessos encontrados: 13
2026-06-17 11:17:40 | INFO | Projeto '02.06.11-  Marginal Decrescente - km 30,74 +31,23 - SP-280' carregado para arvore. Groups=11 | UserLists=1 | Outros=1
2026-06-17 11:17:40 | INFO | Iniciando leitura da seguranca do projeto '02.09.19 - Pontos' (ID: 397772)
2026-06-17 11:17:40 | INFO | Get-PWFolderSecurity retornou 14 item(ns).
2026-06-17 11:17:40 | INFO | Get-PWFolderTreeAccessObjects retornou 1 item(ns).
2026-06-17 11:17:40 | WARN | Cmdlet Get-PWProjectSecurity nao encontrado no ambiente. A leitura seguira apenas com FolderSecurity/TreeAccessObjects.
2026-06-17 11:17:40 | INFO | Total consolidado de acessos encontrados: 13
2026-06-17 11:17:40 | INFO | Projeto '02.09.19 - Pontos de Ônibus Cotia-Embu - km 0 + 16,5' carregado para arvore. Groups=11 | UserLists=1 | Outros=1
2026-06-17 11:17:40 | INFO | Iniciando leitura da seguranca do projeto '02.10.19 - Acesso' (ID: 397796)
2026-06-17 11:17:41 | INFO | Get-PWFolderSecurity retornou 14 item(ns).
2026-06-17 11:17:41 | INFO | Get-PWFolderTreeAccessObjects retornou 1 item(ns).
2026-06-17 11:17:41 | WARN | Cmdlet Get-PWProjectSecurity nao encontrado no ambiente. A leitura seguira apenas com FolderSecurity/TreeAccessObjects.
2026-06-17 11:17:41 | INFO | Total consolidado de acessos encontrados: 13
2026-06-17 11:17:41 | INFO | Projeto '02.10.19 - Acesso Cotia-Embu - km 0 + 16,5' carregado para arvore. Groups=11 | UserLists=1 | Outros=1
2026-06-17 11:17:41 | INFO | Iniciando leitura da seguranca do projeto '02.11.01.15 - OAE' (ID: 397034)
2026-06-17 11:17:42 | INFO | Get-PWFolderSecurity retornou 14 item(ns).
2026-06-17 11:17:42 | INFO | Get-PWFolderTreeAccessObjects retornou 1 item(ns).
2026-06-17 11:17:42 | WARN | Cmdlet Get-PWProjectSecurity nao encontrado no ambiente. A leitura seguira apenas com FolderSecurity/TreeAccessObjects.
2026-06-17 11:17:42 | INFO | Total consolidado de acessos encontrados: 13
2026-06-17 11:17:42 | INFO | Projeto '02.11.01.15 - OAE - km 22,2 - SP-280' carregado para arvore. Groups=11 | UserLists=1 | Outros=1
2026-06-17 11:17:42 | INFO | Iniciando leitura da seguranca do projeto '02.11.01.17 - OAE' (ID: 397057)
2026-06-17 11:17:42 | INFO | Get-PWFolderSecurity retornou 14 item(ns).
2026-06-17 11:17:42 | INFO | Get-PWFolderTreeAccessObjects retornou 1 item(ns).
2026-06-17 11:17:42 | WARN | Cmdlet Get-PWProjectSecurity nao encontrado no ambiente. A leitura seguira apenas com FolderSecurity/TreeAccessObjects.
2026-06-17 11:17:42 | INFO | Total consolidado de acessos encontrados: 13
2026-06-17 11:17:42 | INFO | Projeto '02.11.01.17 - OAE - km 22,2 - SP-280' carregado para arvore. Groups=11 | UserLists=1 | Outros=1
2026-06-17 11:17:42 | INFO | Iniciando leitura da seguranca do projeto '02.11.01.31 - OAE' (ID: 397819)
2026-06-17 11:17:43 | INFO | Get-PWFolderSecurity retornou 14 item(ns).
2026-06-17 11:17:43 | INFO | Get-PWFolderTreeAccessObjects retornou 1 item(ns).
2026-06-17 11:17:43 | WARN | Cmdlet Get-PWProjectSecurity nao encontrado no ambiente. A leitura seguira apenas com FolderSecurity/TreeAccessObjects.
2026-06-17 11:17:43 | INFO | Total consolidado de acessos encontrados: 13
2026-06-17 11:17:43 | INFO | Projeto '02.11.01.31 - OAE - Cotia-Embu - km 0' carregado para arvore. Groups=11 | UserLists=1 | Outros=1
2026-06-17 11:17:43 | INFO | Iniciando leitura da seguranca do projeto '02.13.01-Faixa Adic Carapi' (ID: 397842)
2026-06-17 11:17:44 | INFO | Get-PWFolderSecurity retornou 14 item(ns).
2026-06-17 11:17:44 | INFO | Get-PWFolderTreeAccessObjects retornou 1 item(ns).
2026-06-17 11:17:44 | WARN | Cmdlet Get-PWProjectSecurity nao encontrado no ambiente. A leitura seguira apenas com FolderSecurity/TreeAccessObjects.
2026-06-17 11:17:44 | INFO | Total consolidado de acessos encontrados: 13
2026-06-17 11:17:44 | INFO | Projeto '02.13.01 - Faixa Adic Ponte Rio Tietê Carapicuiba' carregado para arvore. Groups=11 | UserLists=1 | Outros=1
2026-06-17 11:17:44 | INFO | Iniciando leitura da seguranca do projeto '03.11 - HS-WIM 1' (ID: 328597)
2026-06-17 11:17:44 | INFO | Get-PWFolderSecurity retornou 14 item(ns).
2026-06-17 11:17:44 | INFO | Get-PWFolderTreeAccessObjects retornou 1 item(ns).
2026-06-17 11:17:44 | WARN | Cmdlet Get-PWProjectSecurity nao encontrado no ambiente. A leitura seguira apenas com FolderSecurity/TreeAccessObjects.
2026-06-17 11:17:44 | INFO | Total consolidado de acessos encontrados: 13
2026-06-17 11:17:44 | INFO | Projeto '03.11 - HS-WIM 1 - km 20 - SP-280' carregado para arvore. Groups=11 | UserLists=1 | Outros=1
2026-06-17 11:17:44 | INFO | Iniciando leitura da seguranca do projeto '03.11 - HS-WIM 2' (ID: 329008)
2026-06-17 11:17:45 | INFO | Get-PWFolderSecurity retornou 14 item(ns).
2026-06-17 11:17:45 | INFO | Get-PWFolderTreeAccessObjects retornou 1 item(ns).
2026-06-17 11:17:45 | WARN | Cmdlet Get-PWProjectSecurity nao encontrado no ambiente. A leitura seguira apenas com FolderSecurity/TreeAccessObjects.
2026-06-17 11:17:45 | INFO | Total consolidado de acessos encontrados: 13
2026-06-17 11:17:45 | INFO | Projeto '03.11 - HS-WIM 2 - (Localização á definir) - SP-280' carregado para arvore. Groups=11 | UserLists=1 | Outros=1
2026-06-17 11:17:45 | INFO | Iniciando leitura da seguranca do projeto '03.11 - HS-WIM 3' (ID: 329419)
2026-06-17 11:17:45 | INFO | Get-PWFolderSecurity retornou 14 item(ns).
2026-06-17 11:17:45 | INFO | Get-PWFolderTreeAccessObjects retornou 1 item(ns).
2026-06-17 11:17:46 | WARN | Cmdlet Get-PWProjectSecurity nao encontrado no ambiente. A leitura seguira apenas com FolderSecurity/TreeAccessObjects.
2026-06-17 11:17:46 | INFO | Total consolidado de acessos encontrados: 13
2026-06-17 11:17:46 | INFO | Projeto '03.11 - HS-WIM 3 - (Localização á definir) - SP-280' carregado para arvore. Groups=11 | UserLists=1 | Outros=1
2026-06-17 11:17:46 | INFO | Iniciando leitura da seguranca do projeto 'Projeto Conceitual' (ID: 299566)
2026-06-17 11:17:46 | INFO | Get-PWFolderSecurity retornou 14 item(ns).
2026-06-17 11:17:46 | INFO | Get-PWFolderTreeAccessObjects retornou 1 item(ns).
2026-06-17 11:17:46 | WARN | Cmdlet Get-PWProjectSecurity nao encontrado no ambiente. A leitura seguira apenas com FolderSecurity/TreeAccessObjects.
2026-06-17 11:17:46 | INFO | Total consolidado de acessos encontrados: 13
2026-06-17 11:17:46 | INFO | Projeto 'Projeto Conceitual - Raposo Tavares/ Nova Ligação Embu' carregado para arvore. Groups=11 | UserLists=1 | Outros=1
2026-06-17 11:18:35 | INFO | Resumo final da execução | Total=26 | Sucesso=25 | JaExiste=1 | Erro=0
2026-06-17 11:18:38 | INFO | Listando pastas da raiz por Root.
2026-06-17 11:18:38 | INFO | Listando filhos da pasta ID: 56
2026-06-17 11:18:42 | INFO | Listando filhos da pasta ID: 1101
2026-06-17 11:18:43 | INFO | Listando filhos da pasta ID: 1118
2026-06-17 11:18:49 | INFO | Iniciando leitura da seguranca do projeto 'Ampliações 4° Ano Linha' (ID: 410315)
2026-06-17 11:18:50 | INFO | Get-PWFolderSecurity retornou 14 item(ns).
2026-06-17 11:18:50 | INFO | Get-PWFolderTreeAccessObjects retornou 1 item(ns).
2026-06-17 11:18:50 | WARN | Cmdlet Get-PWProjectSecurity nao encontrado no ambiente. A leitura seguira apenas com FolderSecurity/TreeAccessObjects.
2026-06-17 11:18:50 | INFO | Total consolidado de acessos encontrados: 13
2026-06-17 11:18:50 | INFO | Projeto 'Ampliações 4° Ano - Lote 19 - Linha Férrea - km 189+640 - BR116/RJ' carregado para arvore. Groups=11 | UserLists=1 | Outros=1
2026-06-17 11:18:50 | INFO | Iniciando leitura da seguranca do projeto 'Ampliações 4° Ano SH 01' (ID: 410130)
2026-06-17 11:18:51 | INFO | Get-PWFolderSecurity retornou 14 item(ns).
2026-06-17 11:18:51 | INFO | Get-PWFolderTreeAccessObjects retornou 1 item(ns).
2026-06-17 11:18:51 | WARN | Cmdlet Get-PWProjectSecurity nao encontrado no ambiente. A leitura seguira apenas com FolderSecurity/TreeAccessObjects.
2026-06-17 11:18:51 | INFO | Total consolidado de acessos encontrados: 13
2026-06-17 11:18:51 | INFO | Projeto 'Ampliações 4° Ano SH 01 - km 408,580 + 412,830 - BR116/MG' carregado para arvore. Groups=11 | UserLists=1 | Outros=1
2026-06-17 11:18:51 | INFO | Iniciando leitura da seguranca do projeto 'Ampliações 4° Ano SH 01-Pref' (ID: 410167)
2026-06-17 11:18:51 | INFO | Get-PWFolderSecurity retornou 14 item(ns).
2026-06-17 11:18:51 | INFO | Get-PWFolderTreeAccessObjects retornou 1 item(ns).
2026-06-17 11:18:51 | WARN | Cmdlet Get-PWProjectSecurity nao encontrado no ambiente. A leitura seguira apenas com FolderSecurity/TreeAccessObjects.
2026-06-17 11:18:51 | INFO | Total consolidado de acessos encontrados: 13
2026-06-17 11:18:51 | INFO | Projeto 'Ampliações 4° Ano SH 01 - Prefeitura - km 408,580 + 412,830 - BR116/MG' carregado para arvore. Groups=11 | UserLists=1 | Outros=1
2026-06-17 11:18:51 | INFO | Iniciando leitura da seguranca do projeto 'Ampliações 4° Ano SH 02' (ID: 410204)
2026-06-17 11:18:52 | INFO | Get-PWFolderSecurity retornou 14 item(ns).
2026-06-17 11:18:52 | INFO | Get-PWFolderTreeAccessObjects retornou 1 item(ns).
2026-06-17 11:18:52 | WARN | Cmdlet Get-PWProjectSecurity nao encontrado no ambiente. A leitura seguira apenas com FolderSecurity/TreeAccessObjects.
2026-06-17 11:18:52 | INFO | Total consolidado de acessos encontrados: 13
2026-06-17 11:18:52 | INFO | Projeto 'Ampliações 4° Ano SH 02 - km 412,830 + 421,170 - BR116/MG' carregado para arvore. Groups=11 | UserLists=1 | Outros=1
2026-06-17 11:18:52 | INFO | Iniciando leitura da seguranca do projeto 'Ampliações 4° Ano SH 38' (ID: 141260)
2026-06-17 11:18:52 | INFO | Get-PWFolderSecurity retornou 14 item(ns).
2026-06-17 11:18:53 | INFO | Get-PWFolderTreeAccessObjects retornou 1 item(ns).
2026-06-17 11:18:53 | WARN | Cmdlet Get-PWProjectSecurity nao encontrado no ambiente. A leitura seguira apenas com FolderSecurity/TreeAccessObjects.
2026-06-17 11:18:53 | INFO | Total consolidado de acessos encontrados: 13
2026-06-17 11:18:53 | INFO | Projeto 'Ampliações 4° Ano SH 38 - km 0,000 + 15,480 - BR493/RJ' carregado para arvore. Groups=11 | UserLists=1 | Outros=1
2026-06-17 11:18:53 | INFO | Iniciando leitura da seguranca do projeto 'Ampliações 4° Ano SH 39' (ID: 142041)
2026-06-17 11:18:53 | INFO | Get-PWFolderSecurity retornou 14 item(ns).
2026-06-17 11:18:53 | INFO | Get-PWFolderTreeAccessObjects retornou 1 item(ns).
2026-06-17 11:18:53 | WARN | Cmdlet Get-PWProjectSecurity nao encontrado no ambiente. A leitura seguira apenas com FolderSecurity/TreeAccessObjects.
2026-06-17 11:18:53 | INFO | Total consolidado de acessos encontrados: 13
2026-06-17 11:18:53 | INFO | Projeto 'Ampliações 4° Ano SH 39 - km 15,480 + 19,640 - BR493/RJ' carregado para arvore. Groups=11 | UserLists=1 | Outros=1
2026-06-17 11:18:53 | INFO | Iniciando leitura da seguranca do projeto 'Ampliações 4° Ano SH 40' (ID: 142822)
2026-06-17 11:18:54 | INFO | Get-PWFolderSecurity retornou 14 item(ns).
2026-06-17 11:18:54 | INFO | Get-PWFolderTreeAccessObjects retornou 1 item(ns).
2026-06-17 11:18:54 | WARN | Cmdlet Get-PWProjectSecurity nao encontrado no ambiente. A leitura seguira apenas com FolderSecurity/TreeAccessObjects.
2026-06-17 11:18:54 | INFO | Total consolidado de acessos encontrados: 13
2026-06-17 11:18:54 | INFO | Projeto 'Ampliações 4° Ano SH 40 - km 19,640 + 25,370 - BR493/RJ' carregado para arvore. Groups=11 | UserLists=1 | Outros=1
2026-06-17 11:18:54 | INFO | Iniciando leitura da seguranca do projeto 'Ampliações 4° Ano SH 49' (ID: 410278)
2026-06-17 11:18:54 | INFO | Get-PWFolderSecurity retornou 14 item(ns).
2026-06-17 11:18:54 | INFO | Get-PWFolderTreeAccessObjects retornou 1 item(ns).
2026-06-17 11:18:54 | WARN | Cmdlet Get-PWProjectSecurity nao encontrado no ambiente. A leitura seguira apenas com FolderSecurity/TreeAccessObjects.
2026-06-17 11:18:54 | INFO | Total consolidado de acessos encontrados: 13
2026-06-17 11:18:54 | INFO | Projeto 'Ampliações 4° Ano SH 49 - km 168,720 + 171,930 - BR116/RJ' carregado para arvore. Groups=11 | UserLists=1 | Outros=1
2026-06-17 11:18:54 | INFO | Iniciando leitura da seguranca do projeto 'Ampliações 4° Ano SH 50' (ID: 150633)
2026-06-17 11:18:55 | INFO | Get-PWFolderSecurity retornou 14 item(ns).
2026-06-17 11:18:55 | INFO | Get-PWFolderTreeAccessObjects retornou 1 item(ns).
2026-06-17 11:18:55 | WARN | Cmdlet Get-PWProjectSecurity nao encontrado no ambiente. A leitura seguira apenas com FolderSecurity/TreeAccessObjects.
2026-06-17 11:18:55 | INFO | Total consolidado de acessos encontrados: 13
2026-06-17 11:18:55 | INFO | Projeto 'Ampliações 4° Ano SH 50 - km 171,930 + 174,320 - BR116/RJ' carregado para arvore. Groups=11 | UserLists=1 | Outros=1
2026-06-17 11:18:55 | INFO | Iniciando leitura da seguranca do projeto 'Ampliações 4° Ano SH 51' (ID: 151414)
2026-06-17 11:18:55 | INFO | Get-PWFolderSecurity retornou 14 item(ns).
2026-06-17 11:18:55 | INFO | Get-PWFolderTreeAccessObjects retornou 1 item(ns).
2026-06-17 11:18:55 | WARN | Cmdlet Get-PWProjectSecurity nao encontrado no ambiente. A leitura seguira apenas com FolderSecurity/TreeAccessObjects.
2026-06-17 11:18:55 | INFO | Total consolidado de acessos encontrados: 13
2026-06-17 11:18:56 | INFO | Projeto 'Ampliações 4° Ano SH 51 - km 174,320 + 178,420 - BR116/RJ' carregado para arvore. Groups=11 | UserLists=1 | Outros=1
2026-06-17 11:18:56 | INFO | Iniciando leitura da seguranca do projeto 'Ampliações 4° Ano SH 52' (ID: 152195)
2026-06-17 11:18:56 | INFO | Get-PWFolderSecurity retornou 14 item(ns).
2026-06-17 11:18:56 | INFO | Get-PWFolderTreeAccessObjects retornou 1 item(ns).
2026-06-17 11:18:56 | WARN | Cmdlet Get-PWProjectSecurity nao encontrado no ambiente. A leitura seguira apenas com FolderSecurity/TreeAccessObjects.
2026-06-17 11:18:56 | INFO | Total consolidado de acessos encontrados: 13
2026-06-17 11:18:56 | INFO | Projeto 'Ampliações 4° Ano SH 52 - km 178,420 + 181,630 - BR116/RJ' carregado para arvore. Groups=11 | UserLists=1 | Outros=1
2026-06-17 11:18:56 | INFO | Iniciando leitura da seguranca do projeto 'Ampliações 4° Ano SH 53' (ID: 152977)
2026-06-17 11:18:57 | INFO | Get-PWFolderSecurity retornou 14 item(ns).
2026-06-17 11:18:57 | INFO | Get-PWFolderTreeAccessObjects retornou 1 item(ns).
2026-06-17 11:18:57 | WARN | Cmdlet Get-PWProjectSecurity nao encontrado no ambiente. A leitura seguira apenas com FolderSecurity/TreeAccessObjects.
2026-06-17 11:18:57 | INFO | Total consolidado de acessos encontrados: 13
2026-06-17 11:18:57 | INFO | Projeto 'Ampliações 4° Ano SH 53 - km 181,630 + 185,530 - BR116/RJ' carregado para arvore. Groups=11 | UserLists=1 | Outros=1
2026-06-17 11:18:57 | INFO | Iniciando leitura da seguranca do projeto 'Ampliações 4° Ano SH 54' (ID: 153758)
2026-06-17 11:18:57 | INFO | Get-PWFolderSecurity retornou 14 item(ns).
2026-06-17 11:18:57 | INFO | Get-PWFolderTreeAccessObjects retornou 1 item(ns).
2026-06-17 11:18:57 | WARN | Cmdlet Get-PWProjectSecurity nao encontrado no ambiente. A leitura seguira apenas com FolderSecurity/TreeAccessObjects.
2026-06-17 11:18:57 | INFO | Total consolidado de acessos encontrados: 13
2026-06-17 11:18:57 | INFO | Projeto 'Ampliações 4° Ano SH 54 - km 185,530 + 189,620 - BR116/RJ' carregado para arvore. Groups=11 | UserLists=1 | Outros=1
2026-06-17 11:18:57 | INFO | Iniciando leitura da seguranca do projeto 'Ampliações 4° Ano SH 55' (ID: 154539)
2026-06-17 11:18:58 | INFO | Get-PWFolderSecurity retornou 14 item(ns).
2026-06-17 11:18:58 | INFO | Get-PWFolderTreeAccessObjects retornou 1 item(ns).
2026-06-17 11:18:58 | WARN | Cmdlet Get-PWProjectSecurity nao encontrado no ambiente. A leitura seguira apenas com FolderSecurity/TreeAccessObjects.
2026-06-17 11:18:58 | INFO | Total consolidado de acessos encontrados: 13
2026-06-17 11:18:58 | INFO | Projeto 'Ampliações 4° Ano SH 55 - km 189,620 + 196,120 - BR116/RJ' carregado para arvore. Groups=11 | UserLists=1 | Outros=1
2026-06-17 11:18:58 | INFO | Iniciando leitura da seguranca do projeto 'Ampliações 4° Ano SH 56' (ID: 155320)
2026-06-17 11:18:58 | INFO | Get-PWFolderSecurity retornou 14 item(ns).
2026-06-17 11:18:58 | INFO | Get-PWFolderTreeAccessObjects retornou 1 item(ns).
2026-06-17 11:18:58 | WARN | Cmdlet Get-PWProjectSecurity nao encontrado no ambiente. A leitura seguira apenas com FolderSecurity/TreeAccessObjects.
2026-06-17 11:18:58 | INFO | Total consolidado de acessos encontrados: 13
2026-06-17 11:18:58 | INFO | Projeto 'Ampliações 4° Ano SH 56 - km 196,120 + 204,320 - BR116/RJ' carregado para arvore. Groups=11 | UserLists=1 | Outros=1
2026-06-17 11:18:58 | INFO | Iniciando leitura da seguranca do projeto 'Ampliações 4°Ano SH 02-Pref' (ID: 410241)
2026-06-17 11:18:59 | INFO | Get-PWFolderSecurity retornou 14 item(ns).
2026-06-17 11:18:59 | INFO | Get-PWFolderTreeAccessObjects retornou 1 item(ns).
2026-06-17 11:18:59 | WARN | Cmdlet Get-PWProjectSecurity nao encontrado no ambiente. A leitura seguira apenas com FolderSecurity/TreeAccessObjects.
2026-06-17 11:18:59 | INFO | Total consolidado de acessos encontrados: 13
2026-06-17 11:18:59 | INFO | Projeto 'Ampliações 4° Ano SH 02 - Prefeitura - km 412,830 + 421,170 - BR116/MG' carregado para arvore. Groups=11 | UserLists=1 | Outros=1
2026-06-17 11:18:59 | INFO | Iniciando leitura da seguranca do projeto 'Ampliações 5° Ano SH 07' (ID: 105224)
2026-06-17 11:18:59 | INFO | Get-PWFolderSecurity retornou 14 item(ns).
2026-06-17 11:18:59 | INFO | Get-PWFolderTreeAccessObjects retornou 1 item(ns).
2026-06-17 11:18:59 | WARN | Cmdlet Get-PWProjectSecurity nao encontrado no ambiente. A leitura seguira apenas com FolderSecurity/TreeAccessObjects.
2026-06-17 11:18:59 | INFO | Total consolidado de acessos encontrados: 13
2026-06-17 11:18:59 | INFO | Projeto 'Ampliações 5° Ano SH 07 - km 499,330 + 519,730 - BR116/MG' carregado para arvore. Groups=11 | UserLists=1 | Outros=1
2026-06-17 11:18:59 | INFO | Iniciando leitura da seguranca do projeto 'Ampliações 5° Ano SH 08' (ID: 106344)
2026-06-17 11:19:00 | INFO | Get-PWFolderSecurity retornou 14 item(ns).
2026-06-17 11:19:00 | INFO | Get-PWFolderTreeAccessObjects retornou 1 item(ns).
2026-06-17 11:19:00 | WARN | Cmdlet Get-PWProjectSecurity nao encontrado no ambiente. A leitura seguira apenas com FolderSecurity/TreeAccessObjects.
2026-06-17 11:19:00 | INFO | Total consolidado de acessos encontrados: 13
2026-06-17 11:19:00 | INFO | Projeto 'Ampliações 5° Ano SH 08 - km 519,730 + 522,730 - BR116/MG' carregado para arvore. Groups=11 | UserLists=1 | Outros=1
2026-06-17 11:19:00 | INFO | Iniciando leitura da seguranca do projeto 'Ampliações 5° Ano SH 09' (ID: 107740)
2026-06-17 11:19:01 | INFO | Get-PWFolderSecurity retornou 14 item(ns).
2026-06-17 11:19:01 | INFO | Get-PWFolderTreeAccessObjects retornou 1 item(ns).
2026-06-17 11:19:01 | WARN | Cmdlet Get-PWProjectSecurity nao encontrado no ambiente. A leitura seguira apenas com FolderSecurity/TreeAccessObjects.
2026-06-17 11:19:01 | INFO | Total consolidado de acessos encontrados: 13
2026-06-17 11:19:01 | INFO | Projeto 'Ampliações 5° Ano SH 09 - km 522,730 + 525,840 - BR116/MG' carregado para arvore. Groups=11 | UserLists=1 | Outros=1
2026-06-17 11:19:01 | INFO | Iniciando leitura da seguranca do projeto 'Ampliações 5° Ano SH 10' (ID: 109211)
2026-06-17 11:19:01 | INFO | Get-PWFolderSecurity retornou 14 item(ns).
2026-06-17 11:19:01 | INFO | Get-PWFolderTreeAccessObjects retornou 1 item(ns).
2026-06-17 11:19:01 | WARN | Cmdlet Get-PWProjectSecurity nao encontrado no ambiente. A leitura seguira apenas com FolderSecurity/TreeAccessObjects.
2026-06-17 11:19:01 | INFO | Total consolidado de acessos encontrados: 13
2026-06-17 11:19:01 | INFO | Projeto 'Ampliações 5° Ano SH 10 - km 525,840 + 527,530 - BR116/MG' carregado para arvore. Groups=11 | UserLists=1 | Outros=1
2026-06-17 11:19:01 | INFO | Iniciando leitura da seguranca do projeto 'Ampliações 5° Ano SH 57' (ID: 156101)
2026-06-17 11:19:02 | INFO | Get-PWFolderSecurity retornou 14 item(ns).
2026-06-17 11:19:02 | INFO | Get-PWFolderTreeAccessObjects retornou 1 item(ns).
2026-06-17 11:19:02 | WARN | Cmdlet Get-PWProjectSecurity nao encontrado no ambiente. A leitura seguira apenas com FolderSecurity/TreeAccessObjects.
2026-06-17 11:19:02 | INFO | Total consolidado de acessos encontrados: 13
2026-06-17 11:19:02 | INFO | Projeto 'Ampliações 5° Ano SH 57 - km 204,320 + 211,820 - BR116/RJ' carregado para arvore. Groups=11 | UserLists=1 | Outros=1
2026-06-17 11:19:02 | INFO | Iniciando leitura da seguranca do projeto 'Ampliações 5° Ano SH 58' (ID: 156882)
2026-06-17 11:19:02 | INFO | Get-PWFolderSecurity retornou 14 item(ns).
2026-06-17 11:19:02 | INFO | Get-PWFolderTreeAccessObjects retornou 1 item(ns).
2026-06-17 11:19:02 | WARN | Cmdlet Get-PWProjectSecurity nao encontrado no ambiente. A leitura seguira apenas com FolderSecurity/TreeAccessObjects.
2026-06-17 11:19:02 | INFO | Total consolidado de acessos encontrados: 13
2026-06-17 11:19:02 | INFO | Projeto 'Ampliações 5° Ano SH 58 - km 211,820 + 214,700 - BR116/RJ' carregado para arvore. Groups=11 | UserLists=1 | Outros=1
2026-06-17 11:19:02 | INFO | Iniciando leitura da seguranca do projeto 'Ampliações 6° Ano SH 03' (ID: 94037)
2026-06-17 11:19:03 | INFO | Get-PWFolderSecurity retornou 14 item(ns).
2026-06-17 11:19:03 | INFO | Get-PWFolderTreeAccessObjects retornou 1 item(ns).
2026-06-17 11:19:03 | WARN | Cmdlet Get-PWProjectSecurity nao encontrado no ambiente. A leitura seguira apenas com FolderSecurity/TreeAccessObjects.
2026-06-17 11:19:03 | INFO | Total consolidado de acessos encontrados: 13
2026-06-17 11:19:03 | INFO | Projeto 'Ampliações 6° Ano SH 03 - km 421,170 + 456,260 - BR116/MG' carregado para arvore. Groups=11 | UserLists=1 | Outros=1
2026-06-17 11:19:03 | INFO | Iniciando leitura da seguranca do projeto 'Ampliações 6° Ano SH 06' (ID: 97162)
2026-06-17 11:19:03 | INFO | Get-PWFolderSecurity retornou 14 item(ns).
2026-06-17 11:19:03 | INFO | Get-PWFolderTreeAccessObjects retornou 1 item(ns).
2026-06-17 11:19:04 | WARN | Cmdlet Get-PWProjectSecurity nao encontrado no ambiente. A leitura seguira apenas com FolderSecurity/TreeAccessObjects.
2026-06-17 11:19:04 | INFO | Total consolidado de acessos encontrados: 13
2026-06-17 11:19:04 | INFO | Projeto 'Ampliações 6° Ano SH 06 - km 485,540 + 499,330 - BR116/MG' carregado para arvore. Groups=11 | UserLists=1 | Outros=1
2026-06-17 11:19:04 | INFO | Iniciando leitura da seguranca do projeto 'Ampliações 6° Ano SH 12' (ID: 112069)
2026-06-17 11:19:04 | INFO | Get-PWFolderSecurity retornou 14 item(ns).
2026-06-17 11:19:04 | INFO | Get-PWFolderTreeAccessObjects retornou 1 item(ns).
2026-06-17 11:19:04 | WARN | Cmdlet Get-PWProjectSecurity nao encontrado no ambiente. A leitura seguira apenas com FolderSecurity/TreeAccessObjects.
2026-06-17 11:19:04 | INFO | Total consolidado de acessos encontrados: 13
2026-06-17 11:19:04 | INFO | Projeto 'Ampliações 6° Ano SH 12 - km 561,400 + 586,570 - BR116/MG' carregado para arvore. Groups=11 | UserLists=1 | Outros=1
2026-06-17 11:19:04 | INFO | Iniciando leitura da seguranca do projeto 'Ampliações 6° Ano SH 13' (ID: 113597)
2026-06-17 11:19:05 | INFO | Get-PWFolderSecurity retornou 14 item(ns).
2026-06-17 11:19:05 | INFO | Get-PWFolderTreeAccessObjects retornou 1 item(ns).
2026-06-17 11:19:05 | WARN | Cmdlet Get-PWProjectSecurity nao encontrado no ambiente. A leitura seguira apenas com FolderSecurity/TreeAccessObjects.
2026-06-17 11:19:05 | INFO | Total consolidado de acessos encontrados: 13
2026-06-17 11:19:05 | INFO | Projeto 'Ampliações 6° Ano SH 13 - km 588,700 + 606,830 - BR116/MG' carregado para arvore. Groups=11 | UserLists=1 | Outros=1
2026-06-17 11:19:05 | INFO | Iniciando leitura da seguranca do projeto 'Ampliações 6° Ano SH 17' (ID: 117972)
2026-06-17 11:19:05 | INFO | Get-PWFolderSecurity retornou 14 item(ns).
2026-06-17 11:19:05 | INFO | Get-PWFolderTreeAccessObjects retornou 1 item(ns).
2026-06-17 11:19:05 | WARN | Cmdlet Get-PWProjectSecurity nao encontrado no ambiente. A leitura seguira apenas com FolderSecurity/TreeAccessObjects.
2026-06-17 11:19:05 | INFO | Total consolidado de acessos encontrados: 13
2026-06-17 11:19:05 | INFO | Projeto 'Ampliações 6° Ano SH 17 - km 702,260 + 703,450 - BR116/MG' carregado para arvore. Groups=11 | UserLists=1 | Outros=1
2026-06-17 11:19:05 | INFO | Iniciando leitura da seguranca do projeto 'Ampliações 6° Ano SH 29' (ID: 127889)
2026-06-17 11:19:06 | INFO | Get-PWFolderSecurity retornou 14 item(ns).
2026-06-17 11:19:06 | INFO | Get-PWFolderTreeAccessObjects retornou 1 item(ns).
2026-06-17 11:19:06 | WARN | Cmdlet Get-PWProjectSecurity nao encontrado no ambiente. A leitura seguira apenas com FolderSecurity/TreeAccessObjects.
2026-06-17 11:19:06 | INFO | Total consolidado de acessos encontrados: 13
2026-06-17 11:19:06 | INFO | Projeto 'Ampliações 6° Ano SH 29 - km 59,430 + 80,520 - BR116/RJ' carregado para arvore. Groups=11 | UserLists=1 | Outros=1
2026-06-17 11:19:06 | INFO | Iniciando leitura da seguranca do projeto 'Ampliações 6° Ano SH 30' (ID: 128672)
2026-06-17 11:19:06 | INFO | Get-PWFolderSecurity retornou 14 item(ns).
2026-06-17 11:19:06 | INFO | Get-PWFolderTreeAccessObjects retornou 1 item(ns).
2026-06-17 11:19:06 | WARN | Cmdlet Get-PWProjectSecurity nao encontrado no ambiente. A leitura seguira apenas com FolderSecurity/TreeAccessObjects.
2026-06-17 11:19:06 | INFO | Total consolidado de acessos encontrados: 13
2026-06-17 11:19:06 | INFO | Projeto 'Ampliações 6° Ano SH 30 - km 80,520 + 93,180 - BR116/RJ' carregado para arvore. Groups=11 | UserLists=1 | Outros=1
2026-06-17 11:19:06 | INFO | Iniciando leitura da seguranca do projeto 'Ampliações 6° Ano SH 31' (ID: 135793)
2026-06-17 11:19:07 | INFO | Get-PWFolderSecurity retornou 14 item(ns).
2026-06-17 11:19:07 | INFO | Get-PWFolderTreeAccessObjects retornou 1 item(ns).
2026-06-17 11:19:07 | WARN | Cmdlet Get-PWProjectSecurity nao encontrado no ambiente. A leitura seguira apenas com FolderSecurity/TreeAccessObjects.
2026-06-17 11:19:07 | INFO | Total consolidado de acessos encontrados: 13
2026-06-17 11:19:07 | INFO | Projeto 'Ampliações 6° Ano SH 31 - km 93,180 + 108,430 -  BR116/RJ' carregado para arvore. Groups=11 | UserLists=1 | Outros=1
2026-06-17 11:19:07 | INFO | Iniciando leitura da seguranca do projeto 'Ampliações 6° Ano SH 35' (ID: 138917)
2026-06-17 11:19:07 | INFO | Get-PWFolderSecurity retornou 14 item(ns).
2026-06-17 11:19:07 | INFO | Get-PWFolderTreeAccessObjects retornou 1 item(ns).
2026-06-17 11:19:07 | WARN | Cmdlet Get-PWProjectSecurity nao encontrado no ambiente. A leitura seguira apenas com FolderSecurity/TreeAccessObjects.
2026-06-17 11:19:07 | INFO | Total consolidado de acessos encontrados: 13
2026-06-17 11:19:07 | INFO | Projeto 'Ampliações 6° Ano SH 35 - km 126,500 + 137,110 - BR116/RJ' carregado para arvore. Groups=11 | UserLists=1 | Outros=1
2026-06-17 11:19:07 | INFO | Iniciando leitura da seguranca do projeto 'Ampliações 6° Ano SH 36' (ID: 139698)
2026-06-17 11:19:08 | INFO | Get-PWFolderSecurity retornou 14 item(ns).
2026-06-17 11:19:08 | INFO | Get-PWFolderTreeAccessObjects retornou 1 item(ns).
2026-06-17 11:19:08 | WARN | Cmdlet Get-PWProjectSecurity nao encontrado no ambiente. A leitura seguira apenas com FolderSecurity/TreeAccessObjects.
2026-06-17 11:19:08 | INFO | Total consolidado de acessos encontrados: 13
2026-06-17 11:19:08 | INFO | Projeto 'Ampliações 6° Ano SH 36 - km 137,110 + 141,530 - BR116/RJ' carregado para arvore. Groups=11 | UserLists=1 | Outros=1
2026-06-17 11:19:08 | INFO | Iniciando leitura da seguranca do projeto 'Ampliações 6° Ano SH 37' (ID: 140479)
2026-06-17 11:19:09 | INFO | Get-PWFolderSecurity retornou 14 item(ns).
2026-06-17 11:19:09 | INFO | Get-PWFolderTreeAccessObjects retornou 1 item(ns).
2026-06-17 11:19:09 | WARN | Cmdlet Get-PWProjectSecurity nao encontrado no ambiente. A leitura seguira apenas com FolderSecurity/TreeAccessObjects.
2026-06-17 11:19:09 | INFO | Total consolidado de acessos encontrados: 13
2026-06-17 11:19:09 | INFO | Projeto 'Ampliações 6° Ano SH 37 - km 141,530 + 148,660 - BR116/RJ' carregado para arvore. Groups=11 | UserLists=1 | Outros=1
2026-06-17 11:19:09 | INFO | Iniciando leitura da seguranca do projeto 'Ampliações 6° Ano SH 41' (ID: 143603)
2026-06-17 11:19:09 | INFO | Get-PWFolderSecurity retornou 14 item(ns).
2026-06-17 11:19:09 | INFO | Get-PWFolderTreeAccessObjects retornou 1 item(ns).
2026-06-17 11:19:09 | WARN | Cmdlet Get-PWProjectSecurity nao encontrado no ambiente. A leitura seguira apenas com FolderSecurity/TreeAccessObjects.
2026-06-17 11:19:09 | INFO | Total consolidado de acessos encontrados: 13
2026-06-17 11:19:09 | INFO | Projeto 'Ampliações 6° Ano SH 41 - km 48,100 + 55,080 - BR493/RJ' carregado para arvore. Groups=11 | UserLists=1 | Outros=1
2026-06-17 11:19:09 | INFO | Iniciando leitura da seguranca do projeto 'Ampliações 6° Ano SH 42' (ID: 144384)
2026-06-17 11:19:10 | INFO | Get-PWFolderSecurity retornou 14 item(ns).
2026-06-17 11:19:10 | INFO | Get-PWFolderTreeAccessObjects retornou 1 item(ns).
2026-06-17 11:19:10 | WARN | Cmdlet Get-PWProjectSecurity nao encontrado no ambiente. A leitura seguira apenas com FolderSecurity/TreeAccessObjects.
2026-06-17 11:19:10 | INFO | Total consolidado de acessos encontrados: 13
2026-06-17 11:19:10 | INFO | Projeto 'Ampliações 6° Ano SH 42 - km 55,080 + 65,880 - BR493/RJ' carregado para arvore. Groups=11 | UserLists=1 | Outros=1
2026-06-17 11:19:10 | INFO | Iniciando leitura da seguranca do projeto 'Ampliações 6° Ano SH 43' (ID: 145165)
2026-06-17 11:19:10 | INFO | Get-PWFolderSecurity retornou 14 item(ns).
2026-06-17 11:19:10 | INFO | Get-PWFolderTreeAccessObjects retornou 1 item(ns).
2026-06-17 11:19:10 | WARN | Cmdlet Get-PWProjectSecurity nao encontrado no ambiente. A leitura seguira apenas com FolderSecurity/TreeAccessObjects.
2026-06-17 11:19:10 | INFO | Total consolidado de acessos encontrados: 13
2026-06-17 11:19:10 | INFO | Projeto 'Ampliações 6° Ano SH 43 - km 65,880 + 84,400 - BR493/RJ' carregado para arvore. Groups=11 | UserLists=1 | Outros=1
2026-06-17 11:19:10 | INFO | Iniciando leitura da seguranca do projeto 'Ampliações 7° Ano Acesso' (ID: 410352)
2026-06-17 11:19:11 | INFO | Get-PWFolderSecurity retornou 14 item(ns).
2026-06-17 11:19:11 | INFO | Get-PWFolderTreeAccessObjects retornou 1 item(ns).
2026-06-17 11:19:11 | WARN | Cmdlet Get-PWProjectSecurity nao encontrado no ambiente. A leitura seguira apenas com FolderSecurity/TreeAccessObjects.
2026-06-17 11:19:11 | INFO | Total consolidado de acessos encontrados: 13
2026-06-17 11:19:11 | INFO | Projeto 'Ampliações 7° Ano - Lote 15 - Acesso km 057 - BR116/RJ' carregado para arvore. Groups=11 | UserLists=1 | Outros=1
2026-06-17 11:19:11 | INFO | Iniciando leitura da seguranca do projeto 'Ampliações 7° Ano SH 05' (ID: 96381)
2026-06-17 11:19:11 | INFO | Get-PWFolderSecurity retornou 14 item(ns).
2026-06-17 11:19:11 | INFO | Get-PWFolderTreeAccessObjects retornou 1 item(ns).
2026-06-17 11:19:11 | WARN | Cmdlet Get-PWProjectSecurity nao encontrado no ambiente. A leitura seguira apenas com FolderSecurity/TreeAccessObjects.
2026-06-17 11:19:11 | INFO | Total consolidado de acessos encontrados: 13
2026-06-17 11:19:11 | INFO | Projeto 'Ampliações 7° Ano SH 05 - km 469,630 + 485,540 - BR116/MG' carregado para arvore. Groups=11 | UserLists=1 | Outros=1
2026-06-17 11:19:11 | INFO | Iniciando leitura da seguranca do projeto 'Ampliações 7° Ano SH 11' (ID: 110629)
2026-06-17 11:19:12 | INFO | Get-PWFolderSecurity retornou 14 item(ns).
2026-06-17 11:19:12 | INFO | Get-PWFolderTreeAccessObjects retornou 1 item(ns).
2026-06-17 11:19:12 | WARN | Cmdlet Get-PWProjectSecurity nao encontrado no ambiente. A leitura seguira apenas com FolderSecurity/TreeAccessObjects.
2026-06-17 11:19:12 | INFO | Total consolidado de acessos encontrados: 13
2026-06-17 11:19:12 | INFO | Projeto 'Ampliações 7° Ano SH 11 - km 527,530 + 561,400 - BR116/MG' carregado para arvore. Groups=11 | UserLists=1 | Outros=1
2026-06-17 11:19:12 | INFO | Iniciando leitura da seguranca do projeto 'Ampliações 7° Ano SH 14' (ID: 115629)
2026-06-17 11:19:13 | INFO | Get-PWFolderSecurity retornou 14 item(ns).
2026-06-17 11:19:13 | INFO | Get-PWFolderTreeAccessObjects retornou 1 item(ns).
2026-06-17 11:19:13 | WARN | Cmdlet Get-PWProjectSecurity nao encontrado no ambiente. A leitura seguira apenas com FolderSecurity/TreeAccessObjects.
2026-06-17 11:19:13 | INFO | Total consolidado de acessos encontrados: 13
2026-06-17 11:19:13 | INFO | Projeto 'Ampliações 7° Ano SH 14 - km 606,830 + 634,860 - BR116/MG' carregado para arvore. Groups=11 | UserLists=1 | Outros=1
2026-06-17 11:19:13 | INFO | Iniciando leitura da seguranca do projeto 'Ampliações 7° Ano SH 15' (ID: 116410)
2026-06-17 11:19:13 | INFO | Get-PWFolderSecurity retornou 14 item(ns).
2026-06-17 11:19:13 | INFO | Get-PWFolderTreeAccessObjects retornou 1 item(ns).
2026-06-17 11:19:13 | WARN | Cmdlet Get-PWProjectSecurity nao encontrado no ambiente. A leitura seguira apenas com FolderSecurity/TreeAccessObjects.
2026-06-17 11:19:13 | INFO | Total consolidado de acessos encontrados: 13
2026-06-17 11:19:13 | INFO | Projeto 'Ampliações 7° Ano SH 15 - km 634,860 + 650,270 - BR116/MG' carregado para arvore. Groups=11 | UserLists=1 | Outros=1
2026-06-17 11:19:13 | INFO | Iniciando leitura da seguranca do projeto 'Ampliações 7° Ano SH 16' (ID: 117191)
2026-06-17 11:19:14 | INFO | Get-PWFolderSecurity retornou 14 item(ns).
2026-06-17 11:19:14 | INFO | Get-PWFolderTreeAccessObjects retornou 1 item(ns).
2026-06-17 11:19:14 | WARN | Cmdlet Get-PWProjectSecurity nao encontrado no ambiente. A leitura seguira apenas com FolderSecurity/TreeAccessObjects.
2026-06-17 11:19:14 | INFO | Total consolidado de acessos encontrados: 13
2026-06-17 11:19:14 | INFO | Projeto 'Ampliações 7° Ano SH 16 - km 650,280 + 702,260 - BR116/MG' carregado para arvore. Groups=11 | UserLists=1 | Outros=1
2026-06-17 11:19:14 | INFO | Iniciando leitura da seguranca do projeto 'Ampliações 7° Ano SH 18' (ID: 118777)
2026-06-17 11:19:14 | INFO | Get-PWFolderSecurity retornou 14 item(ns).
2026-06-17 11:19:14 | INFO | Get-PWFolderTreeAccessObjects retornou 1 item(ns).
2026-06-17 11:19:14 | WARN | Cmdlet Get-PWProjectSecurity nao encontrado no ambiente. A leitura seguira apenas com FolderSecurity/TreeAccessObjects.
2026-06-17 11:19:14 | INFO | Total consolidado de acessos encontrados: 13
2026-06-17 11:19:14 | INFO | Projeto 'Ampliações 7° Ano SH 18 - km 703,450 + 736,400 - BR116/MG' carregado para arvore. Groups=11 | UserLists=1 | Outros=1
2026-06-17 11:19:14 | INFO | Iniciando leitura da seguranca do projeto 'Ampliações 7° Ano SH 19' (ID: 119562)
2026-06-17 11:19:15 | INFO | Get-PWFolderSecurity retornou 14 item(ns).
2026-06-17 11:19:15 | INFO | Get-PWFolderTreeAccessObjects retornou 1 item(ns).
2026-06-17 11:19:15 | WARN | Cmdlet Get-PWProjectSecurity nao encontrado no ambiente. A leitura seguira apenas com FolderSecurity/TreeAccessObjects.
2026-06-17 11:19:15 | INFO | Total consolidado de acessos encontrados: 13
2026-06-17 11:19:15 | INFO | Projeto 'Ampliações 7° Ano SH 19 - km 736,400 + 744,580 - BR116/MG' carregado para arvore. Groups=11 | UserLists=1 | Outros=1
2026-06-17 11:19:15 | INFO | Iniciando leitura da seguranca do projeto 'Ampliações 7° Ano SH 27' (ID: 125874)
2026-06-17 11:19:15 | INFO | Get-PWFolderSecurity retornou 14 item(ns).
2026-06-17 11:19:15 | INFO | Get-PWFolderTreeAccessObjects retornou 1 item(ns).
2026-06-17 11:19:16 | WARN | Cmdlet Get-PWProjectSecurity nao encontrado no ambiente. A leitura seguira apenas com FolderSecurity/TreeAccessObjects.
2026-06-17 11:19:16 | INFO | Total consolidado de acessos encontrados: 13
2026-06-17 11:19:16 | INFO | Projeto 'Ampliações 7° Ano SH 27 - km 40,370 + 56,520 - BR116/RJ' carregado para arvore. Groups=11 | UserLists=1 | Outros=1
2026-06-17 11:19:16 | INFO | Iniciando leitura da seguranca do projeto 'Ampliações 7° Ano SH 28' (ID: 127093)
2026-06-17 11:19:16 | INFO | Get-PWFolderSecurity retornou 14 item(ns).
2026-06-17 11:19:16 | INFO | Get-PWFolderTreeAccessObjects retornou 1 item(ns).
2026-06-17 11:19:16 | WARN | Cmdlet Get-PWProjectSecurity nao encontrado no ambiente. A leitura seguira apenas com FolderSecurity/TreeAccessObjects.
2026-06-17 11:19:16 | INFO | Total consolidado de acessos encontrados: 13
2026-06-17 11:19:16 | INFO | Projeto 'Ampliações 7° Ano SH 28 - km 56,520 + 59,430 - BR116/RJ' carregado para arvore. Groups=11 | UserLists=1 | Outros=1
2026-06-17 11:19:16 | INFO | Iniciando leitura da seguranca do projeto 'Ampliações 8° Ano Ciclovia' (ID: 410389)
2026-06-17 11:19:17 | INFO | Get-PWFolderSecurity retornou 14 item(ns).
2026-06-17 11:19:17 | INFO | Get-PWFolderTreeAccessObjects retornou 1 item(ns).
2026-06-17 11:19:17 | WARN | Cmdlet Get-PWProjectSecurity nao encontrado no ambiente. A leitura seguira apenas com FolderSecurity/TreeAccessObjects.
2026-06-17 11:19:17 | INFO | Total consolidado de acessos encontrados: 13
2026-06-17 11:19:17 | INFO | Projeto 'Ampliações 8° Ano - SH-32 - Ciclovia - km 108-110 - BR116RJ' carregado para arvore. Groups=11 | UserLists=1 | Outros=1
2026-06-17 11:19:17 | INFO | Iniciando leitura da seguranca do projeto 'Ampliações 8° Ano Diamante' (ID: 410426)
2026-06-17 11:19:17 | INFO | Get-PWFolderSecurity retornou 14 item(ns).
2026-06-17 11:19:17 | INFO | Get-PWFolderTreeAccessObjects retornou 1 item(ns).
2026-06-17 11:19:17 | WARN | Cmdlet Get-PWProjectSecurity nao encontrado no ambiente. A leitura seguira apenas com FolderSecurity/TreeAccessObjects.
2026-06-17 11:19:17 | INFO | Total consolidado de acessos encontrados: 13
2026-06-17 11:19:17 | INFO | Projeto 'Ampliações 8° Ano - SH-33 - Diamante - km 116+010 - BR116RJ' carregado para arvore. Groups=11 | UserLists=1 | Outros=1
2026-06-17 11:19:17 | INFO | Iniciando leitura da seguranca do projeto 'Ampliações 8° Ano SH 04' (ID: 94818)
2026-06-17 11:19:18 | INFO | Get-PWFolderSecurity retornou 14 item(ns).
2026-06-17 11:19:18 | INFO | Get-PWFolderTreeAccessObjects retornou 1 item(ns).
2026-06-17 11:19:18 | WARN | Cmdlet Get-PWProjectSecurity nao encontrado no ambiente. A leitura seguira apenas com FolderSecurity/TreeAccessObjects.
2026-06-17 11:19:18 | INFO | Total consolidado de acessos encontrados: 13
2026-06-17 11:19:18 | INFO | Projeto 'Ampliações 8° Ano SH 04 - km 456,260 + 469,630 - BR116/MG' carregado para arvore. Groups=11 | UserLists=1 | Outros=1
2026-06-17 11:19:18 | INFO | Iniciando leitura da seguranca do projeto 'Ampliações 8° Ano SH 20' (ID: 120343)
2026-06-17 11:19:18 | INFO | Get-PWFolderSecurity retornou 14 item(ns).
2026-06-17 11:19:18 | INFO | Get-PWFolderTreeAccessObjects retornou 1 item(ns).
2026-06-17 11:19:19 | WARN | Cmdlet Get-PWProjectSecurity nao encontrado no ambiente. A leitura seguira apenas com FolderSecurity/TreeAccessObjects.
2026-06-17 11:19:19 | INFO | Total consolidado de acessos encontrados: 13
2026-06-17 11:19:19 | INFO | Projeto 'Ampliações 8° Ano SH 20 - km 744,580 + 764,890 - BR116/MG' carregado para arvore. Groups=11 | UserLists=1 | Outros=1
2026-06-17 11:19:19 | INFO | Iniciando leitura da seguranca do projeto 'Ampliações 8° Ano SH 21' (ID: 121125)
2026-06-17 11:19:19 | INFO | Get-PWFolderSecurity retornou 14 item(ns).
2026-06-17 11:19:19 | INFO | Get-PWFolderTreeAccessObjects retornou 1 item(ns).
2026-06-17 11:19:19 | WARN | Cmdlet Get-PWProjectSecurity nao encontrado no ambiente. A leitura seguira apenas com FolderSecurity/TreeAccessObjects.
2026-06-17 11:19:19 | INFO | Total consolidado de acessos encontrados: 13
2026-06-17 11:19:19 | INFO | Projeto 'Ampliações 8° Ano SH 21 - km 764,890 + 772,490 - BR116/MG' carregado para arvore. Groups=11 | UserLists=1 | Outros=1
2026-06-17 11:19:19 | INFO | Iniciando leitura da seguranca do projeto 'Ampliações 8° Ano SH 22' (ID: 121907)
2026-06-17 11:19:20 | INFO | Get-PWFolderSecurity retornou 14 item(ns).
2026-06-17 11:19:20 | INFO | Get-PWFolderTreeAccessObjects retornou 1 item(ns).
2026-06-17 11:19:20 | WARN | Cmdlet Get-PWProjectSecurity nao encontrado no ambiente. A leitura seguira apenas com FolderSecurity/TreeAccessObjects.
2026-06-17 11:19:20 | INFO | Total consolidado de acessos encontrados: 13
2026-06-17 11:19:20 | INFO | Projeto 'Ampliações 8° Ano SH 22 - km 772,490 + 814,210 - BR116/MG' carregado para arvore. Groups=11 | UserLists=1 | Outros=1
2026-06-17 11:19:20 | INFO | Iniciando leitura da seguranca do projeto 'Ampliações 8° Ano SH 23' (ID: 122689)
2026-06-17 11:19:20 | INFO | Get-PWFolderSecurity retornou 14 item(ns).
2026-06-17 11:19:20 | INFO | Get-PWFolderTreeAccessObjects retornou 1 item(ns).
2026-06-17 11:19:20 | WARN | Cmdlet Get-PWProjectSecurity nao encontrado no ambiente. A leitura seguira apenas com FolderSecurity/TreeAccessObjects.
2026-06-17 11:19:20 | INFO | Total consolidado de acessos encontrados: 13
2026-06-17 11:19:20 | INFO | Projeto 'Ampliações 8° Ano SH 23 - km 814,210 + 816,320 - BR116/MG' carregado para arvore. Groups=11 | UserLists=1 | Outros=1
2026-06-17 11:19:20 | INFO | Iniciando leitura da seguranca do projeto 'Ampliações 8° Ano SH 24' (ID: 123479)
2026-06-17 11:19:21 | INFO | Get-PWFolderSecurity retornou 14 item(ns).
2026-06-17 11:19:21 | INFO | Get-PWFolderTreeAccessObjects retornou 1 item(ns).
2026-06-17 11:19:21 | WARN | Cmdlet Get-PWProjectSecurity nao encontrado no ambiente. A leitura seguira apenas com FolderSecurity/TreeAccessObjects.
2026-06-17 11:19:21 | INFO | Total consolidado de acessos encontrados: 13
2026-06-17 11:19:21 | INFO | Projeto 'Ampliações 8° Ano SH 24 - km 2,100 + 24,460 - BR116/RJ' carregado para arvore. Groups=11 | UserLists=1 | Outros=1
2026-06-17 11:19:21 | INFO | Iniciando leitura da seguranca do projeto 'Ampliações 8° Ano SH 25' (ID: 124261)
2026-06-17 11:19:21 | INFO | Get-PWFolderSecurity retornou 14 item(ns).
2026-06-17 11:19:21 | INFO | Get-PWFolderTreeAccessObjects retornou 1 item(ns).
2026-06-17 11:19:21 | WARN | Cmdlet Get-PWProjectSecurity nao encontrado no ambiente. A leitura seguira apenas com FolderSecurity/TreeAccessObjects.
2026-06-17 11:19:21 | INFO | Total consolidado de acessos encontrados: 13
2026-06-17 11:19:21 | INFO | Projeto 'Ampliações 8° Ano SH 25 - km 24,460 + 24,770 - BR116/RJ' carregado para arvore. Groups=11 | UserLists=1 | Outros=1
2026-06-17 11:19:21 | INFO | Iniciando leitura da seguranca do projeto 'Ampliações 8° Ano SH 26' (ID: 125066)
2026-06-17 11:19:22 | INFO | Get-PWFolderSecurity retornou 14 item(ns).
2026-06-17 11:19:22 | INFO | Get-PWFolderTreeAccessObjects retornou 1 item(ns).
2026-06-17 11:19:22 | WARN | Cmdlet Get-PWProjectSecurity nao encontrado no ambiente. A leitura seguira apenas com FolderSecurity/TreeAccessObjects.
2026-06-17 11:19:22 | INFO | Total consolidado de acessos encontrados: 13
2026-06-17 11:19:22 | INFO | Projeto 'Ampliações 8° Ano SH 26 - km 24,770 + 40,370 - BR116/RJ' carregado para arvore. Groups=11 | UserLists=1 | Outros=1
2026-06-17 11:19:22 | INFO | Iniciando leitura da seguranca do projeto 'Ampliações 8° Ano SH 32' (ID: 136574)
2026-06-17 11:19:23 | INFO | Get-PWFolderSecurity retornou 14 item(ns).
2026-06-17 11:19:23 | INFO | Get-PWFolderTreeAccessObjects retornou 1 item(ns).
2026-06-17 11:19:23 | WARN | Cmdlet Get-PWProjectSecurity nao encontrado no ambiente. A leitura seguira apenas com FolderSecurity/TreeAccessObjects.
2026-06-17 11:19:23 | INFO | Total consolidado de acessos encontrados: 13
2026-06-17 11:19:23 | INFO | Projeto 'Ampliações 8° Ano SH 32 - km 108,430 + 110,120 - BR116/RJ' carregado para arvore. Groups=11 | UserLists=1 | Outros=1
2026-06-17 11:19:23 | INFO | Iniciando leitura da seguranca do projeto 'Ampliações 8° Ano SH 33' (ID: 137355)
2026-06-17 11:19:23 | INFO | Get-PWFolderSecurity retornou 14 item(ns).
2026-06-17 11:19:23 | INFO | Get-PWFolderTreeAccessObjects retornou 1 item(ns).
2026-06-17 11:19:23 | WARN | Cmdlet Get-PWProjectSecurity nao encontrado no ambiente. A leitura seguira apenas com FolderSecurity/TreeAccessObjects.
2026-06-17 11:19:23 | INFO | Total consolidado de acessos encontrados: 13
2026-06-17 11:19:23 | INFO | Projeto 'Ampliações 8° Ano SH 33 - km 110,120 + 116,150 - BR116/RJ' carregado para arvore. Groups=11 | UserLists=1 | Outros=1
2026-06-17 11:19:23 | INFO | Iniciando leitura da seguranca do projeto 'Ampliações 8° Ano SH 34' (ID: 138136)
2026-06-17 11:19:24 | INFO | Get-PWFolderSecurity retornou 14 item(ns).
2026-06-17 11:19:24 | INFO | Get-PWFolderTreeAccessObjects retornou 1 item(ns).
2026-06-17 11:19:24 | WARN | Cmdlet Get-PWProjectSecurity nao encontrado no ambiente. A leitura seguira apenas com FolderSecurity/TreeAccessObjects.
2026-06-17 11:19:24 | INFO | Total consolidado de acessos encontrados: 13
2026-06-17 11:19:24 | INFO | Projeto 'Ampliações 8° Ano SH 34 - km 116,150 + 126,500 - BR116/RJ' carregado para arvore. Groups=11 | UserLists=1 | Outros=1
2026-06-17 11:19:24 | INFO | Iniciando leitura da seguranca do projeto 'Ampliações 8° Ano SH 44' (ID: 145946)
2026-06-17 11:19:24 | INFO | Get-PWFolderSecurity retornou 14 item(ns).
2026-06-17 11:19:24 | INFO | Get-PWFolderTreeAccessObjects retornou 1 item(ns).
2026-06-17 11:19:24 | WARN | Cmdlet Get-PWProjectSecurity nao encontrado no ambiente. A leitura seguira apenas com FolderSecurity/TreeAccessObjects.
2026-06-17 11:19:24 | INFO | Total consolidado de acessos encontrados: 13
2026-06-17 11:19:24 | INFO | Projeto 'Ampliações 8° Ano SH 44 - km 84,400 + 95,580 - BR493/RJ' carregado para arvore. Groups=11 | UserLists=1 | Outros=1
2026-06-17 11:19:24 | INFO | Iniciando leitura da seguranca do projeto 'Ampliações 8° Ano SH 45' (ID: 146727)
2026-06-17 11:19:25 | INFO | Get-PWFolderSecurity retornou 14 item(ns).
2026-06-17 11:19:25 | INFO | Get-PWFolderTreeAccessObjects retornou 1 item(ns).
2026-06-17 11:19:25 | WARN | Cmdlet Get-PWProjectSecurity nao encontrado no ambiente. A leitura seguira apenas com FolderSecurity/TreeAccessObjects.
2026-06-17 11:19:25 | INFO | Total consolidado de acessos encontrados: 13
2026-06-17 11:19:25 | INFO | Projeto 'Ampliações 8° Ano SH 45 - km 95,580 + 96,800 - BR493/RJ' carregado para arvore. Groups=11 | UserLists=1 | Outros=1
2026-06-17 11:19:25 | INFO | Iniciando leitura da seguranca do projeto 'Ampliações 8° Ano SH 46' (ID: 147508)
2026-06-17 11:19:26 | INFO | Get-PWFolderSecurity retornou 14 item(ns).
2026-06-17 11:19:26 | INFO | Get-PWFolderTreeAccessObjects retornou 1 item(ns).
2026-06-17 11:19:26 | WARN | Cmdlet Get-PWProjectSecurity nao encontrado no ambiente. A leitura seguira apenas com FolderSecurity/TreeAccessObjects.
2026-06-17 11:19:26 | INFO | Total consolidado de acessos encontrados: 13
2026-06-17 11:19:26 | INFO | Projeto 'Ampliações 8° Ano SH 46 - km 96,800 + 98,520 - BR493/RJ' carregado para arvore. Groups=11 | UserLists=1 | Outros=1
2026-06-17 11:19:26 | INFO | Iniciando leitura da seguranca do projeto 'Ampliações 8° Ano SH 47' (ID: 148289)
2026-06-17 11:19:26 | INFO | Get-PWFolderSecurity retornou 14 item(ns).
2026-06-17 11:19:26 | INFO | Get-PWFolderTreeAccessObjects retornou 1 item(ns).
2026-06-17 11:19:26 | WARN | Cmdlet Get-PWProjectSecurity nao encontrado no ambiente. A leitura seguira apenas com FolderSecurity/TreeAccessObjects.
2026-06-17 11:19:26 | INFO | Total consolidado de acessos encontrados: 13
2026-06-17 11:19:26 | INFO | Projeto 'Ampliações 8° Ano SH 47 - km 98,520 + 120,130 - BR493/RJ' carregado para arvore. Groups=11 | UserLists=1 | Outros=1
2026-06-17 11:19:26 | INFO | Iniciando leitura da seguranca do projeto 'Ampliações 8° Ano SH 48' (ID: 149070)
2026-06-17 11:19:27 | INFO | Get-PWFolderSecurity retornou 14 item(ns).
2026-06-17 11:19:27 | INFO | Get-PWFolderTreeAccessObjects retornou 1 item(ns).
2026-06-17 11:19:27 | WARN | Cmdlet Get-PWProjectSecurity nao encontrado no ambiente. A leitura seguira apenas com FolderSecurity/TreeAccessObjects.
2026-06-17 11:19:27 | INFO | Total consolidado de acessos encontrados: 13
2026-06-17 11:19:27 | INFO | Projeto 'Ampliações 8° Ano SH 48 -  km 120,130 + 122,700 - BR493/RJ' carregado para arvore. Groups=11 | UserLists=1 | Outros=1
2026-06-17 11:19:27 | INFO | Iniciando leitura da seguranca do projeto 'Ampliações 8° Ano SH 59' (ID: 157664)
2026-06-17 11:19:27 | INFO | Get-PWFolderSecurity retornou 14 item(ns).
2026-06-17 11:19:27 | INFO | Get-PWFolderTreeAccessObjects retornou 1 item(ns).
2026-06-17 11:19:27 | WARN | Cmdlet Get-PWProjectSecurity nao encontrado no ambiente. A leitura seguira apenas com FolderSecurity/TreeAccessObjects.
2026-06-17 11:19:27 | INFO | Total consolidado de acessos encontrados: 13
2026-06-17 11:19:27 | INFO | Projeto 'Ampliações 8° Ano SH 59 - km 0,000 + 2,820 - BR465/RJ' carregado para arvore. Groups=11 | UserLists=1 | Outros=1
2026-06-17 11:19:27 | INFO | Iniciando leitura da seguranca do projeto 'Ampliações 8° Ano SH 60' (ID: 158447)
2026-06-17 11:19:28 | INFO | Get-PWFolderSecurity retornou 14 item(ns).
2026-06-17 11:19:28 | INFO | Get-PWFolderTreeAccessObjects retornou 1 item(ns).
2026-06-17 11:19:28 | WARN | Cmdlet Get-PWProjectSecurity nao encontrado no ambiente. A leitura seguira apenas com FolderSecurity/TreeAccessObjects.
2026-06-17 11:19:28 | INFO | Total consolidado de acessos encontrados: 13
2026-06-17 11:19:28 | INFO | Projeto 'Ampliações 8° Ano SH 60 -  km 2,820 + 5,910 - BR465/RJ' carregado para arvore. Groups=11 | UserLists=1 | Outros=1
2026-06-17 11:19:28 | INFO | Iniciando leitura da seguranca do projeto 'Ampliações 8° Ano SH 61' (ID: 159228)
2026-06-17 11:19:28 | INFO | Get-PWFolderSecurity retornou 14 item(ns).
2026-06-17 11:19:28 | INFO | Get-PWFolderTreeAccessObjects retornou 1 item(ns).
2026-06-17 11:19:28 | WARN | Cmdlet Get-PWProjectSecurity nao encontrado no ambiente. A leitura seguira apenas com FolderSecurity/TreeAccessObjects.
2026-06-17 11:19:28 | INFO | Total consolidado de acessos encontrados: 13
2026-06-17 11:19:28 | INFO | Projeto 'Ampliações 8° Ano SH 61 - km 5,910 + 8,000 - BR465/RJ' carregado para arvore. Groups=11 | UserLists=1 | Outros=1
2026-06-17 11:19:28 | INFO | Iniciando leitura da seguranca do projeto 'Ampliações 8° Ano SH 62' (ID: 160009)
2026-06-17 11:19:29 | INFO | Get-PWFolderSecurity retornou 14 item(ns).
2026-06-17 11:19:29 | INFO | Get-PWFolderTreeAccessObjects retornou 1 item(ns).
2026-06-17 11:19:29 | WARN | Cmdlet Get-PWProjectSecurity nao encontrado no ambiente. A leitura seguira apenas com FolderSecurity/TreeAccessObjects.
2026-06-17 11:19:29 | INFO | Total consolidado de acessos encontrados: 13
2026-06-17 11:19:29 | INFO | Projeto 'Ampliações 8° Ano SH 62 -  km 8,000 + 12,780 - BR465/RJ' carregado para arvore. Groups=11 | UserLists=1 | Outros=1
2026-06-17 11:19:29 | INFO | Iniciando leitura da seguranca do projeto 'Ampliações 8° Ano SH 63' (ID: 160790)
2026-06-17 11:19:30 | INFO | Get-PWFolderSecurity retornou 14 item(ns).
2026-06-17 11:19:30 | INFO | Get-PWFolderTreeAccessObjects retornou 1 item(ns).
2026-06-17 11:19:30 | WARN | Cmdlet Get-PWProjectSecurity nao encontrado no ambiente. A leitura seguira apenas com FolderSecurity/TreeAccessObjects.
2026-06-17 11:19:30 | INFO | Total consolidado de acessos encontrados: 13
2026-06-17 11:19:30 | INFO | Projeto 'Ampliações 8° Ano SH 63 - km 12,780 + 20,260 - BR465/RJ' carregado para arvore. Groups=11 | UserLists=1 | Outros=1
2026-06-17 11:19:30 | INFO | Iniciando leitura da seguranca do projeto 'Ampliações 8° Ano SH 64' (ID: 161571)
2026-06-17 11:19:30 | INFO | Get-PWFolderSecurity retornou 14 item(ns).
2026-06-17 11:19:30 | INFO | Get-PWFolderTreeAccessObjects retornou 1 item(ns).
2026-06-17 11:19:30 | WARN | Cmdlet Get-PWProjectSecurity nao encontrado no ambiente. A leitura seguira apenas com FolderSecurity/TreeAccessObjects.
2026-06-17 11:19:30 | INFO | Total consolidado de acessos encontrados: 13
2026-06-17 11:19:30 | INFO | Projeto 'Ampliações 8° Ano SH 64 - km 20,260 + 23,160 - BR465/RJ' carregado para arvore. Groups=11 | UserLists=1 | Outros=1
2026-06-17 11:19:30 | INFO | Iniciando leitura da seguranca do projeto 'BSO 1 - Alpercata' (ID: 404090)
2026-06-17 11:19:31 | INFO | Get-PWFolderSecurity retornou 14 item(ns).
2026-06-17 11:19:31 | INFO | Get-PWFolderTreeAccessObjects retornou 1 item(ns).
2026-06-17 11:19:31 | WARN | Cmdlet Get-PWProjectSecurity nao encontrado no ambiente. A leitura seguira apenas com FolderSecurity/TreeAccessObjects.
2026-06-17 11:19:31 | INFO | Total consolidado de acessos encontrados: 13
2026-06-17 11:19:31 | INFO | Projeto 'BSO 1 - Alpercata - BR-116/MG - km 420+830 - Sul' carregado para arvore. Groups=11 | UserLists=1 | Outros=1
2026-06-17 11:19:31 | INFO | Iniciando leitura da seguranca do projeto 'BSO 10 - Além Paraíba' (ID: 404808)
2026-06-17 11:19:32 | INFO | Get-PWFolderSecurity retornou 33 item(ns).
2026-06-17 11:19:32 | INFO | Get-PWFolderTreeAccessObjects retornou 1 item(ns).
2026-06-17 11:19:32 | WARN | Cmdlet Get-PWProjectSecurity nao encontrado no ambiente. A leitura seguira apenas com FolderSecurity/TreeAccessObjects.
2026-06-17 11:19:32 | INFO | Total consolidado de acessos encontrados: 22
2026-06-17 11:19:32 | INFO | Projeto 'BSO 10 - Além Paraíba - BR-116/MG - km 797+930 - Sul' carregado para arvore. Groups=20 | UserLists=1 | Outros=1
2026-06-17 11:19:32 | INFO | Iniciando leitura da seguranca do projeto 'BSO 11 - Sapucaia' (ID: 404959)
2026-06-17 11:19:33 | INFO | Get-PWFolderSecurity retornou 14 item(ns).
2026-06-17 11:19:33 | INFO | Get-PWFolderTreeAccessObjects retornou 1 item(ns).
2026-06-17 11:19:33 | WARN | Cmdlet Get-PWProjectSecurity nao encontrado no ambiente. A leitura seguira apenas com FolderSecurity/TreeAccessObjects.
2026-06-17 11:19:33 | INFO | Total consolidado de acessos encontrados: 13
2026-06-17 11:19:33 | INFO | Projeto 'BSO 11 - Sapucaia - BR-116/RJ  - km 29+900 - Norte' carregado para arvore. Groups=11 | UserLists=1 | Outros=1
2026-06-17 11:19:33 | INFO | Iniciando leitura da seguranca do projeto 'BSO 12 - Teresópolis' (ID: 405122)
2026-06-17 11:19:33 | INFO | Get-PWFolderSecurity retornou 14 item(ns).
2026-06-17 11:19:33 | INFO | Get-PWFolderTreeAccessObjects retornou 1 item(ns).
2026-06-17 11:19:33 | WARN | Cmdlet Get-PWProjectSecurity nao encontrado no ambiente. A leitura seguira apenas com FolderSecurity/TreeAccessObjects.
2026-06-17 11:19:33 | INFO | Total consolidado de acessos encontrados: 13
2026-06-17 11:19:33 | INFO | Projeto 'BSO 12 - Teresópolis - BR-116/RJ - km 77+800 - Sul' carregado para arvore. Groups=11 | UserLists=1 | Outros=1
2026-06-17 11:19:33 | INFO | Iniciando leitura da seguranca do projeto 'BSO 13 - Guapimirim' (ID: 405159)
2026-06-17 11:19:34 | INFO | Get-PWFolderSecurity retornou 14 item(ns).
2026-06-17 11:19:34 | INFO | Get-PWFolderTreeAccessObjects retornou 1 item(ns).
2026-06-17 11:19:34 | WARN | Cmdlet Get-PWProjectSecurity nao encontrado no ambiente. A leitura seguira apenas com FolderSecurity/TreeAccessObjects.
2026-06-17 11:19:34 | INFO | Total consolidado de acessos encontrados: 13
2026-06-17 11:19:34 | INFO | Projeto 'BSO 13 - Guapimirim - BR-116/RJ - km 109+190 - Sul' carregado para arvore. Groups=11 | UserLists=1 | Outros=1
2026-06-17 11:19:34 | INFO | Iniciando leitura da seguranca do projeto 'BSO 14 - Rio de Janeiro' (ID: 405197)
2026-06-17 11:19:34 | INFO | Get-PWFolderSecurity retornou 14 item(ns).
2026-06-17 11:19:34 | INFO | Get-PWFolderTreeAccessObjects retornou 1 item(ns).
2026-06-17 11:19:34 | WARN | Cmdlet Get-PWProjectSecurity nao encontrado no ambiente. A leitura seguira apenas com FolderSecurity/TreeAccessObjects.
2026-06-17 11:19:34 | INFO | Total consolidado de acessos encontrados: 13
2026-06-17 11:19:34 | INFO | Projeto 'BSO 14 - Rio de Janeiro - BR-116/RJ - km 172+000 - Sul' carregado para arvore. Groups=11 | UserLists=1 | Outros=1
2026-06-17 11:19:34 | INFO | Iniciando leitura da seguranca do projeto 'BSO 15 - Seropédica' (ID: 405234)
2026-06-17 11:19:35 | INFO | Get-PWFolderSecurity retornou 14 item(ns).
2026-06-17 11:19:35 | INFO | Get-PWFolderTreeAccessObjects retornou 1 item(ns).
2026-06-17 11:19:35 | WARN | Cmdlet Get-PWProjectSecurity nao encontrado no ambiente. A leitura seguira apenas com FolderSecurity/TreeAccessObjects.
2026-06-17 11:19:35 | INFO | Total consolidado de acessos encontrados: 13
2026-06-17 11:19:35 | INFO | Projeto 'BSO 15 - Seropédica - BR-116/RJ - km 211+670 - Sul' carregado para arvore. Groups=11 | UserLists=1 | Outros=1
2026-06-17 11:19:35 | INFO | Iniciando leitura da seguranca do projeto 'BSO 16 - Itaboraí' (ID: 405271)
2026-06-17 11:19:35 | INFO | Get-PWFolderSecurity retornou 14 item(ns).
2026-06-17 11:19:36 | INFO | Get-PWFolderTreeAccessObjects retornou 1 item(ns).
2026-06-17 11:19:36 | WARN | Cmdlet Get-PWProjectSecurity nao encontrado no ambiente. A leitura seguira apenas com FolderSecurity/TreeAccessObjects.
2026-06-17 11:19:36 | INFO | Total consolidado de acessos encontrados: 13
2026-06-17 11:19:36 | INFO | Projeto 'BSO 16 - Itaboraí - BR-493/RJ - km 7+040 - Sul' carregado para arvore. Groups=11 | UserLists=1 | Outros=1
2026-06-17 11:19:36 | INFO | Iniciando leitura da seguranca do projeto 'BSO 17 - Duque de Caxias' (ID: 405308)
2026-06-17 11:19:36 | INFO | Get-PWFolderSecurity retornou 14 item(ns).
2026-06-17 11:19:36 | INFO | Get-PWFolderTreeAccessObjects retornou 1 item(ns).
2026-06-17 11:19:36 | WARN | Cmdlet Get-PWProjectSecurity nao encontrado no ambiente. A leitura seguira apenas com FolderSecurity/TreeAccessObjects.
2026-06-17 11:19:36 | INFO | Total consolidado de acessos encontrados: 13
2026-06-17 11:19:36 | INFO | Projeto 'BSO 17 - Duque de Caxias - BR-493/RJ - km 51+180 - Sul' carregado para arvore. Groups=11 | UserLists=1 | Outros=1
2026-06-17 11:19:36 | INFO | Iniciando leitura da seguranca do projeto 'BSO 18 - Seropédica' (ID: 405345)
2026-06-17 11:19:37 | INFO | Get-PWFolderSecurity retornou 14 item(ns).
2026-06-17 11:19:37 | INFO | Get-PWFolderTreeAccessObjects retornou 1 item(ns).
2026-06-17 11:19:37 | WARN | Cmdlet Get-PWProjectSecurity nao encontrado no ambiente. A leitura seguira apenas com FolderSecurity/TreeAccessObjects.
2026-06-17 11:19:37 | INFO | Total consolidado de acessos encontrados: 13
2026-06-17 11:19:37 | INFO | Projeto 'BSO 18 - Seropédica - BR-465/RJ - km 10-720 - Norte' carregado para arvore. Groups=11 | UserLists=1 | Outros=1
2026-06-17 11:19:37 | INFO | Iniciando leitura da seguranca do projeto 'BSO 2 - Tarumirim' (ID: 404127)
2026-06-17 11:19:37 | INFO | Get-PWFolderSecurity retornou 14 item(ns).
2026-06-17 11:19:37 | INFO | Get-PWFolderTreeAccessObjects retornou 1 item(ns).
2026-06-17 11:19:37 | WARN | Cmdlet Get-PWProjectSecurity nao encontrado no ambiente. A leitura seguira apenas com FolderSecurity/TreeAccessObjects.
2026-06-17 11:19:37 | INFO | Total consolidado de acessos encontrados: 13
2026-06-17 11:19:37 | INFO | Projeto 'BSO 2 - Tarumirim - BR-116/MG - km 461+600 - Sul' carregado para arvore. Groups=11 | UserLists=1 | Outros=1
2026-06-17 11:19:37 | INFO | Iniciando leitura da seguranca do projeto 'BSO 3 - Ubaporanga' (ID: 404164)
2026-06-17 11:19:38 | INFO | Get-PWFolderSecurity retornou 14 item(ns).
2026-06-17 11:19:38 | INFO | Get-PWFolderTreeAccessObjects retornou 1 item(ns).
2026-06-17 11:19:38 | WARN | Cmdlet Get-PWProjectSecurity nao encontrado no ambiente. A leitura seguira apenas com FolderSecurity/TreeAccessObjects.
2026-06-17 11:19:38 | INFO | Total consolidado de acessos encontrados: 13
2026-06-17 11:19:38 | INFO | Projeto 'BSO 3 - Ubaporanga - BR-116/MG - km 511+130 - Norte' carregado para arvore. Groups=11 | UserLists=1 | Outros=1
2026-06-17 11:19:38 | INFO | Iniciando leitura da seguranca do projeto 'BSO 4 - Santa Bárbara do Leste' (ID: 404219)
2026-06-17 11:19:38 | INFO | Get-PWFolderSecurity retornou 1 item(ns).
2026-06-17 11:19:38 | INFO | Get-PWFolderTreeAccessObjects retornou 0 item(ns).
2026-06-17 11:19:38 | WARN | Cmdlet Get-PWProjectSecurity nao encontrado no ambiente. A leitura seguira apenas com FolderSecurity/TreeAccessObjects.
2026-06-17 11:19:38 | INFO | Total consolidado de acessos encontrados: 
2026-06-17 11:19:38 | WARN | Projeto 'BSO 4 - Santa Bárbara do Leste - BR-116/MG - km 549+320' retornou apenas 0 group(s) pela API. Tentando fallback por nome...
2026-06-17 11:19:49 | WARN | Fallback por nome encontrou 10 group(s) para projeto 'BSO 4 - Santa Bárbara do Leste - BR-116/MG - km 549+320'. Apelidos usados: bso 4 - santa barbara do leste - br-116/mg - km 549+320 | bso 4 - santa barbara do leste - br-116/mg | bso 4 - santa barbara do leste | bso 4 santa barbara do leste
2026-06-17 11:19:49 | WARN |     [GROUP INFERIDO] RM-BSO4-Santa Bárbara do Leste-ASSISTENTE ENG
2026-06-17 11:19:49 | WARN |     [GROUP INFERIDO] RM-BSO4-Santa Bárbara do Leste-CONSULTA TODAS REV
2026-06-17 11:19:49 | WARN |     [GROUP INFERIDO] RM-BSO4-Santa Bárbara do Leste-CONSULTA ULTIMA REV
2026-06-17 11:19:49 | WARN |     [GROUP INFERIDO] RM-BSO4-Santa Bárbara do Leste-ENG CONSULTA TODAS REV
2026-06-17 11:19:49 | WARN |     [GROUP INFERIDO] RM-BSO4-Santa Bárbara do Leste-ENG CONSULTA ULTIMA REV
2026-06-17 11:19:49 | WARN |     [GROUP INFERIDO] RM-BSO4-Santa Bárbara do Leste-ESPECIALISTA
2026-06-17 11:19:49 | WARN |     [GROUP INFERIDO] RM-BSO4-Santa Bárbara do Leste-GESTOR ENG
2026-06-17 11:19:49 | WARN |     [GROUP INFERIDO] RM-BSO4-Santa Bárbara do Leste-GESTOR UNIDADE
2026-06-17 11:19:49 | WARN |     [GROUP INFERIDO] RM-BSO4-Santa Bárbara do Leste-PODER CONCEDENTE
2026-06-17 11:19:49 | WARN |     [GROUP INFERIDO] RM-BSO4-Santa Bárbara do Leste-PROJETISTA
2026-06-17 11:19:49 | INFO | Projeto 'BSO 4 - Santa Bárbara do Leste - BR-116/MG - km 549+320' carregado para arvore. Groups=10 | UserLists=0 | Outros=1
2026-06-17 11:19:49 | INFO | Iniciando leitura da seguranca do projeto 'BSO 5 - Manhuaçu' (ID: 404340)
2026-06-17 11:19:50 | INFO | Get-PWFolderSecurity retornou 14 item(ns).
2026-06-17 11:19:50 | INFO | Get-PWFolderTreeAccessObjects retornou 1 item(ns).
2026-06-17 11:19:50 | WARN | Cmdlet Get-PWProjectSecurity nao encontrado no ambiente. A leitura seguira apenas com FolderSecurity/TreeAccessObjects.
2026-06-17 11:19:50 | INFO | Total consolidado de acessos encontrados: 13
2026-06-17 11:19:50 | INFO | Projeto 'BSO 5 - Manhuaçu - BR-116/MG - km 593+320 - Sul' carregado para arvore. Groups=11 | UserLists=1 | Outros=1
2026-06-17 11:19:50 | INFO | Iniciando leitura da seguranca do projeto 'BSO 6 - Divino' (ID: 404413)
2026-06-17 11:19:51 | INFO | Get-PWFolderSecurity retornou 14 item(ns).
2026-06-17 11:19:51 | INFO | Get-PWFolderTreeAccessObjects retornou 1 item(ns).
2026-06-17 11:19:51 | WARN | Cmdlet Get-PWProjectSecurity nao encontrado no ambiente. A leitura seguira apenas com FolderSecurity/TreeAccessObjects.
2026-06-17 11:19:51 | INFO | Total consolidado de acessos encontrados: 13
2026-06-17 11:19:51 | INFO | Projeto 'BSO 6 - Divino - BR-116/MG - km 632+850 - Sul' carregado para arvore. Groups=11 | UserLists=1 | Outros=1
2026-06-17 11:19:51 | INFO | Iniciando leitura da seguranca do projeto 'BSO 7 - Miradouro' (ID: 404450)
2026-06-17 11:19:52 | INFO | Get-PWFolderSecurity retornou 34 item(ns).
2026-06-17 11:19:52 | INFO | Get-PWFolderTreeAccessObjects retornou 1 item(ns).
2026-06-17 11:19:52 | WARN | Cmdlet Get-PWProjectSecurity nao encontrado no ambiente. A leitura seguira apenas com FolderSecurity/TreeAccessObjects.
2026-06-17 11:19:52 | INFO | Total consolidado de acessos encontrados: 23
2026-06-17 11:19:52 | INFO | Projeto 'BSO 7 - Miradouro - BR-116/MG - km 676+000 - Sul' carregado para arvore. Groups=21 | UserLists=1 | Outros=1
2026-06-17 11:19:52 | INFO | Iniciando leitura da seguranca do projeto 'BSO 8 - Muriaé' (ID: 404550)
2026-06-17 11:19:53 | INFO | Get-PWFolderSecurity retornou 35 item(ns).
2026-06-17 11:19:54 | INFO | Get-PWFolderTreeAccessObjects retornou 1 item(ns).
2026-06-17 11:19:54 | WARN | Cmdlet Get-PWProjectSecurity nao encontrado no ambiente. A leitura seguira apenas com FolderSecurity/TreeAccessObjects.
2026-06-17 11:19:54 | INFO | Total consolidado de acessos encontrados: 23
2026-06-17 11:19:54 | INFO | Projeto 'BSO 8 - Muriaé - BR-116/MG - km 714+540 - Norte' carregado para arvore. Groups=21 | UserLists=1 | Outros=1
2026-06-17 11:19:54 | INFO | Iniciando leitura da seguranca do projeto 'BSO 9 - Leopoldina' (ID: 404687)
2026-06-17 11:19:55 | INFO | Get-PWFolderSecurity retornou 33 item(ns).
2026-06-17 11:19:55 | INFO | Get-PWFolderTreeAccessObjects retornou 1 item(ns).
2026-06-17 11:19:55 | WARN | Cmdlet Get-PWProjectSecurity nao encontrado no ambiente. A leitura seguira apenas com FolderSecurity/TreeAccessObjects.
2026-06-17 11:19:55 | INFO | Total consolidado de acessos encontrados: 22
2026-06-17 11:19:55 | INFO | Projeto 'BSO 9 - Leopoldina - BR-116/MG - km 747+930 - Norte' carregado para arvore. Groups=20 | UserLists=1 | Outros=1
2026-06-17 11:19:55 | INFO | Iniciando leitura da seguranca do projeto 'BSO4-Santa Bárbara do Leste' (ID: 419949)
2026-06-17 11:19:55 | INFO | Get-PWFolderSecurity retornou 14 item(ns).
2026-06-17 11:19:55 | INFO | Get-PWFolderTreeAccessObjects retornou 1 item(ns).
2026-06-17 11:19:55 | WARN | Cmdlet Get-PWProjectSecurity nao encontrado no ambiente. A leitura seguira apenas com FolderSecurity/TreeAccessObjects.
2026-06-17 11:19:55 | INFO | Total consolidado de acessos encontrados: 13
2026-06-17 11:19:55 | INFO | Projeto 'BSO 4 - Santa Bárbara do Leste - BR-116/MG - km 549+320' carregado para arvore. Groups=11 | UserLists=1 | Outros=1
2026-06-17 11:19:55 | INFO | Iniciando leitura da seguranca do projeto 'HS-WIM 1 - Magé' (ID: 410019)
2026-06-17 11:19:56 | INFO | Get-PWFolderSecurity retornou 14 item(ns).
2026-06-17 11:19:56 | INFO | Get-PWFolderTreeAccessObjects retornou 1 item(ns).
2026-06-17 11:19:56 | WARN | Cmdlet Get-PWProjectSecurity nao encontrado no ambiente. A leitura seguira apenas com FolderSecurity/TreeAccessObjects.
2026-06-17 11:19:56 | INFO | Total consolidado de acessos encontrados: 13
2026-06-17 11:19:56 | INFO | Projeto 'HS-WIM 1 - Magé - km 133+000' carregado para arvore. Groups=11 | UserLists=1 | Outros=1
2026-06-17 11:19:56 | INFO | Iniciando leitura da seguranca do projeto 'HS-WIM 2 - Leopoldina' (ID: 410056)
2026-06-17 11:19:56 | INFO | Get-PWFolderSecurity retornou 14 item(ns).
2026-06-17 11:19:56 | INFO | Get-PWFolderTreeAccessObjects retornou 1 item(ns).
2026-06-17 11:19:56 | WARN | Cmdlet Get-PWProjectSecurity nao encontrado no ambiente. A leitura seguira apenas com FolderSecurity/TreeAccessObjects.
2026-06-17 11:19:56 | INFO | Total consolidado de acessos encontrados: 13
2026-06-17 11:19:56 | INFO | Projeto 'HS-WIM 2 - Leopoldina - km 750+350' carregado para arvore. Groups=11 | UserLists=1 | Outros=1
2026-06-17 11:19:56 | INFO | Iniciando leitura da seguranca do projeto 'HS-WIM 3 - Ale-Paraíba' (ID: 410093)
2026-06-17 11:19:57 | INFO | Get-PWFolderSecurity retornou 14 item(ns).
2026-06-17 11:19:57 | INFO | Get-PWFolderTreeAccessObjects retornou 1 item(ns).
2026-06-17 11:19:57 | WARN | Cmdlet Get-PWProjectSecurity nao encontrado no ambiente. A leitura seguira apenas com FolderSecurity/TreeAccessObjects.
2026-06-17 11:19:57 | INFO | Total consolidado de acessos encontrados: 13
2026-06-17 11:19:57 | INFO | Projeto 'HS-WIM 3 - Ale-Paraíba - km 802+200' carregado para arvore. Groups=11 | UserLists=1 | Outros=1
2026-06-17 11:19:57 | INFO | Iniciando leitura da seguranca do projeto 'Nova Praça P11' (ID: 401260)
2026-06-17 11:19:58 | INFO | Get-PWFolderSecurity retornou 14 item(ns).
2026-06-17 11:19:58 | INFO | Get-PWFolderTreeAccessObjects retornou 1 item(ns).
2026-06-17 11:19:58 | WARN | Cmdlet Get-PWProjectSecurity nao encontrado no ambiente. A leitura seguira apenas com FolderSecurity/TreeAccessObjects.
2026-06-17 11:19:58 | INFO | Total consolidado de acessos encontrados: 13
2026-06-17 11:19:58 | INFO | Projeto 'Nova Praça de Pedágio P11' carregado para arvore. Groups=11 | UserLists=1 | Outros=1
2026-06-17 11:19:58 | INFO | Iniciando leitura da seguranca do projeto 'Nova Praça P8' (ID: 401223)
2026-06-17 11:19:58 | INFO | Get-PWFolderSecurity retornou 14 item(ns).
2026-06-17 11:19:58 | INFO | Get-PWFolderTreeAccessObjects retornou 1 item(ns).
2026-06-17 11:19:58 | WARN | Cmdlet Get-PWProjectSecurity nao encontrado no ambiente. A leitura seguira apenas com FolderSecurity/TreeAccessObjects.
2026-06-17 11:19:58 | INFO | Total consolidado de acessos encontrados: 13
2026-06-17 11:19:58 | INFO | Projeto 'Nova Praça de Pedágio P8' carregado para arvore. Groups=11 | UserLists=1 | Outros=1
2026-06-17 11:19:58 | INFO | Iniciando leitura da seguranca do projeto 'PPD - km 215+600' (ID: 403828)
2026-06-17 11:19:59 | INFO | Get-PWFolderSecurity retornou 14 item(ns).
2026-06-17 11:19:59 | INFO | Get-PWFolderTreeAccessObjects retornou 1 item(ns).
2026-06-17 11:19:59 | WARN | Cmdlet Get-PWProjectSecurity nao encontrado no ambiente. A leitura seguira apenas com FolderSecurity/TreeAccessObjects.
2026-06-17 11:19:59 | INFO | Total consolidado de acessos encontrados: 13
2026-06-17 11:19:59 | INFO | Projeto 'PPD - km 215+600' carregado para arvore. Groups=11 | UserLists=1 | Outros=1
2026-06-17 11:19:59 | INFO | Iniciando leitura da seguranca do projeto 'PPD - km 513+600' (ID: 403931)
2026-06-17 11:19:59 | INFO | Get-PWFolderSecurity retornou 14 item(ns).
2026-06-17 11:19:59 | INFO | Get-PWFolderTreeAccessObjects retornou 1 item(ns).
2026-06-17 11:19:59 | WARN | Cmdlet Get-PWProjectSecurity nao encontrado no ambiente. A leitura seguira apenas com FolderSecurity/TreeAccessObjects.
2026-06-17 11:19:59 | INFO | Total consolidado de acessos encontrados: 13
2026-06-17 11:19:59 | INFO | Projeto 'PPD - km 513+600' carregado para arvore. Groups=11 | UserLists=1 | Outros=1
2026-06-17 11:19:59 | INFO | Iniciando leitura da seguranca do projeto 'Praça P10' (ID: 400993)
2026-06-17 11:20:00 | INFO | Get-PWFolderSecurity retornou 14 item(ns).
2026-06-17 11:20:00 | INFO | Get-PWFolderTreeAccessObjects retornou 1 item(ns).
2026-06-17 11:20:00 | WARN | Cmdlet Get-PWProjectSecurity nao encontrado no ambiente. A leitura seguira apenas com FolderSecurity/TreeAccessObjects.
2026-06-17 11:20:00 | INFO | Total consolidado de acessos encontrados: 13
2026-06-17 11:20:00 | INFO | Projeto 'Praça de Pedágio P10' carregado para arvore. Groups=11 | UserLists=1 | Outros=1
2026-06-17 11:20:00 | INFO | Iniciando leitura da seguranca do projeto 'Praça P11' (ID: 401034)
2026-06-17 11:20:01 | INFO | Get-PWFolderSecurity retornou 14 item(ns).
2026-06-17 11:20:01 | INFO | Get-PWFolderTreeAccessObjects retornou 1 item(ns).
2026-06-17 11:20:01 | WARN | Cmdlet Get-PWProjectSecurity nao encontrado no ambiente. A leitura seguira apenas com FolderSecurity/TreeAccessObjects.
2026-06-17 11:20:01 | INFO | Total consolidado de acessos encontrados: 13
2026-06-17 11:20:01 | INFO | Projeto 'Praça de Pedágio P11' carregado para arvore. Groups=11 | UserLists=1 | Outros=1
2026-06-17 11:20:01 | INFO | Iniciando leitura da seguranca do projeto 'Praça P12' (ID: 401071)
2026-06-17 11:20:01 | INFO | Get-PWFolderSecurity retornou 14 item(ns).
2026-06-17 11:20:01 | INFO | Get-PWFolderTreeAccessObjects retornou 1 item(ns).
2026-06-17 11:20:01 | WARN | Cmdlet Get-PWProjectSecurity nao encontrado no ambiente. A leitura seguira apenas com FolderSecurity/TreeAccessObjects.
2026-06-17 11:20:01 | INFO | Total consolidado de acessos encontrados: 13
2026-06-17 11:20:01 | INFO | Projeto 'Praça de Pedágio P12' carregado para arvore. Groups=11 | UserLists=1 | Outros=1
2026-06-17 11:20:01 | INFO | Iniciando leitura da seguranca do projeto 'Praça P13' (ID: 401108)
2026-06-17 11:20:02 | INFO | Get-PWFolderSecurity retornou 14 item(ns).
2026-06-17 11:20:02 | INFO | Get-PWFolderTreeAccessObjects retornou 1 item(ns).
2026-06-17 11:20:02 | WARN | Cmdlet Get-PWProjectSecurity nao encontrado no ambiente. A leitura seguira apenas com FolderSecurity/TreeAccessObjects.
2026-06-17 11:20:02 | INFO | Total consolidado de acessos encontrados: 13
2026-06-17 11:20:02 | INFO | Projeto 'Praça de Pedágio P13' carregado para arvore. Groups=11 | UserLists=1 | Outros=1
2026-06-17 11:20:02 | INFO | Iniciando leitura da seguranca do projeto 'Praça P14' (ID: 401147)
2026-06-17 11:20:02 | INFO | Get-PWFolderSecurity retornou 14 item(ns).
2026-06-17 11:20:02 | INFO | Get-PWFolderTreeAccessObjects retornou 1 item(ns).
2026-06-17 11:20:02 | WARN | Cmdlet Get-PWProjectSecurity nao encontrado no ambiente. A leitura seguira apenas com FolderSecurity/TreeAccessObjects.
2026-06-17 11:20:02 | INFO | Total consolidado de acessos encontrados: 13
2026-06-17 11:20:02 | INFO | Projeto 'Praça de Pedágio P14' carregado para arvore. Groups=11 | UserLists=1 | Outros=1
2026-06-17 11:20:02 | INFO | Iniciando leitura da seguranca do projeto 'Praça P15' (ID: 401184)
2026-06-17 11:20:03 | INFO | Get-PWFolderSecurity retornou 14 item(ns).
2026-06-17 11:20:03 | INFO | Get-PWFolderTreeAccessObjects retornou 1 item(ns).
2026-06-17 11:20:03 | WARN | Cmdlet Get-PWProjectSecurity nao encontrado no ambiente. A leitura seguira apenas com FolderSecurity/TreeAccessObjects.
2026-06-17 11:20:03 | INFO | Total consolidado de acessos encontrados: 13
2026-06-17 11:20:03 | INFO | Projeto 'Praça de Pedágio P15' carregado para arvore. Groups=11 | UserLists=1 | Outros=1
2026-06-17 11:20:03 | INFO | Iniciando leitura da seguranca do projeto 'Praça P6' (ID: 399872)
2026-06-17 11:20:03 | INFO | Get-PWFolderSecurity retornou 14 item(ns).
2026-06-17 11:20:03 | INFO | Get-PWFolderTreeAccessObjects retornou 1 item(ns).
2026-06-17 11:20:03 | WARN | Cmdlet Get-PWProjectSecurity nao encontrado no ambiente. A leitura seguira apenas com FolderSecurity/TreeAccessObjects.
2026-06-17 11:20:04 | INFO | Total consolidado de acessos encontrados: 13
2026-06-17 11:20:04 | INFO | Projeto 'Praça de Pedágio P6' carregado para arvore. Groups=11 | UserLists=1 | Outros=1
2026-06-17 11:20:04 | INFO | Iniciando leitura da seguranca do projeto 'Praça P7' (ID: 399960)
2026-06-17 11:20:04 | INFO | Get-PWFolderSecurity retornou 14 item(ns).
2026-06-17 11:20:04 | INFO | Get-PWFolderTreeAccessObjects retornou 1 item(ns).
2026-06-17 11:20:04 | WARN | Cmdlet Get-PWProjectSecurity nao encontrado no ambiente. A leitura seguira apenas com FolderSecurity/TreeAccessObjects.
2026-06-17 11:20:04 | INFO | Total consolidado de acessos encontrados: 13
2026-06-17 11:20:04 | INFO | Projeto 'Praça de Pedágio P7' carregado para arvore. Groups=11 | UserLists=1 | Outros=1
2026-06-17 11:20:04 | INFO | Iniciando leitura da seguranca do projeto 'Praça P8' (ID: 400918)
2026-06-17 11:20:05 | INFO | Get-PWFolderSecurity retornou 14 item(ns).
2026-06-17 11:20:05 | INFO | Get-PWFolderTreeAccessObjects retornou 1 item(ns).
2026-06-17 11:20:05 | WARN | Cmdlet Get-PWProjectSecurity nao encontrado no ambiente. A leitura seguira apenas com FolderSecurity/TreeAccessObjects.
2026-06-17 11:20:05 | INFO | Total consolidado de acessos encontrados: 13
2026-06-17 11:20:05 | INFO | Projeto 'Praça de Pedágio P8' carregado para arvore. Groups=11 | UserLists=1 | Outros=1
2026-06-17 11:20:05 | INFO | Iniciando leitura da seguranca do projeto 'Praça P9' (ID: 400955)
2026-06-17 11:20:05 | INFO | Get-PWFolderSecurity retornou 14 item(ns).
2026-06-17 11:20:05 | INFO | Get-PWFolderTreeAccessObjects retornou 1 item(ns).
2026-06-17 11:20:05 | WARN | Cmdlet Get-PWProjectSecurity nao encontrado no ambiente. A leitura seguira apenas com FolderSecurity/TreeAccessObjects.
2026-06-17 11:20:05 | INFO | Total consolidado de acessos encontrados: 13
2026-06-17 11:20:05 | INFO | Projeto 'Praça de Pedágio P9' carregado para arvore. Groups=11 | UserLists=1 | Outros=1
2026-06-17 11:20:05 | INFO | Iniciando leitura da seguranca do projeto 'PRF-1' (ID: 410463)
2026-06-17 11:20:06 | INFO | Get-PWFolderSecurity retornou 14 item(ns).
2026-06-17 11:20:06 | INFO | Get-PWFolderTreeAccessObjects retornou 1 item(ns).
2026-06-17 11:20:06 | WARN | Cmdlet Get-PWProjectSecurity nao encontrado no ambiente. A leitura seguira apenas com FolderSecurity/TreeAccessObjects.
2026-06-17 11:20:06 | INFO | Total consolidado de acessos encontrados: 13
2026-06-17 11:20:06 | INFO | Projeto 'PRF-1-RJ-074+300' carregado para arvore. Groups=11 | UserLists=1 | Outros=1
2026-06-17 11:20:06 | INFO | Iniciando leitura da seguranca do projeto 'PRF-11' (ID: 410611)
2026-06-17 11:20:06 | INFO | Get-PWFolderSecurity retornou 14 item(ns).
2026-06-17 11:20:06 | INFO | Get-PWFolderTreeAccessObjects retornou 1 item(ns).
2026-06-17 11:20:06 | WARN | Cmdlet Get-PWProjectSecurity nao encontrado no ambiente. A leitura seguira apenas com FolderSecurity/TreeAccessObjects.
2026-06-17 11:20:06 | INFO | Total consolidado de acessos encontrados: 13
2026-06-17 11:20:06 | INFO | Projeto 'PRF-11-MG-705+500' carregado para arvore. Groups=11 | UserLists=1 | Outros=1
2026-06-17 11:20:06 | INFO | Iniciando leitura da seguranca do projeto 'PRF-12' (ID: 410648)
2026-06-17 11:20:07 | INFO | Get-PWFolderSecurity retornou 14 item(ns).
2026-06-17 11:20:07 | INFO | Get-PWFolderTreeAccessObjects retornou 1 item(ns).
2026-06-17 11:20:07 | WARN | Cmdlet Get-PWProjectSecurity nao encontrado no ambiente. A leitura seguira apenas com FolderSecurity/TreeAccessObjects.
2026-06-17 11:20:07 | INFO | Total consolidado de acessos encontrados: 13
2026-06-17 11:20:07 | INFO | Projeto 'PRF-12-MG-771+250' carregado para arvore. Groups=11 | UserLists=1 | Outros=1
2026-06-17 11:20:07 | INFO | Iniciando leitura da seguranca do projeto 'PRF-3' (ID: 410500)
2026-06-17 11:20:08 | INFO | Get-PWFolderSecurity retornou 14 item(ns).
2026-06-17 11:20:08 | INFO | Get-PWFolderTreeAccessObjects retornou 1 item(ns).
2026-06-17 11:20:08 | WARN | Cmdlet Get-PWProjectSecurity nao encontrado no ambiente. A leitura seguira apenas com FolderSecurity/TreeAccessObjects.
2026-06-17 11:20:08 | INFO | Total consolidado de acessos encontrados: 13
2026-06-17 11:20:08 | INFO | Projeto 'PRF-3-RJ-127+000' carregado para arvore. Groups=11 | UserLists=1 | Outros=1
2026-06-17 11:20:08 | INFO | Iniciando leitura da seguranca do projeto 'PRF-8' (ID: 410537)
2026-06-17 11:20:08 | INFO | Get-PWFolderSecurity retornou 14 item(ns).
2026-06-17 11:20:08 | INFO | Get-PWFolderTreeAccessObjects retornou 1 item(ns).
2026-06-17 11:20:08 | WARN | Cmdlet Get-PWProjectSecurity nao encontrado no ambiente. A leitura seguira apenas com FolderSecurity/TreeAccessObjects.
2026-06-17 11:20:08 | INFO | Total consolidado de acessos encontrados: 13
2026-06-17 11:20:08 | INFO | Projeto 'PRF-8-MG-520+160' carregado para arvore. Groups=11 | UserLists=1 | Outros=1
2026-06-17 11:20:08 | INFO | Iniciando leitura da seguranca do projeto 'PRF-9' (ID: 410574)
2026-06-17 11:20:09 | INFO | Get-PWFolderSecurity retornou 14 item(ns).
2026-06-17 11:20:09 | INFO | Get-PWFolderTreeAccessObjects retornou 1 item(ns).
2026-06-17 11:20:09 | WARN | Cmdlet Get-PWProjectSecurity nao encontrado no ambiente. A leitura seguira apenas com FolderSecurity/TreeAccessObjects.
2026-06-17 11:20:09 | INFO | Total consolidado de acessos encontrados: 13
2026-06-17 11:20:09 | INFO | Projeto 'PRF-9-MG-589+000' carregado para arvore. Groups=11 | UserLists=1 | Outros=1
2026-06-17 11:20:49 | INFO | Resumo final da execução | Total=115 | Sucesso=115 | JaExiste=0 | Erro=0
2026-06-17 11:21:14 | INFO | Listando pastas da raiz por Root.
2026-06-17 11:21:14 | INFO | Listando filhos da pasta ID: 56
2026-06-17 11:21:17 | INFO | Listando filhos da pasta ID: 295
2026-06-17 11:21:17 | INFO | Listando filhos da pasta ID: 29522
2026-06-17 11:21:17 | INFO | Iniciando leitura da seguranca do projeto 'Arroio Contagem' (ID: 362957)
2026-06-17 11:21:18 | INFO | Get-PWFolderSecurity retornou 14 item(ns).
2026-06-17 11:21:18 | INFO | Get-PWFolderTreeAccessObjects retornou 1 item(ns).
2026-06-17 11:21:18 | WARN | Cmdlet Get-PWProjectSecurity nao encontrado no ambiente. A leitura seguira apenas com FolderSecurity/TreeAccessObjects.
2026-06-17 11:21:18 | INFO | Total consolidado de acessos encontrados: 13
2026-06-17 11:21:18 | INFO | Projeto 'Alteamento Ponte do Arroio Contagem - Km 502+380 - BR116/RS' carregado para arvore. Groups=11 | UserLists=1 | Outros=1
2026-06-17 11:21:18 | INFO | Iniciando leitura da seguranca do projeto 'Arroio Corrientes' (ID: 362921)
2026-06-17 11:21:18 | INFO | Get-PWFolderSecurity retornou 14 item(ns).
2026-06-17 11:21:18 | INFO | Get-PWFolderTreeAccessObjects retornou 1 item(ns).
2026-06-17 11:21:18 | WARN | Cmdlet Get-PWProjectSecurity nao encontrado no ambiente. A leitura seguira apenas com FolderSecurity/TreeAccessObjects.
2026-06-17 11:21:18 | INFO | Total consolidado de acessos encontrados: 13
2026-06-17 11:21:18 | INFO | Projeto 'Alteamento Ponte do Arroio Corrientes - Km 490+925 - BR116/RS' carregado para arvore. Groups=11 | UserLists=1 | Outros=1
2026-06-17 11:21:18 | INFO | Iniciando leitura da seguranca do projeto 'Arroio Viúva Tereza' (ID: 362885)
2026-06-17 11:21:19 | INFO | Get-PWFolderSecurity retornou 14 item(ns).
2026-06-17 11:21:19 | INFO | Get-PWFolderTreeAccessObjects retornou 1 item(ns).
2026-06-17 11:21:19 | WARN | Cmdlet Get-PWProjectSecurity nao encontrado no ambiente. A leitura seguira apenas com FolderSecurity/TreeAccessObjects.
2026-06-17 11:21:19 | INFO | Total consolidado de acessos encontrados: 13
2026-06-17 11:21:19 | INFO | Projeto 'Alteamento Ponte do Arroio Viúva Tereza - Km 470+944 - BR116/RS' carregado para arvore. Groups=11 | UserLists=1 | Outros=1
2026-06-17 11:21:45 | INFO | Resumo final da execução | Total=3 | Sucesso=3 | JaExiste=0 | Erro=0
2026-06-17 11:21:49 | INFO | Sessao encerrada com 'Undo-PWLogin'.
