Iniciando rotina: 10 - Gera GRD para Unidade...
Gera GRD para Unidade - simulação
Este fluxo cria a estrutura da GRD e importa a planilha de documentos no ProjectWise.
Código operacional: C:\Users\peter\OneDrive - Grupo Ecorodovias\Área de Trabalho\Scritps_novos\Scripts\ProjectWise\ExecucaoAutomaticaServidor\GeraGRDsDocumentosComUnidade.ps1
Modelo Excel: C:\ProgramData\Ecorodovias\GRD\Modelos\ModeloGRD.xlsx

[1/1] Simulando a geração das GRDs para as unidades...
[2026-07-31 16:43:45.030] [INFO] Início do processamento. O modo de operação será validado antes de qualquer gravação.
[2026-07-31 16:43:45.034] [INFO] Datasource: 01SSRV305.ECSC.ECORODOVIAS.CORP:ecorodovias-pw-01
[2026-07-31 16:43:45.035] [INFO] Usuário: admin
[2026-07-31 16:43:45.037] [INFO] Consulta direta por estado(s): Emitido pela Engenharia
[2026-07-31 16:43:45.038] [INFO] Versões anteriores: incluídas (-GetVersionsToo).
[2026-07-31 16:43:45.042] [INFO] Filtro de Unidade: todos
[2026-07-31 16:43:45.043] [INFO] Filtro de Projeto: todos
[2026-07-31 16:43:45.048] [INFO] Projetos excluídos: nenhum
[2026-07-31 16:43:45.049] [INFO] Limite local: nenhum; todos os resultados da pesquisa serão analisados.
[2026-07-31 16:43:45.051] [INFO] Modelo Excel: C:\ProgramData\Ecorodovias\GRD\Modelos\ModeloGRD.xlsx
[2026-07-31 16:43:45.052] [INFO] Diretório temporário desta execução: C:\ProgramData\Ecorodovias\GRD\Staging\20260731_164344
[2026-07-31 16:43:45.053] [INFO] Arquivo de log: C:\Users\peter\OneDrive - Grupo Ecorodovias\Área de Trabalho\Scritps_novos\Scripts\ProjectWise\Central de Scripts ProjectWise\Logs\10-GeraGRDUnidade\Operacional\GeraGRDsDocumentosComUnidade_20260731_164344.log
[2026-07-31 16:43:45.057] [INFO] Modo: SIMULAÇÃO.
[2026-07-31 16:43:45.060] [INFO] Validando pré-requisitos locais antes do login.
[2026-07-31 16:43:45.134] [INFO] Pré-requisitos locais validados: modelo Excel e módulo ImportExcel disponíveis.
[2026-07-31 16:43:45.135] [INFO] Iniciando login lógico no ProjectWise.
Security Protocol now set to TLS 1.2
PWPS_DAB Version is 24.0.2.0
This is a 64-bit process.
.Net Framework version OK (at least 4.8)
[2026-07-31 16:43:52.039] [INFO] Login no ProjectWise concluído.
[2026-07-31 16:43:52.041] [INFO] Iniciando consulta direta no ProjectWise.
[2026-07-31 16:43:57.053] [ANDAMENTO] 0 documento(s) localizado(s) em 00:00:05.
[2026-07-31 16:44:02.053] [ANDAMENTO] 37272 documento(s) localizado(s) em 00:00:10.
[2026-07-31 16:44:03.459] [INFO] Tempo total da consulta: 00:00:11.
[2026-07-31 16:44:03.464] [INFO] Consulta concluída. Itens recebidos pelo simulador: 54385.
[2026-07-31 16:44:04.685] [INFO] Documentos após os filtros locais: 54385.
[2026-07-31 16:44:04.693] [INFO] Agrupando documentos por PoderConcedente, Unidade e Projeto.
[2026-07-31 16:44:05.898] [INFO] Total de grupos encontrados: 232.
[2026-07-31 16:44:05.917] [INFO] Analisando grupo 'GRD-COM-ECA-Dispositivo ano 9' (ANTT) com 192 documento(s).
[2026-07-31 16:44:06.362] [INFO] Grupo 'GRD-COM-ECA-Dispositivo ano 9': GRD prevista 'GRD-COM-ECA-Dispositivo ano 9-0000003'; destino 'Engenharia\Ecovias Araguaia\Projetos\Dispositivo 9°Ano\0 - Documentos Gerais\Documentos com unidade\GRD-COM-ECA-Dispositivo ano 9-0000003'. Nenhuma pasta receberá ambiente.
[2026-07-31 16:44:08.241] [INFO] Excel local gerado para 'GRD-COM-ECA-Dispositivo ano 9': C:\ProgramData\Ecorodovias\GRD\Staging\20260731_164344\ANTT\GRD-COM-ECA-Dispositivo ano 9-0000003.xlsx
[2026-07-31 16:44:08.248] [INFO] Analisando grupo 'GRD-COM-ECA-Ampliações 6°Ano SH 16 e 17' (ANTT) com 1983 documento(s).
[2026-07-31 16:44:10.998] [INFO] Grupo 'GRD-COM-ECA-Ampliações 6°Ano SH 16 e 17': GRD prevista 'GRD-COM-ECA-Ampliações 6°Ano SH 16 e 17-0000003'; destino 'Engenharia\Ecovias Araguaia\Projetos\Ampliações 6°Ano SH 16 e 17\0 - Documentos Gerais\Documentos com unidade\GRD-COM-ECA-Ampliações 6°Ano SH 16 e 17-0000003'. Nenhuma pasta receberá ambiente.
[2026-07-31 16:44:11.597] [INFO] Excel local gerado para 'GRD-COM-ECA-Ampliações 6°Ano SH 16 e 17': C:\ProgramData\Ecorodovias\GRD\Staging\20260731_164344\ANTT\GRD-COM-ECA-Ampliações 6°Ano SH 16 e 17-0000003.xlsx
[2026-07-31 16:44:11.597] [INFO] Analisando grupo 'GRD-COM-ECA-Ampliações 6°Ano SH 23' (ANTT) com 2284 documento(s).
[2026-07-31 16:44:11.934] [INFO] Grupo 'GRD-COM-ECA-Ampliações 6°Ano SH 23': GRD prevista 'GRD-COM-ECA-Ampliações 6°Ano SH 23-0000003'; destino 'Engenharia\Ecovias Araguaia\Projetos\Ampliações 6°Ano SH 23\0 - Documentos Gerais\Documentos com unidade\GRD-COM-ECA-Ampliações 6°Ano SH 23-0000003'. Nenhuma pasta receberá ambiente.
[2026-07-31 16:44:12.434] [INFO] Excel local gerado para 'GRD-COM-ECA-Ampliações 6°Ano SH 23': C:\ProgramData\Ecorodovias\GRD\Staging\20260731_164344\ANTT\GRD-COM-ECA-Ampliações 6°Ano SH 23-0000003.xlsx
[2026-07-31 16:44:12.438] [INFO] Analisando grupo 'GRD-COM-ECA-Ampliações 4°Ano SH 14' (ANTT) com 534 documento(s).
[2026-07-31 16:44:12.777] [INFO] Grupo 'GRD-COM-ECA-Ampliações 4°Ano SH 14': GRD prevista 'GRD-COM-ECA-Ampliações 4°Ano SH 14-0000003'; destino 'Engenharia\Ecovias Araguaia\Projetos\Ampliações 4°Ano SH 14\0 - Documentos Gerais\Documentos com unidade\GRD-COM-ECA-Ampliações 4°Ano SH 14-0000003'. Nenhuma pasta receberá ambiente.
[2026-07-31 16:44:13.138] [INFO] Excel local gerado para 'GRD-COM-ECA-Ampliações 4°Ano SH 14': C:\ProgramData\Ecorodovias\GRD\Staging\20260731_164344\ANTT\GRD-COM-ECA-Ampliações 4°Ano SH 14-0000003.xlsx
[2026-07-31 16:44:13.142] [INFO] Analisando grupo 'GRD-COM-ECA-Acesso 3°Ano 355+900' (ANTT) com 116 documento(s).
[2026-07-31 16:44:13.413] [INFO] Grupo 'GRD-COM-ECA-Acesso 3°Ano 355+900': GRD prevista 'GRD-COM-ECA-Acesso 3°Ano 355+900-0000003'; destino 'Engenharia\Ecovias Araguaia\Projetos\Acesso 3°Ano 355+900\0 - Documentos Gerais\Documentos com unidade\GRD-COM-ECA-Acesso 3°Ano 355+900-0000003'. Nenhuma pasta receberá ambiente.
[2026-07-31 16:44:13.750] [INFO] Excel local gerado para 'GRD-COM-ECA-Acesso 3°Ano 355+900': C:\ProgramData\Ecorodovias\GRD\Staging\20260731_164344\ANTT\GRD-COM-ECA-Acesso 3°Ano 355+900-0000003.xlsx
[2026-07-31 16:44:13.750] [INFO] Analisando grupo 'GRD-COM-ECA-Acesso 4°Ano 274+950' (ANTT) com 204 documento(s).
[2026-07-31 16:44:14.101] [INFO] Grupo 'GRD-COM-ECA-Acesso 4°Ano 274+950': GRD prevista 'GRD-COM-ECA-Acesso 4°Ano 274+950-0000003'; destino 'Engenharia\Ecovias Araguaia\Projetos\Acesso 4°Ano 274+950\0 - Documentos Gerais\Documentos com unidade\GRD-COM-ECA-Acesso 4°Ano 274+950-0000003'. Nenhuma pasta receberá ambiente.
[2026-07-31 16:44:14.327] [INFO] Excel local gerado para 'GRD-COM-ECA-Acesso 4°Ano 274+950': C:\ProgramData\Ecorodovias\GRD\Staging\20260731_164344\ANTT\GRD-COM-ECA-Acesso 4°Ano 274+950-0000003.xlsx
[2026-07-31 16:44:14.327] [INFO] Analisando grupo 'GRD-COM-ECA-Acesso 3°Ano 375+800' (ANTT) com 180 documento(s).
[2026-07-31 16:44:14.888] [INFO] Grupo 'GRD-COM-ECA-Acesso 3°Ano 375+800': GRD prevista 'GRD-COM-ECA-Acesso 3°Ano 375+800-0000003'; destino 'Engenharia\Ecovias Araguaia\Projetos\Acesso 3°Ano 375+800\0 - Documentos Gerais\Documentos com unidade\GRD-COM-ECA-Acesso 3°Ano 375+800-0000003'. Nenhuma pasta receberá ambiente.
[2026-07-31 16:44:15.175] [INFO] Excel local gerado para 'GRD-COM-ECA-Acesso 3°Ano 375+800': C:\ProgramData\Ecorodovias\GRD\Staging\20260731_164344\ANTT\GRD-COM-ECA-Acesso 3°Ano 375+800-0000003.xlsx
[2026-07-31 16:44:15.175] [INFO] Analisando grupo 'GRD-COM-ECA-Acesso 3°Ano 397+050' (ANTT) com 169 documento(s).
[2026-07-31 16:44:15.617] [INFO] Grupo 'GRD-COM-ECA-Acesso 3°Ano 397+050': GRD prevista 'GRD-COM-ECA-Acesso 3°Ano 397+050-0000003'; destino 'Engenharia\Ecovias Araguaia\Projetos\Acesso 3°Ano 397+050\0 - Documentos Gerais\Documentos com unidade\GRD-COM-ECA-Acesso 3°Ano 397+050-0000003'. Nenhuma pasta receberá ambiente.
[2026-07-31 16:44:15.957] [INFO] Excel local gerado para 'GRD-COM-ECA-Acesso 3°Ano 397+050': C:\ProgramData\Ecorodovias\GRD\Staging\20260731_164344\ANTT\GRD-COM-ECA-Acesso 3°Ano 397+050-0000003.xlsx
[2026-07-31 16:44:15.957] [INFO] Analisando grupo 'GRD-COM-ECA-Acesso 3°Ano 321+900' (ANTT) com 11 documento(s).
[2026-07-31 16:44:16.393] [INFO] Grupo 'GRD-COM-ECA-Acesso 3°Ano 321+900': GRD prevista 'GRD-COM-ECA-Acesso 3°Ano 321+900-0000003'; destino 'Engenharia\Ecovias Araguaia\Projetos\Acesso 3°Ano 321+900\0 - Documentos Gerais\Documentos com unidade\GRD-COM-ECA-Acesso 3°Ano 321+900-0000003'. Nenhuma pasta receberá ambiente.
[2026-07-31 16:44:16.705] [INFO] Excel local gerado para 'GRD-COM-ECA-Acesso 3°Ano 321+900': C:\ProgramData\Ecorodovias\GRD\Staging\20260731_164344\ANTT\GRD-COM-ECA-Acesso 3°Ano 321+900-0000003.xlsx
[2026-07-31 16:44:16.705] [INFO] Analisando grupo 'GRD-COM-ECA-Acesso 4°Ano 303+820' (ANTT) com 170 documento(s).
[2026-07-31 16:44:17.143] [INFO] Grupo 'GRD-COM-ECA-Acesso 4°Ano 303+820': GRD prevista 'GRD-COM-ECA-Acesso 4°Ano 303+820-0000003'; destino 'Engenharia\Ecovias Araguaia\Projetos\Acesso 4°Ano 303+820\0 - Documentos Gerais\Documentos com unidade\GRD-COM-ECA-Acesso 4°Ano 303+820-0000003'. Nenhuma pasta receberá ambiente.
[2026-07-31 16:44:17.555] [INFO] Excel local gerado para 'GRD-COM-ECA-Acesso 4°Ano 303+820': C:\ProgramData\Ecorodovias\GRD\Staging\20260731_164344\ANTT\GRD-COM-ECA-Acesso 4°Ano 303+820-0000003.xlsx
[2026-07-31 16:44:17.558] [INFO] Analisando grupo 'GRD-COM-ECA-Ampliações 5°Ano SH 18 e 19' (ANTT) com 1812 documento(s).
[2026-07-31 16:44:18.291] [INFO] Grupo 'GRD-COM-ECA-Ampliações 5°Ano SH 18 e 19': GRD prevista 'GRD-COM-ECA-Ampliações 5°Ano SH 18 e 19-0000003'; destino 'Engenharia\Ecovias Araguaia\Projetos\Ampliações 5°Ano SH 18 e 19\0 - Documentos Gerais\Documentos com unidade\GRD-COM-ECA-Ampliações 5°Ano SH 18 e 19-0000003'. Nenhuma pasta receberá ambiente.
[2026-07-31 16:44:18.758] [INFO] Excel local gerado para 'GRD-COM-ECA-Ampliações 5°Ano SH 18 e 19': C:\ProgramData\Ecorodovias\GRD\Staging\20260731_164344\ANTT\GRD-COM-ECA-Ampliações 5°Ano SH 18 e 19-0000003.xlsx
[2026-07-31 16:44:18.761] [INFO] Analisando grupo 'GRD-COM-ECA-Acesso 5°Ano 265+320' (ANTT) com 130 documento(s).
[2026-07-31 16:44:19.197] [INFO] Grupo 'GRD-COM-ECA-Acesso 5°Ano 265+320': GRD prevista 'GRD-COM-ECA-Acesso 5°Ano 265+320-0000003'; destino 'Engenharia\Ecovias Araguaia\Projetos\Acesso 5°Ano 265+320\0 - Documentos Gerais\Documentos com unidade\GRD-COM-ECA-Acesso 5°Ano 265+320-0000003'. Nenhuma pasta receberá ambiente.
[2026-07-31 16:44:19.490] [INFO] Excel local gerado para 'GRD-COM-ECA-Acesso 5°Ano 265+320': C:\ProgramData\Ecorodovias\GRD\Staging\20260731_164344\ANTT\GRD-COM-ECA-Acesso 5°Ano 265+320-0000003.xlsx
[2026-07-31 16:44:19.492] [INFO] Analisando grupo 'GRD-COM-ECA-Ampliações 7°Ano SH 15' (ANTT) com 691 documento(s).
[2026-07-31 16:44:19.972] [INFO] Grupo 'GRD-COM-ECA-Ampliações 7°Ano SH 15': GRD prevista 'GRD-COM-ECA-Ampliações 7°Ano SH 15-0000003'; destino 'Engenharia\Ecovias Araguaia\Projetos\Ampliações 7°Ano SH 15\0 - Documentos Gerais\Documentos com unidade\GRD-COM-ECA-Ampliações 7°Ano SH 15-0000003'. Nenhuma pasta receberá ambiente.
[2026-07-31 16:44:20.276] [INFO] Excel local gerado para 'GRD-COM-ECA-Ampliações 7°Ano SH 15': C:\ProgramData\Ecorodovias\GRD\Staging\20260731_164344\ANTT\GRD-COM-ECA-Ampliações 7°Ano SH 15-0000003.xlsx
[2026-07-31 16:44:20.279] [INFO] Analisando grupo 'GRD-COM-ECA-Ampliações 5°Ano SH 2' (ANTT) com 1098 documento(s).
[2026-07-31 16:44:20.698] [INFO] Grupo 'GRD-COM-ECA-Ampliações 5°Ano SH 2': GRD prevista 'GRD-COM-ECA-Ampliações 5°Ano SH 2-0000003'; destino 'Engenharia\Ecovias Araguaia\Projetos\Ampliações 5°Ano SH 2\0 - Documentos Gerais\Documentos com unidade\GRD-COM-ECA-Ampliações 5°Ano SH 2-0000003'. Nenhuma pasta receberá ambiente.
[2026-07-31 16:44:21.173] [INFO] Excel local gerado para 'GRD-COM-ECA-Ampliações 5°Ano SH 2': C:\ProgramData\Ecorodovias\GRD\Staging\20260731_164344\ANTT\GRD-COM-ECA-Ampliações 5°Ano SH 2-0000003.xlsx
[2026-07-31 16:44:21.175] [INFO] Analisando grupo 'GRD-COM-ECA-Acesso 6°Ano 693+000' (ANTT) com 76 documento(s).
[2026-07-31 16:44:22.794] [INFO] Grupo 'GRD-COM-ECA-Acesso 6°Ano 693+000': GRD prevista 'GRD-COM-ECA-Acesso 6°Ano 693+000-0000003'; destino 'Engenharia\Ecovias Araguaia\Projetos\Acesso 6°Ano 693+000\0 - Documentos Gerais\Documentos com unidade\GRD-COM-ECA-Acesso 6°Ano 693+000-0000003'. Nenhuma pasta receberá ambiente.
[2026-07-31 16:44:23.109] [INFO] Excel local gerado para 'GRD-COM-ECA-Acesso 6°Ano 693+000': C:\ProgramData\Ecorodovias\GRD\Staging\20260731_164344\ANTT\GRD-COM-ECA-Acesso 6°Ano 693+000-0000003.xlsx
[2026-07-31 16:44:23.111] [INFO] Analisando grupo 'GRD-COM-ECA-Ampliações 23°Ano SH 6' (ANTT) com 401 documento(s).
[2026-07-31 16:44:23.450] [INFO] Grupo 'GRD-COM-ECA-Ampliações 23°Ano SH 6': GRD prevista 'GRD-COM-ECA-Ampliações 23°Ano SH 6-0000003'; destino 'Engenharia\Ecovias Araguaia\Projetos\Ampliações 23°Ano SH 6\0 - Documentos Gerais\Documentos com unidade\GRD-COM-ECA-Ampliações 23°Ano SH 6-0000003'. Nenhuma pasta receberá ambiente.
[2026-07-31 16:44:23.801] [INFO] Excel local gerado para 'GRD-COM-ECA-Ampliações 23°Ano SH 6': C:\ProgramData\Ecorodovias\GRD\Staging\20260731_164344\ANTT\GRD-COM-ECA-Ampliações 23°Ano SH 6-0000003.xlsx
[2026-07-31 16:44:23.803] [INFO] Analisando grupo 'GRD-COM-ECA-Ampliações 3°Ano SH 1,5' (ANTT) com 229 documento(s).
[2026-07-31 16:44:24.096] [INFO] Grupo 'GRD-COM-ECA-Ampliações 3°Ano SH 1,5': GRD prevista 'GRD-COM-ECA-Ampliações 3°Ano SH 1,5-0000003'; destino 'Engenharia\Ecovias Araguaia\Projetos\Ampliações 3°Ano SH 1,5\0 - Documentos Gerais\Documentos com unidade\GRD-COM-ECA-Ampliações 3°Ano SH 1,5-0000003'. Nenhuma pasta receberá ambiente.
[2026-07-31 16:44:24.421] [INFO] Excel local gerado para 'GRD-COM-ECA-Ampliações 3°Ano SH 1,5': C:\ProgramData\Ecorodovias\GRD\Staging\20260731_164344\ANTT\GRD-COM-ECA-Ampliações 3°Ano SH 1,5-0000003.xlsx
[2026-07-31 16:44:24.421] [INFO] Analisando grupo 'GRD-COM-ECA-Ampliações 5°Ano SH 22' (ANTT) com 364 documento(s).
[2026-07-31 16:44:24.747] [INFO] Grupo 'GRD-COM-ECA-Ampliações 5°Ano SH 22': GRD prevista 'GRD-COM-ECA-Ampliações 5°Ano SH 22-0000003'; destino 'Engenharia\Ecovias Araguaia\Projetos\Ampliações 5°Ano SH 22\0 - Documentos Gerais\Documentos com unidade\GRD-COM-ECA-Ampliações 5°Ano SH 22-0000003'. Nenhuma pasta receberá ambiente.
[2026-07-31 16:44:25.065] [INFO] Excel local gerado para 'GRD-COM-ECA-Ampliações 5°Ano SH 22': C:\ProgramData\Ecorodovias\GRD\Staging\20260731_164344\ANTT\GRD-COM-ECA-Ampliações 5°Ano SH 22-0000003.xlsx
[2026-07-31 16:44:25.065] [INFO] Analisando grupo 'GRD-COM-ECA-Ampliações 4°Ano SH 5* e 6*' (ANTT) com 82 documento(s).
[2026-07-31 16:44:25.683] [INFO] Grupo 'GRD-COM-ECA-Ampliações 4°Ano SH 5* e 6*': GRD prevista 'GRD-COM-ECA-Ampliações 4°Ano SH 5* e 6*-0000003'; destino 'Engenharia\Ecovias Araguaia\Projetos\Ampliações 4°Ano SH 5* e 6*\0 - Documentos Gerais\Documentos com unidade\GRD-COM-ECA-Ampliações 4°Ano SH 5* e 6*-0000003'. Nenhuma pasta receberá ambiente.
[2026-07-31 16:44:25.975] [INFO] Excel local gerado para 'GRD-COM-ECA-Ampliações 4°Ano SH 5* e 6*': C:\ProgramData\Ecorodovias\GRD\Staging\20260731_164344\ANTT\GRD-COM-ECA-Ampliações 4°Ano SH 5_ e 6_-0000003.xlsx
[2026-07-31 16:44:25.977] [INFO] Analisando grupo 'GRD-COM-ECA-Ampliações 4°Ano SH 20 e 21' (ANTT) com 960 documento(s).
[2026-07-31 16:44:26.221] [INFO] Grupo 'GRD-COM-ECA-Ampliações 4°Ano SH 20 e 21': GRD prevista 'GRD-COM-ECA-Ampliações 4°Ano SH 20 e 21-0000003'; destino 'Engenharia\Ecovias Araguaia\Projetos\Ampliações 4°Ano SH 20 e 21\0 - Documentos Gerais\Documentos com unidade\GRD-COM-ECA-Ampliações 4°Ano SH 20 e 21-0000003'. Nenhuma pasta receberá ambiente.
[2026-07-31 16:44:26.651] [INFO] Excel local gerado para 'GRD-COM-ECA-Ampliações 4°Ano SH 20 e 21': C:\ProgramData\Ecorodovias\GRD\Staging\20260731_164344\ANTT\GRD-COM-ECA-Ampliações 4°Ano SH 20 e 21-0000003.xlsx
[2026-07-31 16:44:26.653] [INFO] Analisando grupo 'GRD-COM-ECA-Ampliações 4°Ano SH 4*' (ANTT) com 280 documento(s).
[2026-07-31 16:44:26.944] [INFO] Grupo 'GRD-COM-ECA-Ampliações 4°Ano SH 4*': GRD prevista 'GRD-COM-ECA-Ampliações 4°Ano SH 4*-0000003'; destino 'Engenharia\Ecovias Araguaia\Projetos\Ampliações 4°Ano SH 4*\0 - Documentos Gerais\Documentos com unidade\GRD-COM-ECA-Ampliações 4°Ano SH 4*-0000003'. Nenhuma pasta receberá ambiente.
[2026-07-31 16:44:27.164] [INFO] Excel local gerado para 'GRD-COM-ECA-Ampliações 4°Ano SH 4*': C:\ProgramData\Ecorodovias\GRD\Staging\20260731_164344\ANTT\GRD-COM-ECA-Ampliações 4°Ano SH 4_-0000003.xlsx
[2026-07-31 16:44:27.166] [INFO] Analisando grupo 'GRD-COM-ECA-Ampliações 4°Ano SH 4' (ANTT) com 48 documento(s).
[2026-07-31 16:44:28.537] [INFO] Grupo 'GRD-COM-ECA-Ampliações 4°Ano SH 4': GRD prevista 'GRD-COM-ECA-Ampliações 4°Ano SH 4-0000003'; destino 'Engenharia\Ecovias Araguaia\Projetos\Ampliações 4°Ano SH 4*\0 - Documentos Gerais\Documentos com unidade\GRD-COM-ECA-Ampliações 4°Ano SH 4-0000003'. Nenhuma pasta receberá ambiente.
[2026-07-31 16:44:28.940] [INFO] Excel local gerado para 'GRD-COM-ECA-Ampliações 4°Ano SH 4': C:\ProgramData\Ecorodovias\GRD\Staging\20260731_164344\ANTT\GRD-COM-ECA-Ampliações 4°Ano SH 4-0000003.xlsx
[2026-07-31 16:44:28.942] [INFO] Analisando grupo 'GRD-COM-ECA-Retornos em “U” 20' (ANTT) com 360 documento(s).
[2026-07-31 16:44:29.324] [INFO] Grupo 'GRD-COM-ECA-Retornos em “U” 20': GRD prevista 'GRD-COM-ECA-Retornos em “U” 20-0000003'; destino 'Engenharia\Ecovias Araguaia\Projetos\Retornos em “U” 20\0 - Documentos Gerais\Documentos com unidade\GRD-COM-ECA-Retornos em “U” 20-0000003'. Nenhuma pasta receberá ambiente.
[2026-07-31 16:44:29.671] [INFO] Excel local gerado para 'GRD-COM-ECA-Retornos em “U” 20': C:\ProgramData\Ecorodovias\GRD\Staging\20260731_164344\ANTT\GRD-COM-ECA-Retornos em “U” 20-0000003.xlsx
[2026-07-31 16:44:29.673] [INFO] Analisando grupo 'GRD-COM-ECA-Ampliações 4°Ano SH 3* e 4*' (ANTT) com 368 documento(s).
[2026-07-31 16:44:30.301] [INFO] Grupo 'GRD-COM-ECA-Ampliações 4°Ano SH 3* e 4*': GRD prevista 'GRD-COM-ECA-Ampliações 4°Ano SH 3* e 4*-0000003'; destino 'Engenharia\Ecovias Araguaia\Projetos\Ampliações 4°Ano SH 3* e 4*\0 - Documentos Gerais\Documentos com unidade\GRD-COM-ECA-Ampliações 4°Ano SH 3* e 4*-0000003'. Nenhuma pasta receberá ambiente.
[2026-07-31 16:44:30.649] [INFO] Excel local gerado para 'GRD-COM-ECA-Ampliações 4°Ano SH 3* e 4*': C:\ProgramData\Ecorodovias\GRD\Staging\20260731_164344\ANTT\GRD-COM-ECA-Ampliações 4°Ano SH 3_ e 4_-0000003.xlsx
[2026-07-31 16:44:30.651] [INFO] Analisando grupo 'GRD-COM-ECA-Ampliações 3° Ano SH 1' (ANTT) com 463 documento(s).
[2026-07-31 16:44:31.055] [INFO] Grupo 'GRD-COM-ECA-Ampliações 3° Ano SH 1': GRD prevista 'GRD-COM-ECA-Ampliações 3° Ano SH 1-0000003'; destino 'Engenharia\Ecovias Araguaia\Projetos\Ampliações 3° Ano SH 1\0 - Documentos Gerais\Documentos com unidade\GRD-COM-ECA-Ampliações 3° Ano SH 1-0000003'. Nenhuma pasta receberá ambiente.
[2026-07-31 16:44:31.399] [INFO] Excel local gerado para 'GRD-COM-ECA-Ampliações 3° Ano SH 1': C:\ProgramData\Ecorodovias\GRD\Staging\20260731_164344\ANTT\GRD-COM-ECA-Ampliações 3° Ano SH 1-0000003.xlsx
[2026-07-31 16:44:31.403] [INFO] Analisando grupo 'GRD-COM-ENM-Retorno km 386' (ANTT) com 112 documento(s).
[2026-07-31 16:44:31.884] [INFO] Grupo 'GRD-COM-ENM-Retorno km 386': GRD prevista 'GRD-COM-ENM-Retorno km 386-0000003'; destino 'Engenharia\Ecovias Norte Minas\Projetos\Retorno km 386\0 - Documentos Gerais\Documentos com unidade\GRD-COM-ENM-Retorno km 386-0000003'. Nenhuma pasta receberá ambiente.
[2026-07-31 16:44:32.246] [INFO] Excel local gerado para 'GRD-COM-ENM-Retorno km 386': C:\ProgramData\Ecorodovias\GRD\Staging\20260731_164344\ANTT\GRD-COM-ENM-Retorno km 386-0000003.xlsx
[2026-07-31 16:44:32.249] [INFO] Analisando grupo 'GRD-COM-EC5-Retorno km 386' (ANTT) com 2 documento(s).
[2026-07-31 16:44:32.790] [INFO] Grupo 'GRD-COM-EC5-Retorno km 386': GRD prevista 'GRD-COM-EC5-Retorno km 386-0000003'; destino 'Engenharia\Ecovias Norte Minas\Projetos\Retorno km 386\0 - Documentos Gerais\Documentos com unidade\GRD-COM-EC5-Retorno km 386-0000003'. Nenhuma pasta receberá ambiente.
[2026-07-31 16:44:32.994] [INFO] Excel local gerado para 'GRD-COM-EC5-Retorno km 386': C:\ProgramData\Ecorodovias\GRD\Staging\20260731_164344\ANTT\GRD-COM-EC5-Retorno km 386-0000003.xlsx
[2026-07-31 16:44:32.997] [INFO] Analisando grupo 'GRD-COM-EC1-Contorno de Ibiraçu' (ANTT) com 898 documento(s).
[2026-07-31 16:44:33.676] [INFO] Grupo 'GRD-COM-EC1-Contorno de Ibiraçu': GRD prevista 'GRD-COM-EC1-Contorno de Ibiraçu-0000003'; destino 'Engenharia\Ecovias Capixaba\Projetos\Contorno de Ibiraçu\0 - Documentos Gerais\Documentos com unidade\GRD-COM-EC1-Contorno de Ibiraçu-0000003'. Nenhuma pasta receberá ambiente.
[2026-07-31 16:44:33.968] [INFO] Excel local gerado para 'GRD-COM-EC1-Contorno de Ibiraçu': C:\ProgramData\Ecorodovias\GRD\Staging\20260731_164344\ANTT\GRD-COM-EC1-Contorno de Ibiraçu-0000003.xlsx
[2026-07-31 16:44:33.970] [INFO] Analisando grupo 'GRD-COM-E050-Escape km 56+100' (ANTT) com 186 documento(s).
[2026-07-31 16:44:34.830] [INFO] Grupo 'GRD-COM-E050-Escape km 56+100': GRD prevista 'GRD-COM-E050-Escape km 56+100-0000003'; destino 'Engenharia\Ecovias Minas Goiás\Projetos\Escape km 56+100\0 - Documentos Gerais\Documentos com unidade\GRD-COM-E050-Escape km 56+100-0000003'. Nenhuma pasta receberá ambiente.
[2026-07-31 16:44:35.076] [INFO] Excel local gerado para 'GRD-COM-E050-Escape km 56+100': C:\ProgramData\Ecorodovias\GRD\Staging\20260731_164344\ANTT\GRD-COM-E050-Escape km 56+100-0000003.xlsx
[2026-07-31 16:44:35.077] [INFO] Analisando grupo 'GRD-COM-EC1-Contorno de Fundão' (ANTT) com 1773 documento(s).
[2026-07-31 16:44:35.795] [INFO] Grupo 'GRD-COM-EC1-Contorno de Fundão': GRD prevista 'GRD-COM-EC1-Contorno de Fundão-0000003'; destino 'Engenharia\Ecovias Capixaba\Projetos\Contorno de Fundão\0 - Documentos Gerais\Documentos com unidade\GRD-COM-EC1-Contorno de Fundão-0000003'. Nenhuma pasta receberá ambiente.
[2026-07-31 16:44:36.244] [INFO] Excel local gerado para 'GRD-COM-EC1-Contorno de Fundão': C:\ProgramData\Ecorodovias\GRD\Staging\20260731_164344\ANTT\GRD-COM-EC1-Contorno de Fundão-0000003.xlsx
[2026-07-31 16:44:36.246] [INFO] Analisando grupo 'GRD-COM-E050-Escape km 54+300' (ANTT) com 16 documento(s).
[2026-07-31 16:44:37.321] [INFO] Grupo 'GRD-COM-E050-Escape km 54+300': GRD prevista 'GRD-COM-E050-Escape km 54+300-0000003'; destino 'Engenharia\Ecovias Minas Goiás\Projetos\Escape km 54+300\0 - Documentos Gerais\Documentos com unidade\GRD-COM-E050-Escape km 54+300-0000003'. Nenhuma pasta receberá ambiente.
[2026-07-31 16:44:37.561] [INFO] Excel local gerado para 'GRD-COM-E050-Escape km 54+300': C:\ProgramData\Ecorodovias\GRD\Staging\20260731_164344\ANTT\GRD-COM-E050-Escape km 54+300-0000003.xlsx
[2026-07-31 16:44:37.563] [INFO] Analisando grupo 'GRD-COM-ECA-Passarela Uruaçu km 197' (ANTT) com 20 documento(s).
[2026-07-31 16:44:38.049] [INFO] Grupo 'GRD-COM-ECA-Passarela Uruaçu km 197': GRD prevista 'GRD-COM-ECA-Passarela Uruaçu km 197-0000003'; destino 'Engenharia\Ecovias Araguaia\Projetos\Passarela Uruaçu km 197\0 - Documentos Gerais\Documentos com unidade\GRD-COM-ECA-Passarela Uruaçu km 197-0000003'. Nenhuma pasta receberá ambiente.
[2026-07-31 16:44:38.269] [INFO] Excel local gerado para 'GRD-COM-ECA-Passarela Uruaçu km 197': C:\ProgramData\Ecorodovias\GRD\Staging\20260731_164344\ANTT\GRD-COM-ECA-Passarela Uruaçu km 197-0000003.xlsx
[2026-07-31 16:44:38.272] [INFO] Analisando grupo 'GRD-COM-ECA-Passarela Uruaçu km 198' (ANTT) com 18 documento(s).
[2026-07-31 16:44:38.784] [INFO] Grupo 'GRD-COM-ECA-Passarela Uruaçu km 198': GRD prevista 'GRD-COM-ECA-Passarela Uruaçu km 198-0000003'; destino 'Engenharia\Ecovias Araguaia\Projetos\Passarela Uruaçu km 198\0 - Documentos Gerais\Documentos com unidade\GRD-COM-ECA-Passarela Uruaçu km 198-0000003'. Nenhuma pasta receberá ambiente.
[2026-07-31 16:44:39.062] [INFO] Excel local gerado para 'GRD-COM-ECA-Passarela Uruaçu km 198': C:\ProgramData\Ecorodovias\GRD\Staging\20260731_164344\ANTT\GRD-COM-ECA-Passarela Uruaçu km 198-0000003.xlsx
[2026-07-31 16:44:39.066] [INFO] Analisando grupo 'GRD-COM-ECA-Passarela Alvorada Km 759' (ANTT) com 60 documento(s).
[2026-07-31 16:44:39.759] [INFO] Grupo 'GRD-COM-ECA-Passarela Alvorada Km 759': GRD prevista 'GRD-COM-ECA-Passarela Alvorada Km 759-0000003'; destino 'Engenharia\Ecovias Araguaia\Projetos\Passarela Alvorada Km 759\0 - Documentos Gerais\Documentos com unidade\GRD-COM-ECA-Passarela Alvorada Km 759-0000003'. Nenhuma pasta receberá ambiente.
[2026-07-31 16:44:39.982] [INFO] Excel local gerado para 'GRD-COM-ECA-Passarela Alvorada Km 759': C:\ProgramData\Ecorodovias\GRD\Staging\20260731_164344\ANTT\GRD-COM-ECA-Passarela Alvorada Km 759-0000003.xlsx
[2026-07-31 16:44:39.984] [INFO] Analisando grupo 'GRD-COM-ECA-Ampliações 8°Ano SH 29 e 30' (ANTT) com 2 documento(s).
[2026-07-31 16:44:40.234] [INFO] Grupo 'GRD-COM-ECA-Ampliações 8°Ano SH 29 e 30': GRD prevista 'GRD-COM-ECA-Ampliações 8°Ano SH 29 e 30-0000003'; destino 'Engenharia\Ecovias Araguaia\Projetos\Ampliações 8°Ano SH 29 e 30\0 - Documentos Gerais\Documentos com unidade\GRD-COM-ECA-Ampliações 8°Ano SH 29 e 30-0000003'. Nenhuma pasta receberá ambiente.
[2026-07-31 16:44:40.394] [INFO] Excel local gerado para 'GRD-COM-ECA-Ampliações 8°Ano SH 29 e 30': C:\ProgramData\Ecorodovias\GRD\Staging\20260731_164344\ANTT\GRD-COM-ECA-Ampliações 8°Ano SH 29 e 30-0000003.xlsx
[2026-07-31 16:44:40.395] [INFO] Analisando grupo 'GRD-COM-EC1-PPD Norte' (ANTT) com 612 documento(s).
[2026-07-31 16:44:40.625] [INFO] Grupo 'GRD-COM-EC1-PPD Norte': GRD prevista 'GRD-COM-EC1-PPD Norte-0000003'; destino 'Engenharia\Ecovias Capixaba\Projetos\PPD Norte\0 - Documentos Gerais\Documentos com unidade\GRD-COM-EC1-PPD Norte-0000003'. Nenhuma pasta receberá ambiente.
[2026-07-31 16:44:40.861] [INFO] Excel local gerado para 'GRD-COM-EC1-PPD Norte': C:\ProgramData\Ecorodovias\GRD\Staging\20260731_164344\ANTT\GRD-COM-EC1-PPD Norte-0000003.xlsx
[2026-07-31 16:44:40.864] [INFO] Analisando grupo 'GRD-COM-EC1-PPD Sul' (ANTT) com 595 documento(s).
[2026-07-31 16:44:41.124] [INFO] Grupo 'GRD-COM-EC1-PPD Sul': GRD prevista 'GRD-COM-EC1-PPD Sul-0000003'; destino 'Engenharia\Ecovias Capixaba\Projetos\PPD Sul\0 - Documentos Gerais\Documentos com unidade\GRD-COM-EC1-PPD Sul-0000003'. Nenhuma pasta receberá ambiente.
[2026-07-31 16:44:41.455] [INFO] Excel local gerado para 'GRD-COM-EC1-PPD Sul': C:\ProgramData\Ecorodovias\GRD\Staging\20260731_164344\ANTT\GRD-COM-EC1-PPD Sul-0000003.xlsx
[2026-07-31 16:44:41.457] [INFO] Analisando grupo 'GRD-COM-ECC-Acesso 5° Ano 630+312' (ANTT) com 45 documento(s).
[2026-07-31 16:44:41.753] [INFO] Grupo 'GRD-COM-ECC-Acesso 5° Ano 630+312': GRD prevista 'GRD-COM-ECC-Acesso 5° Ano 630+312-0000003'; destino 'Engenharia\Ecovias Cerrado\Projetos\Acesso 5° Ano 630+312\0 - Documentos Gerais\Documentos com unidade\GRD-COM-ECC-Acesso 5° Ano 630+312-0000003'. Nenhuma pasta receberá ambiente.
[2026-07-31 16:44:41.958] [INFO] Excel local gerado para 'GRD-COM-ECC-Acesso 5° Ano 630+312': C:\ProgramData\Ecorodovias\GRD\Staging\20260731_164344\ANTT\GRD-COM-ECC-Acesso 5° Ano 630+312-0000003.xlsx
[2026-07-31 16:44:41.958] [INFO] Analisando grupo 'GRD-COM-E050-Retorno em Nível' (ANTT) com 174 documento(s).
[2026-07-31 16:44:42.232] [INFO] Grupo 'GRD-COM-E050-Retorno em Nível': GRD prevista 'GRD-COM-E050-Retorno em Nível-0000003'; destino 'Engenharia\Ecovias Minas Goiás\Projetos\Retorno em Nível\0 - Documentos Gerais\Documentos com unidade\GRD-COM-E050-Retorno em Nível-0000003'. Nenhuma pasta receberá ambiente.
[2026-07-31 16:44:42.431] [INFO] Excel local gerado para 'GRD-COM-E050-Retorno em Nível': C:\ProgramData\Ecorodovias\GRD\Staging\20260731_164344\ANTT\GRD-COM-E050-Retorno em Nível-0000003.xlsx
[2026-07-31 16:44:42.431] [INFO] Analisando grupo 'GRD-COM-ECC-Acesso 5° Ano 637+000' (ANTT) com 45 documento(s).
[2026-07-31 16:44:42.776] [INFO] Grupo 'GRD-COM-ECC-Acesso 5° Ano 637+000': GRD prevista 'GRD-COM-ECC-Acesso 5° Ano 637+000-0000003'; destino 'Engenharia\Ecovias Cerrado\Projetos\Acesso 5° Ano 637+000\0 - Documentos Gerais\Documentos com unidade\GRD-COM-ECC-Acesso 5° Ano 637+000-0000003'. Nenhuma pasta receberá ambiente.
[2026-07-31 16:44:43.047] [INFO] Excel local gerado para 'GRD-COM-ECC-Acesso 5° Ano 637+000': C:\ProgramData\Ecorodovias\GRD\Staging\20260731_164344\ANTT\GRD-COM-ECC-Acesso 5° Ano 637+000-0000003.xlsx
[2026-07-31 16:44:43.049] [INFO] Analisando grupo 'GRD-COM-ECC-Acesso 5° Ano 759+400' (ANTT) com 43 documento(s).
[2026-07-31 16:44:43.347] [INFO] Grupo 'GRD-COM-ECC-Acesso 5° Ano 759+400': GRD prevista 'GRD-COM-ECC-Acesso 5° Ano 759+400-0000003'; destino 'Engenharia\Ecovias Cerrado\Projetos\Acesso 5° Ano 759+400\0 - Documentos Gerais\Documentos com unidade\GRD-COM-ECC-Acesso 5° Ano 759+400-0000003'. Nenhuma pasta receberá ambiente.
[2026-07-31 16:44:43.580] [INFO] Excel local gerado para 'GRD-COM-ECC-Acesso 5° Ano 759+400': C:\ProgramData\Ecorodovias\GRD\Staging\20260731_164344\ANTT\GRD-COM-ECC-Acesso 5° Ano 759+400-0000003.xlsx
[2026-07-31 16:44:43.582] [INFO] Analisando grupo 'GRD-COM-ECC-Acesso 5° Ano 772+640' (ANTT) com 37 documento(s).
[2026-07-31 16:44:43.869] [INFO] Grupo 'GRD-COM-ECC-Acesso 5° Ano 772+640': GRD prevista 'GRD-COM-ECC-Acesso 5° Ano 772+640-0000003'; destino 'Engenharia\Ecovias Cerrado\Projetos\Acesso 5° Ano 772+640\0 - Documentos Gerais\Documentos com unidade\GRD-COM-ECC-Acesso 5° Ano 772+640-0000003'. Nenhuma pasta receberá ambiente.
[2026-07-31 16:44:44.091] [INFO] Excel local gerado para 'GRD-COM-ECC-Acesso 5° Ano 772+640': C:\ProgramData\Ecorodovias\GRD\Staging\20260731_164344\ANTT\GRD-COM-ECC-Acesso 5° Ano 772+640-0000003.xlsx
[2026-07-31 16:44:44.091] [INFO] Analisando grupo 'GRD-COM-ECC-Acesso 5° Ano 626+050' (ANTT) com 49 documento(s).
[2026-07-31 16:44:44.432] [INFO] Grupo 'GRD-COM-ECC-Acesso 5° Ano 626+050': GRD prevista 'GRD-COM-ECC-Acesso 5° Ano 626+050-0000003'; destino 'Engenharia\Ecovias Cerrado\Projetos\Acesso 5° Ano 626+050\0 - Documentos Gerais\Documentos com unidade\GRD-COM-ECC-Acesso 5° Ano 626+050-0000003'. Nenhuma pasta receberá ambiente.
[2026-07-31 16:44:44.651] [INFO] Excel local gerado para 'GRD-COM-ECC-Acesso 5° Ano 626+050': C:\ProgramData\Ecorodovias\GRD\Staging\20260731_164344\ANTT\GRD-COM-ECC-Acesso 5° Ano 626+050-0000003.xlsx
[2026-07-31 16:44:44.659] [INFO] Analisando grupo 'GRD-COM-ECC-Acesso 5° Ano 167+140' (ANTT) com 46 documento(s).
[2026-07-31 16:44:44.904] [INFO] Grupo 'GRD-COM-ECC-Acesso 5° Ano 167+140': GRD prevista 'GRD-COM-ECC-Acesso 5° Ano 167+140-0000003'; destino 'Engenharia\Ecovias Cerrado\Projetos\Acesso 5° Ano 167+140\0 - Documentos Gerais\Documentos com unidade\GRD-COM-ECC-Acesso 5° Ano 167+140-0000003'. Nenhuma pasta receberá ambiente.
[2026-07-31 16:44:45.120] [INFO] Excel local gerado para 'GRD-COM-ECC-Acesso 5° Ano 167+140': C:\ProgramData\Ecorodovias\GRD\Staging\20260731_164344\ANTT\GRD-COM-ECC-Acesso 5° Ano 167+140-0000003.xlsx
[2026-07-31 16:44:45.120] [INFO] Analisando grupo 'GRD-COM-ECC-Acesso 5° Ano 642+340' (ANTT) com 32 documento(s).
[2026-07-31 16:44:45.347] [INFO] Grupo 'GRD-COM-ECC-Acesso 5° Ano 642+340': GRD prevista 'GRD-COM-ECC-Acesso 5° Ano 642+340-0000003'; destino 'Engenharia\Ecovias Cerrado\Projetos\Acesso 5° Ano 642+340\0 - Documentos Gerais\Documentos com unidade\GRD-COM-ECC-Acesso 5° Ano 642+340-0000003'. Nenhuma pasta receberá ambiente.
[2026-07-31 16:44:45.558] [INFO] Excel local gerado para 'GRD-COM-ECC-Acesso 5° Ano 642+340': C:\ProgramData\Ecorodovias\GRD\Staging\20260731_164344\ANTT\GRD-COM-ECC-Acesso 5° Ano 642+340-0000003.xlsx
[2026-07-31 16:44:45.558] [INFO] Analisando grupo 'GRD-COM-ECC-Acesso 5° Ano 642+726' (ANTT) com 49 documento(s).
[2026-07-31 16:44:45.784] [INFO] Grupo 'GRD-COM-ECC-Acesso 5° Ano 642+726': GRD prevista 'GRD-COM-ECC-Acesso 5° Ano 642+726-0000003'; destino 'Engenharia\Ecovias Cerrado\Projetos\Acesso 5° Ano 642+726\0 - Documentos Gerais\Documentos com unidade\GRD-COM-ECC-Acesso 5° Ano 642+726-0000003'. Nenhuma pasta receberá ambiente.
[2026-07-31 16:44:45.983] [INFO] Excel local gerado para 'GRD-COM-ECC-Acesso 5° Ano 642+726': C:\ProgramData\Ecorodovias\GRD\Staging\20260731_164344\ANTT\GRD-COM-ECC-Acesso 5° Ano 642+726-0000003.xlsx
[2026-07-31 16:44:45.987] [INFO] Analisando grupo 'GRD-COM-ECC-Acesso 5° Ano 648+345' (ANTT) com 47 documento(s).
[2026-07-31 16:44:46.241] [INFO] Grupo 'GRD-COM-ECC-Acesso 5° Ano 648+345': GRD prevista 'GRD-COM-ECC-Acesso 5° Ano 648+345-0000003'; destino 'Engenharia\Ecovias Cerrado\Projetos\Acesso 5° Ano 648+345\0 - Documentos Gerais\Documentos com unidade\GRD-COM-ECC-Acesso 5° Ano 648+345-0000003'. Nenhuma pasta receberá ambiente.
[2026-07-31 16:44:46.518] [INFO] Excel local gerado para 'GRD-COM-ECC-Acesso 5° Ano 648+345': C:\ProgramData\Ecorodovias\GRD\Staging\20260731_164344\ANTT\GRD-COM-ECC-Acesso 5° Ano 648+345-0000003.xlsx
[2026-07-31 16:44:46.520] [INFO] Analisando grupo 'GRD-COM-ECC-Acesso 5° Ano 655+320' (ANTT) com 47 documento(s).
[2026-07-31 16:44:46.790] [INFO] Grupo 'GRD-COM-ECC-Acesso 5° Ano 655+320': GRD prevista 'GRD-COM-ECC-Acesso 5° Ano 655+320-0000003'; destino 'Engenharia\Ecovias Cerrado\Projetos\Acesso 5° Ano 655+320\0 - Documentos Gerais\Documentos com unidade\GRD-COM-ECC-Acesso 5° Ano 655+320-0000003'. Nenhuma pasta receberá ambiente.
[2026-07-31 16:44:46.998] [INFO] Excel local gerado para 'GRD-COM-ECC-Acesso 5° Ano 655+320': C:\ProgramData\Ecorodovias\GRD\Staging\20260731_164344\ANTT\GRD-COM-ECC-Acesso 5° Ano 655+320-0000003.xlsx
[2026-07-31 16:44:47.001] [INFO] Analisando grupo 'GRD-COM-ECC-Acesso 5° Ano 668+288' (ANTT) com 47 documento(s).
[2026-07-31 16:44:47.288] [INFO] Grupo 'GRD-COM-ECC-Acesso 5° Ano 668+288': GRD prevista 'GRD-COM-ECC-Acesso 5° Ano 668+288-0000003'; destino 'Engenharia\Ecovias Cerrado\Projetos\Acesso 5° Ano 668+288\0 - Documentos Gerais\Documentos com unidade\GRD-COM-ECC-Acesso 5° Ano 668+288-0000003'. Nenhuma pasta receberá ambiente.
[2026-07-31 16:44:47.508] [INFO] Excel local gerado para 'GRD-COM-ECC-Acesso 5° Ano 668+288': C:\ProgramData\Ecorodovias\GRD\Staging\20260731_164344\ANTT\GRD-COM-ECC-Acesso 5° Ano 668+288-0000003.xlsx
[2026-07-31 16:44:47.510] [INFO] Analisando grupo 'GRD-COM-ECC-Acesso 5° Ano 694+848' (ANTT) com 47 documento(s).
[2026-07-31 16:44:47.780] [INFO] Grupo 'GRD-COM-ECC-Acesso 5° Ano 694+848': GRD prevista 'GRD-COM-ECC-Acesso 5° Ano 694+848-0000003'; destino 'Engenharia\Ecovias Cerrado\Projetos\Acesso 5° Ano 694+848\0 - Documentos Gerais\Documentos com unidade\GRD-COM-ECC-Acesso 5° Ano 694+848-0000003'. Nenhuma pasta receberá ambiente.
[2026-07-31 16:44:48.010] [INFO] Excel local gerado para 'GRD-COM-ECC-Acesso 5° Ano 694+848': C:\ProgramData\Ecorodovias\GRD\Staging\20260731_164344\ANTT\GRD-COM-ECC-Acesso 5° Ano 694+848-0000003.xlsx
[2026-07-31 16:44:48.013] [INFO] Analisando grupo 'GRD-COM-ECC-Acesso 5° Ano 697+300' (ANTT) com 47 documento(s).
[2026-07-31 16:44:48.285] [INFO] Grupo 'GRD-COM-ECC-Acesso 5° Ano 697+300': GRD prevista 'GRD-COM-ECC-Acesso 5° Ano 697+300-0000003'; destino 'Engenharia\Ecovias Cerrado\Projetos\Acesso 5° Ano 697+300\0 - Documentos Gerais\Documentos com unidade\GRD-COM-ECC-Acesso 5° Ano 697+300-0000003'. Nenhuma pasta receberá ambiente.
[2026-07-31 16:44:48.494] [INFO] Excel local gerado para 'GRD-COM-ECC-Acesso 5° Ano 697+300': C:\ProgramData\Ecorodovias\GRD\Staging\20260731_164344\ANTT\GRD-COM-ECC-Acesso 5° Ano 697+300-0000003.xlsx
[2026-07-31 16:44:48.496] [INFO] Analisando grupo 'GRD-COM-EC1-Ciclovia de Linhares' (ANTT) com 391 documento(s).
[2026-07-31 16:44:48.752] [INFO] Grupo 'GRD-COM-EC1-Ciclovia de Linhares': GRD prevista 'GRD-COM-EC1-Ciclovia de Linhares-0000003'; destino 'Engenharia\Ecovias Capixaba\Projetos\Ciclovia de Linhares\0 - Documentos Gerais\Documentos com unidade\GRD-COM-EC1-Ciclovia de Linhares-0000003'. Nenhuma pasta receberá ambiente.
[2026-07-31 16:44:48.996] [INFO] Excel local gerado para 'GRD-COM-EC1-Ciclovia de Linhares': C:\ProgramData\Ecorodovias\GRD\Staging\20260731_164344\ANTT\GRD-COM-EC1-Ciclovia de Linhares-0000003.xlsx
[2026-07-31 16:44:48.998] [INFO] Analisando grupo 'GRD-COM-E050-PPD km 6+500' (ANTT) com 27 documento(s).
[2026-07-31 16:44:49.229] [INFO] Grupo 'GRD-COM-E050-PPD km 6+500': GRD prevista 'GRD-COM-E050-PPD km 6+500-0000003'; destino 'Engenharia\Ecovias Minas Goiás\Projetos\PPD km 6+500\0 - Documentos Gerais\Documentos com unidade\GRD-COM-E050-PPD km 6+500-0000003'. Nenhuma pasta receberá ambiente.
[2026-07-31 16:44:49.460] [INFO] Excel local gerado para 'GRD-COM-E050-PPD km 6+500': C:\ProgramData\Ecorodovias\GRD\Staging\20260731_164344\ANTT\GRD-COM-E050-PPD km 6+500-0000003.xlsx
[2026-07-31 16:44:49.462] [INFO] Analisando grupo 'GRD-COM-MGO-PPD km 6+500' (ANTT) com 270 documento(s).
[2026-07-31 16:44:49.675] [INFO] Grupo 'GRD-COM-MGO-PPD km 6+500': GRD prevista 'GRD-COM-MGO-PPD km 6+500-0000003'; destino 'Engenharia\Ecovias Minas Goiás\Projetos\PPD km 6+500\0 - Documentos Gerais\Documentos com unidade\GRD-COM-MGO-PPD km 6+500-0000003'. Nenhuma pasta receberá ambiente.
[2026-07-31 16:44:49.951] [INFO] Excel local gerado para 'GRD-COM-MGO-PPD km 6+500': C:\ProgramData\Ecorodovias\GRD\Staging\20260731_164344\ANTT\GRD-COM-MGO-PPD km 6+500-0000003.xlsx
[2026-07-31 16:44:49.954] [INFO] Analisando grupo 'GRD-COM-ECA-Passarela Tocantins km 623' (ANTT) com 22 documento(s).
[2026-07-31 16:44:50.183] [INFO] Grupo 'GRD-COM-ECA-Passarela Tocantins km 623': GRD prevista 'GRD-COM-ECA-Passarela Tocantins km 623-0000003'; destino 'Engenharia\Ecovias Araguaia\Projetos\Passarela Aliança km 623\0 - Documentos Gerais\Documentos com unidade\GRD-COM-ECA-Passarela Tocantins km 623-0000003'. Nenhuma pasta receberá ambiente.
[2026-07-31 16:44:50.429] [INFO] Excel local gerado para 'GRD-COM-ECA-Passarela Tocantins km 623': C:\ProgramData\Ecorodovias\GRD\Staging\20260731_164344\ANTT\GRD-COM-ECA-Passarela Tocantins km 623-0000003.xlsx
[2026-07-31 16:44:50.429] [INFO] Analisando grupo 'GRD-COM-EC1-Contorno de Vitória' (ANTT) com 328 documento(s).
[2026-07-31 16:44:50.748] [INFO] Grupo 'GRD-COM-EC1-Contorno de Vitória': GRD prevista 'GRD-COM-EC1-Contorno de Vitória-0000003'; destino 'Engenharia\Ecovias Capixaba\Projetos\Contorno de Vitória\0 - Documentos Gerais\Documentos com unidade\GRD-COM-EC1-Contorno de Vitória-0000003'. Nenhuma pasta receberá ambiente.
[2026-07-31 16:44:51.040] [INFO] Excel local gerado para 'GRD-COM-EC1-Contorno de Vitória': C:\ProgramData\Ecorodovias\GRD\Staging\20260731_164344\ANTT\GRD-COM-EC1-Contorno de Vitória-0000003.xlsx
[2026-07-31 16:44:51.044] [INFO] Analisando grupo 'GRD-COM-ECC-Faixas Adicionais - TH 05' (ANTT) com 1088 documento(s).
[2026-07-31 16:44:51.331] [INFO] Grupo 'GRD-COM-ECC-Faixas Adicionais - TH 05': GRD prevista 'GRD-COM-ECC-Faixas Adicionais - TH 05-0000003'; destino 'Engenharia\Ecovias Cerrado\Projetos\Faixas Adicionais - TH 05\0 - Documentos Gerais\Documentos com unidade\GRD-COM-ECC-Faixas Adicionais - TH 05-0000003'. Nenhuma pasta receberá ambiente.
[2026-07-31 16:44:51.688] [INFO] Excel local gerado para 'GRD-COM-ECC-Faixas Adicionais - TH 05': C:\ProgramData\Ecorodovias\GRD\Staging\20260731_164344\ANTT\GRD-COM-ECC-Faixas Adicionais - TH 05-0000003.xlsx
[2026-07-31 16:44:51.696] [INFO] Analisando grupo 'GRD-COM-ECA-HS-WIM km432+174' (ANTT) com 20 documento(s).
[2026-07-31 16:44:51.942] [INFO] Grupo 'GRD-COM-ECA-HS-WIM km432+174': GRD prevista 'GRD-COM-ECA-HS-WIM km432+174-0000003'; destino 'Engenharia\Ecovias Araguaia\Projetos\HS-WIM 2 km432+174\0 - Documentos Gerais\Documentos com unidade\GRD-COM-ECA-HS-WIM km432+174-0000003'. Nenhuma pasta receberá ambiente.
[2026-07-31 16:44:52.139] [INFO] Excel local gerado para 'GRD-COM-ECA-HS-WIM km432+174': C:\ProgramData\Ecorodovias\GRD\Staging\20260731_164344\ANTT\GRD-COM-ECA-HS-WIM km432+174-0000003.xlsx
[2026-07-31 16:44:52.141] [INFO] Analisando grupo 'GRD-COM-EC1-Dupli. Contor. de Fundão' (ANTT) com 282 documento(s).
[2026-07-31 16:44:52.449] [INFO] Grupo 'GRD-COM-EC1-Dupli. Contor. de Fundão': GRD prevista 'GRD-COM-EC1-Dupli. Contor. de Fundão-0000003'; destino 'Engenharia\Ecovias Capixaba\Projetos\Dupli. Contor. de Fundão\0 - Documentos Gerais\Documentos com unidade\GRD-COM-EC1-Dupli. Contor. de Fundão-0000003'. Nenhuma pasta receberá ambiente.
[2026-07-31 16:44:52.695] [INFO] Excel local gerado para 'GRD-COM-EC1-Dupli. Contor. de Fundão': C:\ProgramData\Ecorodovias\GRD\Staging\20260731_164344\ANTT\GRD-COM-EC1-Dupli. Contor. de Fundão-0000003.xlsx
[2026-07-31 16:44:52.697] [INFO] Analisando grupo 'GRD-COM-EC1-Dupli. Contor. de Ibiraçu' (ANTT) com 190 documento(s).
[2026-07-31 16:44:53.259] [INFO] Grupo 'GRD-COM-EC1-Dupli. Contor. de Ibiraçu': GRD prevista 'GRD-COM-EC1-Dupli. Contor. de Ibiraçu-0000003'; destino 'Engenharia\Ecovias Capixaba\Projetos\Dupli. Contor. de Ibiraçu\0 - Documentos Gerais\Documentos com unidade\GRD-COM-EC1-Dupli. Contor. de Ibiraçu-0000003'. Nenhuma pasta receberá ambiente.
[2026-07-31 16:44:53.595] [INFO] Excel local gerado para 'GRD-COM-EC1-Dupli. Contor. de Ibiraçu': C:\ProgramData\Ecorodovias\GRD\Staging\20260731_164344\ANTT\GRD-COM-EC1-Dupli. Contor. de Ibiraçu-0000003.xlsx
[2026-07-31 16:44:53.598] [INFO] Analisando grupo 'GRD-COM-EC1-Duplicação G2' (ANTT) com 776 documento(s).
[2026-07-31 16:44:53.986] [INFO] Grupo 'GRD-COM-EC1-Duplicação G2': GRD prevista 'GRD-COM-EC1-Duplicação G2-0000003'; destino 'Engenharia\Ecovias Capixaba\Projetos\Duplicação G2\0 - Documentos Gerais\Documentos com unidade\GRD-COM-EC1-Duplicação G2-0000003'. Nenhuma pasta receberá ambiente.
[2026-07-31 16:44:54.258] [INFO] Excel local gerado para 'GRD-COM-EC1-Duplicação G2': C:\ProgramData\Ecorodovias\GRD\Staging\20260731_164344\ANTT\GRD-COM-EC1-Duplicação G2-0000003.xlsx
[2026-07-31 16:44:54.260] [INFO] Analisando grupo 'GRD-COM-EC1-Duplicação C' (ANTT) com 563 documento(s).
[2026-07-31 16:44:54.560] [INFO] Grupo 'GRD-COM-EC1-Duplicação C': GRD prevista 'GRD-COM-EC1-Duplicação C-0000003'; destino 'Engenharia\Ecovias Capixaba\Projetos\Duplicação C\0 - Documentos Gerais\Documentos com unidade\GRD-COM-EC1-Duplicação C-0000003'. Nenhuma pasta receberá ambiente.
[2026-07-31 16:44:54.823] [INFO] Excel local gerado para 'GRD-COM-EC1-Duplicação C': C:\ProgramData\Ecorodovias\GRD\Staging\20260731_164344\ANTT\GRD-COM-EC1-Duplicação C-0000003.xlsx
[2026-07-31 16:44:54.824] [INFO] Analisando grupo 'GRD-COM-EC1-Duplicação G1B' (ANTT) com 795 documento(s).
[2026-07-31 16:44:55.104] [INFO] Grupo 'GRD-COM-EC1-Duplicação G1B': GRD prevista 'GRD-COM-EC1-Duplicação G1B-0000003'; destino 'Engenharia\Ecovias Capixaba\Projetos\Duplicação G1B\0 - Documentos Gerais\Documentos com unidade\GRD-COM-EC1-Duplicação G1B-0000003'. Nenhuma pasta receberá ambiente.
[2026-07-31 16:44:55.425] [INFO] Excel local gerado para 'GRD-COM-EC1-Duplicação G1B': C:\ProgramData\Ecorodovias\GRD\Staging\20260731_164344\ANTT\GRD-COM-EC1-Duplicação G1B-0000003.xlsx
[2026-07-31 16:44:55.427] [INFO] Analisando grupo 'GRD-COM-EC1-Duplicação D2' (ANTT) com 442 documento(s).
[2026-07-31 16:44:55.709] [INFO] Grupo 'GRD-COM-EC1-Duplicação D2': GRD prevista 'GRD-COM-EC1-Duplicação D2-0000003'; destino 'Engenharia\Ecovias Capixaba\Projetos\Duplicação D2\0 - Documentos Gerais\Documentos com unidade\GRD-COM-EC1-Duplicação D2-0000003'. Nenhuma pasta receberá ambiente.
[2026-07-31 16:44:56.008] [INFO] Excel local gerado para 'GRD-COM-EC1-Duplicação D2': C:\ProgramData\Ecorodovias\GRD\Staging\20260731_164344\ANTT\GRD-COM-EC1-Duplicação D2-0000003.xlsx
[2026-07-31 16:44:56.011] [INFO] Analisando grupo 'GRD-COM-EC1-Duplicação G1A' (ANTT) com 856 documento(s).
[2026-07-31 16:44:56.280] [INFO] Grupo 'GRD-COM-EC1-Duplicação G1A': GRD prevista 'GRD-COM-EC1-Duplicação G1A-0000003'; destino 'Engenharia\Ecovias Capixaba\Projetos\Duplicação G1A\0 - Documentos Gerais\Documentos com unidade\GRD-COM-EC1-Duplicação G1A-0000003'. Nenhuma pasta receberá ambiente.
[2026-07-31 16:44:56.625] [INFO] Excel local gerado para 'GRD-COM-EC1-Duplicação G1A': C:\ProgramData\Ecorodovias\GRD\Staging\20260731_164344\ANTT\GRD-COM-EC1-Duplicação G1A-0000003.xlsx
[2026-07-31 16:44:56.631] [INFO] Analisando grupo 'GRD-COM-ECA-Retorno km 1+238' (ANTT) com 6 documento(s).
[2026-07-31 16:44:56.848] [INFO] Grupo 'GRD-COM-ECA-Retorno km 1+238': GRD prevista 'GRD-COM-ECA-Retorno km 1+238-0000003'; destino 'Engenharia\Ecovias Araguaia\Projetos\Retorno km 1+238\0 - Documentos Gerais\Documentos com unidade\GRD-COM-ECA-Retorno km 1+238-0000003'. Nenhuma pasta receberá ambiente.
[2026-07-31 16:44:57.046] [INFO] Excel local gerado para 'GRD-COM-ECA-Retorno km 1+238': C:\ProgramData\Ecorodovias\GRD\Staging\20260731_164344\ANTT\GRD-COM-ECA-Retorno km 1+238-0000003.xlsx
[2026-07-31 16:44:57.051] [INFO] Analisando grupo 'GRD-COM-ECA-Acesso 6°Ano 158+630' (ANTT) com 58 documento(s).
[2026-07-31 16:44:57.294] [INFO] Grupo 'GRD-COM-ECA-Acesso 6°Ano 158+630': GRD prevista 'GRD-COM-ECA-Acesso 6°Ano 158+630-0000003'; destino 'Engenharia\Ecovias Araguaia\Projetos\Acesso 6°Ano 158+630\0 - Documentos Gerais\Documentos com unidade\GRD-COM-ECA-Acesso 6°Ano 158+630-0000003'. Nenhuma pasta receberá ambiente.
[2026-07-31 16:44:57.537] [INFO] Excel local gerado para 'GRD-COM-ECA-Acesso 6°Ano 158+630': C:\ProgramData\Ecorodovias\GRD\Staging\20260731_164344\ANTT\GRD-COM-ECA-Acesso 6°Ano 158+630-0000003.xlsx
[2026-07-31 16:44:57.537] [INFO] Analisando grupo 'GRD-COM-ECA-Acesso 5°Ano 188+550' (ANTT) com 48 documento(s).
[2026-07-31 16:44:57.780] [INFO] Grupo 'GRD-COM-ECA-Acesso 5°Ano 188+550': GRD prevista 'GRD-COM-ECA-Acesso 5°Ano 188+550-0000003'; destino 'Engenharia\Ecovias Araguaia\Projetos\Acesso 5°Ano 188+550\0 - Documentos Gerais\Documentos com unidade\GRD-COM-ECA-Acesso 5°Ano 188+550-0000003'. Nenhuma pasta receberá ambiente.
[2026-07-31 16:44:57.995] [INFO] Excel local gerado para 'GRD-COM-ECA-Acesso 5°Ano 188+550': C:\ProgramData\Ecorodovias\GRD\Staging\20260731_164344\ANTT\GRD-COM-ECA-Acesso 5°Ano 188+550-0000003.xlsx
[2026-07-31 16:44:57.995] [INFO] Analisando grupo 'GRD-COM-EC1-Contorno Dis.' (ANTT) com 285 documento(s).
[2026-07-31 16:44:58.253] [INFO] Grupo 'GRD-COM-EC1-Contorno Dis.': GRD prevista 'GRD-COM-EC1-Contorno Dis.-0000003'; destino 'Engenharia\Ecovias Capixaba\Projetos\Contorno Dis.\0 - Documentos Gerais\Documentos com unidade\GRD-COM-EC1-Contorno Dis.-0000003'. Nenhuma pasta receberá ambiente.
[2026-07-31 16:44:58.494] [INFO] Excel local gerado para 'GRD-COM-EC1-Contorno Dis.': C:\ProgramData\Ecorodovias\GRD\Staging\20260731_164344\ANTT\GRD-COM-EC1-Contorno Dis.-0000003.xlsx
[2026-07-31 16:44:58.496] [INFO] Analisando grupo 'GRD-COM-ECA-HS-WIM km169+067' (ANTT) com 18 documento(s).
[2026-07-31 16:44:58.785] [INFO] Grupo 'GRD-COM-ECA-HS-WIM km169+067': GRD prevista 'GRD-COM-ECA-HS-WIM km169+067-0000003'; destino 'Engenharia\Ecovias Araguaia\Projetos\HS-WIM 1 km169+067\0 - Documentos Gerais\Documentos com unidade\GRD-COM-ECA-HS-WIM km169+067-0000003'. Nenhuma pasta receberá ambiente.
[2026-07-31 16:44:59.008] [INFO] Excel local gerado para 'GRD-COM-ECA-HS-WIM km169+067': C:\ProgramData\Ecorodovias\GRD\Staging\20260731_164344\ANTT\GRD-COM-ECA-HS-WIM km169+067-0000003.xlsx
[2026-07-31 16:44:59.009] [INFO] Analisando grupo 'GRD-COM-EC1-HS-WIM' (ANTT) com 207 documento(s).
[2026-07-31 16:44:59.298] [INFO] Grupo 'GRD-COM-EC1-HS-WIM': GRD prevista 'GRD-COM-EC1-HS-WIM-0000003'; destino 'Engenharia\Ecovias Capixaba\Projetos\HS-WIM\0 - Documentos Gerais\Documentos com unidade\GRD-COM-EC1-HS-WIM-0000003'. Nenhuma pasta receberá ambiente.
[2026-07-31 16:44:59.547] [INFO] Excel local gerado para 'GRD-COM-EC1-HS-WIM': C:\ProgramData\Ecorodovias\GRD\Staging\20260731_164344\ANTT\GRD-COM-EC1-HS-WIM-0000003.xlsx
[2026-07-31 16:44:59.549] [INFO] Analisando grupo 'GRD-COM-ECA-Ampliações 3°Ano SH 2*' (ANTT) com 72 documento(s).
[2026-07-31 16:44:59.814] [INFO] Grupo 'GRD-COM-ECA-Ampliações 3°Ano SH 2*': GRD prevista 'GRD-COM-ECA-Ampliações 3°Ano SH 2*-0000003'; destino 'Engenharia\Ecovias Araguaia\Projetos\Ampliações 3°Ano SH 2*\0 - Documentos Gerais\Documentos com unidade\GRD-COM-ECA-Ampliações 3°Ano SH 2*-0000003'. Nenhuma pasta receberá ambiente.
[2026-07-31 16:45:00.004] [INFO] Excel local gerado para 'GRD-COM-ECA-Ampliações 3°Ano SH 2*': C:\ProgramData\Ecorodovias\GRD\Staging\20260731_164344\ANTT\GRD-COM-ECA-Ampliações 3°Ano SH 2_-0000003.xlsx
[2026-07-31 16:45:00.006] [INFO] Analisando grupo 'GRD-COM-ECA-Acesso 5°Ano 188+210' (ANTT) com 41 documento(s).
[2026-07-31 16:45:00.395] [INFO] Grupo 'GRD-COM-ECA-Acesso 5°Ano 188+210': GRD prevista 'GRD-COM-ECA-Acesso 5°Ano 188+210-0000003'; destino 'Engenharia\Ecovias Araguaia\Projetos\Acesso 5°Ano 188+210\0 - Documentos Gerais\Documentos com unidade\GRD-COM-ECA-Acesso 5°Ano 188+210-0000003'. Nenhuma pasta receberá ambiente.
[2026-07-31 16:45:00.665] [INFO] Excel local gerado para 'GRD-COM-ECA-Acesso 5°Ano 188+210': C:\ProgramData\Ecorodovias\GRD\Staging\20260731_164344\ANTT\GRD-COM-ECA-Acesso 5°Ano 188+210-0000003.xlsx
[2026-07-31 16:45:00.665] [INFO] Analisando grupo 'GRD-COM-EC1-Vias Marginais' (ANTT) com 1457 documento(s).
[2026-07-31 16:45:01.149] [INFO] Grupo 'GRD-COM-EC1-Vias Marginais': GRD prevista 'GRD-COM-EC1-Vias Marginais-0000003'; destino 'Engenharia\Ecovias Capixaba\Projetos\Vias Marginais\0 - Documentos Gerais\Documentos com unidade\GRD-COM-EC1-Vias Marginais-0000003'. Nenhuma pasta receberá ambiente.
[2026-07-31 16:45:01.665] [INFO] Excel local gerado para 'GRD-COM-EC1-Vias Marginais': C:\ProgramData\Ecorodovias\GRD\Staging\20260731_164344\ANTT\GRD-COM-EC1-Vias Marginais-0000003.xlsx
[2026-07-31 16:45:01.667] [INFO] Analisando grupo 'GRD-COM-ECA-Marginal sul km 671-677' (ANTT) com 102 documento(s).
[2026-07-31 16:45:02.215] [INFO] Grupo 'GRD-COM-ECA-Marginal sul km 671-677': GRD prevista 'GRD-COM-ECA-Marginal sul km 671-677-0000003'; destino 'Engenharia\Ecovias Araguaia\Projetos\Marginal sul km 671-677\0 - Documentos Gerais\Documentos com unidade\GRD-COM-ECA-Marginal sul km 671-677-0000003'. Nenhuma pasta receberá ambiente.
[2026-07-31 16:45:02.419] [INFO] Excel local gerado para 'GRD-COM-ECA-Marginal sul km 671-677': C:\ProgramData\Ecorodovias\GRD\Staging\20260731_164344\ANTT\GRD-COM-ECA-Marginal sul km 671-677-0000003.xlsx
[2026-07-31 16:45:02.420] [INFO] Analisando grupo 'GRD-COM-ECA-Retorno em U km 668' (ANTT) com 219 documento(s).
[2026-07-31 16:45:02.926] [INFO] Grupo 'GRD-COM-ECA-Retorno em U km 668': GRD prevista 'GRD-COM-ECA-Retorno em U km 668-0000003'; destino 'Engenharia\Ecovias Araguaia\Projetos\Retorno em U km 668\0 - Documentos Gerais\Documentos com unidade\GRD-COM-ECA-Retorno em U km 668-0000003'. Nenhuma pasta receberá ambiente.
[2026-07-31 16:45:03.169] [INFO] Excel local gerado para 'GRD-COM-ECA-Retorno em U km 668': C:\ProgramData\Ecorodovias\GRD\Staging\20260731_164344\ANTT\GRD-COM-ECA-Retorno em U km 668-0000003.xlsx
[2026-07-31 16:45:03.171] [INFO] Analisando grupo 'GRD-COM-ECP-Faixa Adicional km 321' (ANTT) com 60 documento(s).
[2026-07-31 16:45:03.474] [INFO] Grupo 'GRD-COM-ECP-Faixa Adicional km 321': GRD prevista 'GRD-COM-ECP-Faixa Adicional km 321-0000003'; destino 'Engenharia\Ecovias Ponte\Projetos\Faixa Adicional km 321\0 - Documentos Gerais\Documentos com unidade\GRD-COM-ECP-Faixa Adicional km 321-0000003'. Nenhuma pasta receberá ambiente.
[2026-07-31 16:45:03.667] [INFO] Excel local gerado para 'GRD-COM-ECP-Faixa Adicional km 321': C:\ProgramData\Ecorodovias\GRD\Staging\20260731_164344\ANTT\GRD-COM-ECP-Faixa Adicional km 321-0000003.xlsx
[2026-07-31 16:45:03.669] [INFO] Analisando grupo 'GRD-COM-ECS-Arroio Viúva Tereza' (ANTT) com 148 documento(s).
[2026-07-31 16:45:03.965] [INFO] Grupo 'GRD-COM-ECS-Arroio Viúva Tereza': GRD prevista 'GRD-COM-ECS-Arroio Viúva Tereza-0000003'; destino 'Engenharia\Ecovias Sul\Projetos\Arroio Viúva Tereza\0 - Documentos Gerais\Documentos com unidade\GRD-COM-ECS-Arroio Viúva Tereza-0000003'. Nenhuma pasta receberá ambiente.
[2026-07-31 16:45:04.185] [INFO] Excel local gerado para 'GRD-COM-ECS-Arroio Viúva Tereza': C:\ProgramData\Ecorodovias\GRD\Staging\20260731_164344\ANTT\GRD-COM-ECS-Arroio Viúva Tereza-0000003.xlsx
[2026-07-31 16:45:04.188] [INFO] Analisando grupo 'GRD-COM-ECS-Arroio Contagem' (ANTT) com 5 documento(s).
[2026-07-31 16:45:04.517] [INFO] Grupo 'GRD-COM-ECS-Arroio Contagem': GRD prevista 'GRD-COM-ECS-Arroio Contagem-0000003'; destino 'Engenharia\Ecovias Sul\Projetos\Arroio Contagem\0 - Documentos Gerais\Documentos com unidade\GRD-COM-ECS-Arroio Contagem-0000003'. Nenhuma pasta receberá ambiente.
[2026-07-31 16:45:04.696] [INFO] Excel local gerado para 'GRD-COM-ECS-Arroio Contagem': C:\ProgramData\Ecorodovias\GRD\Staging\20260731_164344\ANTT\GRD-COM-ECS-Arroio Contagem-0000003.xlsx
[2026-07-31 16:45:04.698] [INFO] Analisando grupo 'GRD-COM-ECS-Arroio Corrientes' (ANTT) com 164 documento(s).
[2026-07-31 16:45:04.942] [INFO] Grupo 'GRD-COM-ECS-Arroio Corrientes': GRD prevista 'GRD-COM-ECS-Arroio Corrientes-0000003'; destino 'Engenharia\Ecovias Sul\Projetos\Arroio Corrientes\0 - Documentos Gerais\Documentos com unidade\GRD-COM-ECS-Arroio Corrientes-0000003'. Nenhuma pasta receberá ambiente.
[2026-07-31 16:45:05.175] [INFO] Excel local gerado para 'GRD-COM-ECS-Arroio Corrientes': C:\ProgramData\Ecorodovias\GRD\Staging\20260731_164344\ANTT\GRD-COM-ECS-Arroio Corrientes-0000003.xlsx
[2026-07-31 16:45:05.176] [INFO] Analisando grupo 'GRD-COM-EC1-Marginais de Viana' (ANTT) com 1094 documento(s).
[2026-07-31 16:45:05.440] [INFO] Grupo 'GRD-COM-EC1-Marginais de Viana': GRD prevista 'GRD-COM-EC1-Marginais de Viana-0000003'; destino 'Engenharia\Ecovias Capixaba\Projetos\Marginais de Viana\0 - Documentos Gerais\Documentos com unidade\GRD-COM-EC1-Marginais de Viana-0000003'. Nenhuma pasta receberá ambiente.
[2026-07-31 16:45:05.778] [INFO] Excel local gerado para 'GRD-COM-EC1-Marginais de Viana': C:\ProgramData\Ecorodovias\GRD\Staging\20260731_164344\ANTT\GRD-COM-EC1-Marginais de Viana-0000003.xlsx
[2026-07-31 16:45:05.780] [INFO] Analisando grupo 'GRD-COM-ECA-Agulha 11' (ANTT) com 114 documento(s).
[2026-07-31 16:45:06.074] [INFO] Grupo 'GRD-COM-ECA-Agulha 11': GRD prevista 'GRD-COM-ECA-Agulha 11-0000003'; destino 'Engenharia\Ecovias Araguaia\Projetos\Agulha 11\0 - Documentos Gerais\Documentos com unidade\GRD-COM-ECA-Agulha 11-0000003'. Nenhuma pasta receberá ambiente.
[2026-07-31 16:45:06.330] [INFO] Excel local gerado para 'GRD-COM-ECA-Agulha 11': C:\ProgramData\Ecorodovias\GRD\Staging\20260731_164344\ANTT\GRD-COM-ECA-Agulha 11-0000003.xlsx
[2026-07-31 16:45:06.332] [INFO] Analisando grupo 'GRD-COM-ECA-Pontos de ônibus' (ANTT) com 35 documento(s).
[2026-07-31 16:45:06.565] [INFO] Grupo 'GRD-COM-ECA-Pontos de ônibus': GRD prevista 'GRD-COM-ECA-Pontos de ônibus-0000003'; destino 'Engenharia\Ecovias Araguaia\Projetos\Pontos de ônibus\0 - Documentos Gerais\Documentos com unidade\GRD-COM-ECA-Pontos de ônibus-0000003'. Nenhuma pasta receberá ambiente.
[2026-07-31 16:45:06.789] [INFO] Excel local gerado para 'GRD-COM-ECA-Pontos de ônibus': C:\ProgramData\Ecorodovias\GRD\Staging\20260731_164344\ANTT\GRD-COM-ECA-Pontos de ônibus-0000003.xlsx
[2026-07-31 16:45:06.789] [INFO] Analisando grupo 'GRD-COM-ERM-BSO 01' (ANTT) com 252 documento(s).
[2026-07-31 16:45:07.041] [INFO] Grupo 'GRD-COM-ERM-BSO 01': GRD prevista 'GRD-COM-ERM-BSO 01-0000003'; destino 'Engenharia\Ecovias Rio Minas\Projetos\BSO 1 - Alpercata\0 - Documentos Gerais\Documentos com unidade\GRD-COM-ERM-BSO 01-0000003'. Nenhuma pasta receberá ambiente.
[2026-07-31 16:45:07.269] [INFO] Excel local gerado para 'GRD-COM-ERM-BSO 01': C:\ProgramData\Ecorodovias\GRD\Staging\20260731_164344\ANTT\GRD-COM-ERM-BSO 01-0000003.xlsx
[2026-07-31 16:45:07.271] [INFO] Analisando grupo 'GRD-COM-ERM-BSO 03' (ANTT) com 159 documento(s).
[2026-07-31 16:45:07.507] [INFO] Grupo 'GRD-COM-ERM-BSO 03': GRD prevista 'GRD-COM-ERM-BSO 03-0000003'; destino 'Engenharia\Ecovias Rio Minas\Projetos\BSO 3 - Ubaporanga\0 - Documentos Gerais\Documentos com unidade\GRD-COM-ERM-BSO 03-0000003'. Nenhuma pasta receberá ambiente.
[2026-07-31 16:45:07.714] [INFO] Excel local gerado para 'GRD-COM-ERM-BSO 03': C:\ProgramData\Ecorodovias\GRD\Staging\20260731_164344\ANTT\GRD-COM-ERM-BSO 03-0000003.xlsx
[2026-07-31 16:45:07.716] [INFO] Analisando grupo 'GRD-COM-ERM-BSO 04' (ANTT) com 9 documento(s).
[2026-07-31 16:45:07.976] [INFO] Grupo 'GRD-COM-ERM-BSO 04': GRD prevista 'GRD-COM-ERM-BSO 04-0000003'; destino 'Engenharia\Ecovias Rio Minas\Projetos\BSO 4 - Santa Bárbara do Leste\0 - Documentos Gerais\Documentos com unidade\GRD-COM-ERM-BSO 04-0000003'. Nenhuma pasta receberá ambiente.
[2026-07-31 16:45:08.193] [INFO] Excel local gerado para 'GRD-COM-ERM-BSO 04': C:\ProgramData\Ecorodovias\GRD\Staging\20260731_164344\ANTT\GRD-COM-ERM-BSO 04-0000003.xlsx
[2026-07-31 16:45:08.195] [INFO] Analisando grupo 'GRD-COM-ERM-BSO 02' (ANTT) com 13 documento(s).
[2026-07-31 16:45:08.461] [INFO] Grupo 'GRD-COM-ERM-BSO 02': GRD prevista 'GRD-COM-ERM-BSO 02-0000003'; destino 'Engenharia\Ecovias Rio Minas\Projetos\BSO 2 - Tarumirim\0 - Documentos Gerais\Documentos com unidade\GRD-COM-ERM-BSO 02-0000003'. Nenhuma pasta receberá ambiente.
[2026-07-31 16:45:08.674] [INFO] Excel local gerado para 'GRD-COM-ERM-BSO 02': C:\ProgramData\Ecorodovias\GRD\Staging\20260731_164344\ANTT\GRD-COM-ERM-BSO 02-0000003.xlsx
[2026-07-31 16:45:08.676] [INFO] Analisando grupo 'GRD-COM-ERM-BSO 05' (ANTT) com 5 documento(s).
[2026-07-31 16:45:08.948] [INFO] Grupo 'GRD-COM-ERM-BSO 05': GRD prevista 'GRD-COM-ERM-BSO 05-0000003'; destino 'Engenharia\Ecovias Rio Minas\Projetos\BSO 5 - Manhuaçu\0 - Documentos Gerais\Documentos com unidade\GRD-COM-ERM-BSO 05-0000003'. Nenhuma pasta receberá ambiente.
[2026-07-31 16:45:09.152] [INFO] Excel local gerado para 'GRD-COM-ERM-BSO 05': C:\ProgramData\Ecorodovias\GRD\Staging\20260731_164344\ANTT\GRD-COM-ERM-BSO 05-0000003.xlsx
[2026-07-31 16:45:09.155] [INFO] Analisando grupo 'GRD-COM-ERM-BSO 07' (ANTT) com 276 documento(s).
[2026-07-31 16:45:09.406] [INFO] Grupo 'GRD-COM-ERM-BSO 07': GRD prevista 'GRD-COM-ERM-BSO 07-0000003'; destino 'Engenharia\Ecovias Rio Minas\Projetos\BSO 7 - Miradouro\0 - Documentos Gerais\Documentos com unidade\GRD-COM-ERM-BSO 07-0000003'. Nenhuma pasta receberá ambiente.
[2026-07-31 16:45:09.641] [INFO] Excel local gerado para 'GRD-COM-ERM-BSO 07': C:\ProgramData\Ecorodovias\GRD\Staging\20260731_164344\ANTT\GRD-COM-ERM-BSO 07-0000003.xlsx
[2026-07-31 16:45:09.642] [INFO] Analisando grupo 'GRD-COM-ERM-BSO 06' (ANTT) com 5 documento(s).
[2026-07-31 16:45:09.952] [INFO] Grupo 'GRD-COM-ERM-BSO 06': GRD prevista 'GRD-COM-ERM-BSO 06-0000003'; destino 'Engenharia\Ecovias Rio Minas\Projetos\BSO 6 - Divino\0 - Documentos Gerais\Documentos com unidade\GRD-COM-ERM-BSO 06-0000003'. Nenhuma pasta receberá ambiente.
[2026-07-31 16:45:10.171] [INFO] Excel local gerado para 'GRD-COM-ERM-BSO 06': C:\ProgramData\Ecorodovias\GRD\Staging\20260731_164344\ANTT\GRD-COM-ERM-BSO 06-0000003.xlsx
[2026-07-31 16:45:10.173] [INFO] Analisando grupo 'GRD-COM-ERM-BSO 08' (ANTT) com 88 documento(s).
[2026-07-31 16:45:10.440] [INFO] Grupo 'GRD-COM-ERM-BSO 08': GRD prevista 'GRD-COM-ERM-BSO 08-0000003'; destino 'Engenharia\Ecovias Rio Minas\Projetos\BSO 8 - Muriaé\0 - Documentos Gerais\Documentos com unidade\GRD-COM-ERM-BSO 08-0000003'. Nenhuma pasta receberá ambiente.
[2026-07-31 16:45:10.638] [INFO] Excel local gerado para 'GRD-COM-ERM-BSO 08': C:\ProgramData\Ecorodovias\GRD\Staging\20260731_164344\ANTT\GRD-COM-ERM-BSO 08-0000003.xlsx
[2026-07-31 16:45:10.638] [INFO] Analisando grupo 'GRD-COM-ERM-BSO 10' (ANTT) com 8 documento(s).
[2026-07-31 16:45:10.907] [INFO] Grupo 'GRD-COM-ERM-BSO 10': GRD prevista 'GRD-COM-ERM-BSO 10-0000003'; destino 'Engenharia\Ecovias Rio Minas\Projetos\BSO 10 - Além Paraíba\0 - Documentos Gerais\Documentos com unidade\GRD-COM-ERM-BSO 10-0000003'. Nenhuma pasta receberá ambiente.
[2026-07-31 16:45:11.100] [INFO] Excel local gerado para 'GRD-COM-ERM-BSO 10': C:\ProgramData\Ecorodovias\GRD\Staging\20260731_164344\ANTT\GRD-COM-ERM-BSO 10-0000003.xlsx
[2026-07-31 16:45:11.112] [INFO] Analisando grupo 'GRD-COM-ERM-BSO 09' (ANTT) com 9 documento(s).
[2026-07-31 16:45:11.436] [INFO] Grupo 'GRD-COM-ERM-BSO 09': GRD prevista 'GRD-COM-ERM-BSO 09-0000003'; destino 'Engenharia\Ecovias Rio Minas\Projetos\BSO 9 - Leopoldina\0 - Documentos Gerais\Documentos com unidade\GRD-COM-ERM-BSO 09-0000003'. Nenhuma pasta receberá ambiente.
[2026-07-31 16:45:11.644] [INFO] Excel local gerado para 'GRD-COM-ERM-BSO 09': C:\ProgramData\Ecorodovias\GRD\Staging\20260731_164344\ANTT\GRD-COM-ERM-BSO 09-0000003.xlsx
[2026-07-31 16:45:11.644] [INFO] Analisando grupo 'GRD-COM-ERM-BSO 13' (ANTT) com 5 documento(s).
[2026-07-31 16:45:11.898] [INFO] Grupo 'GRD-COM-ERM-BSO 13': GRD prevista 'GRD-COM-ERM-BSO 13-0000003'; destino 'Engenharia\Ecovias Rio Minas\Projetos\BSO 13 - Guapimirim\0 - Documentos Gerais\Documentos com unidade\GRD-COM-ERM-BSO 13-0000003'. Nenhuma pasta receberá ambiente.
[2026-07-31 16:45:12.156] [INFO] Excel local gerado para 'GRD-COM-ERM-BSO 13': C:\ProgramData\Ecorodovias\GRD\Staging\20260731_164344\ANTT\GRD-COM-ERM-BSO 13-0000003.xlsx
[2026-07-31 16:45:12.158] [INFO] Analisando grupo 'GRD-COM-ERM-BSO 11' (ANTT) com 9 documento(s).
[2026-07-31 16:45:12.404] [INFO] Grupo 'GRD-COM-ERM-BSO 11': GRD prevista 'GRD-COM-ERM-BSO 11-0000003'; destino 'Engenharia\Ecovias Rio Minas\Projetos\BSO 11 - Sapucaia\0 - Documentos Gerais\Documentos com unidade\GRD-COM-ERM-BSO 11-0000003'. Nenhuma pasta receberá ambiente.
[2026-07-31 16:45:12.606] [INFO] Excel local gerado para 'GRD-COM-ERM-BSO 11': C:\ProgramData\Ecorodovias\GRD\Staging\20260731_164344\ANTT\GRD-COM-ERM-BSO 11-0000003.xlsx
[2026-07-31 16:45:12.608] [INFO] Analisando grupo 'GRD-COM-ERM-BSO 12' (ANTT) com 224 documento(s).
[2026-07-31 16:45:12.851] [INFO] Grupo 'GRD-COM-ERM-BSO 12': GRD prevista 'GRD-COM-ERM-BSO 12-0000003'; destino 'Engenharia\Ecovias Rio Minas\Projetos\BSO 12 - Teresópolis\0 - Documentos Gerais\Documentos com unidade\GRD-COM-ERM-BSO 12-0000003'. Nenhuma pasta receberá ambiente.
[2026-07-31 16:45:13.079] [INFO] Excel local gerado para 'GRD-COM-ERM-BSO 12': C:\ProgramData\Ecorodovias\GRD\Staging\20260731_164344\ANTT\GRD-COM-ERM-BSO 12-0000003.xlsx
[2026-07-31 16:45:13.081] [INFO] Analisando grupo 'GRD-COM-ERM-BSO 14' (ANTT) com 16 documento(s).
[2026-07-31 16:45:13.384] [INFO] Grupo 'GRD-COM-ERM-BSO 14': GRD prevista 'GRD-COM-ERM-BSO 14-0000003'; destino 'Engenharia\Ecovias Rio Minas\Projetos\BSO 14 - Rio de Janeiro\0 - Documentos Gerais\Documentos com unidade\GRD-COM-ERM-BSO 14-0000003'. Nenhuma pasta receberá ambiente.
[2026-07-31 16:45:13.596] [INFO] Excel local gerado para 'GRD-COM-ERM-BSO 14': C:\ProgramData\Ecorodovias\GRD\Staging\20260731_164344\ANTT\GRD-COM-ERM-BSO 14-0000003.xlsx
[2026-07-31 16:45:13.597] [INFO] Analisando grupo 'GRD-COM-MGO-Dispositivo - Km 180' (ANTT) com 2 documento(s).
[2026-07-31 16:45:13.836] [INFO] Grupo 'GRD-COM-MGO-Dispositivo - Km 180': GRD prevista 'GRD-COM-MGO-Dispositivo - Km 180-0000003'; destino 'Engenharia\Ecovias Minas Goiás\Projetos\Adequação do Dispositivo - Km 180\0 - Documentos Gerais\Documentos com unidade\GRD-COM-MGO-Dispositivo - Km 180-0000003'. Nenhuma pasta receberá ambiente.
[2026-07-31 16:45:14.037] [INFO] Excel local gerado para 'GRD-COM-MGO-Dispositivo - Km 180': C:\ProgramData\Ecorodovias\GRD\Staging\20260731_164344\ANTT\GRD-COM-MGO-Dispositivo - Km 180-0000003.xlsx
[2026-07-31 16:45:14.039] [INFO] Analisando grupo 'GRD-COM-ERM-BSO 17' (ANTT) com 5 documento(s).
[2026-07-31 16:45:14.292] [INFO] Grupo 'GRD-COM-ERM-BSO 17': GRD prevista 'GRD-COM-ERM-BSO 17-0000003'; destino 'Engenharia\Ecovias Rio Minas\Projetos\BSO 17 - Duque de Caxias\0 - Documentos Gerais\Documentos com unidade\GRD-COM-ERM-BSO 17-0000003'. Nenhuma pasta receberá ambiente.
[2026-07-31 16:45:14.487] [INFO] Excel local gerado para 'GRD-COM-ERM-BSO 17': C:\ProgramData\Ecorodovias\GRD\Staging\20260731_164344\ANTT\GRD-COM-ERM-BSO 17-0000003.xlsx
[2026-07-31 16:45:14.487] [INFO] Analisando grupo 'GRD-COM-ERM-BSO 15' (ANTT) com 8 documento(s).
[2026-07-31 16:45:14.732] [INFO] Grupo 'GRD-COM-ERM-BSO 15': GRD prevista 'GRD-COM-ERM-BSO 15-0000003'; destino 'Engenharia\Ecovias Rio Minas\Projetos\BSO 15 - Seropédica\0 - Documentos Gerais\Documentos com unidade\GRD-COM-ERM-BSO 15-0000003'. Nenhuma pasta receberá ambiente.
[2026-07-31 16:45:14.963] [INFO] Excel local gerado para 'GRD-COM-ERM-BSO 15': C:\ProgramData\Ecorodovias\GRD\Staging\20260731_164344\ANTT\GRD-COM-ERM-BSO 15-0000003.xlsx
[2026-07-31 16:45:14.965] [INFO] Analisando grupo 'GRD-COM-ERM-BSO 16' (ANTT) com 5 documento(s).
[2026-07-31 16:45:15.215] [INFO] Grupo 'GRD-COM-ERM-BSO 16': GRD prevista 'GRD-COM-ERM-BSO 16-0000003'; destino 'Engenharia\Ecovias Rio Minas\Projetos\BSO 16 - Itaboraí\0 - Documentos Gerais\Documentos com unidade\GRD-COM-ERM-BSO 16-0000003'. Nenhuma pasta receberá ambiente.
[2026-07-31 16:45:15.416] [INFO] Excel local gerado para 'GRD-COM-ERM-BSO 16': C:\ProgramData\Ecorodovias\GRD\Staging\20260731_164344\ANTT\GRD-COM-ERM-BSO 16-0000003.xlsx
[2026-07-31 16:45:15.416] [INFO] Analisando grupo 'GRD-COM-ERM-BSO 18' (ANTT) com 5 documento(s).
[2026-07-31 16:45:15.650] [INFO] Grupo 'GRD-COM-ERM-BSO 18': GRD prevista 'GRD-COM-ERM-BSO 18-0000003'; destino 'Engenharia\Ecovias Rio Minas\Projetos\BSO 18 - Seropédica\0 - Documentos Gerais\Documentos com unidade\GRD-COM-ERM-BSO 18-0000003'. Nenhuma pasta receberá ambiente.
[2026-07-31 16:45:15.837] [INFO] Excel local gerado para 'GRD-COM-ERM-BSO 18': C:\ProgramData\Ecorodovias\GRD\Staging\20260731_164344\ANTT\GRD-COM-ERM-BSO 18-0000003.xlsx
[2026-07-31 16:45:15.839] [INFO] Analisando grupo 'GRD-COM-ERM-Nova Praça P8' (ANTT) com 10 documento(s).
[2026-07-31 16:45:16.063] [INFO] Grupo 'GRD-COM-ERM-Nova Praça P8': GRD prevista 'GRD-COM-ERM-Nova Praça P8-0000003'; destino 'Engenharia\Ecovias Rio Minas\Projetos\Nova Praça P8\0 - Documentos Gerais\Documentos com unidade\GRD-COM-ERM-Nova Praça P8-0000003'. Nenhuma pasta receberá ambiente.
[2026-07-31 16:45:16.288] [INFO] Excel local gerado para 'GRD-COM-ERM-Nova Praça P8': C:\ProgramData\Ecorodovias\GRD\Staging\20260731_164344\ANTT\GRD-COM-ERM-Nova Praça P8-0000003.xlsx
[2026-07-31 16:45:16.290] [INFO] Analisando grupo 'GRD-COM-ERM-Praça P15' (ANTT) com 32 documento(s).
[2026-07-31 16:45:16.526] [INFO] Grupo 'GRD-COM-ERM-Praça P15': GRD prevista 'GRD-COM-ERM-Praça P15-0000003'; destino 'Engenharia\Ecovias Rio Minas\Projetos\Praça de Pedágio P15\0 - Documentos Gerais\Documentos com unidade\GRD-COM-ERM-Praça P15-0000003'. Nenhuma pasta receberá ambiente.
[2026-07-31 16:45:16.717] [INFO] Excel local gerado para 'GRD-COM-ERM-Praça P15': C:\ProgramData\Ecorodovias\GRD\Staging\20260731_164344\ANTT\GRD-COM-ERM-Praça P15-0000003.xlsx
[2026-07-31 16:45:16.719] [INFO] Analisando grupo 'GRD-COM-ERM-PPD - km 215+600' (ANTT) com 16 documento(s).
[2026-07-31 16:45:16.980] [INFO] Grupo 'GRD-COM-ERM-PPD - km 215+600': GRD prevista 'GRD-COM-ERM-PPD - km 215+600-0000003'; destino 'Engenharia\Ecovias Rio Minas\Projetos\PPD - Rio\0 - Documentos Gerais\Documentos com unidade\GRD-COM-ERM-PPD - km 215+600-0000003'. Nenhuma pasta receberá ambiente.
[2026-07-31 16:45:17.177] [INFO] Excel local gerado para 'GRD-COM-ERM-PPD - km 215+600': C:\ProgramData\Ecorodovias\GRD\Staging\20260731_164344\ANTT\GRD-COM-ERM-PPD - km 215+600-0000003.xlsx
[2026-07-31 16:45:17.179] [INFO] Analisando grupo 'GRD-COM-ERM-Praça P14' (ANTT) com 40 documento(s).
[2026-07-31 16:45:17.440] [INFO] Grupo 'GRD-COM-ERM-Praça P14': GRD prevista 'GRD-COM-ERM-Praça P14-0000003'; destino 'Engenharia\Ecovias Rio Minas\Projetos\Praça de Pedágio P14\0 - Documentos Gerais\Documentos com unidade\GRD-COM-ERM-Praça P14-0000003'. Nenhuma pasta receberá ambiente.
[2026-07-31 16:45:17.658] [INFO] Excel local gerado para 'GRD-COM-ERM-Praça P14': C:\ProgramData\Ecorodovias\GRD\Staging\20260731_164344\ANTT\GRD-COM-ERM-Praça P14-0000003.xlsx
[2026-07-31 16:45:17.660] [INFO] Analisando grupo 'GRD-COM-ERM-Praça P7' (ANTT) com 46 documento(s).
[2026-07-31 16:45:17.938] [INFO] Grupo 'GRD-COM-ERM-Praça P7': GRD prevista 'GRD-COM-ERM-Praça P7-0000003'; destino 'Engenharia\Ecovias Rio Minas\Projetos\Praça de Pedágio P7\0 - Documentos Gerais\Documentos com unidade\GRD-COM-ERM-Praça P7-0000003'. Nenhuma pasta receberá ambiente.
[2026-07-31 16:45:18.126] [INFO] Excel local gerado para 'GRD-COM-ERM-Praça P7': C:\ProgramData\Ecorodovias\GRD\Staging\20260731_164344\ANTT\GRD-COM-ERM-Praça P7-0000003.xlsx
[2026-07-31 16:45:18.129] [INFO] Analisando grupo 'GRD-COM-ERM-PPD - km 513+600' (ANTT) com 8 documento(s).
[2026-07-31 16:45:18.480] [INFO] Grupo 'GRD-COM-ERM-PPD - km 513+600': GRD prevista 'GRD-COM-ERM-PPD - km 513+600-0000003'; destino 'Engenharia\Ecovias Rio Minas\Projetos\PPD - Minas\0 - Documentos Gerais\Documentos com unidade\GRD-COM-ERM-PPD - km 513+600-0000003'. Nenhuma pasta receberá ambiente.
[2026-07-31 16:45:18.736] [INFO] Excel local gerado para 'GRD-COM-ERM-PPD - km 513+600': C:\ProgramData\Ecorodovias\GRD\Staging\20260731_164344\ANTT\GRD-COM-ERM-PPD - km 513+600-0000003.xlsx
[2026-07-31 16:45:18.740] [INFO] Analisando grupo 'GRD-COM-ERM-Praça P11' (ANTT) com 38 documento(s).
[2026-07-31 16:45:19.020] [INFO] Grupo 'GRD-COM-ERM-Praça P11': GRD prevista 'GRD-COM-ERM-Praça P11-0000003'; destino 'Engenharia\Ecovias Rio Minas\Projetos\Praça de Pedágio P11\0 - Documentos Gerais\Documentos com unidade\GRD-COM-ERM-Praça P11-0000003'. Nenhuma pasta receberá ambiente.
[2026-07-31 16:45:19.331] [INFO] Excel local gerado para 'GRD-COM-ERM-Praça P11': C:\ProgramData\Ecorodovias\GRD\Staging\20260731_164344\ANTT\GRD-COM-ERM-Praça P11-0000003.xlsx
[2026-07-31 16:45:19.333] [INFO] Analisando grupo 'GRD-COM-ERM-Praça P8' (ANTT) com 40 documento(s).
[2026-07-31 16:45:19.583] [INFO] Grupo 'GRD-COM-ERM-Praça P8': GRD prevista 'GRD-COM-ERM-Praça P8-0000003'; destino 'Engenharia\Ecovias Rio Minas\Projetos\Praça de Pedágio P8\0 - Documentos Gerais\Documentos com unidade\GRD-COM-ERM-Praça P8-0000003'. Nenhuma pasta receberá ambiente.
[2026-07-31 16:45:19.791] [INFO] Excel local gerado para 'GRD-COM-ERM-Praça P8': C:\ProgramData\Ecorodovias\GRD\Staging\20260731_164344\ANTT\GRD-COM-ERM-Praça P8-0000003.xlsx
[2026-07-31 16:45:19.793] [INFO] Analisando grupo 'GRD-COM-ERM-Praça P9' (ANTT) com 48 documento(s).
[2026-07-31 16:45:20.078] [INFO] Grupo 'GRD-COM-ERM-Praça P9': GRD prevista 'GRD-COM-ERM-Praça P9-0000003'; destino 'Engenharia\Ecovias Rio Minas\Projetos\Praça de Pedágio P9\0 - Documentos Gerais\Documentos com unidade\GRD-COM-ERM-Praça P9-0000003'. Nenhuma pasta receberá ambiente.
[2026-07-31 16:45:20.332] [INFO] Excel local gerado para 'GRD-COM-ERM-Praça P9': C:\ProgramData\Ecorodovias\GRD\Staging\20260731_164344\ANTT\GRD-COM-ERM-Praça P9-0000003.xlsx
[2026-07-31 16:45:20.332] [INFO] Analisando grupo 'GRD-COM-ERM-Praça P12' (ANTT) com 48 documento(s).
[2026-07-31 16:45:20.572] [INFO] Grupo 'GRD-COM-ERM-Praça P12': GRD prevista 'GRD-COM-ERM-Praça P12-0000003'; destino 'Engenharia\Ecovias Rio Minas\Projetos\Praça de Pedágio P12\0 - Documentos Gerais\Documentos com unidade\GRD-COM-ERM-Praça P12-0000003'. Nenhuma pasta receberá ambiente.
[2026-07-31 16:45:20.792] [INFO] Excel local gerado para 'GRD-COM-ERM-Praça P12': C:\ProgramData\Ecorodovias\GRD\Staging\20260731_164344\ANTT\GRD-COM-ERM-Praça P12-0000003.xlsx
[2026-07-31 16:45:20.792] [INFO] Analisando grupo 'GRD-COM-ERM-Praça P10' (ANTT) com 22 documento(s).
[2026-07-31 16:45:21.052] [INFO] Grupo 'GRD-COM-ERM-Praça P10': GRD prevista 'GRD-COM-ERM-Praça P10-0000003'; destino 'Engenharia\Ecovias Rio Minas\Projetos\Praça de Pedágio P10\0 - Documentos Gerais\Documentos com unidade\GRD-COM-ERM-Praça P10-0000003'. Nenhuma pasta receberá ambiente.
[2026-07-31 16:45:21.273] [INFO] Excel local gerado para 'GRD-COM-ERM-Praça P10': C:\ProgramData\Ecorodovias\GRD\Staging\20260731_164344\ANTT\GRD-COM-ERM-Praça P10-0000003.xlsx
[2026-07-31 16:45:21.273] [INFO] Analisando grupo 'GRD-COM-ERM-Praça P13' (ANTT) com 42 documento(s).
[2026-07-31 16:45:21.530] [INFO] Grupo 'GRD-COM-ERM-Praça P13': GRD prevista 'GRD-COM-ERM-Praça P13-0000003'; destino 'Engenharia\Ecovias Rio Minas\Projetos\Praça de Pedágio P13\0 - Documentos Gerais\Documentos com unidade\GRD-COM-ERM-Praça P13-0000003'. Nenhuma pasta receberá ambiente.
[2026-07-31 16:45:21.715] [INFO] Excel local gerado para 'GRD-COM-ERM-Praça P13': C:\ProgramData\Ecorodovias\GRD\Staging\20260731_164344\ANTT\GRD-COM-ERM-Praça P13-0000003.xlsx
[2026-07-31 16:45:21.715] [INFO] Analisando grupo 'GRD-COM-ERM-Praça P6' (ANTT) com 725 documento(s).
[2026-07-31 16:45:22.015] [INFO] Grupo 'GRD-COM-ERM-Praça P6': GRD prevista 'GRD-COM-ERM-Praça P6-0000003'; destino 'Engenharia\Ecovias Rio Minas\Projetos\Praça P6\0 - Documentos Gerais\Documentos com unidade\GRD-COM-ERM-Praça P6-0000003'. Nenhuma pasta receberá ambiente.
[2026-07-31 16:45:22.329] [INFO] Excel local gerado para 'GRD-COM-ERM-Praça P6': C:\ProgramData\Ecorodovias\GRD\Staging\20260731_164344\ANTT\GRD-COM-ERM-Praça P6-0000003.xlsx
[2026-07-31 16:45:22.336] [INFO] Analisando grupo 'GRD-COM-ECA-Acesso km 35 - BR414/GO' (ANTT) com 12 documento(s).
[2026-07-31 16:45:22.577] [INFO] Grupo 'GRD-COM-ECA-Acesso km 35 - BR414/GO': GRD prevista 'GRD-COM-ECA-Acesso km 35 - BR414/GO-0000003'; destino 'Engenharia\Ecovias Araguaia\Projetos\Acesso km 35 - BR414/GO\0 - Documentos Gerais\Documentos com unidade\GRD-COM-ECA-Acesso km 35 - BR414/GO-0000003'. Nenhuma pasta receberá ambiente.
[2026-07-31 16:45:22.769] [INFO] Excel local gerado para 'GRD-COM-ECA-Acesso km 35 - BR414/GO': C:\ProgramData\Ecorodovias\GRD\Staging\20260731_164344\ANTT\GRD-COM-ECA-Acesso km 35 - BR414_GO-0000003.xlsx
[2026-07-31 16:45:22.774] [INFO] Analisando grupo 'GRD-COM-EC5-Acostamentos do SH8' (ANTT) com 4 documento(s).
[2026-07-31 16:45:23.019] [INFO] Grupo 'GRD-COM-EC5-Acostamentos do SH8': GRD prevista 'GRD-COM-EC5-Acostamentos do SH8-0000003'; destino 'Engenharia\Ecovias Norte Minas\Projetos\Acostamentos do SH8\0 - Documentos Gerais\Documentos com unidade\GRD-COM-EC5-Acostamentos do SH8-0000003'. Nenhuma pasta receberá ambiente.
[2026-07-31 16:45:23.226] [INFO] Excel local gerado para 'GRD-COM-EC5-Acostamentos do SH8': C:\ProgramData\Ecorodovias\GRD\Staging\20260731_164344\ANTT\GRD-COM-EC5-Acostamentos do SH8-0000003.xlsx
[2026-07-31 16:45:23.230] [INFO] Analisando grupo 'GRD-COM-ECA-Ampliações 7°Ano SH 11' (ANTT) com 18 documento(s).
[2026-07-31 16:45:23.495] [INFO] Grupo 'GRD-COM-ECA-Ampliações 7°Ano SH 11': GRD prevista 'GRD-COM-ECA-Ampliações 7°Ano SH 11-0000002'; destino 'Engenharia\Ecovias Araguaia\Projetos\Ampliações 7°Ano SH 11\0 - Documentos Gerais\Documentos com unidade\GRD-COM-ECA-Ampliações 7°Ano SH 11-0000002'. Nenhuma pasta receberá ambiente.
[2026-07-31 16:45:23.697] [INFO] Excel local gerado para 'GRD-COM-ECA-Ampliações 7°Ano SH 11': C:\ProgramData\Ecorodovias\GRD\Staging\20260731_164344\ANTT\GRD-COM-ECA-Ampliações 7°Ano SH 11-0000002.xlsx
[2026-07-31 16:45:23.700] [INFO] Analisando grupo 'GRD-COM-EC1-Duplicação D1' (ANTT) com 6 documento(s).
[2026-07-31 16:45:24.000] [INFO] Grupo 'GRD-COM-EC1-Duplicação D1': GRD prevista 'GRD-COM-EC1-Duplicação D1-0000003'; destino 'Engenharia\Ecovias Capixaba\Projetos\Duplicação D1\0 - Documentos Gerais\Documentos com unidade\GRD-COM-EC1-Duplicação D1-0000003'. Nenhuma pasta receberá ambiente.
[2026-07-31 16:45:24.191] [INFO] Excel local gerado para 'GRD-COM-EC1-Duplicação D1': C:\ProgramData\Ecorodovias\GRD\Staging\20260731_164344\ANTT\GRD-COM-EC1-Duplicação D1-0000003.xlsx
[2026-07-31 16:45:24.195] [INFO] Analisando grupo 'GRD-COM-ECNO-01.03.02' (ARTESP) com 1591 documento(s).
[2026-07-31 16:45:24.654] [INFO] Grupo 'GRD-COM-ECNO-01.03.02': GRD prevista 'GRD-COM-ECNO-01.03.02-0000003'; destino 'Engenharia\Ecovias Noroeste Paulista\Projetos\01.03.02\0 - Documentos Gerais\Documentos com unidade\GRD-COM-ECNO-01.03.02-0000003'. Nenhuma pasta receberá ambiente.
[2026-07-31 16:45:25.031] [INFO] Excel local gerado para 'GRD-COM-ECNO-01.03.02': C:\ProgramData\Ecorodovias\GRD\Staging\20260731_164344\ARTESP\GRD-COM-ECNO-01.03.02-0000003.xlsx
[2026-07-31 16:45:25.035] [INFO] Analisando grupo 'GRD-COM-ECNO-02.10.01.01' (ARTESP) com 273 documento(s).
[2026-07-31 16:45:25.266] [INFO] Grupo 'GRD-COM-ECNO-02.10.01.01': GRD prevista 'GRD-COM-ECNO-02.10.01.01-0000003'; destino 'Engenharia\Ecovias Noroeste Paulista\Projetos\02.10.01.01\0 - Documentos Gerais\Documentos com unidade\GRD-COM-ECNO-02.10.01.01-0000003'. Nenhuma pasta receberá ambiente.
[2026-07-31 16:45:25.503] [INFO] Excel local gerado para 'GRD-COM-ECNO-02.10.01.01': C:\ProgramData\Ecorodovias\GRD\Staging\20260731_164344\ARTESP\GRD-COM-ECNO-02.10.01.01-0000003.xlsx
[2026-07-31 16:45:25.509] [INFO] Analisando grupo 'GRD-COM-ECNO-01.03.01' (ARTESP) com 4306 documento(s).
[2026-07-31 16:45:25.732] [INFO] Grupo 'GRD-COM-ECNO-01.03.01': GRD prevista 'GRD-COM-ECNO-01.03.01-0000003'; destino 'Engenharia\Ecovias Noroeste Paulista\Projetos\01.03.01\0 - Documentos Gerais\Documentos com unidade\GRD-COM-ECNO-01.03.01-0000003'. Nenhuma pasta receberá ambiente.
[2026-07-31 16:45:26.433] [INFO] Excel local gerado para 'GRD-COM-ECNO-01.03.01': C:\ProgramData\Ecorodovias\GRD\Staging\20260731_164344\ARTESP\GRD-COM-ECNO-01.03.01-0000003.xlsx
[2026-07-31 16:45:26.435] [INFO] Analisando grupo 'GRD-COM-ECNO-02.02.01.01.01' (ARTESP) com 427 documento(s).
[2026-07-31 16:45:26.689] [INFO] Grupo 'GRD-COM-ECNO-02.02.01.01.01': GRD prevista 'GRD-COM-ECNO-02.02.01.01.01-0000003'; destino 'Engenharia\Ecovias Noroeste Paulista\Projetos\02.02.01.01.01\0 - Documentos Gerais\Documentos com unidade\GRD-COM-ECNO-02.02.01.01.01-0000003'. Nenhuma pasta receberá ambiente.
[2026-07-31 16:45:26.990] [INFO] Excel local gerado para 'GRD-COM-ECNO-02.02.01.01.01': C:\ProgramData\Ecorodovias\GRD\Staging\20260731_164344\ARTESP\GRD-COM-ECNO-02.02.01.01.01-0000003.xlsx
[2026-07-31 16:45:26.992] [INFO] Analisando grupo 'GRD-COM-ECNO-01.03.03' (ARTESP) com 884 documento(s).
[2026-07-31 16:45:27.783] [INFO] Grupo 'GRD-COM-ECNO-01.03.03': GRD prevista 'GRD-COM-ECNO-01.03.03-0000003'; destino 'Engenharia\Ecovias Noroeste Paulista\Projetos\01.03.03\0 - Documentos Gerais\Documentos com unidade\GRD-COM-ECNO-01.03.03-0000003'. Nenhuma pasta receberá ambiente.
[2026-07-31 16:45:28.230] [INFO] Excel local gerado para 'GRD-COM-ECNO-01.03.03': C:\ProgramData\Ecorodovias\GRD\Staging\20260731_164344\ARTESP\GRD-COM-ECNO-01.03.03-0000003.xlsx
[2026-07-31 16:45:28.233] [INFO] Analisando grupo 'GRD-COM-ECNO-02.06.02.07' (ARTESP) com 262 documento(s).
[2026-07-31 16:45:28.494] [INFO] Grupo 'GRD-COM-ECNO-02.06.02.07': GRD prevista 'GRD-COM-ECNO-02.06.02.07-0000003'; destino 'Engenharia\Ecovias Noroeste Paulista\Projetos\02.06.02.07\0 - Documentos Gerais\Documentos com unidade\GRD-COM-ECNO-02.06.02.07-0000003'. Nenhuma pasta receberá ambiente.
[2026-07-31 16:45:28.861] [INFO] Excel local gerado para 'GRD-COM-ECNO-02.06.02.07': C:\ProgramData\Ecorodovias\GRD\Staging\20260731_164344\ARTESP\GRD-COM-ECNO-02.06.02.07-0000003.xlsx
[2026-07-31 16:45:28.863] [INFO] Analisando grupo 'GRD-COM-ECNO-02.06.02.11' (ARTESP) com 263 documento(s).
[2026-07-31 16:45:29.151] [INFO] Grupo 'GRD-COM-ECNO-02.06.02.11': GRD prevista 'GRD-COM-ECNO-02.06.02.11-0000003'; destino 'Engenharia\Ecovias Noroeste Paulista\Projetos\02.06.02.11\0 - Documentos Gerais\Documentos com unidade\GRD-COM-ECNO-02.06.02.11-0000003'. Nenhuma pasta receberá ambiente.
[2026-07-31 16:45:29.425] [INFO] Excel local gerado para 'GRD-COM-ECNO-02.06.02.11': C:\ProgramData\Ecorodovias\GRD\Staging\20260731_164344\ARTESP\GRD-COM-ECNO-02.06.02.11-0000003.xlsx
[2026-07-31 16:45:29.427] [INFO] Analisando grupo 'GRD-COM-ECNO-02.06.02.06' (ARTESP) com 478 documento(s).
[2026-07-31 16:45:29.701] [INFO] Grupo 'GRD-COM-ECNO-02.06.02.06': GRD prevista 'GRD-COM-ECNO-02.06.02.06-0000003'; destino 'Engenharia\Ecovias Noroeste Paulista\Projetos\02.06.02.06\0 - Documentos Gerais\Documentos com unidade\GRD-COM-ECNO-02.06.02.06-0000003'. Nenhuma pasta receberá ambiente.
[2026-07-31 16:45:29.935] [INFO] Excel local gerado para 'GRD-COM-ECNO-02.06.02.06': C:\ProgramData\Ecorodovias\GRD\Staging\20260731_164344\ARTESP\GRD-COM-ECNO-02.06.02.06-0000003.xlsx
[2026-07-31 16:45:29.938] [INFO] Analisando grupo 'GRD-COM-ECNO-02.02.02.03.01' (ARTESP) com 120 documento(s).
[2026-07-31 16:45:30.211] [INFO] Grupo 'GRD-COM-ECNO-02.02.02.03.01': GRD prevista 'GRD-COM-ECNO-02.02.02.03.01-0000003'; destino 'Engenharia\Ecovias Noroeste Paulista\Projetos\02.02.02.03.01\0 - Documentos Gerais\Documentos com unidade\GRD-COM-ECNO-02.02.02.03.01-0000003'. Nenhuma pasta receberá ambiente.
[2026-07-31 16:45:30.429] [INFO] Excel local gerado para 'GRD-COM-ECNO-02.02.02.03.01': C:\ProgramData\Ecorodovias\GRD\Staging\20260731_164344\ARTESP\GRD-COM-ECNO-02.02.02.03.01-0000003.xlsx
[2026-07-31 16:45:30.431] [INFO] Analisando grupo 'GRD-COM-ECNO-01.01.01.06' (ARTESP) com 40 documento(s).
[2026-07-31 16:45:30.719] [INFO] Grupo 'GRD-COM-ECNO-01.01.01.06': GRD prevista 'GRD-COM-ECNO-01.01.01.06-0000003'; destino 'Engenharia\Ecovias Noroeste Paulista\Projetos\01.01.01.06\0 - Documentos Gerais\Documentos com unidade\GRD-COM-ECNO-01.01.01.06-0000003'. Nenhuma pasta receberá ambiente.
[2026-07-31 16:45:31.038] [INFO] Excel local gerado para 'GRD-COM-ECNO-01.01.01.06': C:\ProgramData\Ecorodovias\GRD\Staging\20260731_164344\ARTESP\GRD-COM-ECNO-01.01.01.06-0000003.xlsx
[2026-07-31 16:45:31.041] [INFO] Analisando grupo 'GRD-COM-ECNO-02.02.01.13.01' (ARTESP) com 19 documento(s).
[2026-07-31 16:45:31.292] [INFO] Grupo 'GRD-COM-ECNO-02.02.01.13.01': GRD prevista 'GRD-COM-ECNO-02.02.01.13.01-0000003'; destino 'Engenharia\Ecovias Noroeste Paulista\Projetos\02.02.01.13.01\0 - Documentos Gerais\Documentos com unidade\GRD-COM-ECNO-02.02.01.13.01-0000003'. Nenhuma pasta receberá ambiente.
[2026-07-31 16:45:31.500] [INFO] Excel local gerado para 'GRD-COM-ECNO-02.02.01.13.01': C:\ProgramData\Ecorodovias\GRD\Staging\20260731_164344\ARTESP\GRD-COM-ECNO-02.02.01.13.01-0000003.xlsx
[2026-07-31 16:45:31.502] [INFO] Analisando grupo 'GRD-COM-ECNO-02.02.02.11.01' (ARTESP) com 12 documento(s).
[2026-07-31 16:45:31.764] [INFO] Grupo 'GRD-COM-ECNO-02.02.02.11.01': GRD prevista 'GRD-COM-ECNO-02.02.02.11.01-0000003'; destino 'Engenharia\Ecovias Noroeste Paulista\Projetos\02.02.02.11.01\0 - Documentos Gerais\Documentos com unidade\GRD-COM-ECNO-02.02.02.11.01-0000003'. Nenhuma pasta receberá ambiente.
[2026-07-31 16:45:32.090] [INFO] Excel local gerado para 'GRD-COM-ECNO-02.02.02.11.01': C:\ProgramData\Ecorodovias\GRD\Staging\20260731_164344\ARTESP\GRD-COM-ECNO-02.02.02.11.01-0000003.xlsx
[2026-07-31 16:45:32.092] [INFO] Analisando grupo 'GRD-COM-ECNO-01.01.01.01' (ARTESP) com 149 documento(s).
[2026-07-31 16:45:32.328] [INFO] Grupo 'GRD-COM-ECNO-01.01.01.01': GRD prevista 'GRD-COM-ECNO-01.01.01.01-0000003'; destino 'Engenharia\Ecovias Noroeste Paulista\Projetos\01.01.01.01\0 - Documentos Gerais\Documentos com unidade\GRD-COM-ECNO-01.01.01.01-0000003'. Nenhuma pasta receberá ambiente.
[2026-07-31 16:45:32.601] [INFO] Excel local gerado para 'GRD-COM-ECNO-01.01.01.01': C:\ProgramData\Ecorodovias\GRD\Staging\20260731_164344\ARTESP\GRD-COM-ECNO-01.01.01.01-0000003.xlsx
[2026-07-31 16:45:32.606] [INFO] Analisando grupo 'GRD-COM-ECNO-02.04.03.01.01' (ARTESP) com 72 documento(s).
[2026-07-31 16:45:32.853] [INFO] Grupo 'GRD-COM-ECNO-02.04.03.01.01': GRD prevista 'GRD-COM-ECNO-02.04.03.01.01-0000003'; destino 'Engenharia\Ecovias Noroeste Paulista\Projetos\02.04.03.01.01\0 - Documentos Gerais\Documentos com unidade\GRD-COM-ECNO-02.04.03.01.01-0000003'. Nenhuma pasta receberá ambiente.
[2026-07-31 16:45:33.226] [INFO] Excel local gerado para 'GRD-COM-ECNO-02.04.03.01.01': C:\ProgramData\Ecorodovias\GRD\Staging\20260731_164344\ARTESP\GRD-COM-ECNO-02.04.03.01.01-0000003.xlsx
[2026-07-31 16:45:33.228] [INFO] Analisando grupo 'GRD-COM-ECNO-02.04.03.01.02' (ARTESP) com 67 documento(s).
[2026-07-31 16:45:33.492] [INFO] Grupo 'GRD-COM-ECNO-02.04.03.01.02': GRD prevista 'GRD-COM-ECNO-02.04.03.01.02-0000003'; destino 'Engenharia\Ecovias Noroeste Paulista\Projetos\02.04.03.01.02\0 - Documentos Gerais\Documentos com unidade\GRD-COM-ECNO-02.04.03.01.02-0000003'. Nenhuma pasta receberá ambiente.
[2026-07-31 16:45:33.745] [INFO] Excel local gerado para 'GRD-COM-ECNO-02.04.03.01.02': C:\ProgramData\Ecorodovias\GRD\Staging\20260731_164344\ARTESP\GRD-COM-ECNO-02.04.03.01.02-0000003.xlsx
[2026-07-31 16:45:33.747] [INFO] Analisando grupo 'GRD-COM-ECNO-02.06.02.12' (ARTESP) com 255 documento(s).
[2026-07-31 16:45:34.000] [INFO] Grupo 'GRD-COM-ECNO-02.06.02.12': GRD prevista 'GRD-COM-ECNO-02.06.02.12-0000003'; destino 'Engenharia\Ecovias Noroeste Paulista\Projetos\02.06.02.12\0 - Documentos Gerais\Documentos com unidade\GRD-COM-ECNO-02.06.02.12-0000003'. Nenhuma pasta receberá ambiente.
[2026-07-31 16:45:34.219] [INFO] Excel local gerado para 'GRD-COM-ECNO-02.06.02.12': C:\ProgramData\Ecorodovias\GRD\Staging\20260731_164344\ARTESP\GRD-COM-ECNO-02.06.02.12-0000003.xlsx
[2026-07-31 16:45:34.219] [INFO] Analisando grupo 'GRD-COM-ECNO-02.02.01.14.01' (ARTESP) com 21 documento(s).
[2026-07-31 16:45:34.465] [INFO] Grupo 'GRD-COM-ECNO-02.02.01.14.01': GRD prevista 'GRD-COM-ECNO-02.02.01.14.01-0000003'; destino 'Engenharia\Ecovias Noroeste Paulista\Projetos\02.02.01.14.01\0 - Documentos Gerais\Documentos com unidade\GRD-COM-ECNO-02.02.01.14.01-0000003'. Nenhuma pasta receberá ambiente.
[2026-07-31 16:45:34.647] [INFO] Excel local gerado para 'GRD-COM-ECNO-02.02.01.14.01': C:\ProgramData\Ecorodovias\GRD\Staging\20260731_164344\ARTESP\GRD-COM-ECNO-02.02.01.14.01-0000003.xlsx
[2026-07-31 16:45:34.650] [INFO] Analisando grupo 'GRD-COM-ECNO-01.01.02.01' (ARTESP) com 228 documento(s).
[2026-07-31 16:45:34.906] [INFO] Grupo 'GRD-COM-ECNO-01.01.02.01': GRD prevista 'GRD-COM-ECNO-01.01.02.01-0000003'; destino 'Engenharia\Ecovias Noroeste Paulista\Projetos\01.01.02.01\0 - Documentos Gerais\Documentos com unidade\GRD-COM-ECNO-01.01.02.01-0000003'. Nenhuma pasta receberá ambiente.
[2026-07-31 16:45:35.120] [INFO] Excel local gerado para 'GRD-COM-ECNO-01.01.02.01': C:\ProgramData\Ecorodovias\GRD\Staging\20260731_164344\ARTESP\GRD-COM-ECNO-01.01.02.01-0000003.xlsx
[2026-07-31 16:45:35.122] [INFO] Analisando grupo 'GRD-COM-ECNO-01.01.02.02' (ARTESP) com 503 documento(s).
[2026-07-31 16:45:35.681] [INFO] Grupo 'GRD-COM-ECNO-01.01.02.02': GRD prevista 'GRD-COM-ECNO-01.01.02.02-0000003'; destino 'Engenharia\Ecovias Noroeste Paulista\Projetos\01.01.02.02\0 - Documentos Gerais\Documentos com unidade\GRD-COM-ECNO-01.01.02.02-0000003'. Nenhuma pasta receberá ambiente.
[2026-07-31 16:45:36.034] [INFO] Excel local gerado para 'GRD-COM-ECNO-01.01.02.02': C:\ProgramData\Ecorodovias\GRD\Staging\20260731_164344\ARTESP\GRD-COM-ECNO-01.01.02.02-0000003.xlsx
[2026-07-31 16:45:36.036] [INFO] Analisando grupo 'GRD-COM-ECNO-01.03.04' (ARTESP) com 98 documento(s).
[2026-07-31 16:45:36.433] [INFO] Grupo 'GRD-COM-ECNO-01.03.04': GRD prevista 'GRD-COM-ECNO-01.03.04-0000003'; destino 'Engenharia\Ecovias Noroeste Paulista\Projetos\01.03.04\0 - Documentos Gerais\Documentos com unidade\GRD-COM-ECNO-01.03.04-0000003'. Nenhuma pasta receberá ambiente.
[2026-07-31 16:45:36.832] [INFO] Excel local gerado para 'GRD-COM-ECNO-01.03.04': C:\ProgramData\Ecorodovias\GRD\Staging\20260731_164344\ARTESP\GRD-COM-ECNO-01.03.04-0000003.xlsx
[2026-07-31 16:45:36.835] [INFO] Analisando grupo 'GRD-COM-ECNO-01.01.01.02' (ARTESP) com 514 documento(s).
[2026-07-31 16:45:37.157] [INFO] Grupo 'GRD-COM-ECNO-01.01.01.02': GRD prevista 'GRD-COM-ECNO-01.01.01.02-0000003'; destino 'Engenharia\Ecovias Noroeste Paulista\Projetos\01.01.01.02\0 - Documentos Gerais\Documentos com unidade\GRD-COM-ECNO-01.01.01.02-0000003'. Nenhuma pasta receberá ambiente.
[2026-07-31 16:45:37.411] [INFO] Excel local gerado para 'GRD-COM-ECNO-01.01.01.02': C:\ProgramData\Ecorodovias\GRD\Staging\20260731_164344\ARTESP\GRD-COM-ECNO-01.01.01.02-0000003.xlsx
[2026-07-31 16:45:37.415] [INFO] Analisando grupo 'GRD-COM-ECNO-02.02.02.05.00' (ARTESP) com 86 documento(s).
[2026-07-31 16:45:37.674] [INFO] Grupo 'GRD-COM-ECNO-02.02.02.05.00': GRD prevista 'GRD-COM-ECNO-02.02.02.05.00-0000003'; destino 'Engenharia\Ecovias Noroeste Paulista\Projetos\02.02.02.05.00\0 - Documentos Gerais\Documentos com unidade\GRD-COM-ECNO-02.02.02.05.00-0000003'. Nenhuma pasta receberá ambiente.
[2026-07-31 16:45:37.930] [INFO] Excel local gerado para 'GRD-COM-ECNO-02.02.02.05.00': C:\ProgramData\Ecorodovias\GRD\Staging\20260731_164344\ARTESP\GRD-COM-ECNO-02.02.02.05.00-0000003.xlsx
[2026-07-31 16:45:37.930] [INFO] Analisando grupo 'GRD-COM-ECNO-02.02.02.01.01' (ARTESP) com 19 documento(s).
[2026-07-31 16:45:38.204] [INFO] Grupo 'GRD-COM-ECNO-02.02.02.01.01': GRD prevista 'GRD-COM-ECNO-02.02.02.01.01-0000003'; destino 'Engenharia\Ecovias Noroeste Paulista\Projetos\02.02.02.01.01\0 - Documentos Gerais\Documentos com unidade\GRD-COM-ECNO-02.02.02.01.01-0000003'. Nenhuma pasta receberá ambiente.
[2026-07-31 16:45:38.399] [INFO] Excel local gerado para 'GRD-COM-ECNO-02.02.02.01.01': C:\ProgramData\Ecorodovias\GRD\Staging\20260731_164344\ARTESP\GRD-COM-ECNO-02.02.02.01.01-0000003.xlsx
[2026-07-31 16:45:38.399] [INFO] Analisando grupo 'GRD-COM-ECNO-02.06.02.16' (ARTESP) com 257 documento(s).
[2026-07-31 16:45:38.619] [INFO] Grupo 'GRD-COM-ECNO-02.06.02.16': GRD prevista 'GRD-COM-ECNO-02.06.02.16-0000003'; destino 'Engenharia\Ecovias Noroeste Paulista\Projetos\02.06.02.16\0 - Documentos Gerais\Documentos com unidade\GRD-COM-ECNO-02.06.02.16-0000003'. Nenhuma pasta receberá ambiente.
[2026-07-31 16:45:38.838] [INFO] Excel local gerado para 'GRD-COM-ECNO-02.06.02.16': C:\ProgramData\Ecorodovias\GRD\Staging\20260731_164344\ARTESP\GRD-COM-ECNO-02.06.02.16-0000003.xlsx
[2026-07-31 16:45:38.847] [INFO] Analisando grupo 'GRD-COM-ECNO-02.06.02.17' (ARTESP) com 42 documento(s).
[2026-07-31 16:45:39.243] [INFO] Grupo 'GRD-COM-ECNO-02.06.02.17': GRD prevista 'GRD-COM-ECNO-02.06.02.17-0000003'; destino 'Engenharia\Ecovias Noroeste Paulista\Projetos\02.06.02.17\0 - Documentos Gerais\Documentos com unidade\GRD-COM-ECNO-02.06.02.17-0000003'. Nenhuma pasta receberá ambiente.
[2026-07-31 16:45:39.549] [INFO] Excel local gerado para 'GRD-COM-ECNO-02.06.02.17': C:\ProgramData\Ecorodovias\GRD\Staging\20260731_164344\ARTESP\GRD-COM-ECNO-02.06.02.17-0000003.xlsx
[2026-07-31 16:45:39.551] [INFO] Analisando grupo 'GRD-COM-ECNO-01.01.01.09' (ARTESP) com 206 documento(s).
[2026-07-31 16:45:39.838] [INFO] Grupo 'GRD-COM-ECNO-01.01.01.09': GRD prevista 'GRD-COM-ECNO-01.01.01.09-0000003'; destino 'Engenharia\Ecovias Noroeste Paulista\Projetos\01.01.01.09\0 - Documentos Gerais\Documentos com unidade\GRD-COM-ECNO-01.01.01.09-0000003'. Nenhuma pasta receberá ambiente.
[2026-07-31 16:45:40.144] [INFO] Excel local gerado para 'GRD-COM-ECNO-01.01.01.09': C:\ProgramData\Ecorodovias\GRD\Staging\20260731_164344\ARTESP\GRD-COM-ECNO-01.01.01.09-0000003.xlsx
[2026-07-31 16:45:40.158] [INFO] Analisando grupo 'GRD-COM-ECNO-02.02.02.01.02' (ARTESP) com 29 documento(s).
[2026-07-31 16:45:40.461] [INFO] Grupo 'GRD-COM-ECNO-02.02.02.01.02': GRD prevista 'GRD-COM-ECNO-02.02.02.01.02-0000003'; destino 'Engenharia\Ecovias Noroeste Paulista\Projetos\02.02.02.01.02\0 - Documentos Gerais\Documentos com unidade\GRD-COM-ECNO-02.02.02.01.02-0000003'. Nenhuma pasta receberá ambiente.
[2026-07-31 16:45:40.797] [INFO] Excel local gerado para 'GRD-COM-ECNO-02.02.02.01.02': C:\ProgramData\Ecorodovias\GRD\Staging\20260731_164344\ARTESP\GRD-COM-ECNO-02.02.02.01.02-0000003.xlsx
[2026-07-31 16:45:40.800] [INFO] Analisando grupo 'GRD-COM-ECNO-01.01.01.05' (ARTESP) com 20 documento(s).
[2026-07-31 16:45:41.102] [INFO] Grupo 'GRD-COM-ECNO-01.01.01.05': GRD prevista 'GRD-COM-ECNO-01.01.01.05-0000003'; destino 'Engenharia\Ecovias Noroeste Paulista\Projetos\01.01.01.05\0 - Documentos Gerais\Documentos com unidade\GRD-COM-ECNO-01.01.01.05-0000003'. Nenhuma pasta receberá ambiente.
[2026-07-31 16:45:41.369] [INFO] Excel local gerado para 'GRD-COM-ECNO-01.01.01.05': C:\ProgramData\Ecorodovias\GRD\Staging\20260731_164344\ARTESP\GRD-COM-ECNO-01.01.01.05-0000003.xlsx
[2026-07-31 16:45:41.372] [INFO] Analisando grupo 'GRD-COM-ECNO-02.02.01.07.01' (ARTESP) com 9 documento(s).
[2026-07-31 16:45:42.362] [INFO] Grupo 'GRD-COM-ECNO-02.02.01.07.01': GRD prevista 'GRD-COM-ECNO-02.02.01.07.01-0000003'; destino 'Engenharia\Ecovias Noroeste Paulista\Projetos\02.02.01.07.01\0 - Documentos Gerais\Documentos com unidade\GRD-COM-ECNO-02.02.01.07.01-0000003'. Nenhuma pasta receberá ambiente.
[2026-07-31 16:45:42.684] [INFO] Excel local gerado para 'GRD-COM-ECNO-02.02.01.07.01': C:\ProgramData\Ecorodovias\GRD\Staging\20260731_164344\ARTESP\GRD-COM-ECNO-02.02.01.07.01-0000003.xlsx
[2026-07-31 16:45:42.693] [INFO] Analisando grupo 'GRD-COM-ECNO-01.02.02.01' (ARTESP) com 2 documento(s).
[2026-07-31 16:45:42.948] [INFO] Grupo 'GRD-COM-ECNO-01.02.02.01': GRD prevista 'GRD-COM-ECNO-01.02.02.01-0000003'; destino 'Engenharia\Ecovias Noroeste Paulista\Projetos\01.02.02.01\0 - Documentos Gerais\Documentos com unidade\GRD-COM-ECNO-01.02.02.01-0000003'. Nenhuma pasta receberá ambiente.
[2026-07-31 16:45:43.206] [INFO] Excel local gerado para 'GRD-COM-ECNO-01.02.02.01': C:\ProgramData\Ecorodovias\GRD\Staging\20260731_164344\ARTESP\GRD-COM-ECNO-01.02.02.01-0000003.xlsx
[2026-07-31 16:45:43.208] [INFO] Analisando grupo 'GRD-COM-ECNO-02.02.01.12.01' (ARTESP) com 25 documento(s).
[2026-07-31 16:45:43.448] [INFO] Grupo 'GRD-COM-ECNO-02.02.01.12.01': GRD prevista 'GRD-COM-ECNO-02.02.01.12.01-0000003'; destino 'Engenharia\Ecovias Noroeste Paulista\Projetos\02.02.01.12.01\0 - Documentos Gerais\Documentos com unidade\GRD-COM-ECNO-02.02.01.12.01-0000003'. Nenhuma pasta receberá ambiente.
[2026-07-31 16:45:43.765] [INFO] Excel local gerado para 'GRD-COM-ECNO-02.02.01.12.01': C:\ProgramData\Ecorodovias\GRD\Staging\20260731_164344\ARTESP\GRD-COM-ECNO-02.02.01.12.01-0000003.xlsx
[2026-07-31 16:45:43.771] [INFO] Analisando grupo 'GRD-COM-ECNO-01.01.01.08' (ARTESP) com 45 documento(s).
[2026-07-31 16:45:44.768] [INFO] Grupo 'GRD-COM-ECNO-01.01.01.08': GRD prevista 'GRD-COM-ECNO-01.01.01.08-0000003'; destino 'Engenharia\Ecovias Noroeste Paulista\Projetos\01.01.01.08\0 - Documentos Gerais\Documentos com unidade\GRD-COM-ECNO-01.01.01.08-0000003'. Nenhuma pasta receberá ambiente.
[2026-07-31 16:45:45.064] [INFO] Excel local gerado para 'GRD-COM-ECNO-01.01.01.08': C:\ProgramData\Ecorodovias\GRD\Staging\20260731_164344\ARTESP\GRD-COM-ECNO-01.01.01.08-0000003.xlsx
[2026-07-31 16:45:45.067] [INFO] Analisando grupo 'GRD-COM-ECNO-02.11.01.01 km 291' (ARTESP) com 577 documento(s).
[2026-07-31 16:45:46.241] [INFO] Grupo 'GRD-COM-ECNO-02.11.01.01 km 291': GRD prevista 'GRD-COM-ECNO-02.11.01.01 km 291-0000003'; destino 'Engenharia\Ecovias Noroeste Paulista\Projetos\02.11.01.01 km 291\0 - Documentos Gerais\Documentos com unidade\GRD-COM-ECNO-02.11.01.01 km 291-0000003'. Nenhuma pasta receberá ambiente.
[2026-07-31 16:45:46.590] [INFO] Excel local gerado para 'GRD-COM-ECNO-02.11.01.01 km 291': C:\ProgramData\Ecorodovias\GRD\Staging\20260731_164344\ARTESP\GRD-COM-ECNO-02.11.01.01 km 291-0000003.xlsx
[2026-07-31 16:45:46.590] [INFO] Analisando grupo 'GRD-COM-ECNO-02.11.01.01 km 407' (ARTESP) com 539 documento(s).
[2026-07-31 16:45:49.163] [INFO] Grupo 'GRD-COM-ECNO-02.11.01.01 km 407': GRD prevista 'GRD-COM-ECNO-02.11.01.01 km 407-0000003'; destino 'Engenharia\Ecovias Noroeste Paulista\Projetos\02.11.01.01 km 407\0 - Documentos Gerais\Documentos com unidade\GRD-COM-ECNO-02.11.01.01 km 407-0000003'. Nenhuma pasta receberá ambiente.
[2026-07-31 16:45:49.542] [INFO] Excel local gerado para 'GRD-COM-ECNO-02.11.01.01 km 407': C:\ProgramData\Ecorodovias\GRD\Staging\20260731_164344\ARTESP\GRD-COM-ECNO-02.11.01.01 km 407-0000003.xlsx
[2026-07-31 16:45:49.545] [INFO] Analisando grupo 'GRD-COM-ECNO-02.02.01.08.02' (ARTESP) com 163 documento(s).
[2026-07-31 16:45:49.888] [INFO] Grupo 'GRD-COM-ECNO-02.02.01.08.02': GRD prevista 'GRD-COM-ECNO-02.02.01.08.02-0000003'; destino 'Engenharia\Ecovias Noroeste Paulista\Projetos\02.02.01.08.02\0 - Documentos Gerais\Documentos com unidade\GRD-COM-ECNO-02.02.01.08.02-0000003'. Nenhuma pasta receberá ambiente.
[2026-07-31 16:45:50.220] [INFO] Excel local gerado para 'GRD-COM-ECNO-02.02.01.08.02': C:\ProgramData\Ecorodovias\GRD\Staging\20260731_164344\ARTESP\GRD-COM-ECNO-02.02.01.08.02-0000003.xlsx
[2026-07-31 16:45:50.223] [INFO] Analisando grupo 'GRD-COM-ECNO-02.11.01.01 km 252' (ARTESP) com 381 documento(s).
[2026-07-31 16:45:51.230] [INFO] Grupo 'GRD-COM-ECNO-02.11.01.01 km 252': GRD prevista 'GRD-COM-ECNO-02.11.01.01 km 252-0000003'; destino 'Engenharia\Ecovias Noroeste Paulista\Projetos\02.11.01.01 km 252\0 - Documentos Gerais\Documentos com unidade\GRD-COM-ECNO-02.11.01.01 km 252-0000003'. Nenhuma pasta receberá ambiente.
[2026-07-31 16:45:51.579] [INFO] Excel local gerado para 'GRD-COM-ECNO-02.11.01.01 km 252': C:\ProgramData\Ecorodovias\GRD\Staging\20260731_164344\ARTESP\GRD-COM-ECNO-02.11.01.01 km 252-0000003.xlsx
[2026-07-31 16:45:51.581] [INFO] Analisando grupo 'GRD-COM-ECNO-02.12.01.02' (ARTESP) com 457 documento(s).
[2026-07-31 16:45:52.691] [INFO] Grupo 'GRD-COM-ECNO-02.12.01.02': GRD prevista 'GRD-COM-ECNO-02.12.01.02-0000003'; destino 'Engenharia\Ecovias Noroeste Paulista\Projetos\02.12.01.02\0 - Documentos Gerais\Documentos com unidade\GRD-COM-ECNO-02.12.01.02-0000003'. Nenhuma pasta receberá ambiente.
[2026-07-31 16:45:53.104] [INFO] Excel local gerado para 'GRD-COM-ECNO-02.12.01.02': C:\ProgramData\Ecorodovias\GRD\Staging\20260731_164344\ARTESP\GRD-COM-ECNO-02.12.01.02-0000003.xlsx
[2026-07-31 16:45:53.108] [INFO] Analisando grupo 'GRD-COM-ECVI-Ligação Planalto - Baixada' (ARTESP) com 5652 documento(s).
[2026-07-31 16:45:54.465] [INFO] Grupo 'GRD-COM-ECVI-Ligação Planalto - Baixada': GRD prevista 'GRD-COM-ECVI-Ligação Planalto - Baixada-0000003'; destino 'Engenharia\Ecovias Imigrantes\Projetos\Ligação Planalto - Baixada\0 - Documentos Gerais\Documentos com unidade\GRD-COM-ECVI-Ligação Planalto - Baixada-0000003'. Nenhuma pasta receberá ambiente.
[2026-07-31 16:45:55.344] [INFO] Excel local gerado para 'GRD-COM-ECVI-Ligação Planalto - Baixada': C:\ProgramData\Ecorodovias\GRD\Staging\20260731_164344\ARTESP\GRD-COM-ECVI-Ligação Planalto - Baixada-0000003.xlsx
[2026-07-31 16:45:55.346] [INFO] Analisando grupo 'GRD-COM-ECNO-02.02.01.17.02' (ARTESP) com 17 documento(s).
[2026-07-31 16:45:56.207] [INFO] Grupo 'GRD-COM-ECNO-02.02.01.17.02': GRD prevista 'GRD-COM-ECNO-02.02.01.17.02-0000003'; destino 'Engenharia\Ecovias Noroeste Paulista\Projetos\02.02.01.17.02\0 - Documentos Gerais\Documentos com unidade\GRD-COM-ECNO-02.02.01.17.02-0000003'. Nenhuma pasta receberá ambiente.
[2026-07-31 16:45:56.611] [INFO] Excel local gerado para 'GRD-COM-ECNO-02.02.01.17.02': C:\ProgramData\Ecorodovias\GRD\Staging\20260731_164344\ARTESP\GRD-COM-ECNO-02.02.01.17.02-0000003.xlsx
[2026-07-31 16:45:56.614] [INFO] Analisando grupo 'GRD-COM-ECNO-02.02.02.08.01' (ARTESP) com 17 documento(s).
[2026-07-31 16:45:56.855] [INFO] Grupo 'GRD-COM-ECNO-02.02.02.08.01': GRD prevista 'GRD-COM-ECNO-02.02.02.08.01-0000003'; destino 'Engenharia\Ecovias Noroeste Paulista\Projetos\02.02.02.08.01\0 - Documentos Gerais\Documentos com unidade\GRD-COM-ECNO-02.02.02.08.01-0000003'. Nenhuma pasta receberá ambiente.
[2026-07-31 16:45:57.135] [INFO] Excel local gerado para 'GRD-COM-ECNO-02.02.02.08.01': C:\ProgramData\Ecorodovias\GRD\Staging\20260731_164344\ARTESP\GRD-COM-ECNO-02.02.02.08.01-0000003.xlsx
[2026-07-31 16:45:57.138] [INFO] Analisando grupo 'GRD-COM-ECNO-02.02.01.08.01' (ARTESP) com 27 documento(s).
[2026-07-31 16:45:57.403] [INFO] Grupo 'GRD-COM-ECNO-02.02.01.08.01': GRD prevista 'GRD-COM-ECNO-02.02.01.08.01-0000003'; destino 'Engenharia\Ecovias Noroeste Paulista\Projetos\02.02.01.08.01\0 - Documentos Gerais\Documentos com unidade\GRD-COM-ECNO-02.02.01.08.01-0000003'. Nenhuma pasta receberá ambiente.
[2026-07-31 16:45:57.711] [INFO] Excel local gerado para 'GRD-COM-ECNO-02.02.01.08.01': C:\ProgramData\Ecorodovias\GRD\Staging\20260731_164344\ARTESP\GRD-COM-ECNO-02.02.01.08.01-0000003.xlsx
[2026-07-31 16:45:57.713] [INFO] Analisando grupo 'GRD-COM-ECNO-03.03.03 - Dobrada' (ARTESP) com 14 documento(s).
[2026-07-31 16:45:57.978] [INFO] Grupo 'GRD-COM-ECNO-03.03.03 - Dobrada': GRD prevista 'GRD-COM-ECNO-03.03.03 - Dobrada-0000003'; destino 'Engenharia\Ecovias Noroeste Paulista\Projetos\03.03.03 - Dobrada\0 - Documentos Gerais\Documentos com unidade\GRD-COM-ECNO-03.03.03 - Dobrada-0000003'. Nenhuma pasta receberá ambiente.
[2026-07-31 16:45:58.174] [INFO] Excel local gerado para 'GRD-COM-ECNO-03.03.03 - Dobrada': C:\ProgramData\Ecorodovias\GRD\Staging\20260731_164344\ARTESP\GRD-COM-ECNO-03.03.03 - Dobrada-0000003.xlsx
[2026-07-31 16:45:58.175] [INFO] Analisando grupo 'GRD-COM-ECNO-03.03.03 - Taiúva' (ARTESP) com 34 documento(s).
[2026-07-31 16:45:58.465] [INFO] Grupo 'GRD-COM-ECNO-03.03.03 - Taiúva': GRD prevista 'GRD-COM-ECNO-03.03.03 - Taiúva-0000003'; destino 'Engenharia\Ecovias Noroeste Paulista\Projetos\03.03.03 - Taiúva\0 - Documentos Gerais\Documentos com unidade\GRD-COM-ECNO-03.03.03 - Taiúva-0000003'. Nenhuma pasta receberá ambiente.
[2026-07-31 16:45:58.676] [INFO] Excel local gerado para 'GRD-COM-ECNO-03.03.03 - Taiúva': C:\ProgramData\Ecorodovias\GRD\Staging\20260731_164344\ARTESP\GRD-COM-ECNO-03.03.03 - Taiúva-0000003.xlsx
[2026-07-31 16:45:58.678] [INFO] Analisando grupo 'GRD-COM-ECNO-02.02.01.17.01' (ARTESP) com 19 documento(s).
[2026-07-31 16:45:59.016] [INFO] Grupo 'GRD-COM-ECNO-02.02.01.17.01': GRD prevista 'GRD-COM-ECNO-02.02.01.17.01-0000003'; destino 'Engenharia\Ecovias Noroeste Paulista\Projetos\02.02.01.17.01\0 - Documentos Gerais\Documentos com unidade\GRD-COM-ECNO-02.02.01.17.01-0000003'. Nenhuma pasta receberá ambiente.
[2026-07-31 16:45:59.335] [INFO] Excel local gerado para 'GRD-COM-ECNO-02.02.01.17.01': C:\ProgramData\Ecorodovias\GRD\Staging\20260731_164344\ARTESP\GRD-COM-ECNO-02.02.01.17.01-0000003.xlsx
[2026-07-31 16:45:59.337] [INFO] Analisando grupo 'GRD-COM--' (ARTESP) com 17 documento(s).
[2026-07-31 16:45:59.564] [AVISO] Grupo 'GRD-COM--' ignorado. Unidade ou Projeto não preenchido
[2026-07-31 16:45:59.566] [INFO] Analisando grupo 'GRD-COM-ECNO-02.04.03.02.03' (ARTESP) com 188 documento(s).
[2026-07-31 16:45:59.845] [INFO] Grupo 'GRD-COM-ECNO-02.04.03.02.03': GRD prevista 'GRD-COM-ECNO-02.04.03.02.03-0000003'; destino 'Engenharia\Ecovias Noroeste Paulista\Projetos\02.04.03.02.03\0 - Documentos Gerais\Documentos com unidade\GRD-COM-ECNO-02.04.03.02.03-0000003'. Nenhuma pasta receberá ambiente.
[2026-07-31 16:46:00.220] [INFO] Excel local gerado para 'GRD-COM-ECNO-02.04.03.02.03': C:\ProgramData\Ecorodovias\GRD\Staging\20260731_164344\ARTESP\GRD-COM-ECNO-02.04.03.02.03-0000003.xlsx
[2026-07-31 16:46:00.222] [INFO] Analisando grupo 'GRD-COM-ECNO-01.01.01.07' (ARTESP) com 36 documento(s).
[2026-07-31 16:46:00.543] [INFO] Grupo 'GRD-COM-ECNO-01.01.01.07': GRD prevista 'GRD-COM-ECNO-01.01.01.07-0000003'; destino 'Engenharia\Ecovias Noroeste Paulista\Projetos\01.01.01.07\0 - Documentos Gerais\Documentos com unidade\GRD-COM-ECNO-01.01.01.07-0000003'. Nenhuma pasta receberá ambiente.
[2026-07-31 16:46:00.925] [INFO] Excel local gerado para 'GRD-COM-ECNO-01.01.01.07': C:\ProgramData\Ecorodovias\GRD\Staging\20260731_164344\ARTESP\GRD-COM-ECNO-01.01.01.07-0000003.xlsx
[2026-07-31 16:46:00.927] [INFO] Analisando grupo 'GRD-COM-ECNO-02.04.03.02.02' (ARTESP) com 68 documento(s).
[2026-07-31 16:46:01.454] [INFO] Grupo 'GRD-COM-ECNO-02.04.03.02.02': GRD prevista 'GRD-COM-ECNO-02.04.03.02.02-0000003'; destino 'Engenharia\Ecovias Noroeste Paulista\Projetos\02.04.03.02.02\0 - Documentos Gerais\Documentos com unidade\GRD-COM-ECNO-02.04.03.02.02-0000003'. Nenhuma pasta receberá ambiente.
[2026-07-31 16:46:01.712] [INFO] Excel local gerado para 'GRD-COM-ECNO-02.04.03.02.02': C:\ProgramData\Ecorodovias\GRD\Staging\20260731_164344\ARTESP\GRD-COM-ECNO-02.04.03.02.02-0000003.xlsx
[2026-07-31 16:46:01.716] [INFO] Analisando grupo 'GRD-COM-ECNO-02.04.03.02.04' (ARTESP) com 180 documento(s).
[2026-07-31 16:46:02.179] [INFO] Grupo 'GRD-COM-ECNO-02.04.03.02.04': GRD prevista 'GRD-COM-ECNO-02.04.03.02.04-0000003'; destino 'Engenharia\Ecovias Noroeste Paulista\Projetos\02.04.03.02.04\0 - Documentos Gerais\Documentos com unidade\GRD-COM-ECNO-02.04.03.02.04-0000003'. Nenhuma pasta receberá ambiente.
[2026-07-31 16:46:02.528] [INFO] Excel local gerado para 'GRD-COM-ECNO-02.04.03.02.04': C:\ProgramData\Ecorodovias\GRD\Staging\20260731_164344\ARTESP\GRD-COM-ECNO-02.04.03.02.04-0000003.xlsx
[2026-07-31 16:46:02.531] [INFO] Analisando grupo 'GRD-COM-ECNO-02.04.03.02.05' (ARTESP) com 96 documento(s).
[2026-07-31 16:46:02.881] [INFO] Grupo 'GRD-COM-ECNO-02.04.03.02.05': GRD prevista 'GRD-COM-ECNO-02.04.03.02.05-0000003'; destino 'Engenharia\Ecovias Noroeste Paulista\Projetos\02.04.03.02.05\0 - Documentos Gerais\Documentos com unidade\GRD-COM-ECNO-02.04.03.02.05-0000003'. Nenhuma pasta receberá ambiente.
[2026-07-31 16:46:03.235] [INFO] Excel local gerado para 'GRD-COM-ECNO-02.04.03.02.05': C:\ProgramData\Ecorodovias\GRD\Staging\20260731_164344\ARTESP\GRD-COM-ECNO-02.04.03.02.05-0000003.xlsx
[2026-07-31 16:46:03.238] [INFO] Analisando grupo 'GRD-COM-ERC-02.02.02.03 BSO 3' (ARTESP) com 2 documento(s).
[2026-07-31 16:46:03.624] [INFO] Grupo 'GRD-COM-ERC-02.02.02.03 BSO 3': GRD prevista 'GRD-COM-ERC-02.02.02.03 BSO 3-0000003'; destino 'Engenharia\Ecovias Raposo Castello\Projetos\02.02.02.03 BSO 3\0 - Documentos Gerais\Documentos com unidade\GRD-COM-ERC-02.02.02.03 BSO 3-0000003'. Nenhuma pasta receberá ambiente.
[2026-07-31 16:46:03.957] [INFO] Excel local gerado para 'GRD-COM-ERC-02.02.02.03 BSO 3': C:\ProgramData\Ecorodovias\GRD\Staging\20260731_164344\ARTESP\GRD-COM-ERC-02.02.02.03 BSO 3-0000003.xlsx
[2026-07-31 16:46:03.959] [INFO] Analisando grupo 'GRD-COM-ERC-02.02.02.02 BSO 2' (ARTESP) com 4 documento(s).
[2026-07-31 16:46:04.425] [INFO] Grupo 'GRD-COM-ERC-02.02.02.02 BSO 2': GRD prevista 'GRD-COM-ERC-02.02.02.02 BSO 2-0000003'; destino 'Engenharia\Ecovias Raposo Castello\Projetos\02.02.02.02 BSO 2\0 - Documentos Gerais\Documentos com unidade\GRD-COM-ERC-02.02.02.02 BSO 2-0000003'. Nenhuma pasta receberá ambiente.
[2026-07-31 16:46:04.703] [INFO] Excel local gerado para 'GRD-COM-ERC-02.02.02.02 BSO 2': C:\ProgramData\Ecorodovias\GRD\Staging\20260731_164344\ARTESP\GRD-COM-ERC-02.02.02.02 BSO 2-0000003.xlsx
[2026-07-31 16:46:04.716] [INFO] Analisando grupo 'GRD-COM-ECNO-02.02.01.04.01' (ARTESP) com 71 documento(s).
[2026-07-31 16:46:05.066] [INFO] Grupo 'GRD-COM-ECNO-02.02.01.04.01': GRD prevista 'GRD-COM-ECNO-02.02.01.04.01-0000003'; destino 'Engenharia\Ecovias Noroeste Paulista\Projetos\02.02.01.04.01\0 - Documentos Gerais\Documentos com unidade\GRD-COM-ECNO-02.02.01.04.01-0000003'. Nenhuma pasta receberá ambiente.
[2026-07-31 16:46:05.430] [INFO] Excel local gerado para 'GRD-COM-ECNO-02.02.01.04.01': C:\ProgramData\Ecorodovias\GRD\Staging\20260731_164344\ARTESP\GRD-COM-ECNO-02.02.01.04.01-0000003.xlsx
[2026-07-31 16:46:05.437] [INFO] Analisando grupo 'GRD-COM-ECNO-02.12.02.02 - PMRV' (ARTESP) com 270 documento(s).
[2026-07-31 16:46:05.767] [INFO] Grupo 'GRD-COM-ECNO-02.12.02.02 - PMRV': GRD prevista 'GRD-COM-ECNO-02.12.02.02 - PMRV-0000003'; destino 'Engenharia\Ecovias Noroeste Paulista\Projetos\02.12.02.02 - PMRV\0 - Documentos Gerais\Documentos com unidade\GRD-COM-ECNO-02.12.02.02 - PMRV-0000003'. Nenhuma pasta receberá ambiente.
[2026-07-31 16:46:06.075] [INFO] Excel local gerado para 'GRD-COM-ECNO-02.12.02.02 - PMRV': C:\ProgramData\Ecorodovias\GRD\Staging\20260731_164344\ARTESP\GRD-COM-ECNO-02.12.02.02 - PMRV-0000003.xlsx
[2026-07-31 16:46:06.075] [INFO] Analisando grupo 'GRD-COM-ECNO-02.02.01.02.02' (ARTESP) com 91 documento(s).
[2026-07-31 16:46:06.587] [INFO] Grupo 'GRD-COM-ECNO-02.02.01.02.02': GRD prevista 'GRD-COM-ECNO-02.02.01.02.02-0000003'; destino 'Engenharia\Ecovias Noroeste Paulista\Projetos\02.02.01.02.02\0 - Documentos Gerais\Documentos com unidade\GRD-COM-ECNO-02.02.01.02.02-0000003'. Nenhuma pasta receberá ambiente.
[2026-07-31 16:46:07.006] [INFO] Excel local gerado para 'GRD-COM-ECNO-02.02.01.02.02': C:\ProgramData\Ecorodovias\GRD\Staging\20260731_164344\ARTESP\GRD-COM-ECNO-02.02.01.02.02-0000003.xlsx
[2026-07-31 16:46:07.009] [INFO] Analisando grupo 'GRD-COM-ECNO-02.02.02.04.01' (ARTESP) com 17 documento(s).
[2026-07-31 16:46:07.473] [INFO] Grupo 'GRD-COM-ECNO-02.02.02.04.01': GRD prevista 'GRD-COM-ECNO-02.02.02.04.01-0000003'; destino 'Engenharia\Ecovias Noroeste Paulista\Projetos\02.02.02.04.01\0 - Documentos Gerais\Documentos com unidade\GRD-COM-ECNO-02.02.02.04.01-0000003'. Nenhuma pasta receberá ambiente.
[2026-07-31 16:46:07.727] [INFO] Excel local gerado para 'GRD-COM-ECNO-02.02.02.04.01': C:\ProgramData\Ecorodovias\GRD\Staging\20260731_164344\ARTESP\GRD-COM-ECNO-02.02.02.04.01-0000003.xlsx
[2026-07-31 16:46:07.729] [INFO] Analisando grupo 'GRD-COM-ECNO-CCPP - São Carlos' (ARTESP) com 62 documento(s).
[2026-07-31 16:46:08.031] [INFO] Grupo 'GRD-COM-ECNO-CCPP - São Carlos': GRD prevista 'GRD-COM-ECNO-CCPP - São Carlos-0000003'; destino 'Engenharia\Ecovias Noroeste Paulista\Projetos\CCPP - São Carlos\0 - Documentos Gerais\Documentos com unidade\GRD-COM-ECNO-CCPP - São Carlos-0000003'. Nenhuma pasta receberá ambiente.
[2026-07-31 16:46:08.337] [INFO] Excel local gerado para 'GRD-COM-ECNO-CCPP - São Carlos': C:\ProgramData\Ecorodovias\GRD\Staging\20260731_164344\ARTESP\GRD-COM-ECNO-CCPP - São Carlos-0000003.xlsx
[2026-07-31 16:46:08.339] [INFO] Analisando grupo 'GRD-COM-ECNO-CCPP - Ibirá' (ARTESP) com 50 documento(s).
[2026-07-31 16:46:08.748] [INFO] Grupo 'GRD-COM-ECNO-CCPP - Ibirá': GRD prevista 'GRD-COM-ECNO-CCPP - Ibirá-0000003'; destino 'Engenharia\Ecovias Noroeste Paulista\Projetos\CCPP - Uchôa\0 - Documentos Gerais\Documentos com unidade\GRD-COM-ECNO-CCPP - Ibirá-0000003'. Nenhuma pasta receberá ambiente.
[2026-07-31 16:46:09.099] [INFO] Excel local gerado para 'GRD-COM-ECNO-CCPP - Ibirá': C:\ProgramData\Ecorodovias\GRD\Staging\20260731_164344\ARTESP\GRD-COM-ECNO-CCPP - Ibirá-0000003.xlsx
[2026-07-31 16:46:09.102] [INFO] Analisando grupo 'GRD-COM-ECNO-CCPP - Bebedouro' (ARTESP) com 54 documento(s).
[2026-07-31 16:46:09.477] [INFO] Grupo 'GRD-COM-ECNO-CCPP - Bebedouro': GRD prevista 'GRD-COM-ECNO-CCPP - Bebedouro-0000003'; destino 'Engenharia\Ecovias Noroeste Paulista\Projetos\CCPP - Bebedouro\0 - Documentos Gerais\Documentos com unidade\GRD-COM-ECNO-CCPP - Bebedouro-0000003'. Nenhuma pasta receberá ambiente.
[2026-07-31 16:46:09.827] [INFO] Excel local gerado para 'GRD-COM-ECNO-CCPP - Bebedouro': C:\ProgramData\Ecorodovias\GRD\Staging\20260731_164344\ARTESP\GRD-COM-ECNO-CCPP - Bebedouro-0000003.xlsx
[2026-07-31 16:46:09.830] [INFO] Analisando grupo 'GRD-COM-ECNO-CCPP - São José' (ARTESP) com 87 documento(s).
[2026-07-31 16:46:10.464] [INFO] Grupo 'GRD-COM-ECNO-CCPP - São José': GRD prevista 'GRD-COM-ECNO-CCPP - São José-0000003'; destino 'Engenharia\Ecovias Noroeste Paulista\Projetos\CCPP - São José\0 - Documentos Gerais\Documentos com unidade\GRD-COM-ECNO-CCPP - São José-0000003'. Nenhuma pasta receberá ambiente.
[2026-07-31 16:46:10.770] [INFO] Excel local gerado para 'GRD-COM-ECNO-CCPP - São José': C:\ProgramData\Ecorodovias\GRD\Staging\20260731_164344\ARTESP\GRD-COM-ECNO-CCPP - São José-0000003.xlsx
[2026-07-31 16:46:10.773] [INFO] Analisando grupo 'GRD-COM-ECNO-CCPP - Itápolis' (ARTESP) com 46 documento(s).
[2026-07-31 16:46:11.240] [INFO] Grupo 'GRD-COM-ECNO-CCPP - Itápolis': GRD prevista 'GRD-COM-ECNO-CCPP - Itápolis-0000003'; destino 'Engenharia\Ecovias Noroeste Paulista\Projetos\CCPP - Itápolis\0 - Documentos Gerais\Documentos com unidade\GRD-COM-ECNO-CCPP - Itápolis-0000003'. Nenhuma pasta receberá ambiente.
[2026-07-31 16:46:11.568] [INFO] Excel local gerado para 'GRD-COM-ECNO-CCPP - Itápolis': C:\ProgramData\Ecorodovias\GRD\Staging\20260731_164344\ARTESP\GRD-COM-ECNO-CCPP - Itápolis-0000003.xlsx
[2026-07-31 16:46:11.571] [INFO] Analisando grupo 'GRD-COM-ECNO-CCPP - Jaboticabal' (ARTESP) com 60 documento(s).
[2026-07-31 16:46:12.078] [INFO] Grupo 'GRD-COM-ECNO-CCPP - Jaboticabal': GRD prevista 'GRD-COM-ECNO-CCPP - Jaboticabal-0000003'; destino 'Engenharia\Ecovias Noroeste Paulista\Projetos\CCPP - Jaboticabal\0 - Documentos Gerais\Documentos com unidade\GRD-COM-ECNO-CCPP - Jaboticabal-0000003'. Nenhuma pasta receberá ambiente.
[2026-07-31 16:46:12.405] [INFO] Excel local gerado para 'GRD-COM-ECNO-CCPP - Jaboticabal': C:\ProgramData\Ecorodovias\GRD\Staging\20260731_164344\ARTESP\GRD-COM-ECNO-CCPP - Jaboticabal-0000003.xlsx
[2026-07-31 16:46:12.407] [INFO] Analisando grupo 'GRD-COM-ECNO-02.02.01.02.01' (ARTESP) com 112 documento(s).
[2026-07-31 16:46:12.846] [INFO] Grupo 'GRD-COM-ECNO-02.02.01.02.01': GRD prevista 'GRD-COM-ECNO-02.02.01.02.01-0000003'; destino 'Engenharia\Ecovias Noroeste Paulista\Projetos\02.02.01.02.01\0 - Documentos Gerais\Documentos com unidade\GRD-COM-ECNO-02.02.01.02.01-0000003'. Nenhuma pasta receberá ambiente.
[2026-07-31 16:46:13.153] [INFO] Excel local gerado para 'GRD-COM-ECNO-02.02.01.02.01': C:\ProgramData\Ecorodovias\GRD\Staging\20260731_164344\ARTESP\GRD-COM-ECNO-02.02.01.02.01-0000003.xlsx
[2026-07-31 16:46:13.155] [INFO] Analisando grupo 'GRD-COM-EPIS-Prolon Carvalho Pinto' (ARTESP) com 92 documento(s).
[2026-07-31 16:46:13.546] [INFO] Grupo 'GRD-COM-EPIS-Prolon Carvalho Pinto': GRD prevista 'GRD-COM-EPIS-Prolon Carvalho Pinto-0000003'; destino 'Engenharia\Ecovias Leste Paulista\Projetos\Prolon Carvalho Pinto\0 - Documentos Gerais\Documentos com unidade\GRD-COM-EPIS-Prolon Carvalho Pinto-0000003'. Nenhuma pasta receberá ambiente.
[2026-07-31 16:46:13.972] [INFO] Excel local gerado para 'GRD-COM-EPIS-Prolon Carvalho Pinto': C:\ProgramData\Ecorodovias\GRD\Staging\20260731_164344\ARTESP\GRD-COM-EPIS-Prolon Carvalho Pinto-0000003.xlsx
[2026-07-31 16:46:13.975] [INFO] Analisando grupo 'GRD-COM-ECVI-Curva do S - Alças' (ARTESP) com 547 documento(s).
[2026-07-31 16:46:14.279] [INFO] Grupo 'GRD-COM-ECVI-Curva do S - Alças': GRD prevista 'GRD-COM-ECVI-Curva do S - Alças-0000003'; destino 'Engenharia\Ecovias Imigrantes\Projetos\132 - Curva do S - Adequação Viária Dispositivo\0 - Documentos Gerais\Documentos com unidade\GRD-COM-ECVI-Curva do S - Alças-0000003'. Nenhuma pasta receberá ambiente.
[2026-07-31 16:46:14.795] [INFO] Excel local gerado para 'GRD-COM-ECVI-Curva do S - Alças': C:\ProgramData\Ecorodovias\GRD\Staging\20260731_164344\ARTESP\GRD-COM-ECVI-Curva do S - Alças-0000003.xlsx
[2026-07-31 16:46:14.800] [INFO] Analisando grupo 'GRD-COM-EVNP-03.03.03 - Monte Alto' (ARTESP) com 30 documento(s).
[2026-07-31 16:46:15.088] [INFO] Grupo 'GRD-COM-EVNP-03.03.03 - Monte Alto': GRD prevista 'GRD-COM-EVNP-03.03.03 - Monte Alto-0000003'; destino 'Engenharia\Ecovias Noroeste Paulista\Projetos\03.03.03 - Monte Alto\0 - Documentos Gerais\Documentos com unidade\GRD-COM-EVNP-03.03.03 - Monte Alto-0000003'. Nenhuma pasta receberá ambiente.
[2026-07-31 16:46:15.344] [INFO] Excel local gerado para 'GRD-COM-EVNP-03.03.03 - Monte Alto': C:\ProgramData\Ecorodovias\GRD\Staging\20260731_164344\ARTESP\GRD-COM-EVNP-03.03.03 - Monte Alto-0000003.xlsx
[2026-07-31 16:46:15.346] [INFO] Analisando grupo 'GRD-COM-EVNP-03.03.03 - Piragi' (ARTESP) com 34 documento(s).
[2026-07-31 16:46:15.599] [INFO] Grupo 'GRD-COM-EVNP-03.03.03 - Piragi': GRD prevista 'GRD-COM-EVNP-03.03.03 - Piragi-0000003'; destino 'Engenharia\Ecovias Noroeste Paulista\Projetos\03.03.03 - Piragi\0 - Documentos Gerais\Documentos com unidade\GRD-COM-EVNP-03.03.03 - Piragi-0000003'. Nenhuma pasta receberá ambiente.
[2026-07-31 16:46:15.917] [INFO] Excel local gerado para 'GRD-COM-EVNP-03.03.03 - Piragi': C:\ProgramData\Ecorodovias\GRD\Staging\20260731_164344\ARTESP\GRD-COM-EVNP-03.03.03 - Piragi-0000003.xlsx
[2026-07-31 16:46:15.921] [INFO] Analisando grupo 'GRD-COM-ECVI-ANPC - Dispositivos' (ARTESP) com 64 documento(s).
[2026-07-31 16:46:16.282] [INFO] Grupo 'GRD-COM-ECVI-ANPC - Dispositivos': GRD prevista 'GRD-COM-ECVI-ANPC - Dispositivos-0000003'; destino 'Engenharia\Ecovias Imigrantes\Projetos\140  - ANPC - Dispositivos\0 - Documentos Gerais\Documentos com unidade\GRD-COM-ECVI-ANPC - Dispositivos-0000003'. Nenhuma pasta receberá ambiente.
[2026-07-31 16:46:16.650] [INFO] Excel local gerado para 'GRD-COM-ECVI-ANPC - Dispositivos': C:\ProgramData\Ecorodovias\GRD\Staging\20260731_164344\ARTESP\GRD-COM-ECVI-ANPC - Dispositivos-0000003.xlsx
[2026-07-31 16:46:16.653] [INFO] Analisando grupo 'GRD-COM-ERC-02.02.02.01 BSO 1' (ARTESP) com 54 documento(s).
[2026-07-31 16:46:17.152] [INFO] Grupo 'GRD-COM-ERC-02.02.02.01 BSO 1': GRD prevista 'GRD-COM-ERC-02.02.02.01 BSO 1-0000003'; destino 'Engenharia\Ecovias Raposo Castello\Projetos\02.02.02.01 BSO 1\0 - Documentos Gerais\Documentos com unidade\GRD-COM-ERC-02.02.02.01 BSO 1-0000003'. Nenhuma pasta receberá ambiente.
[2026-07-31 16:46:17.477] [INFO] Excel local gerado para 'GRD-COM-ERC-02.02.02.01 BSO 1': C:\ProgramData\Ecorodovias\GRD\Staging\20260731_164344\ARTESP\GRD-COM-ERC-02.02.02.01 BSO 1-0000003.xlsx
[2026-07-31 16:46:17.478] [INFO] Analisando grupo 'GRD-COM-ERC-02.02.02.04 BSO 4' (ARTESP) com 106 documento(s).
[2026-07-31 16:46:17.971] [INFO] Grupo 'GRD-COM-ERC-02.02.02.04 BSO 4': GRD prevista 'GRD-COM-ERC-02.02.02.04 BSO 4-0000003'; destino 'Engenharia\Ecovias Raposo Castello\Projetos\02.02.02.04 BSO 4\0 - Documentos Gerais\Documentos com unidade\GRD-COM-ERC-02.02.02.04 BSO 4-0000003'. Nenhuma pasta receberá ambiente.
[2026-07-31 16:46:18.280] [INFO] Excel local gerado para 'GRD-COM-ERC-02.02.02.04 BSO 4': C:\ProgramData\Ecorodovias\GRD\Staging\20260731_164344\ARTESP\GRD-COM-ERC-02.02.02.04 BSO 4-0000003.xlsx
[2026-07-31 16:46:18.282] [INFO] Analisando grupo 'GRD-COM-ECNO-02.02.01.03.01' (ARTESP) com 31 documento(s).
[2026-07-31 16:46:18.719] [INFO] Grupo 'GRD-COM-ECNO-02.02.01.03.01': GRD prevista 'GRD-COM-ECNO-02.02.01.03.01-0000003'; destino 'Engenharia\Ecovias Noroeste Paulista\Projetos\02.02.01.03.01\0 - Documentos Gerais\Documentos com unidade\GRD-COM-ECNO-02.02.01.03.01-0000003'. Nenhuma pasta receberá ambiente.
[2026-07-31 16:46:19.023] [INFO] Excel local gerado para 'GRD-COM-ECNO-02.02.01.03.01': C:\ProgramData\Ecorodovias\GRD\Staging\20260731_164344\ARTESP\GRD-COM-ECNO-02.02.01.03.01-0000003.xlsx
[2026-07-31 16:46:19.025] [INFO] Analisando grupo 'GRD-COM-IMI-Estação Elevatória km 64' (ARTESP) com 358 documento(s).
[2026-07-31 16:46:19.295] [INFO] Grupo 'GRD-COM-IMI-Estação Elevatória km 64': GRD prevista 'GRD-COM-IMI-Estação Elevatória km 64-0000003'; destino 'Engenharia\Ecovias Imigrantes\Projetos\105-Estação Elevatória km 64\0 - Documentos Gerais\Documentos com unidade\GRD-COM-IMI-Estação Elevatória km 64-0000003'. Nenhuma pasta receberá ambiente.
[2026-07-31 16:46:19.662] [INFO] Excel local gerado para 'GRD-COM-IMI-Estação Elevatória km 64': C:\ProgramData\Ecorodovias\GRD\Staging\20260731_164344\ARTESP\GRD-COM-IMI-Estação Elevatória km 64-0000003.xlsx
[2026-07-31 16:46:19.664] [INFO] Analisando grupo 'GRD-COM-IMI-Alemoa Rotatória' (ARTESP) com 8 documento(s).
[2026-07-31 16:46:19.970] [INFO] Grupo 'GRD-COM-IMI-Alemoa Rotatória': GRD prevista 'GRD-COM-IMI-Alemoa Rotatória-0000003'; destino 'Engenharia\Ecovias Imigrantes\Projetos\Alemoa Rotatória\0 - Documentos Gerais\Documentos com unidade\GRD-COM-IMI-Alemoa Rotatória-0000003'. Nenhuma pasta receberá ambiente.
[2026-07-31 16:46:20.279] [INFO] Excel local gerado para 'GRD-COM-IMI-Alemoa Rotatória': C:\ProgramData\Ecorodovias\GRD\Staging\20260731_164344\ARTESP\GRD-COM-IMI-Alemoa Rotatória-0000003.xlsx
[2026-07-31 16:46:20.287] [INFO] Analisando grupo 'GRD-COM-NP-NOP11 - Dispositivo RP' (ARTESP) com 34 documento(s).
[2026-07-31 16:46:20.680] [INFO] Grupo 'GRD-COM-NP-NOP11 - Dispositivo RP': GRD prevista 'GRD-COM-NP-NOP11 - Dispositivo RP-0000003'; destino 'Engenharia\Ecovias Noroeste Paulista\Projetos\NOP11 - Dispositivo RP\0 - Documentos Gerais\Documentos com unidade\GRD-COM-NP-NOP11 - Dispositivo RP-0000003'. Nenhuma pasta receberá ambiente.
[2026-07-31 16:46:20.964] [INFO] Excel local gerado para 'GRD-COM-NP-NOP11 - Dispositivo RP': C:\ProgramData\Ecorodovias\GRD\Staging\20260731_164344\ARTESP\GRD-COM-NP-NOP11 - Dispositivo RP-0000003.xlsx
[2026-07-31 16:46:20.964] [INFO] Analisando grupo 'GRD-COM-IMI-Alemoa Dispositivo' (ARTESP) com 14 documento(s).
[2026-07-31 16:46:21.356] [INFO] Grupo 'GRD-COM-IMI-Alemoa Dispositivo': GRD prevista 'GRD-COM-IMI-Alemoa Dispositivo-0000003'; destino 'Engenharia\Ecovias Imigrantes\Projetos\Alemoa Dispositivo\0 - Documentos Gerais\Documentos com unidade\GRD-COM-IMI-Alemoa Dispositivo-0000003'. Nenhuma pasta receberá ambiente.
[2026-07-31 16:46:21.588] [INFO] Excel local gerado para 'GRD-COM-IMI-Alemoa Dispositivo': C:\ProgramData\Ecorodovias\GRD\Staging\20260731_164344\ARTESP\GRD-COM-IMI-Alemoa Dispositivo-0000003.xlsx
[2026-07-31 16:46:21.595] [INFO] Analisando grupo 'GRD-COM-NP-NOP04 - Dispositivo SC' (ARTESP) com 38 documento(s).
[2026-07-31 16:46:21.928] [INFO] Grupo 'GRD-COM-NP-NOP04 - Dispositivo SC': GRD prevista 'GRD-COM-NP-NOP04 - Dispositivo SC-0000003'; destino 'Engenharia\Ecovias Noroeste Paulista\Projetos\NOP04 - Dispositivo SC\0 - Documentos Gerais\Documentos com unidade\GRD-COM-NP-NOP04 - Dispositivo SC-0000003'. Nenhuma pasta receberá ambiente.
[2026-07-31 16:46:22.280] [INFO] Excel local gerado para 'GRD-COM-NP-NOP04 - Dispositivo SC': C:\ProgramData\Ecorodovias\GRD\Staging\20260731_164344\ARTESP\GRD-COM-NP-NOP04 - Dispositivo SC-0000003.xlsx
[2026-07-31 16:46:22.284] [INFO] Analisando grupo 'GRD-COM-RC-03.03 - Free Flow P12' (ARTESP) com 2 documento(s).
[2026-07-31 16:46:22.557] [INFO] Grupo 'GRD-COM-RC-03.03 - Free Flow P12': GRD prevista 'GRD-COM-RC-03.03 - Free Flow P12-0000003'; destino 'Engenharia\Ecovias Raposo Castello\Projetos\03.03 - Free Flow P12\0 - Documentos Gerais\Documentos com unidade\GRD-COM-RC-03.03 - Free Flow P12-0000003'. Nenhuma pasta receberá ambiente.
[2026-07-31 16:46:22.880] [INFO] Excel local gerado para 'GRD-COM-RC-03.03 - Free Flow P12': C:\ProgramData\Ecorodovias\GRD\Staging\20260731_164344\ARTESP\GRD-COM-RC-03.03 - Free Flow P12-0000003.xlsx
[2026-07-31 16:46:22.881] [INFO] Analisando grupo 'GRD-COM-ECVI-Estação de bombeamento' (ARTESP) com 99 documento(s).
[2026-07-31 16:46:23.241] [INFO] Grupo 'GRD-COM-ECVI-Estação de bombeamento': GRD prevista 'GRD-COM-ECVI-Estação de bombeamento-0000003'; destino 'Engenharia\Ecovias Imigrantes\Projetos\Estação de bombeamento\0 - Documentos Gerais\Documentos com unidade\GRD-COM-ECVI-Estação de bombeamento-0000003'. Nenhuma pasta receberá ambiente.
[2026-07-31 16:46:23.489] [INFO] Excel local gerado para 'GRD-COM-ECVI-Estação de bombeamento': C:\ProgramData\Ecorodovias\GRD\Staging\20260731_164344\ARTESP\GRD-COM-ECVI-Estação de bombeamento-0000003.xlsx
[2026-07-31 16:46:23.491] [INFO] Analisando grupo 'GRD-COM-NP-NOP05 - Dispositivo SC' (ARTESP) com 2 documento(s).
[2026-07-31 16:46:23.760] [INFO] Grupo 'GRD-COM-NP-NOP05 - Dispositivo SC': GRD prevista 'GRD-COM-NP-NOP05 - Dispositivo SC-0000003'; destino 'Engenharia\Ecovias Noroeste Paulista\Projetos\NOP05 - Dispositivo SC\0 - Documentos Gerais\Documentos com unidade\GRD-COM-NP-NOP05 - Dispositivo SC-0000003'. Nenhuma pasta receberá ambiente.
[2026-07-31 16:46:24.000] [INFO] Excel local gerado para 'GRD-COM-NP-NOP05 - Dispositivo SC': C:\ProgramData\Ecorodovias\GRD\Staging\20260731_164344\ARTESP\GRD-COM-NP-NOP05 - Dispositivo SC-0000003.xlsx
[2026-07-31 16:46:24.000] [INFO] Analisando grupo 'GRD-COM-IMI-147-FIP-Novo Acesso Porto' (ARTESP) com 13 documento(s).
[2026-07-31 16:46:24.311] [INFO] Grupo 'GRD-COM-IMI-147-FIP-Novo Acesso Porto': GRD prevista 'GRD-COM-IMI-147-FIP-Novo Acesso Porto-0000003'; destino 'Engenharia\Ecovias Imigrantes\Projetos\147-FIP-Novo Acesso Porto\0 - Documentos Gerais\Documentos com unidade\GRD-COM-IMI-147-FIP-Novo Acesso Porto-0000003'. Nenhuma pasta receberá ambiente.
[2026-07-31 16:46:24.705] [INFO] Excel local gerado para 'GRD-COM-IMI-147-FIP-Novo Acesso Porto': C:\ProgramData\Ecorodovias\GRD\Staging\20260731_164344\ARTESP\GRD-COM-IMI-147-FIP-Novo Acesso Porto-0000003.xlsx
[2026-07-31 16:46:24.708] [INFO] Analisando grupo 'GRD-COM-RC-03.03 - Free Flow P11' (ARTESP) com 2 documento(s).
[2026-07-31 16:46:25.014] [INFO] Grupo 'GRD-COM-RC-03.03 - Free Flow P11': GRD prevista 'GRD-COM-RC-03.03 - Free Flow P11-0000003'; destino 'Engenharia\Ecovias Raposo Castello\Projetos\03.03 - Free Flow P11\0 - Documentos Gerais\Documentos com unidade\GRD-COM-RC-03.03 - Free Flow P11-0000003'. Nenhuma pasta receberá ambiente.
[2026-07-31 16:46:25.381] [INFO] Excel local gerado para 'GRD-COM-RC-03.03 - Free Flow P11': C:\ProgramData\Ecorodovias\GRD\Staging\20260731_164344\ARTESP\GRD-COM-RC-03.03 - Free Flow P11-0000003.xlsx
[2026-07-31 16:46:25.383] [INFO] Analisando grupo 'GRD-COM-ECNO-02.02.02.09.01' (ARTESP) com 21 documento(s).
[2026-07-31 16:46:25.657] [INFO] Grupo 'GRD-COM-ECNO-02.02.02.09.01': GRD prevista 'GRD-COM-ECNO-02.02.02.09.01-0000003'; destino 'Engenharia\Ecovias Noroeste Paulista\Projetos\02.02.02.09.01\0 - Documentos Gerais\Documentos com unidade\GRD-COM-ECNO-02.02.02.09.01-0000003'. Nenhuma pasta receberá ambiente.
[2026-07-31 16:46:25.877] [INFO] Excel local gerado para 'GRD-COM-ECNO-02.02.02.09.01': C:\ProgramData\Ecorodovias\GRD\Staging\20260731_164344\ARTESP\GRD-COM-ECNO-02.02.02.09.01-0000003.xlsx
[2026-07-31 16:46:25.879] [INFO] Analisando grupo 'GRD-COM-ECNO-02.02.01.05.01' (ARTESP) com 25 documento(s).
[2026-07-31 16:46:26.233] [INFO] Grupo 'GRD-COM-ECNO-02.02.01.05.01': GRD prevista 'GRD-COM-ECNO-02.02.01.05.01-0000003'; destino 'Engenharia\Ecovias Noroeste Paulista\Projetos\02.02.01.05.01\0 - Documentos Gerais\Documentos com unidade\GRD-COM-ECNO-02.02.01.05.01-0000003'. Nenhuma pasta receberá ambiente.
[2026-07-31 16:46:26.548] [INFO] Excel local gerado para 'GRD-COM-ECNO-02.02.01.05.01': C:\ProgramData\Ecorodovias\GRD\Staging\20260731_164344\ARTESP\GRD-COM-ECNO-02.02.01.05.01-0000003.xlsx
[2026-07-31 16:46:26.554] [INFO] Analisando grupo 'GRD-COM-ECNO-02.02.01.15.01' (ARTESP) com 2 documento(s).
[2026-07-31 16:46:26.873] [INFO] Grupo 'GRD-COM-ECNO-02.02.01.15.01': GRD prevista 'GRD-COM-ECNO-02.02.01.15.01-0000003'; destino 'Engenharia\Ecovias Noroeste Paulista\Projetos\02.02.01.15.01\0 - Documentos Gerais\Documentos com unidade\GRD-COM-ECNO-02.02.01.15.01-0000003'. Nenhuma pasta receberá ambiente.
[2026-07-31 16:46:27.068] [INFO] Excel local gerado para 'GRD-COM-ECNO-02.02.01.15.01': C:\ProgramData\Ecorodovias\GRD\Staging\20260731_164344\ARTESP\GRD-COM-ECNO-02.02.01.15.01-0000003.xlsx
[2026-07-31 16:46:27.070] [INFO] Analisando grupo 'GRD-COM-ECNO-02.02.01.16.01' (ARTESP) com 23 documento(s).
[2026-07-31 16:46:27.473] [INFO] Grupo 'GRD-COM-ECNO-02.02.01.16.01': GRD prevista 'GRD-COM-ECNO-02.02.01.16.01-0000003'; destino 'Engenharia\Ecovias Noroeste Paulista\Projetos\02.02.01.16.01\0 - Documentos Gerais\Documentos com unidade\GRD-COM-ECNO-02.02.01.16.01-0000003'. Nenhuma pasta receberá ambiente.
[2026-07-31 16:46:27.742] [INFO] Excel local gerado para 'GRD-COM-ECNO-02.02.01.16.01': C:\ProgramData\Ecorodovias\GRD\Staging\20260731_164344\ARTESP\GRD-COM-ECNO-02.02.01.16.01-0000003.xlsx
[2026-07-31 16:46:27.744] [INFO] Analisando grupo 'GRD-COM-ECNO-02.02.02.10.01' (ARTESP) com 23 documento(s).
[2026-07-31 16:46:28.079] [INFO] Grupo 'GRD-COM-ECNO-02.02.02.10.01': GRD prevista 'GRD-COM-ECNO-02.02.02.10.01-0000003'; destino 'Engenharia\Ecovias Noroeste Paulista\Projetos\02.02.02.10.01\0 - Documentos Gerais\Documentos com unidade\GRD-COM-ECNO-02.02.02.10.01-0000003'. Nenhuma pasta receberá ambiente.
[2026-07-31 16:46:28.392] [INFO] Excel local gerado para 'GRD-COM-ECNO-02.02.02.10.01': C:\ProgramData\Ecorodovias\GRD\Staging\20260731_164344\ARTESP\GRD-COM-ECNO-02.02.02.10.01-0000003.xlsx
[2026-07-31 16:46:28.392] [INFO] Analisando grupo 'GRD-COM-NP-NOP07 - Dispositivo SC' (ARTESP) com 2 documento(s).
[2026-07-31 16:46:28.758] [INFO] Grupo 'GRD-COM-NP-NOP07 - Dispositivo SC': GRD prevista 'GRD-COM-NP-NOP07 - Dispositivo SC-0000003'; destino 'Engenharia\Ecovias Noroeste Paulista\Projetos\NOP07 - Dispositivo SC\0 - Documentos Gerais\Documentos com unidade\GRD-COM-NP-NOP07 - Dispositivo SC-0000003'. Nenhuma pasta receberá ambiente.
[2026-07-31 16:46:29.036] [INFO] Excel local gerado para 'GRD-COM-NP-NOP07 - Dispositivo SC': C:\ProgramData\Ecorodovias\GRD\Staging\20260731_164344\ARTESP\GRD-COM-NP-NOP07 - Dispositivo SC-0000003.xlsx
[2026-07-31 16:46:29.039] [INFO] Analisando grupo 'GRD-COM-ECNO-02.02.01.15.02' (ARTESP) com 2 documento(s).
[2026-07-31 16:46:29.334] [INFO] Grupo 'GRD-COM-ECNO-02.02.01.15.02': GRD prevista 'GRD-COM-ECNO-02.02.01.15.02-0000003'; destino 'Engenharia\Ecovias Noroeste Paulista\Projetos\02.02.01.15.02\0 - Documentos Gerais\Documentos com unidade\GRD-COM-ECNO-02.02.01.15.02-0000003'. Nenhuma pasta receberá ambiente.
[2026-07-31 16:46:29.658] [INFO] Excel local gerado para 'GRD-COM-ECNO-02.02.01.15.02': C:\ProgramData\Ecorodovias\GRD\Staging\20260731_164344\ARTESP\GRD-COM-ECNO-02.02.01.15.02-0000003.xlsx
[2026-07-31 16:46:29.658] [INFO] Analisando grupo 'GRD-COM-EVNP-03.03.03 - Colina' (ARTESP) com 32 documento(s).
[2026-07-31 16:46:29.980] [INFO] Grupo 'GRD-COM-EVNP-03.03.03 - Colina': GRD prevista 'GRD-COM-EVNP-03.03.03 - Colina-0000003'; destino 'Engenharia\Ecovias Noroeste Paulista\Projetos\03.03.03 - Colina\0 - Documentos Gerais\Documentos com unidade\GRD-COM-EVNP-03.03.03 - Colina-0000003'. Nenhuma pasta receberá ambiente.
[2026-07-31 16:46:30.200] [INFO] Excel local gerado para 'GRD-COM-EVNP-03.03.03 - Colina': C:\ProgramData\Ecorodovias\GRD\Staging\20260731_164344\ARTESP\GRD-COM-EVNP-03.03.03 - Colina-0000003.xlsx
[2026-07-31 16:46:30.200] [INFO] Analisando grupo 'GRD-COM-ECVI-ADC Sul' (ARTESP) com 431 documento(s).
[2026-07-31 16:46:30.562] [INFO] Grupo 'GRD-COM-ECVI-ADC Sul': GRD prevista 'GRD-COM-ECVI-ADC Sul-0000003'; destino 'Engenharia\Ecovias Imigrantes\Projetos\ADC Sul\0 - Documentos Gerais\Documentos com unidade\GRD-COM-ECVI-ADC Sul-0000003'. Nenhuma pasta receberá ambiente.
[2026-07-31 16:46:30.987] [INFO] Excel local gerado para 'GRD-COM-ECVI-ADC Sul': C:\ProgramData\Ecorodovias\GRD\Staging\20260731_164344\ARTESP\GRD-COM-ECVI-ADC Sul-0000003.xlsx
[2026-07-31 16:46:30.990] [INFO] Analisando grupo 'GRD-COM-RC-03.03 - Free Flow P6-13,680' (ARTESP) com 2 documento(s).
[2026-07-31 16:46:31.293] [INFO] Grupo 'GRD-COM-RC-03.03 - Free Flow P6-13,680': GRD prevista 'GRD-COM-RC-03.03 - Free Flow P6-13,680-0000003'; destino 'Engenharia\Ecovias Raposo Castello\Projetos\03.03 - Free Flow P6-13,680\0 - Documentos Gerais\Documentos com unidade\GRD-COM-RC-03.03 - Free Flow P6-13,680-0000003'. Nenhuma pasta receberá ambiente.
[2026-07-31 16:46:31.656] [INFO] Excel local gerado para 'GRD-COM-RC-03.03 - Free Flow P6-13,680': C:\ProgramData\Ecorodovias\GRD\Staging\20260731_164344\ARTESP\GRD-COM-RC-03.03 - Free Flow P6-13,680-0000003.xlsx
[2026-07-31 16:46:31.658] [INFO] Analisando grupo 'GRD-COM-ECVI-Ciclovia Norte' (ARTESP) com 117 documento(s).
[2026-07-31 16:46:32.013] [INFO] Grupo 'GRD-COM-ECVI-Ciclovia Norte': GRD prevista 'GRD-COM-ECVI-Ciclovia Norte-0000003'; destino 'Engenharia\Ecovias Imigrantes\Projetos\Ciclovia Norte\0 - Documentos Gerais\Documentos com unidade\GRD-COM-ECVI-Ciclovia Norte-0000003'. Nenhuma pasta receberá ambiente.
[2026-07-31 16:46:32.219] [INFO] Excel local gerado para 'GRD-COM-ECVI-Ciclovia Norte': C:\ProgramData\Ecorodovias\GRD\Staging\20260731_164344\ARTESP\GRD-COM-ECVI-Ciclovia Norte-0000003.xlsx
[2026-07-31 16:46:32.222] [INFO] Analisando grupo 'GRD-COM-ECVI-TA-01 - AVCB Túneis' (ARTESP) com 32 documento(s).
[2026-07-31 16:46:32.483] [INFO] Grupo 'GRD-COM-ECVI-TA-01 - AVCB Túneis': GRD prevista 'GRD-COM-ECVI-TA-01 - AVCB Túneis-0000003'; destino 'Engenharia\Ecovias Imigrantes\Projetos\TA-01 - AVCB Túneis\0 - Documentos Gerais\Documentos com unidade\GRD-COM-ECVI-TA-01 - AVCB Túneis-0000003'. Nenhuma pasta receberá ambiente.
[2026-07-31 16:46:32.703] [INFO] Excel local gerado para 'GRD-COM-ECVI-TA-01 - AVCB Túneis': C:\ProgramData\Ecorodovias\GRD\Staging\20260731_164344\ARTESP\GRD-COM-ECVI-TA-01 - AVCB Túneis-0000003.xlsx
[2026-07-31 16:46:32.703] [INFO] Analisando grupo 'GRD-COM-ECVI-TA-12 - AVCB Túneis' (ARTESP) com 42 documento(s).
[2026-07-31 16:46:33.068] [INFO] Grupo 'GRD-COM-ECVI-TA-12 - AVCB Túneis': GRD prevista 'GRD-COM-ECVI-TA-12 - AVCB Túneis-0000003'; destino 'Engenharia\Ecovias Imigrantes\Projetos\TA-12 - AVCB Túneis\0 - Documentos Gerais\Documentos com unidade\GRD-COM-ECVI-TA-12 - AVCB Túneis-0000003'. Nenhuma pasta receberá ambiente.
[2026-07-31 16:46:33.304] [INFO] Excel local gerado para 'GRD-COM-ECVI-TA-12 - AVCB Túneis': C:\ProgramData\Ecorodovias\GRD\Staging\20260731_164344\ARTESP\GRD-COM-ECVI-TA-12 - AVCB Túneis-0000003.xlsx
[2026-07-31 16:46:33.304] [INFO] Analisando grupo 'GRD-COM-ECVI-TA-02 - AVCB Túneis' (ARTESP) com 24 documento(s).
[2026-07-31 16:46:33.729] [INFO] Grupo 'GRD-COM-ECVI-TA-02 - AVCB Túneis': GRD prevista 'GRD-COM-ECVI-TA-02 - AVCB Túneis-0000003'; destino 'Engenharia\Ecovias Imigrantes\Projetos\TA-02 - AVCB Túneis\0 - Documentos Gerais\Documentos com unidade\GRD-COM-ECVI-TA-02 - AVCB Túneis-0000003'. Nenhuma pasta receberá ambiente.
[2026-07-31 16:46:34.017] [INFO] Excel local gerado para 'GRD-COM-ECVI-TA-02 - AVCB Túneis': C:\ProgramData\Ecorodovias\GRD\Staging\20260731_164344\ARTESP\GRD-COM-ECVI-TA-02 - AVCB Túneis-0000003.xlsx
[2026-07-31 16:46:34.026] [INFO] Analisando grupo 'GRD-COM-ECVI-TA-03 - AVCB Túneis' (ARTESP) com 26 documento(s).
[2026-07-31 16:46:34.562] [INFO] Grupo 'GRD-COM-ECVI-TA-03 - AVCB Túneis': GRD prevista 'GRD-COM-ECVI-TA-03 - AVCB Túneis-0000003'; destino 'Engenharia\Ecovias Imigrantes\Projetos\TA-03 - AVCB Túneis\0 - Documentos Gerais\Documentos com unidade\GRD-COM-ECVI-TA-03 - AVCB Túneis-0000003'. Nenhuma pasta receberá ambiente.
[2026-07-31 16:46:34.889] [INFO] Excel local gerado para 'GRD-COM-ECVI-TA-03 - AVCB Túneis': C:\ProgramData\Ecorodovias\GRD\Staging\20260731_164344\ARTESP\GRD-COM-ECVI-TA-03 - AVCB Túneis-0000003.xlsx
[2026-07-31 16:46:34.905] [INFO] Analisando grupo 'GRD-COM-ECVI-TA-10/11 - AVCB Túneis' (ARTESP) com 82 documento(s).
[2026-07-31 16:46:35.274] [INFO] Grupo 'GRD-COM-ECVI-TA-10/11 - AVCB Túneis': GRD prevista 'GRD-COM-ECVI-TA-10/11 - AVCB Túneis-0000003'; destino 'Engenharia\Ecovias Imigrantes\Projetos\TA-10/11 - AVCB Túneis\0 - Documentos Gerais\Documentos com unidade\GRD-COM-ECVI-TA-10/11 - AVCB Túneis-0000003'. Nenhuma pasta receberá ambiente.
[2026-07-31 16:46:35.635] [INFO] Excel local gerado para 'GRD-COM-ECVI-TA-10/11 - AVCB Túneis': C:\ProgramData\Ecorodovias\GRD\Staging\20260731_164344\ARTESP\GRD-COM-ECVI-TA-10_11 - AVCB Túneis-0000003.xlsx
[2026-07-31 16:46:35.647] [INFO] Analisando grupo 'GRD-COM-ECVI-TA-09 - AVCB Túneis' (ARTESP) com 42 documento(s).
[2026-07-31 16:46:36.017] [INFO] Grupo 'GRD-COM-ECVI-TA-09 - AVCB Túneis': GRD prevista 'GRD-COM-ECVI-TA-09 - AVCB Túneis-0000003'; destino 'Engenharia\Ecovias Imigrantes\Projetos\TA-09 - AVCB Túneis\0 - Documentos Gerais\Documentos com unidade\GRD-COM-ECVI-TA-09 - AVCB Túneis-0000003'. Nenhuma pasta receberá ambiente.
[2026-07-31 16:46:36.248] [INFO] Excel local gerado para 'GRD-COM-ECVI-TA-09 - AVCB Túneis': C:\ProgramData\Ecorodovias\GRD\Staging\20260731_164344\ARTESP\GRD-COM-ECVI-TA-09 - AVCB Túneis-0000003.xlsx
[2026-07-31 16:46:36.248] [INFO] Analisando grupo 'GRD-COM-ECVI-TA-13 - AVCB Túneis' (ARTESP) com 42 documento(s).
[2026-07-31 16:46:36.650] [INFO] Grupo 'GRD-COM-ECVI-TA-13 - AVCB Túneis': GRD prevista 'GRD-COM-ECVI-TA-13 - AVCB Túneis-0000003'; destino 'Engenharia\Ecovias Imigrantes\Projetos\TA-13 - AVCB Túneis\0 - Documentos Gerais\Documentos com unidade\GRD-COM-ECVI-TA-13 - AVCB Túneis-0000003'. Nenhuma pasta receberá ambiente.
[2026-07-31 16:46:36.846] [INFO] Excel local gerado para 'GRD-COM-ECVI-TA-13 - AVCB Túneis': C:\ProgramData\Ecorodovias\GRD\Staging\20260731_164344\ARTESP\GRD-COM-ECVI-TA-13 - AVCB Túneis-0000003.xlsx
[2026-07-31 16:46:36.848] [INFO] Analisando grupo 'GRD-COM-ECVI-TD-00 - AVCB' (ARTESP) com 20 documento(s).
[2026-07-31 16:46:37.236] [INFO] Grupo 'GRD-COM-ECVI-TD-00 - AVCB': GRD prevista 'GRD-COM-ECVI-TD-00 - AVCB-0000003'; destino 'Engenharia\Ecovias Imigrantes\Projetos\TD-00 - AVCB Túneis\0 - Documentos Gerais\Documentos com unidade\GRD-COM-ECVI-TD-00 - AVCB-0000003'. Nenhuma pasta receberá ambiente.
[2026-07-31 16:46:37.464] [INFO] Excel local gerado para 'GRD-COM-ECVI-TD-00 - AVCB': C:\ProgramData\Ecorodovias\GRD\Staging\20260731_164344\ARTESP\GRD-COM-ECVI-TD-00 - AVCB-0000003.xlsx
[2026-07-31 16:46:37.466] [INFO] Analisando grupo 'GRD-COM-ECVI-TD-01 - AVCB' (ARTESP) com 76 documento(s).
[2026-07-31 16:46:37.768] [INFO] Grupo 'GRD-COM-ECVI-TD-01 - AVCB': GRD prevista 'GRD-COM-ECVI-TD-01 - AVCB-0000003'; destino 'Engenharia\Ecovias Imigrantes\Projetos\TD-01 - AVCB\0 - Documentos Gerais\Documentos com unidade\GRD-COM-ECVI-TD-01 - AVCB-0000003'. Nenhuma pasta receberá ambiente.
[2026-07-31 16:46:38.045] [INFO] Excel local gerado para 'GRD-COM-ECVI-TD-01 - AVCB': C:\ProgramData\Ecorodovias\GRD\Staging\20260731_164344\ARTESP\GRD-COM-ECVI-TD-01 - AVCB-0000003.xlsx
[2026-07-31 16:46:38.047] [INFO] Analisando grupo 'GRD-COM-ECVI-TA-04 - AVCB Túneis' (ARTESP) com 36 documento(s).
[2026-07-31 16:46:38.347] [INFO] Grupo 'GRD-COM-ECVI-TA-04 - AVCB Túneis': GRD prevista 'GRD-COM-ECVI-TA-04 - AVCB Túneis-0000003'; destino 'Engenharia\Ecovias Imigrantes\Projetos\TA-04 - AVCB Túneis\0 - Documentos Gerais\Documentos com unidade\GRD-COM-ECVI-TA-04 - AVCB Túneis-0000003'. Nenhuma pasta receberá ambiente.
[2026-07-31 16:46:38.632] [INFO] Excel local gerado para 'GRD-COM-ECVI-TA-04 - AVCB Túneis': C:\ProgramData\Ecorodovias\GRD\Staging\20260731_164344\ARTESP\GRD-COM-ECVI-TA-04 - AVCB Túneis-0000003.xlsx
[2026-07-31 16:46:38.636] [INFO] Analisando grupo 'GRD-COM-ECVI-TA-002 - AVCB Túneis' (ARTESP) com 32 documento(s).
[2026-07-31 16:46:38.932] [INFO] Grupo 'GRD-COM-ECVI-TA-002 - AVCB Túneis': GRD prevista 'GRD-COM-ECVI-TA-002 - AVCB Túneis-0000003'; destino 'Engenharia\Ecovias Imigrantes\Projetos\TA-002 - AVCB Túneis\0 - Documentos Gerais\Documentos com unidade\GRD-COM-ECVI-TA-002 - AVCB Túneis-0000003'. Nenhuma pasta receberá ambiente.
[2026-07-31 16:46:39.225] [INFO] Excel local gerado para 'GRD-COM-ECVI-TA-002 - AVCB Túneis': C:\ProgramData\Ecorodovias\GRD\Staging\20260731_164344\ARTESP\GRD-COM-ECVI-TA-002 - AVCB Túneis-0000003.xlsx
[2026-07-31 16:46:39.225] [INFO] Analisando grupo 'GRD-COM-ECVI-TA-001 - AVCB Túneis' (ARTESP) com 30 documento(s).
[2026-07-31 16:46:39.524] [INFO] Grupo 'GRD-COM-ECVI-TA-001 - AVCB Túneis': GRD prevista 'GRD-COM-ECVI-TA-001 - AVCB Túneis-0000003'; destino 'Engenharia\Ecovias Imigrantes\Projetos\TA-001 - AVCB Túneis\0 - Documentos Gerais\Documentos com unidade\GRD-COM-ECVI-TA-001 - AVCB Túneis-0000003'. Nenhuma pasta receberá ambiente.
[2026-07-31 16:46:39.834] [INFO] Excel local gerado para 'GRD-COM-ECVI-TA-001 - AVCB Túneis': C:\ProgramData\Ecorodovias\GRD\Staging\20260731_164344\ARTESP\GRD-COM-ECVI-TA-001 - AVCB Túneis-0000003.xlsx
[2026-07-31 16:46:39.836] [INFO] Analisando grupo 'GRD-COM-ECVI-TA-06 - AVCB Túneis' (ARTESP) com 6 documento(s).
[2026-07-31 16:46:40.118] [INFO] Grupo 'GRD-COM-ECVI-TA-06 - AVCB Túneis': GRD prevista 'GRD-COM-ECVI-TA-06 - AVCB Túneis-0000003'; destino 'Engenharia\Ecovias Imigrantes\Projetos\TA-06 - AVCB Túneis\0 - Documentos Gerais\Documentos com unidade\GRD-COM-ECVI-TA-06 - AVCB Túneis-0000003'. Nenhuma pasta receberá ambiente.
[2026-07-31 16:46:40.414] [INFO] Excel local gerado para 'GRD-COM-ECVI-TA-06 - AVCB Túneis': C:\ProgramData\Ecorodovias\GRD\Staging\20260731_164344\ARTESP\GRD-COM-ECVI-TA-06 - AVCB Túneis-0000003.xlsx
[2026-07-31 16:46:40.416] [INFO] Analisando grupo 'GRD-COM-ECVI-TA-14 - AVCB Túneis' (ARTESP) com 32 documento(s).
[2026-07-31 16:46:40.704] [INFO] Grupo 'GRD-COM-ECVI-TA-14 - AVCB Túneis': GRD prevista 'GRD-COM-ECVI-TA-14 - AVCB Túneis-0000003'; destino 'Engenharia\Ecovias Imigrantes\Projetos\TA-14 - AVCB Túneis\0 - Documentos Gerais\Documentos com unidade\GRD-COM-ECVI-TA-14 - AVCB Túneis-0000003'. Nenhuma pasta receberá ambiente.
[2026-07-31 16:46:41.016] [INFO] Excel local gerado para 'GRD-COM-ECVI-TA-14 - AVCB Túneis': C:\ProgramData\Ecorodovias\GRD\Staging\20260731_164344\ARTESP\GRD-COM-ECVI-TA-14 - AVCB Túneis-0000003.xlsx
[2026-07-31 16:46:41.019] [INFO] Analisando grupo 'GRD-COM-ECVI-TA-05 - AVCB Túneis' (ARTESP) com 50 documento(s).
[2026-07-31 16:46:41.423] [INFO] Grupo 'GRD-COM-ECVI-TA-05 - AVCB Túneis': GRD prevista 'GRD-COM-ECVI-TA-05 - AVCB Túneis-0000003'; destino 'Engenharia\Ecovias Imigrantes\Projetos\TA-05 - AVCB Túneis\0 - Documentos Gerais\Documentos com unidade\GRD-COM-ECVI-TA-05 - AVCB Túneis-0000003'. Nenhuma pasta receberá ambiente.
[2026-07-31 16:46:41.758] [INFO] Excel local gerado para 'GRD-COM-ECVI-TA-05 - AVCB Túneis': C:\ProgramData\Ecorodovias\GRD\Staging\20260731_164344\ARTESP\GRD-COM-ECVI-TA-05 - AVCB Túneis-0000003.xlsx
[2026-07-31 16:46:41.760] [INFO] Analisando grupo 'GRD-COM-ECVI-TA-07 - AVCB Túneis' (ARTESP) com 32 documento(s).
[2026-07-31 16:46:42.162] [INFO] Grupo 'GRD-COM-ECVI-TA-07 - AVCB Túneis': GRD prevista 'GRD-COM-ECVI-TA-07 - AVCB Túneis-0000003'; destino 'Engenharia\Ecovias Imigrantes\Projetos\TA-07 - AVCB Túneis\0 - Documentos Gerais\Documentos com unidade\GRD-COM-ECVI-TA-07 - AVCB Túneis-0000003'. Nenhuma pasta receberá ambiente.
[2026-07-31 16:46:42.463] [INFO] Excel local gerado para 'GRD-COM-ECVI-TA-07 - AVCB Túneis': C:\ProgramData\Ecorodovias\GRD\Staging\20260731_164344\ARTESP\GRD-COM-ECVI-TA-07 - AVCB Túneis-0000003.xlsx
[2026-07-31 16:46:42.465] [INFO] Analisando grupo 'GRD-COM-ECVI-TD-02 - AVCB Túneis' (ARTESP) com 22 documento(s).
[2026-07-31 16:46:42.756] [INFO] Grupo 'GRD-COM-ECVI-TD-02 - AVCB Túneis': GRD prevista 'GRD-COM-ECVI-TD-02 - AVCB Túneis-0000003'; destino 'Engenharia\Ecovias Imigrantes\Projetos\TD-02 - AVCB Túneis\0 - Documentos Gerais\Documentos com unidade\GRD-COM-ECVI-TD-02 - AVCB Túneis-0000003'. Nenhuma pasta receberá ambiente.
[2026-07-31 16:46:43.099] [INFO] Excel local gerado para 'GRD-COM-ECVI-TD-02 - AVCB Túneis': C:\ProgramData\Ecorodovias\GRD\Staging\20260731_164344\ARTESP\GRD-COM-ECVI-TD-02 - AVCB Túneis-0000003.xlsx
[2026-07-31 16:46:43.102] [INFO] Analisando grupo 'GRD-COM-ECVI-Túnel Quilombo' (ARTESP) com 100 documento(s).
[2026-07-31 16:46:43.501] [INFO] Grupo 'GRD-COM-ECVI-Túnel Quilombo': GRD prevista 'GRD-COM-ECVI-Túnel Quilombo-0000003'; destino 'Engenharia\Ecovias Imigrantes\Projetos\Túnel Quilombo\0 - Documentos Gerais\Documentos com unidade\GRD-COM-ECVI-Túnel Quilombo-0000003'. Nenhuma pasta receberá ambiente.
[2026-07-31 16:46:43.924] [INFO] Excel local gerado para 'GRD-COM-ECVI-Túnel Quilombo': C:\ProgramData\Ecorodovias\GRD\Staging\20260731_164344\ARTESP\GRD-COM-ECVI-Túnel Quilombo-0000003.xlsx
[2026-07-31 16:46:43.927] [INFO] Analisando grupo 'GRD-COM-RC-03.03 - Free Flow P7-20,745' (ARTESP) com 10 documento(s).
[2026-07-31 16:46:44.322] [INFO] Grupo 'GRD-COM-RC-03.03 - Free Flow P7-20,745': GRD prevista 'GRD-COM-RC-03.03 - Free Flow P7-20,745-0000002'; destino 'Engenharia\Ecovias Raposo Castello\Projetos\03.03 - Free Flow P7-20,745\0 - Documentos Gerais\Documentos com unidade\GRD-COM-RC-03.03 - Free Flow P7-20,745-0000002'. Nenhuma pasta receberá ambiente.
[2026-07-31 16:46:44.529] [INFO] Excel local gerado para 'GRD-COM-RC-03.03 - Free Flow P7-20,745': C:\ProgramData\Ecorodovias\GRD\Staging\20260731_164344\ARTESP\GRD-COM-RC-03.03 - Free Flow P7-20,745-0000002.xlsx
[2026-07-31 16:46:44.529] [INFO] Analisando grupo 'GRD-COM-RC-03.03 - Free Flow P7-18,140' (ARTESP) com 8 documento(s).
[2026-07-31 16:46:45.011] [INFO] Grupo 'GRD-COM-RC-03.03 - Free Flow P7-18,140': GRD prevista 'GRD-COM-RC-03.03 - Free Flow P7-18,140-0000002'; destino 'Engenharia\Ecovias Raposo Castello\Projetos\03.03 - Free Flow P7-18,140\0 - Documentos Gerais\Documentos com unidade\GRD-COM-RC-03.03 - Free Flow P7-18,140-0000002'. Nenhuma pasta receberá ambiente.
[2026-07-31 16:46:45.294] [INFO] Excel local gerado para 'GRD-COM-RC-03.03 - Free Flow P7-18,140': C:\ProgramData\Ecorodovias\GRD\Staging\20260731_164344\ARTESP\GRD-COM-RC-03.03 - Free Flow P7-18,140-0000002.xlsx
[2026-07-31 16:46:45.294] [INFO] Analisando grupo 'GRD-COM--' () com 8 documento(s).
[2026-07-31 16:46:45.602] [AVISO] Grupo 'GRD-COM--' ignorado. PoderConcedente não preenchido

[2026-07-31 16:46:45.605] [INFO] SIMULAÇÃO CONCLUÍDA — nenhuma pasta ou documento foi alterado.
[2026-07-31 16:46:45.607] [INFO] Documentos considerados: 54385 (pesquisa completa).

Grupo                                   PoderConcedente GRDPrevista                                     Documentos Exce
                                                                                                                   lLoc
                                                                                                                   al  
-----                                   --------------- -----------                                     ---------- ----
GRD-COM-ECA-Dispositivo ano 9           ANTT            GRD-COM-ECA-Dispositivo ano 9-0000003                  192 C...
GRD-COM-ECA-Ampliações 6°Ano SH 16 e 17 ANTT            GRD-COM-ECA-Ampliações 6°Ano SH 16 e 17-0000003       1983 C...
GRD-COM-ECA-Ampliações 6°Ano SH 23      ANTT            GRD-COM-ECA-Ampliações 6°Ano SH 23-0000003            2284 C...
GRD-COM-ECA-Ampliações 4°Ano SH 14      ANTT            GRD-COM-ECA-Ampliações 4°Ano SH 14-0000003             534 C...
GRD-COM-ECA-Acesso 3°Ano 355+900        ANTT            GRD-COM-ECA-Acesso 3°Ano 355+900-0000003               116 C...
GRD-COM-ECA-Acesso 4°Ano 274+950        ANTT            GRD-COM-ECA-Acesso 4°Ano 274+950-0000003               204 C...
GRD-COM-ECA-Acesso 3°Ano 375+800        ANTT            GRD-COM-ECA-Acesso 3°Ano 375+800-0000003               180 C...
GRD-COM-ECA-Acesso 3°Ano 397+050        ANTT            GRD-COM-ECA-Acesso 3°Ano 397+050-0000003               169 C...
GRD-COM-ECA-Acesso 3°Ano 321+900        ANTT            GRD-COM-ECA-Acesso 3°Ano 321+900-0000003                11 C...
GRD-COM-ECA-Acesso 4°Ano 303+820        ANTT            GRD-COM-ECA-Acesso 4°Ano 303+820-0000003               170 C...
GRD-COM-ECA-Ampliações 5°Ano SH 18 e 19 ANTT            GRD-COM-ECA-Ampliações 5°Ano SH 18 e 19-0000003       1812 C...
GRD-COM-ECA-Acesso 5°Ano 265+320        ANTT            GRD-COM-ECA-Acesso 5°Ano 265+320-0000003               130 C...
GRD-COM-ECA-Ampliações 7°Ano SH 15      ANTT            GRD-COM-ECA-Ampliações 7°Ano SH 15-0000003             691 C...
GRD-COM-ECA-Ampliações 5°Ano SH 2       ANTT            GRD-COM-ECA-Ampliações 5°Ano SH 2-0000003             1098 C...
GRD-COM-ECA-Acesso 6°Ano 693+000        ANTT            GRD-COM-ECA-Acesso 6°Ano 693+000-0000003                76 C...
GRD-COM-ECA-Ampliações 23°Ano SH 6      ANTT            GRD-COM-ECA-Ampliações 23°Ano SH 6-0000003             401 C...
GRD-COM-ECA-Ampliações 3°Ano SH 1,5     ANTT            GRD-COM-ECA-Ampliações 3°Ano SH 1,5-0000003            229 C...
GRD-COM-ECA-Ampliações 5°Ano SH 22      ANTT            GRD-COM-ECA-Ampliações 5°Ano SH 22-0000003             364 C...
GRD-COM-ECA-Ampliações 4°Ano SH 5* e 6* ANTT            GRD-COM-ECA-Ampliações 4°Ano SH 5* e 6*-0000003         82 C...
GRD-COM-ECA-Ampliações 4°Ano SH 20 e 21 ANTT            GRD-COM-ECA-Ampliações 4°Ano SH 20 e 21-0000003        960 C...
GRD-COM-ECA-Ampliações 4°Ano SH 4*      ANTT            GRD-COM-ECA-Ampliações 4°Ano SH 4*-0000003             280 C...
GRD-COM-ECA-Ampliações 4°Ano SH 4       ANTT            GRD-COM-ECA-Ampliações 4°Ano SH 4-0000003               48 C...
GRD-COM-ECA-Retornos em “U” 20          ANTT            GRD-COM-ECA-Retornos em “U” 20-0000003                 360 C...
GRD-COM-ECA-Ampliações 4°Ano SH 3* e 4* ANTT            GRD-COM-ECA-Ampliações 4°Ano SH 3* e 4*-0000003        368 C...
GRD-COM-ECA-Ampliações 3° Ano SH 1      ANTT            GRD-COM-ECA-Ampliações 3° Ano SH 1-0000003             463 C...
GRD-COM-ENM-Retorno km 386              ANTT            GRD-COM-ENM-Retorno km 386-0000003                     112 C...
GRD-COM-EC5-Retorno km 386              ANTT            GRD-COM-EC5-Retorno km 386-0000003                       2 C...
GRD-COM-EC1-Contorno de Ibiraçu         ANTT            GRD-COM-EC1-Contorno de Ibiraçu-0000003                898 C...
GRD-COM-E050-Escape km 56+100           ANTT            GRD-COM-E050-Escape km 56+100-0000003                  186 C...
GRD-COM-EC1-Contorno de Fundão          ANTT            GRD-COM-EC1-Contorno de Fundão-0000003                1773 C...
GRD-COM-E050-Escape km 54+300           ANTT            GRD-COM-E050-Escape km 54+300-0000003                   16 C...
GRD-COM-ECA-Passarela Uruaçu km 197     ANTT            GRD-COM-ECA-Passarela Uruaçu km 197-0000003             20 C...
GRD-COM-ECA-Passarela Uruaçu km 198     ANTT            GRD-COM-ECA-Passarela Uruaçu km 198-0000003             18 C...
GRD-COM-ECA-Passarela Alvorada Km 759   ANTT            GRD-COM-ECA-Passarela Alvorada Km 759-0000003           60 C...
GRD-COM-ECA-Ampliações 8°Ano SH 29 e 30 ANTT            GRD-COM-ECA-Ampliações 8°Ano SH 29 e 30-0000003          2 C...
GRD-COM-EC1-PPD Norte                   ANTT            GRD-COM-EC1-PPD Norte-0000003                          612 C...
GRD-COM-EC1-PPD Sul                     ANTT            GRD-COM-EC1-PPD Sul-0000003                            595 C...
GRD-COM-ECC-Acesso 5° Ano 630+312       ANTT            GRD-COM-ECC-Acesso 5° Ano 630+312-0000003               45 C...
GRD-COM-E050-Retorno em Nível           ANTT            GRD-COM-E050-Retorno em Nível-0000003                  174 C...
GRD-COM-ECC-Acesso 5° Ano 637+000       ANTT            GRD-COM-ECC-Acesso 5° Ano 637+000-0000003               45 C...
GRD-COM-ECC-Acesso 5° Ano 759+400       ANTT            GRD-COM-ECC-Acesso 5° Ano 759+400-0000003               43 C...
GRD-COM-ECC-Acesso 5° Ano 772+640       ANTT            GRD-COM-ECC-Acesso 5° Ano 772+640-0000003               37 C...
GRD-COM-ECC-Acesso 5° Ano 626+050       ANTT            GRD-COM-ECC-Acesso 5° Ano 626+050-0000003               49 C...
GRD-COM-ECC-Acesso 5° Ano 167+140       ANTT            GRD-COM-ECC-Acesso 5° Ano 167+140-0000003               46 C...
GRD-COM-ECC-Acesso 5° Ano 642+340       ANTT            GRD-COM-ECC-Acesso 5° Ano 642+340-0000003               32 C...
GRD-COM-ECC-Acesso 5° Ano 642+726       ANTT            GRD-COM-ECC-Acesso 5° Ano 642+726-0000003               49 C...
GRD-COM-ECC-Acesso 5° Ano 648+345       ANTT            GRD-COM-ECC-Acesso 5° Ano 648+345-0000003               47 C...
GRD-COM-ECC-Acesso 5° Ano 655+320       ANTT            GRD-COM-ECC-Acesso 5° Ano 655+320-0000003               47 C...
GRD-COM-ECC-Acesso 5° Ano 668+288       ANTT            GRD-COM-ECC-Acesso 5° Ano 668+288-0000003               47 C...
GRD-COM-ECC-Acesso 5° Ano 694+848       ANTT            GRD-COM-ECC-Acesso 5° Ano 694+848-0000003               47 C...
GRD-COM-ECC-Acesso 5° Ano 697+300       ANTT            GRD-COM-ECC-Acesso 5° Ano 697+300-0000003               47 C...
GRD-COM-EC1-Ciclovia de Linhares        ANTT            GRD-COM-EC1-Ciclovia de Linhares-0000003               391 C...
GRD-COM-E050-PPD km 6+500               ANTT            GRD-COM-E050-PPD km 6+500-0000003                       27 C...
GRD-COM-MGO-PPD km 6+500                ANTT            GRD-COM-MGO-PPD km 6+500-0000003                       270 C...
GRD-COM-ECA-Passarela Tocantins km 623  ANTT            GRD-COM-ECA-Passarela Tocantins km 623-0000003          22 C...
GRD-COM-EC1-Contorno de Vitória         ANTT            GRD-COM-EC1-Contorno de Vitória-0000003                328 C...
GRD-COM-ECC-Faixas Adicionais - TH 05   ANTT            GRD-COM-ECC-Faixas Adicionais - TH 05-0000003         1088 C...
GRD-COM-ECA-HS-WIM km432+174            ANTT            GRD-COM-ECA-HS-WIM km432+174-0000003                    20 C...
GRD-COM-EC1-Dupli. Contor. de Fundão    ANTT            GRD-COM-EC1-Dupli. Contor. de Fundão-0000003           282 C...
GRD-COM-EC1-Dupli. Contor. de Ibiraçu   ANTT            GRD-COM-EC1-Dupli. Contor. de Ibiraçu-0000003          190 C...
GRD-COM-EC1-Duplicação G2               ANTT            GRD-COM-EC1-Duplicação G2-0000003                      776 C...
GRD-COM-EC1-Duplicação C                ANTT            GRD-COM-EC1-Duplicação C-0000003                       563 C...
GRD-COM-EC1-Duplicação G1B              ANTT            GRD-COM-EC1-Duplicação G1B-0000003                     795 C...
GRD-COM-EC1-Duplicação D2               ANTT            GRD-COM-EC1-Duplicação D2-0000003                      442 C...
GRD-COM-EC1-Duplicação G1A              ANTT            GRD-COM-EC1-Duplicação G1A-0000003                     856 C...
GRD-COM-ECA-Retorno km 1+238            ANTT            GRD-COM-ECA-Retorno km 1+238-0000003                     6 C...
GRD-COM-ECA-Acesso 6°Ano 158+630        ANTT            GRD-COM-ECA-Acesso 6°Ano 158+630-0000003                58 C...
GRD-COM-ECA-Acesso 5°Ano 188+550        ANTT            GRD-COM-ECA-Acesso 5°Ano 188+550-0000003                48 C...
GRD-COM-EC1-Contorno Dis.               ANTT            GRD-COM-EC1-Contorno Dis.-0000003                      285 C...
GRD-COM-ECA-HS-WIM km169+067            ANTT            GRD-COM-ECA-HS-WIM km169+067-0000003                    18 C...
GRD-COM-EC1-HS-WIM                      ANTT            GRD-COM-EC1-HS-WIM-0000003                             207 C...
GRD-COM-ECA-Ampliações 3°Ano SH 2*      ANTT            GRD-COM-ECA-Ampliações 3°Ano SH 2*-0000003              72 C...
GRD-COM-ECA-Acesso 5°Ano 188+210        ANTT            GRD-COM-ECA-Acesso 5°Ano 188+210-0000003                41 C...
GRD-COM-EC1-Vias Marginais              ANTT            GRD-COM-EC1-Vias Marginais-0000003                    1457 C...
GRD-COM-ECA-Marginal sul km 671-677     ANTT            GRD-COM-ECA-Marginal sul km 671-677-0000003            102 C...
GRD-COM-ECA-Retorno em U km 668         ANTT            GRD-COM-ECA-Retorno em U km 668-0000003                219 C...
GRD-COM-ECP-Faixa Adicional km 321      ANTT            GRD-COM-ECP-Faixa Adicional km 321-0000003              60 C...
GRD-COM-ECS-Arroio Viúva Tereza         ANTT            GRD-COM-ECS-Arroio Viúva Tereza-0000003                148 C...
GRD-COM-ECS-Arroio Contagem             ANTT            GRD-COM-ECS-Arroio Contagem-0000003                      5 C...
GRD-COM-ECS-Arroio Corrientes           ANTT            GRD-COM-ECS-Arroio Corrientes-0000003                  164 C...
GRD-COM-EC1-Marginais de Viana          ANTT            GRD-COM-EC1-Marginais de Viana-0000003                1094 C...
GRD-COM-ECA-Agulha 11                   ANTT            GRD-COM-ECA-Agulha 11-0000003                          114 C...
GRD-COM-ECA-Pontos de ônibus            ANTT            GRD-COM-ECA-Pontos de ônibus-0000003                    35 C...
GRD-COM-ERM-BSO 01                      ANTT            GRD-COM-ERM-BSO 01-0000003                             252 C...
GRD-COM-ERM-BSO 03                      ANTT            GRD-COM-ERM-BSO 03-0000003                             159 C...
GRD-COM-ERM-BSO 04                      ANTT            GRD-COM-ERM-BSO 04-0000003                               9 C...
GRD-COM-ERM-BSO 02                      ANTT            GRD-COM-ERM-BSO 02-0000003                              13 C...
GRD-COM-ERM-BSO 05                      ANTT            GRD-COM-ERM-BSO 05-0000003                               5 C...
GRD-COM-ERM-BSO 07                      ANTT            GRD-COM-ERM-BSO 07-0000003                             276 C...
GRD-COM-ERM-BSO 06                      ANTT            GRD-COM-ERM-BSO 06-0000003                               5 C...
GRD-COM-ERM-BSO 08                      ANTT            GRD-COM-ERM-BSO 08-0000003                              88 C...
GRD-COM-ERM-BSO 10                      ANTT            GRD-COM-ERM-BSO 10-0000003                               8 C...
GRD-COM-ERM-BSO 09                      ANTT            GRD-COM-ERM-BSO 09-0000003                               9 C...
GRD-COM-ERM-BSO 13                      ANTT            GRD-COM-ERM-BSO 13-0000003                               5 C...
GRD-COM-ERM-BSO 11                      ANTT            GRD-COM-ERM-BSO 11-0000003                               9 C...
GRD-COM-ERM-BSO 12                      ANTT            GRD-COM-ERM-BSO 12-0000003                             224 C...
GRD-COM-ERM-BSO 14                      ANTT            GRD-COM-ERM-BSO 14-0000003                              16 C...
GRD-COM-MGO-Dispositivo - Km 180        ANTT            GRD-COM-MGO-Dispositivo - Km 180-0000003                 2 C...
GRD-COM-ERM-BSO 17                      ANTT            GRD-COM-ERM-BSO 17-0000003                               5 C...
GRD-COM-ERM-BSO 15                      ANTT            GRD-COM-ERM-BSO 15-0000003                               8 C...
GRD-COM-ERM-BSO 16                      ANTT            GRD-COM-ERM-BSO 16-0000003                               5 C...
GRD-COM-ERM-BSO 18                      ANTT            GRD-COM-ERM-BSO 18-0000003                               5 C...
GRD-COM-ERM-Nova Praça P8               ANTT            GRD-COM-ERM-Nova Praça P8-0000003                       10 C...
GRD-COM-ERM-Praça P15                   ANTT            GRD-COM-ERM-Praça P15-0000003                           32 C...
GRD-COM-ERM-PPD - km 215+600            ANTT            GRD-COM-ERM-PPD - km 215+600-0000003                    16 C...
GRD-COM-ERM-Praça P14                   ANTT            GRD-COM-ERM-Praça P14-0000003                           40 C...
GRD-COM-ERM-Praça P7                    ANTT            GRD-COM-ERM-Praça P7-0000003                            46 C...
GRD-COM-ERM-PPD - km 513+600            ANTT            GRD-COM-ERM-PPD - km 513+600-0000003                     8 C...
GRD-COM-ERM-Praça P11                   ANTT            GRD-COM-ERM-Praça P11-0000003                           38 C...
GRD-COM-ERM-Praça P8                    ANTT            GRD-COM-ERM-Praça P8-0000003                            40 C...
GRD-COM-ERM-Praça P9                    ANTT            GRD-COM-ERM-Praça P9-0000003                            48 C...
GRD-COM-ERM-Praça P12                   ANTT            GRD-COM-ERM-Praça P12-0000003                           48 C...
GRD-COM-ERM-Praça P10                   ANTT            GRD-COM-ERM-Praça P10-0000003                           22 C...
GRD-COM-ERM-Praça P13                   ANTT            GRD-COM-ERM-Praça P13-0000003                           42 C...
GRD-COM-ERM-Praça P6                    ANTT            GRD-COM-ERM-Praça P6-0000003                           725 C...
GRD-COM-ECA-Acesso km 35 - BR414/GO     ANTT            GRD-COM-ECA-Acesso km 35 - BR414/GO-0000003             12 C...
GRD-COM-EC5-Acostamentos do SH8         ANTT            GRD-COM-EC5-Acostamentos do SH8-0000003                  4 C...
GRD-COM-ECA-Ampliações 7°Ano SH 11      ANTT            GRD-COM-ECA-Ampliações 7°Ano SH 11-0000002              18 C...
GRD-COM-EC1-Duplicação D1               ANTT            GRD-COM-EC1-Duplicação D1-0000003                        6 C...
GRD-COM-ECNO-01.03.02                   ARTESP          GRD-COM-ECNO-01.03.02-0000003                         1591 C...
GRD-COM-ECNO-02.10.01.01                ARTESP          GRD-COM-ECNO-02.10.01.01-0000003                       273 C...
GRD-COM-ECNO-01.03.01                   ARTESP          GRD-COM-ECNO-01.03.01-0000003                         4306 C...
GRD-COM-ECNO-02.02.01.01.01             ARTESP          GRD-COM-ECNO-02.02.01.01.01-0000003                    427 C...
GRD-COM-ECNO-01.03.03                   ARTESP          GRD-COM-ECNO-01.03.03-0000003                          884 C...
GRD-COM-ECNO-02.06.02.07                ARTESP          GRD-COM-ECNO-02.06.02.07-0000003                       262 C...
GRD-COM-ECNO-02.06.02.11                ARTESP          GRD-COM-ECNO-02.06.02.11-0000003                       263 C...
GRD-COM-ECNO-02.06.02.06                ARTESP          GRD-COM-ECNO-02.06.02.06-0000003                       478 C...
GRD-COM-ECNO-02.02.02.03.01             ARTESP          GRD-COM-ECNO-02.02.02.03.01-0000003                    120 C...
GRD-COM-ECNO-01.01.01.06                ARTESP          GRD-COM-ECNO-01.01.01.06-0000003                        40 C...
GRD-COM-ECNO-02.02.01.13.01             ARTESP          GRD-COM-ECNO-02.02.01.13.01-0000003                     19 C...
GRD-COM-ECNO-02.02.02.11.01             ARTESP          GRD-COM-ECNO-02.02.02.11.01-0000003                     12 C...
GRD-COM-ECNO-01.01.01.01                ARTESP          GRD-COM-ECNO-01.01.01.01-0000003                       149 C...
GRD-COM-ECNO-02.04.03.01.01             ARTESP          GRD-COM-ECNO-02.04.03.01.01-0000003                     72 C...
GRD-COM-ECNO-02.04.03.01.02             ARTESP          GRD-COM-ECNO-02.04.03.01.02-0000003                     67 C...
GRD-COM-ECNO-02.06.02.12                ARTESP          GRD-COM-ECNO-02.06.02.12-0000003                       255 C...
GRD-COM-ECNO-02.02.01.14.01             ARTESP          GRD-COM-ECNO-02.02.01.14.01-0000003                     21 C...
GRD-COM-ECNO-01.01.02.01                ARTESP          GRD-COM-ECNO-01.01.02.01-0000003                       228 C...
GRD-COM-ECNO-01.01.02.02                ARTESP          GRD-COM-ECNO-01.01.02.02-0000003                       503 C...
GRD-COM-ECNO-01.03.04                   ARTESP          GRD-COM-ECNO-01.03.04-0000003                           98 C...
GRD-COM-ECNO-01.01.01.02                ARTESP          GRD-COM-ECNO-01.01.01.02-0000003                       514 C...
GRD-COM-ECNO-02.02.02.05.00             ARTESP          GRD-COM-ECNO-02.02.02.05.00-0000003                     86 C...
GRD-COM-ECNO-02.02.02.01.01             ARTESP          GRD-COM-ECNO-02.02.02.01.01-0000003                     19 C...
GRD-COM-ECNO-02.06.02.16                ARTESP          GRD-COM-ECNO-02.06.02.16-0000003                       257 C...
GRD-COM-ECNO-02.06.02.17                ARTESP          GRD-COM-ECNO-02.06.02.17-0000003                        42 C...
GRD-COM-ECNO-01.01.01.09                ARTESP          GRD-COM-ECNO-01.01.01.09-0000003                       206 C...
GRD-COM-ECNO-02.02.02.01.02             ARTESP          GRD-COM-ECNO-02.02.02.01.02-0000003                     29 C...
GRD-COM-ECNO-01.01.01.05                ARTESP          GRD-COM-ECNO-01.01.01.05-0000003                        20 C...
GRD-COM-ECNO-02.02.01.07.01             ARTESP          GRD-COM-ECNO-02.02.01.07.01-0000003                      9 C...
GRD-COM-ECNO-01.02.02.01                ARTESP          GRD-COM-ECNO-01.02.02.01-0000003                         2 C...
GRD-COM-ECNO-02.02.01.12.01             ARTESP          GRD-COM-ECNO-02.02.01.12.01-0000003                     25 C...
GRD-COM-ECNO-01.01.01.08                ARTESP          GRD-COM-ECNO-01.01.01.08-0000003                        45 C...
GRD-COM-ECNO-02.11.01.01 km 291         ARTESP          GRD-COM-ECNO-02.11.01.01 km 291-0000003                577 C...
GRD-COM-ECNO-02.11.01.01 km 407         ARTESP          GRD-COM-ECNO-02.11.01.01 km 407-0000003                539 C...
GRD-COM-ECNO-02.02.01.08.02             ARTESP          GRD-COM-ECNO-02.02.01.08.02-0000003                    163 C...
GRD-COM-ECNO-02.11.01.01 km 252         ARTESP          GRD-COM-ECNO-02.11.01.01 km 252-0000003                381 C...
GRD-COM-ECNO-02.12.01.02                ARTESP          GRD-COM-ECNO-02.12.01.02-0000003                       457 C...
GRD-COM-ECVI-Ligação Planalto - Baixada ARTESP          GRD-COM-ECVI-Ligação Planalto - Baixada-0000003       5652 C...
GRD-COM-ECNO-02.02.01.17.02             ARTESP          GRD-COM-ECNO-02.02.01.17.02-0000003                     17 C...
GRD-COM-ECNO-02.02.02.08.01             ARTESP          GRD-COM-ECNO-02.02.02.08.01-0000003                     17 C...
GRD-COM-ECNO-02.02.01.08.01             ARTESP          GRD-COM-ECNO-02.02.01.08.01-0000003                     27 C...
GRD-COM-ECNO-03.03.03 - Dobrada         ARTESP          GRD-COM-ECNO-03.03.03 - Dobrada-0000003                 14 C...
GRD-COM-ECNO-03.03.03 - Taiúva          ARTESP          GRD-COM-ECNO-03.03.03 - Taiúva-0000003                  34 C...
GRD-COM-ECNO-02.02.01.17.01             ARTESP          GRD-COM-ECNO-02.02.01.17.01-0000003                     19 C...
GRD-COM--                               ARTESP                                                                  17     
GRD-COM-ECNO-02.04.03.02.03             ARTESP          GRD-COM-ECNO-02.04.03.02.03-0000003                    188 C...
GRD-COM-ECNO-01.01.01.07                ARTESP          GRD-COM-ECNO-01.01.01.07-0000003                        36 C...
GRD-COM-ECNO-02.04.03.02.02             ARTESP          GRD-COM-ECNO-02.04.03.02.02-0000003                     68 C...
GRD-COM-ECNO-02.04.03.02.04             ARTESP          GRD-COM-ECNO-02.04.03.02.04-0000003                    180 C...
GRD-COM-ECNO-02.04.03.02.05             ARTESP          GRD-COM-ECNO-02.04.03.02.05-0000003                     96 C...
GRD-COM-ERC-02.02.02.03 BSO 3           ARTESP          GRD-COM-ERC-02.02.02.03 BSO 3-0000003                    2 C...
GRD-COM-ERC-02.02.02.02 BSO 2           ARTESP          GRD-COM-ERC-02.02.02.02 BSO 2-0000003                    4 C...
GRD-COM-ECNO-02.02.01.04.01             ARTESP          GRD-COM-ECNO-02.02.01.04.01-0000003                     71 C...
GRD-COM-ECNO-02.12.02.02 - PMRV         ARTESP          GRD-COM-ECNO-02.12.02.02 - PMRV-0000003                270 C...
GRD-COM-ECNO-02.02.01.02.02             ARTESP          GRD-COM-ECNO-02.02.01.02.02-0000003                     91 C...
GRD-COM-ECNO-02.02.02.04.01             ARTESP          GRD-COM-ECNO-02.02.02.04.01-0000003                     17 C...
GRD-COM-ECNO-CCPP - São Carlos          ARTESP          GRD-COM-ECNO-CCPP - São Carlos-0000003                  62 C...
GRD-COM-ECNO-CCPP - Ibirá               ARTESP          GRD-COM-ECNO-CCPP - Ibirá-0000003                       50 C...
GRD-COM-ECNO-CCPP - Bebedouro           ARTESP          GRD-COM-ECNO-CCPP - Bebedouro-0000003                   54 C...
GRD-COM-ECNO-CCPP - São José            ARTESP          GRD-COM-ECNO-CCPP - São José-0000003                    87 C...
GRD-COM-ECNO-CCPP - Itápolis            ARTESP          GRD-COM-ECNO-CCPP - Itápolis-0000003                    46 C...
GRD-COM-ECNO-CCPP - Jaboticabal         ARTESP          GRD-COM-ECNO-CCPP - Jaboticabal-0000003                 60 C...
GRD-COM-ECNO-02.02.01.02.01             ARTESP          GRD-COM-ECNO-02.02.01.02.01-0000003                    112 C...
GRD-COM-EPIS-Prolon Carvalho Pinto      ARTESP          GRD-COM-EPIS-Prolon Carvalho Pinto-0000003              92 C...
GRD-COM-ECVI-Curva do S - Alças         ARTESP          GRD-COM-ECVI-Curva do S - Alças-0000003                547 C...
GRD-COM-EVNP-03.03.03 - Monte Alto      ARTESP          GRD-COM-EVNP-03.03.03 - Monte Alto-0000003              30 C...
GRD-COM-EVNP-03.03.03 - Piragi          ARTESP          GRD-COM-EVNP-03.03.03 - Piragi-0000003                  34 C...
GRD-COM-ECVI-ANPC - Dispositivos        ARTESP          GRD-COM-ECVI-ANPC - Dispositivos-0000003                64 C...
GRD-COM-ERC-02.02.02.01 BSO 1           ARTESP          GRD-COM-ERC-02.02.02.01 BSO 1-0000003                   54 C...
GRD-COM-ERC-02.02.02.04 BSO 4           ARTESP          GRD-COM-ERC-02.02.02.04 BSO 4-0000003                  106 C...
GRD-COM-ECNO-02.02.01.03.01             ARTESP          GRD-COM-ECNO-02.02.01.03.01-0000003                     31 C...
GRD-COM-IMI-Estação Elevatória km 64    ARTESP          GRD-COM-IMI-Estação Elevatória km 64-0000003           358 C...
GRD-COM-IMI-Alemoa Rotatória            ARTESP          GRD-COM-IMI-Alemoa Rotatória-0000003                     8 C...
GRD-COM-NP-NOP11 - Dispositivo RP       ARTESP          GRD-COM-NP-NOP11 - Dispositivo RP-0000003               34 C...
GRD-COM-IMI-Alemoa Dispositivo          ARTESP          GRD-COM-IMI-Alemoa Dispositivo-0000003                  14 C...
GRD-COM-NP-NOP04 - Dispositivo SC       ARTESP          GRD-COM-NP-NOP04 - Dispositivo SC-0000003               38 C...
GRD-COM-RC-03.03 - Free Flow P12        ARTESP          GRD-COM-RC-03.03 - Free Flow P12-0000003                 2 C...
GRD-COM-ECVI-Estação de bombeamento     ARTESP          GRD-COM-ECVI-Estação de bombeamento-0000003             99 C...
GRD-COM-NP-NOP05 - Dispositivo SC       ARTESP          GRD-COM-NP-NOP05 - Dispositivo SC-0000003                2 C...
GRD-COM-IMI-147-FIP-Novo Acesso Porto   ARTESP          GRD-COM-IMI-147-FIP-Novo Acesso Porto-0000003           13 C...
GRD-COM-RC-03.03 - Free Flow P11        ARTESP          GRD-COM-RC-03.03 - Free Flow P11-0000003                 2 C...
GRD-COM-ECNO-02.02.02.09.01             ARTESP          GRD-COM-ECNO-02.02.02.09.01-0000003                     21 C...
GRD-COM-ECNO-02.02.01.05.01             ARTESP          GRD-COM-ECNO-02.02.01.05.01-0000003                     25 C...
GRD-COM-ECNO-02.02.01.15.01             ARTESP          GRD-COM-ECNO-02.02.01.15.01-0000003                      2 C...
GRD-COM-ECNO-02.02.01.16.01             ARTESP          GRD-COM-ECNO-02.02.01.16.01-0000003                     23 C...
GRD-COM-ECNO-02.02.02.10.01             ARTESP          GRD-COM-ECNO-02.02.02.10.01-0000003                     23 C...
GRD-COM-NP-NOP07 - Dispositivo SC       ARTESP          GRD-COM-NP-NOP07 - Dispositivo SC-0000003                2 C...
GRD-COM-ECNO-02.02.01.15.02             ARTESP          GRD-COM-ECNO-02.02.01.15.02-0000003                      2 C...
GRD-COM-EVNP-03.03.03 - Colina          ARTESP          GRD-COM-EVNP-03.03.03 - Colina-0000003                  32 C...
GRD-COM-ECVI-ADC Sul                    ARTESP          GRD-COM-ECVI-ADC Sul-0000003                           431 C...
GRD-COM-RC-03.03 - Free Flow P6-13,680  ARTESP          GRD-COM-RC-03.03 - Free Flow P6-13,680-0000003           2 C...
GRD-COM-ECVI-Ciclovia Norte             ARTESP          GRD-COM-ECVI-Ciclovia Norte-0000003                    117 C...
GRD-COM-ECVI-TA-01 - AVCB Túneis        ARTESP          GRD-COM-ECVI-TA-01 - AVCB Túneis-0000003                32 C...
GRD-COM-ECVI-TA-12 - AVCB Túneis        ARTESP          GRD-COM-ECVI-TA-12 - AVCB Túneis-0000003                42 C...
GRD-COM-ECVI-TA-02 - AVCB Túneis        ARTESP          GRD-COM-ECVI-TA-02 - AVCB Túneis-0000003                24 C...
GRD-COM-ECVI-TA-03 - AVCB Túneis        ARTESP          GRD-COM-ECVI-TA-03 - AVCB Túneis-0000003                26 C...
GRD-COM-ECVI-TA-10/11 - AVCB Túneis     ARTESP          GRD-COM-ECVI-TA-10/11 - AVCB Túneis-0000003             82 C...
GRD-COM-ECVI-TA-09 - AVCB Túneis        ARTESP          GRD-COM-ECVI-TA-09 - AVCB Túneis-0000003                42 C...
GRD-COM-ECVI-TA-13 - AVCB Túneis        ARTESP          GRD-COM-ECVI-TA-13 - AVCB Túneis-0000003                42 C...
GRD-COM-ECVI-TD-00 - AVCB               ARTESP          GRD-COM-ECVI-TD-00 - AVCB-0000003                       20 C...
GRD-COM-ECVI-TD-01 - AVCB               ARTESP          GRD-COM-ECVI-TD-01 - AVCB-0000003                       76 C...
GRD-COM-ECVI-TA-04 - AVCB Túneis        ARTESP          GRD-COM-ECVI-TA-04 - AVCB Túneis-0000003                36 C...
GRD-COM-ECVI-TA-002 - AVCB Túneis       ARTESP          GRD-COM-ECVI-TA-002 - AVCB Túneis-0000003               32 C...
GRD-COM-ECVI-TA-001 - AVCB Túneis       ARTESP          GRD-COM-ECVI-TA-001 - AVCB Túneis-0000003               30 C...
GRD-COM-ECVI-TA-06 - AVCB Túneis        ARTESP          GRD-COM-ECVI-TA-06 - AVCB Túneis-0000003                 6 C...
GRD-COM-ECVI-TA-14 - AVCB Túneis        ARTESP          GRD-COM-ECVI-TA-14 - AVCB Túneis-0000003                32 C...
GRD-COM-ECVI-TA-05 - AVCB Túneis        ARTESP          GRD-COM-ECVI-TA-05 - AVCB Túneis-0000003                50 C...
GRD-COM-ECVI-TA-07 - AVCB Túneis        ARTESP          GRD-COM-ECVI-TA-07 - AVCB Túneis-0000003                32 C...
GRD-COM-ECVI-TD-02 - AVCB Túneis        ARTESP          GRD-COM-ECVI-TD-02 - AVCB Túneis-0000003                22 C...
GRD-COM-ECVI-Túnel Quilombo             ARTESP          GRD-COM-ECVI-Túnel Quilombo-0000003                    100 C...
GRD-COM-RC-03.03 - Free Flow P7-20,745  ARTESP          GRD-COM-RC-03.03 - Free Flow P7-20,745-0000002          10 C...
GRD-COM-RC-03.03 - Free Flow P7-18,140  ARTESP          GRD-COM-RC-03.03 - Free Flow P7-18,140-0000002           8 C...
GRD-COM--                                                                                                        8     



Resumo:

Grupo                                   PoderConcedente GRDPrevista                                     Documentos Dest
                                                                                                                   inoP
                                                                                                                   revi
                                                                                                                   sto 
-----                                   --------------- -----------                                     ---------- ----
GRD-COM-ECA-Dispositivo ano 9           ANTT            GRD-COM-ECA-Dispositivo ano 9-0000003                  192 E...
GRD-COM-ECA-Ampliações 6°Ano SH 16 e 17 ANTT            GRD-COM-ECA-Ampliações 6°Ano SH 16 e 17-0000003       1983 E...
GRD-COM-ECA-Ampliações 6°Ano SH 23      ANTT            GRD-COM-ECA-Ampliações 6°Ano SH 23-0000003            2284 E...
GRD-COM-ECA-Ampliações 4°Ano SH 14      ANTT            GRD-COM-ECA-Ampliações 4°Ano SH 14-0000003             534 E...
GRD-COM-ECA-Acesso 3°Ano 355+900        ANTT            GRD-COM-ECA-Acesso 3°Ano 355+900-0000003               116 E...
GRD-COM-ECA-Acesso 4°Ano 274+950        ANTT            GRD-COM-ECA-Acesso 4°Ano 274+950-0000003               204 E...
GRD-COM-ECA-Acesso 3°Ano 375+800        ANTT            GRD-COM-ECA-Acesso 3°Ano 375+800-0000003               180 E...
GRD-COM-ECA-Acesso 3°Ano 397+050        ANTT            GRD-COM-ECA-Acesso 3°Ano 397+050-0000003               169 E...
GRD-COM-ECA-Acesso 3°Ano 321+900        ANTT            GRD-COM-ECA-Acesso 3°Ano 321+900-0000003                11 E...
GRD-COM-ECA-Acesso 4°Ano 303+820        ANTT            GRD-COM-ECA-Acesso 4°Ano 303+820-0000003               170 E...
GRD-COM-ECA-Ampliações 5°Ano SH 18 e 19 ANTT            GRD-COM-ECA-Ampliações 5°Ano SH 18 e 19-0000003       1812 E...
GRD-COM-ECA-Acesso 5°Ano 265+320        ANTT            GRD-COM-ECA-Acesso 5°Ano 265+320-0000003               130 E...
GRD-COM-ECA-Ampliações 7°Ano SH 15      ANTT            GRD-COM-ECA-Ampliações 7°Ano SH 15-0000003             691 E...
GRD-COM-ECA-Ampliações 5°Ano SH 2       ANTT            GRD-COM-ECA-Ampliações 5°Ano SH 2-0000003             1098 E...
GRD-COM-ECA-Acesso 6°Ano 693+000        ANTT            GRD-COM-ECA-Acesso 6°Ano 693+000-0000003                76 E...
GRD-COM-ECA-Ampliações 23°Ano SH 6      ANTT            GRD-COM-ECA-Ampliações 23°Ano SH 6-0000003             401 E...
GRD-COM-ECA-Ampliações 3°Ano SH 1,5     ANTT            GRD-COM-ECA-Ampliações 3°Ano SH 1,5-0000003            229 E...
GRD-COM-ECA-Ampliações 5°Ano SH 22      ANTT            GRD-COM-ECA-Ampliações 5°Ano SH 22-0000003             364 E...
GRD-COM-ECA-Ampliações 4°Ano SH 5* e 6* ANTT            GRD-COM-ECA-Ampliações 4°Ano SH 5* e 6*-0000003         82 E...
GRD-COM-ECA-Ampliações 4°Ano SH 20 e 21 ANTT            GRD-COM-ECA-Ampliações 4°Ano SH 20 e 21-0000003        960 E...
GRD-COM-ECA-Ampliações 4°Ano SH 4*      ANTT            GRD-COM-ECA-Ampliações 4°Ano SH 4*-0000003             280 E...
GRD-COM-ECA-Ampliações 4°Ano SH 4       ANTT            GRD-COM-ECA-Ampliações 4°Ano SH 4-0000003               48 E...
GRD-COM-ECA-Retornos em “U” 20          ANTT            GRD-COM-ECA-Retornos em “U” 20-0000003                 360 E...
GRD-COM-ECA-Ampliações 4°Ano SH 3* e 4* ANTT            GRD-COM-ECA-Ampliações 4°Ano SH 3* e 4*-0000003        368 E...
GRD-COM-ECA-Ampliações 3° Ano SH 1      ANTT            GRD-COM-ECA-Ampliações 3° Ano SH 1-0000003             463 E...
GRD-COM-ENM-Retorno km 386              ANTT            GRD-COM-ENM-Retorno km 386-0000003                     112 E...
GRD-COM-EC5-Retorno km 386              ANTT            GRD-COM-EC5-Retorno km 386-0000003                       2 E...
GRD-COM-EC1-Contorno de Ibiraçu         ANTT            GRD-COM-EC1-Contorno de Ibiraçu-0000003                898 E...
GRD-COM-E050-Escape km 56+100           ANTT            GRD-COM-E050-Escape km 56+100-0000003                  186 E...
GRD-COM-EC1-Contorno de Fundão          ANTT            GRD-COM-EC1-Contorno de Fundão-0000003                1773 E...
GRD-COM-E050-Escape km 54+300           ANTT            GRD-COM-E050-Escape km 54+300-0000003                   16 E...
GRD-COM-ECA-Passarela Uruaçu km 197     ANTT            GRD-COM-ECA-Passarela Uruaçu km 197-0000003             20 E...
GRD-COM-ECA-Passarela Uruaçu km 198     ANTT            GRD-COM-ECA-Passarela Uruaçu km 198-0000003             18 E...
GRD-COM-ECA-Passarela Alvorada Km 759   ANTT            GRD-COM-ECA-Passarela Alvorada Km 759-0000003           60 E...
GRD-COM-ECA-Ampliações 8°Ano SH 29 e 30 ANTT            GRD-COM-ECA-Ampliações 8°Ano SH 29 e 30-0000003          2 E...
GRD-COM-EC1-PPD Norte                   ANTT            GRD-COM-EC1-PPD Norte-0000003                          612 E...
GRD-COM-EC1-PPD Sul                     ANTT            GRD-COM-EC1-PPD Sul-0000003                            595 E...
GRD-COM-ECC-Acesso 5° Ano 630+312       ANTT            GRD-COM-ECC-Acesso 5° Ano 630+312-0000003               45 E...
GRD-COM-E050-Retorno em Nível           ANTT            GRD-COM-E050-Retorno em Nível-0000003                  174 E...
GRD-COM-ECC-Acesso 5° Ano 637+000       ANTT            GRD-COM-ECC-Acesso 5° Ano 637+000-0000003               45 E...
GRD-COM-ECC-Acesso 5° Ano 759+400       ANTT            GRD-COM-ECC-Acesso 5° Ano 759+400-0000003               43 E...
GRD-COM-ECC-Acesso 5° Ano 772+640       ANTT            GRD-COM-ECC-Acesso 5° Ano 772+640-0000003               37 E...
GRD-COM-ECC-Acesso 5° Ano 626+050       ANTT            GRD-COM-ECC-Acesso 5° Ano 626+050-0000003               49 E...
GRD-COM-ECC-Acesso 5° Ano 167+140       ANTT            GRD-COM-ECC-Acesso 5° Ano 167+140-0000003               46 E...
GRD-COM-ECC-Acesso 5° Ano 642+340       ANTT            GRD-COM-ECC-Acesso 5° Ano 642+340-0000003               32 E...
GRD-COM-ECC-Acesso 5° Ano 642+726       ANTT            GRD-COM-ECC-Acesso 5° Ano 642+726-0000003               49 E...
GRD-COM-ECC-Acesso 5° Ano 648+345       ANTT            GRD-COM-ECC-Acesso 5° Ano 648+345-0000003               47 E...
GRD-COM-ECC-Acesso 5° Ano 655+320       ANTT            GRD-COM-ECC-Acesso 5° Ano 655+320-0000003               47 E...
GRD-COM-ECC-Acesso 5° Ano 668+288       ANTT            GRD-COM-ECC-Acesso 5° Ano 668+288-0000003               47 E...
GRD-COM-ECC-Acesso 5° Ano 694+848       ANTT            GRD-COM-ECC-Acesso 5° Ano 694+848-0000003               47 E...
GRD-COM-ECC-Acesso 5° Ano 697+300       ANTT            GRD-COM-ECC-Acesso 5° Ano 697+300-0000003               47 E...
GRD-COM-EC1-Ciclovia de Linhares        ANTT            GRD-COM-EC1-Ciclovia de Linhares-0000003               391 E...
GRD-COM-E050-PPD km 6+500               ANTT            GRD-COM-E050-PPD km 6+500-0000003                       27 E...
GRD-COM-MGO-PPD km 6+500                ANTT            GRD-COM-MGO-PPD km 6+500-0000003                       270 E...
GRD-COM-ECA-Passarela Tocantins km 623  ANTT            GRD-COM-ECA-Passarela Tocantins km 623-0000003          22 E...
GRD-COM-EC1-Contorno de Vitória         ANTT            GRD-COM-EC1-Contorno de Vitória-0000003                328 E...
GRD-COM-ECC-Faixas Adicionais - TH 05   ANTT            GRD-COM-ECC-Faixas Adicionais - TH 05-0000003         1088 E...
GRD-COM-ECA-HS-WIM km432+174            ANTT            GRD-COM-ECA-HS-WIM km432+174-0000003                    20 E...
GRD-COM-EC1-Dupli. Contor. de Fundão    ANTT            GRD-COM-EC1-Dupli. Contor. de Fundão-0000003           282 E...
GRD-COM-EC1-Dupli. Contor. de Ibiraçu   ANTT            GRD-COM-EC1-Dupli. Contor. de Ibiraçu-0000003          190 E...
GRD-COM-EC1-Duplicação G2               ANTT            GRD-COM-EC1-Duplicação G2-0000003                      776 E...
GRD-COM-EC1-Duplicação C                ANTT            GRD-COM-EC1-Duplicação C-0000003                       563 E...
GRD-COM-EC1-Duplicação G1B              ANTT            GRD-COM-EC1-Duplicação G1B-0000003                     795 E...
GRD-COM-EC1-Duplicação D2               ANTT            GRD-COM-EC1-Duplicação D2-0000003                      442 E...
GRD-COM-EC1-Duplicação G1A              ANTT            GRD-COM-EC1-Duplicação G1A-0000003                     856 E...
GRD-COM-ECA-Retorno km 1+238            ANTT            GRD-COM-ECA-Retorno km 1+238-0000003                     6 E...
GRD-COM-ECA-Acesso 6°Ano 158+630        ANTT            GRD-COM-ECA-Acesso 6°Ano 158+630-0000003                58 E...
GRD-COM-ECA-Acesso 5°Ano 188+550        ANTT            GRD-COM-ECA-Acesso 5°Ano 188+550-0000003                48 E...
GRD-COM-EC1-Contorno Dis.               ANTT            GRD-COM-EC1-Contorno Dis.-0000003                      285 E...
GRD-COM-ECA-HS-WIM km169+067            ANTT            GRD-COM-ECA-HS-WIM km169+067-0000003                    18 E...
GRD-COM-EC1-HS-WIM                      ANTT            GRD-COM-EC1-HS-WIM-0000003                             207 E...
GRD-COM-ECA-Ampliações 3°Ano SH 2*      ANTT            GRD-COM-ECA-Ampliações 3°Ano SH 2*-0000003              72 E...
GRD-COM-ECA-Acesso 5°Ano 188+210        ANTT            GRD-COM-ECA-Acesso 5°Ano 188+210-0000003                41 E...
GRD-COM-EC1-Vias Marginais              ANTT            GRD-COM-EC1-Vias Marginais-0000003                    1457 E...
GRD-COM-ECA-Marginal sul km 671-677     ANTT            GRD-COM-ECA-Marginal sul km 671-677-0000003            102 E...
GRD-COM-ECA-Retorno em U km 668         ANTT            GRD-COM-ECA-Retorno em U km 668-0000003                219 E...
GRD-COM-ECP-Faixa Adicional km 321      ANTT            GRD-COM-ECP-Faixa Adicional km 321-0000003              60 E...
GRD-COM-ECS-Arroio Viúva Tereza         ANTT            GRD-COM-ECS-Arroio Viúva Tereza-0000003                148 E...
GRD-COM-ECS-Arroio Contagem             ANTT            GRD-COM-ECS-Arroio Contagem-0000003                      5 E...
GRD-COM-ECS-Arroio Corrientes           ANTT            GRD-COM-ECS-Arroio Corrientes-0000003                  164 E...
GRD-COM-EC1-Marginais de Viana          ANTT            GRD-COM-EC1-Marginais de Viana-0000003                1094 E...
GRD-COM-ECA-Agulha 11                   ANTT            GRD-COM-ECA-Agulha 11-0000003                          114 E...
GRD-COM-ECA-Pontos de ônibus            ANTT            GRD-COM-ECA-Pontos de ônibus-0000003                    35 E...
GRD-COM-ERM-BSO 01                      ANTT            GRD-COM-ERM-BSO 01-0000003                             252 E...
GRD-COM-ERM-BSO 03                      ANTT            GRD-COM-ERM-BSO 03-0000003                             159 E...
GRD-COM-ERM-BSO 04                      ANTT            GRD-COM-ERM-BSO 04-0000003                               9 E...
GRD-COM-ERM-BSO 02                      ANTT            GRD-COM-ERM-BSO 02-0000003                              13 E...
GRD-COM-ERM-BSO 05                      ANTT            GRD-COM-ERM-BSO 05-0000003                               5 E...
GRD-COM-ERM-BSO 07                      ANTT            GRD-COM-ERM-BSO 07-0000003                             276 E...
GRD-COM-ERM-BSO 06                      ANTT            GRD-COM-ERM-BSO 06-0000003                               5 E...
GRD-COM-ERM-BSO 08                      ANTT            GRD-COM-ERM-BSO 08-0000003                              88 E...
GRD-COM-ERM-BSO 10                      ANTT            GRD-COM-ERM-BSO 10-0000003                               8 E...
GRD-COM-ERM-BSO 09                      ANTT            GRD-COM-ERM-BSO 09-0000003                               9 E...
GRD-COM-ERM-BSO 13                      ANTT            GRD-COM-ERM-BSO 13-0000003                               5 E...
GRD-COM-ERM-BSO 11                      ANTT            GRD-COM-ERM-BSO 11-0000003                               9 E...
GRD-COM-ERM-BSO 12                      ANTT            GRD-COM-ERM-BSO 12-0000003                             224 E...
GRD-COM-ERM-BSO 14                      ANTT            GRD-COM-ERM-BSO 14-0000003                              16 E...
GRD-COM-MGO-Dispositivo - Km 180        ANTT            GRD-COM-MGO-Dispositivo - Km 180-0000003                 2 E...
GRD-COM-ERM-BSO 17                      ANTT            GRD-COM-ERM-BSO 17-0000003                               5 E...
GRD-COM-ERM-BSO 15                      ANTT            GRD-COM-ERM-BSO 15-0000003                               8 E...
GRD-COM-ERM-BSO 16                      ANTT            GRD-COM-ERM-BSO 16-0000003                               5 E...
GRD-COM-ERM-BSO 18                      ANTT            GRD-COM-ERM-BSO 18-0000003                               5 E...
GRD-COM-ERM-Nova Praça P8               ANTT            GRD-COM-ERM-Nova Praça P8-0000003                       10 E...
GRD-COM-ERM-Praça P15                   ANTT            GRD-COM-ERM-Praça P15-0000003                           32 E...
GRD-COM-ERM-PPD - km 215+600            ANTT            GRD-COM-ERM-PPD - km 215+600-0000003                    16 E...
GRD-COM-ERM-Praça P14                   ANTT            GRD-COM-ERM-Praça P14-0000003                           40 E...
GRD-COM-ERM-Praça P7                    ANTT            GRD-COM-ERM-Praça P7-0000003                            46 E...
GRD-COM-ERM-PPD - km 513+600            ANTT            GRD-COM-ERM-PPD - km 513+600-0000003                     8 E...
GRD-COM-ERM-Praça P11                   ANTT            GRD-COM-ERM-Praça P11-0000003                           38 E...
GRD-COM-ERM-Praça P8                    ANTT            GRD-COM-ERM-Praça P8-0000003                            40 E...
GRD-COM-ERM-Praça P9                    ANTT            GRD-COM-ERM-Praça P9-0000003                            48 E...
GRD-COM-ERM-Praça P12                   ANTT            GRD-COM-ERM-Praça P12-0000003                           48 E...
GRD-COM-ERM-Praça P10                   ANTT            GRD-COM-ERM-Praça P10-0000003                           22 E...
GRD-COM-ERM-Praça P13                   ANTT            GRD-COM-ERM-Praça P13-0000003                           42 E...
GRD-COM-ERM-Praça P6                    ANTT            GRD-COM-ERM-Praça P6-0000003                           725 E...
GRD-COM-ECA-Acesso km 35 - BR414/GO     ANTT            GRD-COM-ECA-Acesso km 35 - BR414/GO-0000003             12 E...
GRD-COM-EC5-Acostamentos do SH8         ANTT            GRD-COM-EC5-Acostamentos do SH8-0000003                  4 E...
GRD-COM-ECA-Ampliações 7°Ano SH 11      ANTT            GRD-COM-ECA-Ampliações 7°Ano SH 11-0000002              18 E...
GRD-COM-EC1-Duplicação D1               ANTT            GRD-COM-EC1-Duplicação D1-0000003                        6 E...
GRD-COM-ECNO-01.03.02                   ARTESP          GRD-COM-ECNO-01.03.02-0000003                         1591 E...
GRD-COM-ECNO-02.10.01.01                ARTESP          GRD-COM-ECNO-02.10.01.01-0000003                       273 E...
GRD-COM-ECNO-01.03.01                   ARTESP          GRD-COM-ECNO-01.03.01-0000003                         4306 E...
GRD-COM-ECNO-02.02.01.01.01             ARTESP          GRD-COM-ECNO-02.02.01.01.01-0000003                    427 E...
GRD-COM-ECNO-01.03.03                   ARTESP          GRD-COM-ECNO-01.03.03-0000003                          884 E...
GRD-COM-ECNO-02.06.02.07                ARTESP          GRD-COM-ECNO-02.06.02.07-0000003                       262 E...
GRD-COM-ECNO-02.06.02.11                ARTESP          GRD-COM-ECNO-02.06.02.11-0000003                       263 E...
GRD-COM-ECNO-02.06.02.06                ARTESP          GRD-COM-ECNO-02.06.02.06-0000003                       478 E...
GRD-COM-ECNO-02.02.02.03.01             ARTESP          GRD-COM-ECNO-02.02.02.03.01-0000003                    120 E...
GRD-COM-ECNO-01.01.01.06                ARTESP          GRD-COM-ECNO-01.01.01.06-0000003                        40 E...
GRD-COM-ECNO-02.02.01.13.01             ARTESP          GRD-COM-ECNO-02.02.01.13.01-0000003                     19 E...
GRD-COM-ECNO-02.02.02.11.01             ARTESP          GRD-COM-ECNO-02.02.02.11.01-0000003                     12 E...
GRD-COM-ECNO-01.01.01.01                ARTESP          GRD-COM-ECNO-01.01.01.01-0000003                       149 E...
GRD-COM-ECNO-02.04.03.01.01             ARTESP          GRD-COM-ECNO-02.04.03.01.01-0000003                     72 E...
GRD-COM-ECNO-02.04.03.01.02             ARTESP          GRD-COM-ECNO-02.04.03.01.02-0000003                     67 E...
GRD-COM-ECNO-02.06.02.12                ARTESP          GRD-COM-ECNO-02.06.02.12-0000003                       255 E...
GRD-COM-ECNO-02.02.01.14.01             ARTESP          GRD-COM-ECNO-02.02.01.14.01-0000003                     21 E...
GRD-COM-ECNO-01.01.02.01                ARTESP          GRD-COM-ECNO-01.01.02.01-0000003                       228 E...
GRD-COM-ECNO-01.01.02.02                ARTESP          GRD-COM-ECNO-01.01.02.02-0000003                       503 E...
GRD-COM-ECNO-01.03.04                   ARTESP          GRD-COM-ECNO-01.03.04-0000003                           98 E...
GRD-COM-ECNO-01.01.01.02                ARTESP          GRD-COM-ECNO-01.01.01.02-0000003                       514 E...
GRD-COM-ECNO-02.02.02.05.00             ARTESP          GRD-COM-ECNO-02.02.02.05.00-0000003                     86 E...
GRD-COM-ECNO-02.02.02.01.01             ARTESP          GRD-COM-ECNO-02.02.02.01.01-0000003                     19 E...
GRD-COM-ECNO-02.06.02.16                ARTESP          GRD-COM-ECNO-02.06.02.16-0000003                       257 E...
GRD-COM-ECNO-02.06.02.17                ARTESP          GRD-COM-ECNO-02.06.02.17-0000003                        42 E...
GRD-COM-ECNO-01.01.01.09                ARTESP          GRD-COM-ECNO-01.01.01.09-0000003                       206 E...
GRD-COM-ECNO-02.02.02.01.02             ARTESP          GRD-COM-ECNO-02.02.02.01.02-0000003                     29 E...
GRD-COM-ECNO-01.01.01.05                ARTESP          GRD-COM-ECNO-01.01.01.05-0000003                        20 E...
GRD-COM-ECNO-02.02.01.07.01             ARTESP          GRD-COM-ECNO-02.02.01.07.01-0000003                      9 E...
GRD-COM-ECNO-01.02.02.01                ARTESP          GRD-COM-ECNO-01.02.02.01-0000003                         2 E...
GRD-COM-ECNO-02.02.01.12.01             ARTESP          GRD-COM-ECNO-02.02.01.12.01-0000003                     25 E...
GRD-COM-ECNO-01.01.01.08                ARTESP          GRD-COM-ECNO-01.01.01.08-0000003                        45 E...
GRD-COM-ECNO-02.11.01.01 km 291         ARTESP          GRD-COM-ECNO-02.11.01.01 km 291-0000003                577 E...
GRD-COM-ECNO-02.11.01.01 km 407         ARTESP          GRD-COM-ECNO-02.11.01.01 km 407-0000003                539 E...
GRD-COM-ECNO-02.02.01.08.02             ARTESP          GRD-COM-ECNO-02.02.01.08.02-0000003                    163 E...
GRD-COM-ECNO-02.11.01.01 km 252         ARTESP          GRD-COM-ECNO-02.11.01.01 km 252-0000003                381 E...
GRD-COM-ECNO-02.12.01.02                ARTESP          GRD-COM-ECNO-02.12.01.02-0000003                       457 E...
GRD-COM-ECVI-Ligação Planalto - Baixada ARTESP          GRD-COM-ECVI-Ligação Planalto - Baixada-0000003       5652 E...
GRD-COM-ECNO-02.02.01.17.02             ARTESP          GRD-COM-ECNO-02.02.01.17.02-0000003                     17 E...
GRD-COM-ECNO-02.02.02.08.01             ARTESP          GRD-COM-ECNO-02.02.02.08.01-0000003                     17 E...
GRD-COM-ECNO-02.02.01.08.01             ARTESP          GRD-COM-ECNO-02.02.01.08.01-0000003                     27 E...
GRD-COM-ECNO-03.03.03 - Dobrada         ARTESP          GRD-COM-ECNO-03.03.03 - Dobrada-0000003                 14 E...
GRD-COM-ECNO-03.03.03 - Taiúva          ARTESP          GRD-COM-ECNO-03.03.03 - Taiúva-0000003                  34 E...
GRD-COM-ECNO-02.02.01.17.01             ARTESP          GRD-COM-ECNO-02.02.01.17.01-0000003                     19 E...
GRD-COM--                               ARTESP                                                                  17     
GRD-COM-ECNO-02.04.03.02.03             ARTESP          GRD-COM-ECNO-02.04.03.02.03-0000003                    188 E...
GRD-COM-ECNO-01.01.01.07                ARTESP          GRD-COM-ECNO-01.01.01.07-0000003                        36 E...
GRD-COM-ECNO-02.04.03.02.02             ARTESP          GRD-COM-ECNO-02.04.03.02.02-0000003                     68 E...
GRD-COM-ECNO-02.04.03.02.04             ARTESP          GRD-COM-ECNO-02.04.03.02.04-0000003                    180 E...
GRD-COM-ECNO-02.04.03.02.05             ARTESP          GRD-COM-ECNO-02.04.03.02.05-0000003                     96 E...
GRD-COM-ERC-02.02.02.03 BSO 3           ARTESP          GRD-COM-ERC-02.02.02.03 BSO 3-0000003                    2 E...
GRD-COM-ERC-02.02.02.02 BSO 2           ARTESP          GRD-COM-ERC-02.02.02.02 BSO 2-0000003                    4 E...
GRD-COM-ECNO-02.02.01.04.01             ARTESP          GRD-COM-ECNO-02.02.01.04.01-0000003                     71 E...
GRD-COM-ECNO-02.12.02.02 - PMRV         ARTESP          GRD-COM-ECNO-02.12.02.02 - PMRV-0000003                270 E...
GRD-COM-ECNO-02.02.01.02.02             ARTESP          GRD-COM-ECNO-02.02.01.02.02-0000003                     91 E...
GRD-COM-ECNO-02.02.02.04.01             ARTESP          GRD-COM-ECNO-02.02.02.04.01-0000003                     17 E...
GRD-COM-ECNO-CCPP - São Carlos          ARTESP          GRD-COM-ECNO-CCPP - São Carlos-0000003                  62 E...
GRD-COM-ECNO-CCPP - Ibirá               ARTESP          GRD-COM-ECNO-CCPP - Ibirá-0000003                       50 E...
GRD-COM-ECNO-CCPP - Bebedouro           ARTESP          GRD-COM-ECNO-CCPP - Bebedouro-0000003                   54 E...
GRD-COM-ECNO-CCPP - São José            ARTESP          GRD-COM-ECNO-CCPP - São José-0000003                    87 E...
GRD-COM-ECNO-CCPP - Itápolis            ARTESP          GRD-COM-ECNO-CCPP - Itápolis-0000003                    46 E...
GRD-COM-ECNO-CCPP - Jaboticabal         ARTESP          GRD-COM-ECNO-CCPP - Jaboticabal-0000003                 60 E...
GRD-COM-ECNO-02.02.01.02.01             ARTESP          GRD-COM-ECNO-02.02.01.02.01-0000003                    112 E...
GRD-COM-EPIS-Prolon Carvalho Pinto      ARTESP          GRD-COM-EPIS-Prolon Carvalho Pinto-0000003              92 E...
GRD-COM-ECVI-Curva do S - Alças         ARTESP          GRD-COM-ECVI-Curva do S - Alças-0000003                547 E...
GRD-COM-EVNP-03.03.03 - Monte Alto      ARTESP          GRD-COM-EVNP-03.03.03 - Monte Alto-0000003              30 E...
GRD-COM-EVNP-03.03.03 - Piragi          ARTESP          GRD-COM-EVNP-03.03.03 - Piragi-0000003                  34 E...
GRD-COM-ECVI-ANPC - Dispositivos        ARTESP          GRD-COM-ECVI-ANPC - Dispositivos-0000003                64 E...
GRD-COM-ERC-02.02.02.01 BSO 1           ARTESP          GRD-COM-ERC-02.02.02.01 BSO 1-0000003                   54 E...
GRD-COM-ERC-02.02.02.04 BSO 4           ARTESP          GRD-COM-ERC-02.02.02.04 BSO 4-0000003                  106 E...
GRD-COM-ECNO-02.02.01.03.01             ARTESP          GRD-COM-ECNO-02.02.01.03.01-0000003                     31 E...
GRD-COM-IMI-Estação Elevatória km 64    ARTESP          GRD-COM-IMI-Estação Elevatória km 64-0000003           358 E...
GRD-COM-IMI-Alemoa Rotatória            ARTESP          GRD-COM-IMI-Alemoa Rotatória-0000003                     8 E...
GRD-COM-NP-NOP11 - Dispositivo RP       ARTESP          GRD-COM-NP-NOP11 - Dispositivo RP-0000003               34 E...
GRD-COM-IMI-Alemoa Dispositivo          ARTESP          GRD-COM-IMI-Alemoa Dispositivo-0000003                  14 E...
GRD-COM-NP-NOP04 - Dispositivo SC       ARTESP          GRD-COM-NP-NOP04 - Dispositivo SC-0000003               38 E...
GRD-COM-RC-03.03 - Free Flow P12        ARTESP          GRD-COM-RC-03.03 - Free Flow P12-0000003                 2 E...
GRD-COM-ECVI-Estação de bombeamento     ARTESP          GRD-COM-ECVI-Estação de bombeamento-0000003             99 E...
GRD-COM-NP-NOP05 - Dispositivo SC       ARTESP          GRD-COM-NP-NOP05 - Dispositivo SC-0000003                2 E...
GRD-COM-IMI-147-FIP-Novo Acesso Porto   ARTESP          GRD-COM-IMI-147-FIP-Novo Acesso Porto-0000003           13 E...
GRD-COM-RC-03.03 - Free Flow P11        ARTESP          GRD-COM-RC-03.03 - Free Flow P11-0000003                 2 E...
GRD-COM-ECNO-02.02.02.09.01             ARTESP          GRD-COM-ECNO-02.02.02.09.01-0000003                     21 E...
GRD-COM-ECNO-02.02.01.05.01             ARTESP          GRD-COM-ECNO-02.02.01.05.01-0000003                     25 E...
GRD-COM-ECNO-02.02.01.15.01             ARTESP          GRD-COM-ECNO-02.02.01.15.01-0000003                      2 E...
GRD-COM-ECNO-02.02.01.16.01             ARTESP          GRD-COM-ECNO-02.02.01.16.01-0000003                     23 E...
GRD-COM-ECNO-02.02.02.10.01             ARTESP          GRD-COM-ECNO-02.02.02.10.01-0000003                     23 E...
GRD-COM-NP-NOP07 - Dispositivo SC       ARTESP          GRD-COM-NP-NOP07 - Dispositivo SC-0000003                2 E...
GRD-COM-ECNO-02.02.01.15.02             ARTESP          GRD-COM-ECNO-02.02.01.15.02-0000003                      2 E...
GRD-COM-EVNP-03.03.03 - Colina          ARTESP          GRD-COM-EVNP-03.03.03 - Colina-0000003                  32 E...
GRD-COM-ECVI-ADC Sul                    ARTESP          GRD-COM-ECVI-ADC Sul-0000003                           431 E...
GRD-COM-RC-03.03 - Free Flow P6-13,680  ARTESP          GRD-COM-RC-03.03 - Free Flow P6-13,680-0000003           2 E...
GRD-COM-ECVI-Ciclovia Norte             ARTESP          GRD-COM-ECVI-Ciclovia Norte-0000003                    117 E...
GRD-COM-ECVI-TA-01 - AVCB Túneis        ARTESP          GRD-COM-ECVI-TA-01 - AVCB Túneis-0000003                32 E...
GRD-COM-ECVI-TA-12 - AVCB Túneis        ARTESP          GRD-COM-ECVI-TA-12 - AVCB Túneis-0000003                42 E...
GRD-COM-ECVI-TA-02 - AVCB Túneis        ARTESP          GRD-COM-ECVI-TA-02 - AVCB Túneis-0000003                24 E...
GRD-COM-ECVI-TA-03 - AVCB Túneis        ARTESP          GRD-COM-ECVI-TA-03 - AVCB Túneis-0000003                26 E...
GRD-COM-ECVI-TA-10/11 - AVCB Túneis     ARTESP          GRD-COM-ECVI-TA-10/11 - AVCB Túneis-0000003             82 E...
GRD-COM-ECVI-TA-09 - AVCB Túneis        ARTESP          GRD-COM-ECVI-TA-09 - AVCB Túneis-0000003                42 E...
GRD-COM-ECVI-TA-13 - AVCB Túneis        ARTESP          GRD-COM-ECVI-TA-13 - AVCB Túneis-0000003                42 E...
GRD-COM-ECVI-TD-00 - AVCB               ARTESP          GRD-COM-ECVI-TD-00 - AVCB-0000003                       20 E...
GRD-COM-ECVI-TD-01 - AVCB               ARTESP          GRD-COM-ECVI-TD-01 - AVCB-0000003                       76 E...
GRD-COM-ECVI-TA-04 - AVCB Túneis        ARTESP          GRD-COM-ECVI-TA-04 - AVCB Túneis-0000003                36 E...
GRD-COM-ECVI-TA-002 - AVCB Túneis       ARTESP          GRD-COM-ECVI-TA-002 - AVCB Túneis-0000003               32 E...
GRD-COM-ECVI-TA-001 - AVCB Túneis       ARTESP          GRD-COM-ECVI-TA-001 - AVCB Túneis-0000003               30 E...
GRD-COM-ECVI-TA-06 - AVCB Túneis        ARTESP          GRD-COM-ECVI-TA-06 - AVCB Túneis-0000003                 6 E...
GRD-COM-ECVI-TA-14 - AVCB Túneis        ARTESP          GRD-COM-ECVI-TA-14 - AVCB Túneis-0000003                32 E...
GRD-COM-ECVI-TA-05 - AVCB Túneis        ARTESP          GRD-COM-ECVI-TA-05 - AVCB Túneis-0000003                50 E...
GRD-COM-ECVI-TA-07 - AVCB Túneis        ARTESP          GRD-COM-ECVI-TA-07 - AVCB Túneis-0000003                32 E...
GRD-COM-ECVI-TD-02 - AVCB Túneis        ARTESP          GRD-COM-ECVI-TD-02 - AVCB Túneis-0000003                22 E...
GRD-COM-ECVI-Túnel Quilombo             ARTESP          GRD-COM-ECVI-Túnel Quilombo-0000003                    100 E...
GRD-COM-RC-03.03 - Free Flow P7-20,745  ARTESP          GRD-COM-RC-03.03 - Free Flow P7-20,745-0000002          10 E...
GRD-COM-RC-03.03 - Free Flow P7-18,140  ARTESP          GRD-COM-RC-03.03 - Free Flow P7-18,140-0000002           8 E...
GRD-COM--                                                                                                        8     


[2026-07-31 16:46:45.970] [INFO] Encerrando login no ProjectWise.
[2026-07-31 16:46:46.302] [INFO] Logout concluído.
[2026-07-31 16:46:46.305] [INFO] Fim da execução. Log: C:\Users\peter\OneDrive - Grupo Ecorodovias\Área de Trabalho\Scritps_novos\Scripts\ProjectWise\Central de Scripts ProjectWise\Logs\10-GeraGRDUnidade\Operacional\GeraGRDsDocumentosComUnidade_20260731_164344.log

[OK] Simulação do fluxo Gera GRD para Unidade finalizada em 00:03:01.
Processo finalizado com código 0.
